{
  "p_xor": [
    0.0,
    0.1,
    0.2,
    0.30000000000000004,
    0.4,
    0.5,
    0.6000000000000001,
    0.7000000000000001,
    0.8,
    0.9,
    1.0
  ],
  "mean_D": [
    272.8991595124113,
    275.0279307503663,
    268.6416170365015,
    262.2553033226367,
    267.57723141752393,
    256.93337522774925,
    265.44846017956905,
    248.41829027592954,
    254.80460398979434,
    244.16074780001964,
    243.09636218104214
  ],
  "std_D": [
    5.427323041153674,
    12.135863255870467,
    11.36452854415923,
    9.27909870016157,
    7.219014497198234,
    11.947698940869007,
    8.515084951819754,
    3.36588286469694,
    7.821604968153725,
    2.1287712379549477,
    2.842170943040401e-14
  ],
  "mean_BDM": [
    269.6759720456168,
    639.6795967151551,
    419.97450588714685,
    800.0024262533145,
    839.8421202578063,
    813.711389837175,
    1115.6049872582662,
    1371.6392573309295,
    1484.8185415991406,
    1492.961438705816,
    1520.4183853945747
  ],
  "std_BDM": [
    64.92749005872577,
    402.5415762093393,
    178.81630347315806,
    555.4661827432178,
    360.1290739423249,
    464.3453285938948,
    502.9536046212562,
    240.60964150615393,
    39.84697267401725,
    32.180939459188075,
    12.117449911782447
  ]
}