graph_id,num_edges,positive_count,neutral_count,negative_count,max_delta,min_delta,mean_delta
1,4,1,4,0,3.74824390048688,-1.5094169603303733,0.4477653880313014
2,4,1,3,1,3.74824390048688,-2.5949904711064313,-0.42951305056342476
3,4,1,4,0,5.3986532415856665,0.0,1.6349240224128416
4,4,1,4,0,3.945158028262071,-1.3125028325551824,0.5265310391413778
5,4,1,4,0,5.2576608608172535,0.0,1.0515321721634507
6,4,3,2,0,5.197562169964421,0.0,2.684652308213548
7,4,3,2,0,5.197562169964421,0.0,3.032856645904233
8,4,0,5,0,1.8383000187566836,0.0,0.6297121919338672
9,4,1,4,0,2.760039115468132,0.0,1.1827556499607361
10,4,1,4,0,2.760039115468132,-0.2179351048808158,0.9384650142751141
11,4,1,4,0,2.661850201085773,0.0,1.1632251268863592
12,4,0,5,0,1.9096436694031027,0.0,0.7119012078767568
13,4,0,5,0,1.9096436694031027,-1.1700147931144969,0.7165867661240789
14,4,0,5,0,0.26797541541218095,-1.3581878337818232,-0.3124825700728344
15,4,0,5,0,1.9096436694031027,0.0,0.6725183823217187
16,4,0,5,0,1.9096436694031027,-1.068330550945845,0.33605169220525255
17,4,0,5,0,2.2723350271749645,0.0,0.9295160225398739
18,4,4,1,0,5.152762269782595,0.0,3.021368639423046
19,4,0,5,0,1.7935001185748582,-0.0037338459548443836,0.8539666843030453
20,4,0,4,1,1.7972339645297026,-3.355528305252893,-0.2929698661032731
21,4,0,5,0,1.7972339645297026,0.0,0.3609403312878783
22,4,1,4,0,2.617050300903948,0.0,1.3671254486843467
23,4,0,5,0,0.8839726179486327,-1.8312665973376738,-0.555712115345343
24,4,0,4,1,0.8839726179486327,-4.268789651833963,-1.206231212684343
25,4,0,5,0,0.8837575730241483,-1.7332927278797996,-0.366167279195453
26,4,0,5,0,0.8837575730241483,-0.9134763915055544,-0.05577586124766469
27,4,0,4,1,1.4794367904923114,-3.673325479290284,-0.6519568398672384
28,5,1,4,0,4.507417637905519,-0.7502432229117346,0.7514348829987568
29,5,1,4,0,4.507417637905519,-1.8358167336877926,0.29636844665653256
30,5,1,4,0,5.1022969733730505,0.0,1.3446583395565823
31,5,1,4,0,4.507417637905519,-0.7502432229117346,0.7514348829987568
32,5,2,3,0,3.1730568707735927,-2.024505299190828,0.7917782578650361
33,5,2,3,0,3.1730568707735927,-0.7698128902707779,1.2130466896508367
34,5,1,4,0,2.886003550333122,-1.0568662107112488,0.7990562139561703
35,5,1,4,0,2.886003550333122,0.0,1.0692779952883888
36,5,3,2,0,5.231441168197236,0.0,2.553144959669509
37,5,3,2,0,5.231441168197236,0.0,2.5997794260971228
38,5,2,3,0,4.435558378936111,0.0,2.0756152861128343
39,5,0,5,0,1.5724767257185448,-1.1174730430470916,0.16889784193326135
40,5,0,4,1,1.5724767257185448,-2.370393035325826,0.24664749427569888
41,5,1,4,0,2.574882403604441,-1.3679873574399295,0.7202383857862316
42,5,1,4,0,2.574882403604441,-0.11506736516119531,0.898284112687606
43,5,2,3,0,3.78971778035595,0.0,1.6881109269647374
44,5,2,3,0,3.78971778035595,-0.17157848583825697,1.5412531383724748
45,5,2,3,0,3.961296266194207,0.0,1.7910580184676916
46,5,3,2,0,4.100425567277128,0.0,2.2563896467532816
47,5,2,3,0,4.132594445621603,0.0,2.2870966493203513
48,5,1,4,0,2.328650091687468,0.0,1.1539415358444471
49,5,1,4,0,2.328650091687468,0.0,1.1539415358444471
50,5,1,4,0,2.360818970031943,-1.77177547558966,0.5356580221644215
51,5,3,2,0,4.100425567277128,0.0,2.2563896467532816
52,5,3,2,0,5.251494902838331,0.0,2.5791972931354734
53,5,3,2,0,4.994985787550128,0.0,2.3859089984075132
54,5,2,3,0,5.251494902838331,0.0,2.434654481881003
55,5,1,4,0,4.994985787550128,-0.13346321121016658,1.758772293714734
56,5,1,4,0,2.6733902769131106,0.0,0.9535688664702647
57,5,3,2,0,5.128448998760295,0.0,2.4659869251336133
58,5,1,4,0,3.722215768386693,0.0,1.6222469869094525
59,5,1,4,0,3.1074005998693472,0.0,1.2139750602440067
60,5,1,4,0,3.722215768386693,-0.09946194566206046,1.0019105353262945
61,5,1,4,0,3.1074005998693472,0.0,0.7206226503781785
62,5,2,3,0,3.8216777140487537,0.0,1.6819241543066887
63,5,1,4,0,2.870540706888601,0.0,1.1506247755656354
64,5,3,2,0,5.621677415602811,0.0,3.7037330220571234
65,5,4,1,0,5.979473136207027,0.0,4.1380115150646954
66,5,2,3,0,3.7072044775230992,0.0,1.9265429454101544
67,5,4,1,0,4.159987767382638,0.0,2.9731222626699045
68,5,3,2,0,3.330738043048264,-0.9382666537101834,1.682071979922629
69,5,3,2,0,3.330738043048264,0.0,1.919477849157205
70,5,0,4,1,1.3037001145936564,-2.9653045821647908,-0.2493033826270839
71,5,0,5,0,1.3037001145936564,0.0,0.6004033108596701
72,5,0,5,0,1.6797175811998741,0.0,0.7717211908171017
73,5,0,5,0,2.1325008710594133,0.0,1.2258055347005445
74,5,0,5,0,2.1006395957433064,0.0,1.1461150074228825
75,5,0,5,0,2.1006395957433064,0.0,0.7910259032811517
76,5,3,2,0,4.302883694991262,0.0,2.617211244156528
77,5,4,1,0,4.302883694991262,0.0,2.874422964266975
78,5,4,1,0,3.7308180300569767,0.0,2.591341133427651
79,5,3,2,0,4.534296015459393,0.0,2.485228223218864
80,5,3,2,0,4.018601447416305,0.0,2.511822847529087
81,5,4,1,0,4.822079432818722,0.0,3.018010761572478
82,5,4,1,0,5.033477791239562,0.0,3.3033870741539624
83,5,4,1,0,4.675682070635347,0.0,3.468422739833565
84,5,3,2,0,3.2428248626236353,-0.4844333495405593,1.7286733651905428
85,5,2,3,0,3.838289035167314,0.0,2.23636152240105
86,5,2,3,0,4.178253657236805,-0.09053599459715755,1.5298168647879486
87,5,0,5,0,1.9080033856920586,0.0,0.9526671475734624
88,5,0,5,0,1.453393614309885,-1.3400496359463503,0.26992564289988863
89,5,0,5,0,1.9605753695653938,-0.21805271217349542,0.7889588625268381
90,5,0,5,0,0.8579294417662062,-1.4395115816084108,-0.0445250892169831
91,5,0,5,0,1.3651111970217151,-2.308214282268569,0.06394310552019675
92,5,0,4,1,1.9322919654328423,-2.336712731325605,0.1332579649735436
93,5,2,3,0,2.6313356223853113,0.0,1.3029605351382458
94,5,0,5,0,1.9322919654328423,-0.9608282754099378,0.5991277364339993
95,5,1,4,0,2.6313356223853113,0.0,1.3582652817089318
96,5,2,3,0,3.035911789264098,-1.0303014801555719,1.400479013539308
97,5,1,4,0,3.035911789264098,-1.1637646913657385,1.079228028312815
98,5,0,4,1,1.7880628300607952,-2.4807268217731675,0.04502590842525365
99,5,3,2,0,2.837239328444234,-0.6458732146607957,1.4524592775591265
100,5,0,4,1,1.7972339645297026,-2.5935245142245833,-0.4247159419604202
101,5,0,4,1,0.8839726179486327,-4.302668650066778,-1.257090912989407
102,5,4,1,0,5.186641268015411,0.0,2.9887091319143715
103,5,4,1,0,4.390758478754286,0.0,2.6716198795762836
104,5,0,4,1,1.7935001185748582,-3.3931411494405523,-0.34756341236318133
105,5,0,4,1,1.7935001185748582,-2.5972583601794277,-0.42844978791526456
106,5,1,4,0,2.843196456361774,-0.9017214238123508,0.7805383354346084
107,5,1,4,0,2.843196456361774,-1.0732999096506077,0.5061597048626488
108,5,4,1,0,3.316364724009702,0.0,2.3714077673627605
109,5,1,4,0,2.800850523681998,0.0,1.473995152737222
110,5,0,4,1,1.1234149113448169,-2.788413985208564,-0.3758164181192292
111,5,0,5,0,0.39557975487809927,-1.016638509618904,-0.039403555851693285
112,5,0,5,0,1.544589248420042,0.0,1.026525658445405
113,5,4,1,0,3.912043941477865,0.0,2.5630818824107657
114,5,0,5,0,1.1234149113448169,-1.016638509618904,-0.04109910587776895
115,5,0,3,2,0.39557975487809927,-3.145374740489146,-1.0656110812111728
116,5,4,1,0,5.206695002656506,0.0,2.7264020906989366
117,5,3,2,0,4.950185887368303,0.0,2.348431124559763
118,5,3,2,0,2.6285903767312853,-0.11110892641377745,1.4656622346638735
119,5,3,2,0,5.083649098578469,0.0,2.856073615880453
120,5,1,3,1,2.7396993031450627,-2.4669956995114433,0.10360032162316983
121,5,1,4,0,3.9662090304599786,-0.983976856908324,1.1164721436562715
122,5,1,4,0,2.7396993031450627,0.0,0.9486413197398498
123,5,1,4,0,3.9662090304599786,-1.1865532393226168,0.7669849269807983
124,5,1,4,0,3.677415868204868,0.0,1.6933983305325477
125,5,1,4,0,3.062600699687522,0.0,1.2211941129629267
126,5,2,3,0,3.7768778138669283,0.0,2.1738398094147526
127,5,1,4,0,2.8257408067067757,0.0,1.0317061985783298
128,5,0,5,0,2.1502929239423167,-1.5271229442625511,-0.08170673772517105
129,5,1,4,0,2.4147446954928995,-0.6478560041946224,0.23317993034229262
130,5,0,4,1,2.1502929239423167,-3.0024693458402787,-0.424393701291023
131,5,1,2,2,2.4147446954928995,-2.738017574289696,-0.6944573128600737
132,5,3,2,0,3.359262151207737,0.0,2.278854004228696
133,5,4,1,0,3.287918500561318,0.0,2.2562604649506
134,5,0,5,0,1.5703246033445026,-1.819321737144307,-0.09257690890367912
135,5,1,4,0,2.492063700055951,-0.027037025290042038,0.4930053349531818
136,6,1,4,0,4.585380539911846,0.0,0.9562461518261941
137,6,1,4,0,4.585380539911846,-1.758561000481901,0.46198062119374794
138,6,1,4,0,4.585380539911846,0.0,0.9562461518261941
139,6,1,4,0,3.1730568707735927,-0.010699499665797418,1.0461339908109792
140,6,1,4,0,2.886003550333122,-0.29775282010626825,0.8739019985466967
141,6,3,2,0,4.714323731595869,-0.5171174366013673,2.1027287484606654
142,6,3,2,0,4.714323731595869,0.0,2.26190530631289
143,6,0,5,0,1.5724767257185448,-1.6112796447208453,0.08578590377795052
144,6,1,4,0,2.574882403604441,-0.608873966834949,0.6872293105094883
145,6,1,4,0,2.4436671365429774,-1.3460506438129727,0.5745481499866095
146,6,1,4,0,2.4436671365429774,-1.5176291296512296,0.5402324528189582
147,6,2,3,0,2.675241429085105,-1.3195357305596005,0.9274912513097519
148,6,2,3,0,2.675241429085105,-0.42180407692013233,1.031262347971937
149,6,2,3,0,2.675241429085105,-0.42180407692013233,1.031262347971937
150,6,2,3,0,2.675241429085105,-1.3195357305596005,0.9274912513097519
151,6,3,2,0,5.258139237869123,0.0,2.799183101624751
152,6,3,2,0,5.290308116213598,0.0,2.6866410102001397
153,6,3,2,0,5.258139237869123,0.0,2.799183101624751
154,6,3,2,0,5.13545756380368,0.0,2.3577401422309547
155,6,2,3,0,5.13545756380368,-0.6342092016359651,1.7818405665904984
156,6,3,2,0,5.769666765439645,0.0,2.6988828376574956
157,6,1,4,0,3.385840403737685,-1.8656544991006463,0.5823934349162272
158,6,1,4,0,4.054243244558734,-0.9407425429913943,0.91783353217496
159,6,1,4,0,3.385840403737685,-0.5570293573066856,0.5968463631897777
160,6,1,4,0,4.054243244558734,-1.0742057542015608,0.8911408899329267
161,6,3,2,0,4.67649809940627,0.0,2.042981638037471
162,6,1,4,0,4.67649809940627,0.0,1.6748043052823547
163,6,3,2,0,4.570694456559377,0.0,2.018882277884373
164,6,1,4,0,3.326750517139743,-0.6161192439046275,0.5903933540724544
165,6,1,4,0,3.472894530209082,-0.46997523083528847,0.579687599775648
166,6,1,4,0,3.326750517139743,-0.6161192439046275,0.5705009649400423
167,6,1,4,0,3.472894530209082,0.0,1.1282275752832909
168,6,3,2,0,5.765406137119708,0.0,2.7357092862205716
169,6,3,2,0,5.072988299551405,0.0,2.2808757581245516
170,6,3,2,0,5.765406137119708,0.0,2.386371994090903
171,6,1,4,0,5.072988299551405,0.0,2.0565967772917895
172,6,3,2,0,5.266803921201735,0.0,2.3971651311147495
173,6,2,3,0,4.24769289709274,0.0,1.8250813422043912
174,6,3,2,0,3.54578734096021,0.0,1.9839451725924349
175,6,3,2,0,3.944365781289097,0.0,2.183709411234729
176,6,1,4,0,3.54578734096021,0.0,1.5246752076724497
177,6,1,4,0,3.944365781289097,0.0,1.7610208741313584
178,6,1,4,0,2.541318483362563,0.0,1.30249820692377
179,6,3,2,0,3.0555881545522183,0.0,1.6504428351926017
180,6,1,4,0,2.541318483362563,0.0,1.30249820692377
181,6,1,4,0,2.541318483362563,-1.0044688575976473,0.5608800469422632
182,6,3,2,0,3.54578734096021,0.0,1.9839451725924349
183,6,4,1,0,5.526689846347487,0.0,3.8897008947437213
184,6,2,3,0,3.7290595888611016,0.0,2.24786615027269
185,6,2,3,0,3.330738043048264,0.0,1.8170092714062704
186,6,0,5,0,1.3037001145936564,-1.2545011928419996,-0.07382222033458774
187,6,2,3,0,3.5098491536926915,-1.0335690543464615,1.4371518177221076
188,6,3,2,0,3.2354356424119857,0.0,1.6553792350615928
189,6,0,5,0,1.7015726925378765,0.0,0.9110110964965508
190,6,0,5,0,2.1006395957433064,-0.4575617116923496,0.6626173784560521
191,6,4,1,0,4.302883694991262,0.0,2.6106591072659375
192,6,2,3,0,3.4342838142666885,0.0,1.6136201586248162
193,6,2,3,0,3.1598703029859827,0.0,1.6808009255107195
194,6,3,2,0,3.8632397310512587,0.0,2.21436238268985
195,6,3,2,0,4.316023020910798,0.0,2.3470710044343503
196,6,2,3,0,3.190087040921732,-0.5171174366013673,1.5450076016912901
197,6,3,2,0,3.642870330781271,0.0,1.9275247194242353
198,6,2,3,0,3.1598703029859827,-1.1430133920052796,1.3867672407425133
199,6,2,3,0,3.1598703029859827,-0.34713060274415497,1.3226032387140179
200,6,3,2,0,5.069757612069861,0.0,2.795701220916109
201,6,3,2,0,5.069757612069861,0.0,2.9813457148760585
202,6,4,1,0,3.29988985153544,0.0,2.3888107538100387
203,6,3,2,0,3.517578122512358,0.0,2.349836338720329
204,6,4,1,0,4.395162863803897,0.0,3.188980077396102
205,6,4,1,0,5.9945315109990425,0.0,3.8744623485070067
206,6,4,1,0,5.472708047062973,0.0,3.616806091458635
207,6,4,1,0,5.645610493126185,0.0,3.476349667115214
208,6,4,1,0,5.183070838197274,0.0,3.4685019060552866
209,6,3,2,0,3.958227300306582,0.0,2.299731614247895
210,6,2,3,0,4.316023020910798,0.0,2.416512772131852
211,6,1,4,0,2.4951509114412893,-0.7521736384918825,0.9388909162336851
212,6,2,3,0,3.016974375377359,0.0,1.6679728983698197
213,6,3,2,0,3.5977297967950363,-0.1714182170742049,1.817604965941068
214,6,2,3,0,3.075906332858967,0.0,1.7375135000520288
215,6,1,4,0,3.0925397148033618,-0.6766082990658795,1.1037078805617013
216,6,2,3,0,2.630000059874451,0.0,1.63591723892484
217,6,2,3,0,2.630000059874451,0.0,1.63591723892484
218,6,1,4,0,3.0925397148033618,-0.6766082990658795,1.1037078805617013
219,6,2,3,0,3.075906332858967,0.0,1.7375135000520288
220,6,3,2,0,3.5977297967950363,-0.1714182170742049,1.817604965941068
221,6,2,3,0,3.016974375377359,0.0,1.6679728983698197
222,6,1,4,0,2.4951509114412893,-0.7521736384918825,0.9388909162336851
223,6,2,3,0,4.316023020910798,0.0,2.416512772131852
224,6,3,2,0,3.958227300306582,0.0,2.299731614247895
225,6,2,3,0,2.534923522496367,-1.076297350633176,0.8973994325009265
226,6,2,3,0,3.1303876950400458,-1.7105065522691412,0.7509338724367076
227,6,2,3,0,3.3547345707843306,-1.4863747214493408,1.212311687828168
228,6,1,4,0,3.141020076621338,-0.46513837056172846,1.2375083086591245
229,6,1,4,0,2.9212336554969163,-0.42841567639794675,1.1338271811531109
230,6,1,4,0,3.857584014146145,0.0,1.9172882076850128
231,6,1,4,0,3.6377975930217232,-0.5618788876081133,1.229601140080156
232,6,0,5,0,1.981197693235714,-1.7665278880400983,0.21315211144190443
233,6,0,5,0,1.3857335206920354,-1.6607242451932045,-0.07193645473566548
234,6,0,5,0,0.8579294417662062,-0.9445843846994002,-0.17403528589428063
235,6,0,5,0,1.3651111970217151,-1.951253526987987,-0.18843825717388468
236,6,2,3,0,2.5337621809429116,-1.2141784452573852,0.6112310019197202
237,6,1,4,0,2.5337621809429116,-1.1083748024104914,0.652015450226125
238,6,0,5,0,1.9322919654328423,-1.9797519760450228,-0.06287237031201301
239,6,1,4,0,2.6313356223853113,0.0,0.8580533255062377
240,6,0,5,0,1.805131582434928,-0.9883116678213071,0.04471497768544026
241,6,1,4,0,2.7337928007146637,0.0,0.9314531723485807
242,6,0,5,0,1.0885676449101211,-1.0877736134833675,-0.09764401261605045
243,6,0,5,0,2.0172288631898567,0.0,0.8146661771038858
244,6,2,3,0,2.404619931210064,-1.7395958502108826,0.5916846963010933
245,6,1,4,0,2.404619931210064,-0.9259030669137154,0.4504944820458775
246,6,0,4,1,0.23409750674301222,-2.368258934694463,-0.7323880695821451
247,6,1,4,0,2.825333077861959,-1.2408801915577108,0.8162614377517613
248,6,2,3,0,3.7080530773107654,0.0,1.9208006611828452
249,6,0,5,0,2.1087691403371522,-1.3743434027678774,0.6671021943406494
250,6,2,3,0,2.9914891397859584,0.0,1.8040136659381503
251,6,3,2,0,3.564395023212704,0.0,2.0652311431020456
252,6,3,2,0,2.9779325052325802,-0.3915278618608369,1.5066702223712425
253,6,3,2,0,4.280958960737511,0.0,2.2581921466470383
254,6,2,3,0,3.694496442757387,-0.5742932090765756,1.1986635871257505
255,6,0,5,0,1.5607013621601311,-1.9915243521490247,-0.17647395211876854
256,6,0,5,0,1.9168130950312694,-1.4526472720621477,0.5162043570116225
257,6,0,5,0,2.277265299684938,-0.40571170700675196,0.7968075550035515
258,6,1,4,0,2.6333770325560764,-0.5638696453252692,0.9885182253434579
259,6,1,4,0,2.6333770325560764,-0.5638696453252692,0.9885182253434579
260,6,0,5,0,2.277265299684938,-0.40571170700675196,0.7968075550035515
261,6,0,5,0,1.9168130950312694,-1.4526472720621477,0.5162043570116225
262,6,0,5,0,1.5607013621601311,-1.9915243521490247,-0.17647395211876854
263,6,2,3,0,3.694496442757387,-0.5742932090765756,1.1986635871257505
264,6,3,2,0,4.280958960737511,0.0,2.2581921466470383
265,6,3,2,0,2.9779325052325802,-0.3915278618608369,1.5066702223712425
266,6,3,2,0,3.564395023212704,0.0,2.0652311431020456
267,6,3,2,0,5.904668995641458,0.0,3.6482687731227905
268,6,4,1,0,5.904668995641458,0.0,3.710128001939995
269,6,4,1,0,5.809681426386135,0.0,3.6996987885089907
270,6,3,2,0,5.809681426386135,0.0,2.9672533525982567
271,6,3,2,0,4.718018596606509,0.0,2.5666298405641648
272,6,1,4,0,3.5315955047786147,0.0,1.271166376310044
273,6,4,1,0,4.718018596606509,0.0,3.256876298740503
274,6,2,3,0,3.5315955047786147,-0.07261680330754317,1.3674907335630615
275,6,2,3,0,3.3513543090671547,-0.971583120565203,0.8806638912524264
276,6,2,3,0,3.858758616831903,-0.20766969751225162,1.787124507867555
277,6,1,4,0,3.3513543090671547,-0.09038841941444531,1.2135481429536512
278,6,2,3,0,3.858758616831903,-0.3411329087224182,1.526086658645459
279,6,1,4,0,2.3839637977997192,-1.9389736318326385,-0.13500061313365067
280,6,3,2,0,5.173983171423192,0.0,2.3897504003640657
281,6,1,4,0,2.3839637977997192,0.0,1.03708264516233
282,6,3,2,0,5.173983171423192,0.0,2.7675289939321077
283,6,0,5,0,2.0977477812958973,-0.10023129641665918,0.7559321667722727
284,6,1,4,0,3.134591928330032,0.0,1.3107437042536034
285,6,0,5,0,2.192735350551221,-0.19969324207871963,0.9703849846199233
286,6,2,3,0,3.2295794975853553,-0.44819755636309466,1.540852356333572
287,6,2,3,0,4.172789381499143,-0.005679320662146381,1.8042849505333067
288,6,2,3,0,4.172789381499143,0.0,2.3764833315824654
289,6,1,4,0,4.172789381499143,0.0,1.6613755619058437
290,6,2,3,0,4.172789381499143,0.0,2.2492297771873204
291,6,3,2,0,5.313697814074672,0.0,2.494305578342909
292,6,1,4,0,4.127274722246778,0.0,1.9095638301253601
293,6,4,1,0,5.313697814074672,0.0,3.190595196310202
294,6,2,3,0,4.127274722246778,0.0,2.421126718520353
295,6,2,3,0,4.265587621029326,0.0,1.829908581091324
296,6,4,1,0,4.954594220973146,0.0,3.136205035282397
297,6,3,2,0,3.852802877736611,0.0,2.1627928327925487
298,6,4,1,0,4.541809477680431,0.0,2.881967439169922
299,6,1,4,0,3.128496550363014,-0.28096448776378935,1.0087114238203179
300,6,4,1,0,6.344093410190606,0.0,4.128478430114017
301,6,2,3,0,3.344367165880538,0.0,2.1807946821162987
302,6,4,1,0,6.55996402570813,0.0,4.513057276791679
303,6,4,1,0,5.659707731145772,0.0,3.064645343070435
304,6,4,1,0,4.5718743505224175,0.0,2.8133293676492044
305,6,4,1,0,6.072492474438487,0.0,3.754134707928107
306,6,4,1,0,4.984659093815132,0.0,3.3248922560441976
307,6,3,2,0,5.621677415602811,0.0,3.1657210762504127
308,6,3,2,0,5.621677415602811,0.0,3.294096622930366
309,6,4,1,0,4.997693532616829,0.0,3.551779726169374
310,6,3,2,0,3.8021920467784227,0.0,2.117135625914819
311,6,1,4,0,4.255758813696179,0.0,1.9266308238334204
312,6,3,2,0,3.605277919003232,0.0,2.3989622183953387
313,6,0,5,0,0.6060943386056259,-0.23341839917555163,0.19575405560714004
314,6,0,5,0,1.7747051504551976,0.0,0.9400263136759222
315,6,0,5,0,2.228271917372954,0.0,0.5303241478021015
316,6,0,5,0,1.7747051504551976,-2.027486896323225,0.21651881081227559
317,6,0,5,0,1.4030338197552759,-2.202244099247956,-0.1840049058470825
318,6,3,2,0,3.8021920467784227,0.0,2.034647029400742
319,6,3,2,0,4.675682070635347,0.0,2.2962404772038596
320,6,2,3,0,4.669523831414043,0.0,2.328506302871678
321,6,0,3,2,1.7935001185748582,-2.876023712839185,-0.7917094614207023
322,6,1,4,0,2.843196456361774,-1.8263273750522693,0.5021789278194084
323,6,0,5,0,1.8644580095270626,-0.4402305820699688,0.7052350019373392
324,6,0,4,1,0.39557975487809927,-2.3833709494608364,-0.6485564077026218
325,6,3,2,0,2.788413985208564,0.0,2.0795457893872182
326,6,0,5,0,1.496349213375634,0.0,0.8626065444926695
327,6,0,5,0,1.8644580095270626,-0.2686520962317118,0.7395506991049906
328,6,0,4,1,0.39557975487809927,-3.179253738721961,-0.8077329655548467
329,6,3,2,0,2.788413985208564,0.0,2.0795457893872182
330,6,4,1,0,4.4740783946016975,0.0,3.2010551968855907
331,6,4,1,0,5.069757612069861,0.0,3.5206721759564026
332,6,0,4,1,1.303485069669172,-3.766057497476204,-0.5081336954276139
333,6,0,4,1,0.5756499132024544,-3.766057497476204,-0.7481966288319221
334,6,3,2,0,5.090657663621855,0.0,2.3384873687527055
335,6,3,2,0,5.72486686525782,0.0,3.4472077879912133
336,6,1,4,0,3.3410405035558597,-0.575455862456522,0.5582939958107225
337,6,1,4,0,4.009443344376908,0.0,0.8820300201722298
338,6,1,4,0,3.912576180308136,-1.1780814833137185,1.020278621311089
339,6,1,4,0,3.912576180308136,-1.8122906849496836,1.0007361533616197
340,6,1,4,0,2.7396993031450627,-1.6510591756092232,-0.23275204969683613
341,6,1,4,0,3.9662090304599786,-1.220432237555432,0.45559860613866193
342,6,4,1,0,3.5948872282411557,0.0,2.283021585244076
343,6,3,2,0,3.422509061831583,0.0,2.0329934831277092
344,6,0,5,0,1.1009135511945658,-0.11110892641377745,0.6215001556582578
345,6,3,2,0,3.55597227304175,0.0,2.1397640520958428
346,6,2,3,0,4.631698199224445,0.0,2.2243691164029675
347,6,3,2,0,4.525894556377551,0.0,2.340207337702632
348,6,1,4,0,3.281950616957918,-0.6345457490544639,0.6632190595405696
349,6,1,4,0,3.428094630027257,-0.31682325014686796,0.7615596128535757
350,6,1,4,0,3.0100209422390485,-1.6216772569853966,0.37038854085882916
351,6,1,4,0,3.0100209422390485,-2.142741327543547,-0.153366005559144
352,6,0,4,1,2.1502929239423167,-3.036348344073094,-0.8516357335916694
353,6,1,2,2,2.4147446954928995,-2.771896572522511,-0.828479676817296
354,6,0,5,0,2.1497390426681484,0.0,1.3779606891004939
355,6,0,5,0,1.5349238741508024,0.0,1.0336993355536799
356,6,0,5,0,2.249200988330209,0.0,1.4575302456301422
357,6,0,5,0,1.2139330322914255,0.0,0.4432491500147243
358,6,4,1,0,5.720606236937883,0.0,2.997406967958418
359,6,4,1,0,5.028188399369579,0.0,2.806258692261892
360,6,3,2,0,5.2220040210199095,0.0,3.1998782531537757
361,6,4,1,0,4.202892996910915,0.0,2.34650350587214
362,6,1,3,1,3.1377724775436846,-2.582833759394198,0.27444594443632225
363,6,0,4,1,1.6865338635249643,-3.341654535844615,-0.767699162141465
364,6,1,4,0,3.1377724775436846,-2.084231543476225,0.4814657599976407
365,6,0,3,2,1.6865338635249643,-3.466228406257631,-1.1475553566370842
366,6,3,2,0,2.9596107078226197,0.0,1.6829007026215017
367,6,3,2,0,3.3581891481515065,0.0,2.1641039349829634
368,6,2,3,0,3.343774109409967,-0.23734276280242028,1.6810694612484973
369,6,2,3,0,3.8580437805996226,0.0,1.853953755946017
370,6,0,5,0,2.1924846130273927,-0.767126094795227,0.7599685382619512
371,6,0,5,0,1.7434735703074935,-1.614715577844013,0.30140623314378273
372,6,0,5,0,2.1924846130273927,0.0,1.2902823827131165
373,6,0,5,0,1.7434735703074935,-1.7974809250597517,0.1563671840577186
374,6,0,5,0,1.9551418502249724,-0.23734276280242028,1.0244021596521287
375,6,3,2,0,2.9596107078226197,0.0,1.8279772457302463
376,6,0,5,0,2.1924846130273927,0.0,0.9215867440285372
377,6,0,5,0,2.1924846130273927,-1.3484698823398524,-0.2543162492895078
378,6,3,2,0,5.206695002656506,0.0,1.9937206789111932
379,6,2,3,0,5.206695002656506,0.0,1.60617828734756
380,6,1,4,0,4.950185887368303,-0.13346321121016658,0.936651892989594
381,6,1,3,1,2.6285903767312853,-2.5781046259252207,-0.44921782469304433
382,6,1,4,0,2.6285903767312853,0.0,0.525718075346257
383,6,1,4,0,5.083649098578469,0.0,1.5860233649747557
384,6,2,3,0,5.083649098578469,-0.12304590407803673,1.4831323832695233
385,6,1,4,0,3.7768778138669283,0.0,0.7951603410382099
386,6,1,4,0,3.7768778138669283,-1.4298171887895776,0.6990696124425988
387,6,1,2,2,2.8257408067067757,-2.3809541959497302,-0.3872335170385369
388,6,1,4,0,2.5682663875088743,0.0,1.4478489194870434
389,6,1,4,0,2.5682663875088743,0.0,1.4049020314894896
390,6,1,4,0,2.930957745280736,0.0,1.667013863639331
391,6,1,4,0,2.930957745280736,0.0,1.2725575692806863
392,6,1,4,0,2.800850523681998,-1.1904695771600586,0.4149906267238002
393,6,0,5,0,1.159182269691076,-0.3757870409501223,0.22295642981412128
394,6,0,5,0,1.159182269691076,-1.1904695771600586,-0.059969696672299476
395,6,0,5,0,1.159182269691076,-0.3757870409501223,0.22295642981412128
396,6,1,4,0,2.800850523681998,-0.5887958168068117,0.34640734684913
397,6,1,4,0,2.5682663875088743,0.0,1.4478489194870434
398,6,0,4,1,0.0,-2.5110832102136698,-0.9076344945113959
399,6,1,4,0,3.6763501613402987,-1.3223889462060505,0.7236976878501693
400,6,0,5,0,1.8664530498948437,-0.6915978413892816,0.4593881153377836
401,6,1,4,0,3.724726252744933,0.0,1.0705773376539405
402,6,2,3,0,2.7015433080512707,-0.711651576030377,0.9612943062623849
403,6,2,3,0,3.89023757205889,0.0,1.8123059850466228
404,6,2,3,0,2.7015433080512707,0.0,1.8726475988574236
405,6,2,3,0,3.89023757205889,0.0,1.703516317596253
406,6,0,5,0,2.126375670407679,0.0,1.0035460261215434
407,6,2,3,0,3.429999854543542,0.0,1.4624606841023975
408,6,2,3,0,3.0885523233262404,0.0,1.6822264967644345
409,6,3,2,0,4.010291420037689,0.0,2.5601683122028382
410,6,4,1,0,3.6438872652621335,0.0,2.238762466606365
411,6,2,3,0,4.010291420037689,0.0,2.090151884939908
412,6,1,4,0,2.659437207954703,0.0,0.6474735874446438
413,6,0,5,0,0.911615221503002,-2.267638517218959,-0.6366885793555326
414,6,4,1,0,2.746086046509724,0.0,2.0910479433785367
415,6,2,3,0,3.415664985352194,0.0,1.7113589159645166
416,6,0,5,0,0.3019524498925037,-2.031183136571851,-0.35312375441298727
417,6,3,2,0,3.36728889394756,0.0,2.0062363739925884
418,6,0,5,0,1.3784299604998616,-1.5868746216649292,0.10613511031581808
419,6,0,5,0,0.8506484328313597,-0.6486079679547458,0.1683397463917423
420,6,0,5,0,1.606876210228851,-1.6207536198977444,0.16468634349152467
421,6,0,4,1,1.5585001188242167,-3.4402389887221325,-0.22877833768669192
422,6,1,3,1,2.7010438788963853,-2.440238988722136,-0.19337541720590537
423,6,1,4,0,2.7010438788963853,-0.6207536198977479,1.173647192643274
424,6,2,3,0,4.342712132887307,-0.6408073545388433,1.3320346041245124
425,6,3,2,0,4.342712132887307,0.0,2.2433878967195513
426,6,1,4,0,3.5936737813797315,0.0,1.1303565319918896
427,6,3,2,0,5.235342035370653,0.0,2.3434600386298214
428,6,1,4,0,3.6409532177992254,0.0,0.9224491276812443
429,6,3,2,0,3.5467855491316875,0.0,1.894158401770273
430,6,0,5,0,1.8049021215382552,-0.662093577973188,-0.014702629326697548
431,6,2,3,0,3.4934434272357713,0.0,1.8553687789012088
432,6,1,4,0,2.958423396042914,0.0,1.0718356367968838
433,6,1,4,0,3.8048090072351854,0.0,1.306115839410888
434,6,2,3,0,2.7511013061084597,0.0,1.8446231563414415
435,6,3,2,0,4.4151825239472196,0.0,2.5201663497771944
436,6,3,2,0,3.7819735783720034,0.0,2.2396712093470037
437,6,1,4,0,3.8048090072351854,0.0,1.2794231971688546
438,6,2,3,0,2.934347558331563,0.0,1.6626460876105291
439,6,4,1,0,2.889162749314835,0.0,2.2369658849998735
440,6,2,3,0,2.621441842904531,0.0,1.595610832075763
441,6,3,2,0,3.647776981937323,0.0,2.045511867608012
442,6,3,2,0,3.8560866550430113,0.0,2.334243911596136
443,6,4,1,0,2.9873516636971935,0.0,2.323613429348966
444,6,2,3,0,2.621441842904531,0.0,1.5757184429433508
445,6,2,3,0,2.8242267996082333,0.0,1.4406691988390854
446,6,2,3,0,3.4454128416890057,0.0,1.4512045130479847
447,6,0,5,0,0.643828831595318,-2.156064131830668,-0.25125626107006693
448,6,1,4,0,2.4783887647045226,-0.31356154245908385,1.3433987081664776
449,6,0,5,0,1.5065250021645085,-1.650160766628936,0.2849238961234917
450,6,4,1,0,3.8022056470564642,0.0,2.6190400855981046
451,6,0,5,0,0.643828831595318,-2.2895273430408345,-0.27794890331210026
452,6,1,4,0,2.4783887647045226,0.0,1.819744067598578
453,6,0,5,0,0.8852804252464672,-1.8527371490432287,-0.43325895923656077
454,6,0,5,0,1.754138008821787,-1.6051241423859501,0.2833162658163886
455,6,0,5,0,2.289085437721102,0.0,1.3217418535385677
456,6,0,5,0,1.8197604796523272,-0.0641552699776824,0.7900662819464337
457,6,2,3,0,2.395755320105337,0.0,1.5385352244781287
458,6,0,5,0,1.754138008821787,-1.6051241423859501,0.2634238766839765
459,6,0,5,0,1.9322926323536436,-1.0701767134866351,0.7168991847696411
460,6,0,5,0,1.198515902734286,-1.53950167155541,0.07868367969600243
461,6,0,5,0,1.774510743187296,-0.9635068311024,0.24220234259118315
462,7,1,4,0,4.524070586373789,-1.89642021712924,0.501006092433687
463,7,1,4,0,4.524070586373789,-1.89642021712924,0.501006092433687
464,7,3,2,0,4.714323731595869,0.0,2.1666302199310783
465,7,1,4,0,2.4436671365429774,0.0,0.8042362628993438
466,7,2,3,0,2.450634642664653,0.0,1.0408530705294496
467,7,2,3,0,2.450634642664653,0.0,1.0408530705294496
468,7,1,3,1,2.3969245143879014,-2.7555663158487995,0.5580077870179615
469,7,1,3,1,2.3969245143879014,-2.7555663158487995,0.5580077870179615
470,7,1,4,0,3.8992979937006282,-1.2361595701030517,1.1010797762778837
471,7,1,4,0,3.8992979937006282,-1.8703687717390167,0.7236539374949438
472,7,1,4,0,3.385840403737685,0.0,0.758001694066855
473,7,1,4,0,4.054243244558734,0.0,1.1590433985594841
474,7,1,4,0,3.9362029513946055,-0.7402951480116648,0.9718116368568005
475,7,1,4,0,3.9362029513946055,-0.634491505164771,1.243556363881926
476,7,1,4,0,3.326750517139743,0.0,0.7225477621080898
477,7,1,4,0,3.472894530209082,0.0,0.8102341699496932
478,7,3,2,0,5.428430239151844,0.0,2.3816889999561255
479,7,3,2,0,5.428430239151844,0.0,2.293367132300889
480,7,3,2,0,4.680280906492964,0.0,1.9327994003607976
481,7,3,2,0,5.108224675989369,-0.6571814611303388,1.9422314074456708
482,7,2,3,0,4.821063461456813,-0.25192483809459176,1.6004020048775396
483,7,2,3,0,5.108224675989369,-0.15857924521236555,1.7913678521735186
484,7,2,3,0,4.821063461456813,0.0,2.016045083825019
485,7,1,4,0,2.8278299746288234,-0.7179573663313867,0.9052990205885962
486,7,0,5,0,2.124104772906872,-1.820261008382225,0.012019172689510782
487,7,1,4,0,2.8278299746288234,-0.04460874495596201,0.605024795196632
488,7,0,5,0,2.124104772906872,-0.9314833816453465,0.18977469803688649
489,7,1,4,0,2.8278299746288234,-0.04460874495596201,0.605024795196632
490,7,1,4,0,2.8278299746288234,-0.7179573663313867,0.9052990205885962
491,7,3,2,0,4.949713793613018,0.0,2.674466296700392
492,7,3,2,0,5.660412279494992,0.0,3.061502562674538
493,7,3,2,0,4.949713793613018,-0.7106984858819736,2.0832688642107335
494,7,3,2,0,5.660412279494992,0.0,2.8143041985264374
495,7,3,2,0,5.660412279494992,0.0,3.061502562674538
496,7,3,2,0,4.949713793613018,0.0,2.674466296700392
497,7,2,3,0,3.2354356424119857,0.0,1.6143058743792467
498,7,2,3,0,3.1598703029859827,0.0,1.6112642669265385
499,7,3,2,0,3.8632397310512587,0.0,2.1631160147577866
500,7,2,3,0,3.2119421522597342,0.0,1.6660712124369907
501,7,3,2,0,4.612137549030898,0.0,2.7708168609896284
502,7,3,2,0,5.482230277779767,0.0,3.1330344332881688
503,7,2,3,0,3.1598703029859827,-0.6258959554039123,1.2844902916074936
504,7,3,2,0,5.069757612069861,0.0,2.7709227890917703
505,7,3,2,0,5.547889703886231,0.0,3.1455212598147475
506,7,3,2,0,5.273476192605525,0.0,3.1016568032206573
507,7,4,1,0,5.563603332477506,0.0,3.9379720408143077
508,7,4,1,0,5.007295565690519,0.0,3.617357876733196
509,7,3,2,0,5.377325068187869,0.0,3.114718950523204
510,7,3,2,0,4.3621199959562915,0.0,2.8773622389092375
511,7,3,2,0,3.6777080934751325,0.0,2.3447055732082474
512,7,1,4,0,2.586046196855822,0.0,1.1192202073699753
513,7,0,5,0,2.051376524289907,-1.119875856237087,0.6871195984729482
514,7,1,4,0,3.066581596521484,-0.2221442025976188,0.9939317095814488
515,7,2,3,0,3.1668016182734995,0.0,1.811548343698464
516,7,1,4,0,2.4542247873676963,0.0,1.138195129127952
517,7,1,4,0,3.7878222174064575,-0.3986352353521134,1.4671531096272425
518,7,1,4,0,2.7726171451748804,0.0,1.3678831918431122
519,7,3,2,0,4.707125118286221,0.0,2.8106931841937195
520,7,4,1,0,4.6339926603689,0.0,2.87644376087472
521,7,3,2,0,4.699652086475364,0.0,2.5949530550756896
522,7,4,1,0,4.575870416617494,0.0,3.1781929946417846
523,7,1,4,0,2.4542247873676963,0.0,1.138195129127952
524,7,2,3,0,3.1668016182734995,0.0,1.811548343698464
525,7,1,4,0,2.7726171451748804,0.0,1.3678831918431122
526,7,1,4,0,3.7878222174064575,-0.3986352353521134,1.4671531096272425
527,7,1,4,0,2.586046196855822,0.0,1.1192202073699753
528,7,3,2,0,3.6777080934751325,0.0,2.3447055732082474
529,7,1,4,0,3.066581596521484,-0.2221442025976188,0.9939317095814488
530,7,0,5,0,2.051376524289907,-1.119875856237087,0.6871195984729482
531,7,4,1,0,4.6339926603689,0.0,2.87644376087472
532,7,3,2,0,4.707125118286221,0.0,2.8106931841937195
533,7,3,2,0,6.089275905144337,0.0,3.7049881639757283
534,7,3,2,0,6.551815560073248,0.0,3.678520227868004
535,7,3,2,0,4.6087568010608315,0.0,2.4371672990197126
536,7,3,2,0,5.130580264996901,0.0,2.660507858900433
537,7,3,2,0,5.130580264996901,0.0,2.660507858900433
538,7,3,2,0,4.6087568010608315,0.0,2.4371672990197126
539,7,3,2,0,6.551815560073248,0.0,3.678520227868004
540,7,3,2,0,6.089275905144337,0.0,3.7049881639757283
541,7,1,4,0,3.1642274677826627,-0.3258936403657522,1.0810944404262415
542,7,1,4,0,3.8807914053074697,-0.9601028420017172,1.09756538760401
543,7,0,5,0,2.1245063311908297,0.0,1.337734696723023
544,7,0,5,0,1.3857335206920354,-1.7592129862434618,-0.2303184390598922
545,7,1,4,0,2.5337621809429116,-1.2068635434607486,0.33069695865991094
546,7,1,4,0,2.568644331212692,-1.1790812500631205,0.2664814615348625
547,7,0,5,0,1.852080393687885,-1.0732776072162267,0.1443294025992799
548,7,0,5,0,0.07205389947961294,-0.7871615835588521,-0.29240927132636185
549,7,0,5,0,1.0007151177593485,0.0,0.4212909006835588
550,7,2,3,0,3.4795889965344955,-0.6646267848864511,1.1258784213206616
551,7,2,3,0,2.7630250590096885,0.0,1.1476247143074332
552,7,0,5,0,1.9158055772357336,-0.30013764856631653,0.588192647088848
553,7,2,3,0,2.9676884737357803,0.0,1.3404268363359144
554,7,2,3,0,3.6842524112605872,0.0,1.3312357823185514
555,7,3,2,0,2.962327455052023,0.0,1.8290814248297251
556,7,1,4,0,2.375864937071899,-0.21733245379599353,1.109736877919873
557,7,0,5,0,1.7177029709246732,-1.0495726497891589,0.17750192684504143
558,7,1,4,0,2.43426690844948,-0.9974093211908439,0.4941838873116531
559,7,0,5,0,0.95863379399945,-1.6345635968684427,-0.16479307688247644
560,7,0,5,0,1.3147455268705883,0.0,0.6517609226289679
561,7,1,4,0,3.0218581888609144,0.0,1.344350939143488
562,7,2,3,0,3.357708325438047,-0.011752041655370249,1.5541615466752994
563,7,1,4,0,3.7384221263857214,0.0,1.7094036845038616
564,7,2,3,0,4.074272262962854,0.0,1.8543836731917538
565,7,1,4,0,2.43426690844948,-0.9974093211908439,0.4941838873116531
566,7,0,5,0,1.7177029709246732,-1.0495726497891589,0.17750192684504143
567,7,0,5,0,1.3147455268705883,0.0,0.6517609226289679
568,7,0,5,0,0.95863379399945,-1.6345635968684427,-0.16479307688247644
569,7,2,3,0,3.6842524112605872,0.0,1.3312357823185514
570,7,2,3,0,2.9676884737357803,0.0,1.3404268363359144
571,7,1,4,0,2.375864937071899,-0.21733245379599353,1.109736877919873
572,7,3,2,0,2.962327455052023,0.0,1.8290814248297251
573,7,2,3,0,4.074272262962854,0.0,1.8543836731917538
574,7,1,4,0,3.7384221263857214,0.0,1.7094036845038616
575,7,2,3,0,3.357708325438047,-0.011752041655370249,1.5541615466752994
576,7,1,4,0,3.0218581888609144,0.0,1.344350939143488
577,7,3,2,0,3.2072071123732044,-0.8091263846287582,1.71378045334911
578,7,3,2,0,3.2072071123732044,-1.5198248705107318,1.420395200693217
579,7,0,5,0,2.080777910369438,-1.9355555866325247,0.17388692536734068
580,7,0,4,1,2.080777910369438,-2.6462540725144983,0.6608221762887752
581,7,3,2,0,5.9430294693402175,0.0,3.638826633864819
582,7,2,3,0,5.848041900084894,0.0,2.7811641931073545
583,7,4,1,0,5.809681426386135,0.0,3.682978054062849
584,7,4,1,0,5.809681426386135,0.0,3.3245392432123433
585,7,3,2,0,4.661890584227997,0.0,2.3089382148190474
586,7,2,3,0,4.661890584227997,0.0,2.240234686682581
587,7,4,1,0,4.718018596606509,0.0,2.767656234700749
588,7,1,4,0,3.5315955047786147,0.0,1.3183039909568648
589,7,2,3,0,3.812475068561138,-0.39442502203656815,1.369519409550427
590,7,1,4,0,3.812475068561138,-1.0286342236725332,1.1248195830437389
591,7,1,4,0,3.3513543090671547,-0.28665832887905296,1.1781078712653552
592,7,2,3,0,3.858758616831903,0.0,1.816883951430303
593,7,2,3,0,4.532039102592243,0.0,1.5181331133932594
594,7,2,3,0,4.532039102592243,-0.3090701896414281,2.0623921995075696
595,7,1,4,0,2.3839637977997192,-1.47383526127091,0.13251437883217604
596,7,3,2,0,5.173983171423192,0.0,2.4556075522530407
597,7,1,4,0,3.52041439172271,-0.8025230379096477,0.9733450203468579
598,7,1,4,0,2.469598527816334,-1.5968297865278203,0.3033622640837216
599,7,1,4,0,3.52041439172271,0.0,1.1935555809121952
600,7,1,4,0,2.469598527816334,-1.7302929977379868,0.13655551194248403
601,7,1,4,0,3.5220879443884776,0.0,1.4685511473931832
602,7,2,3,0,3.617075513643801,0.0,1.607569862142057
603,7,0,5,0,2.0977477812958973,0.0,0.9109813589661947
604,7,1,4,0,3.134591928330032,0.0,1.3446946718622754
605,7,2,3,0,5.401160655325015,0.0,2.692876946285972
606,7,3,2,0,5.401160655325015,0.0,2.6558993626646243
607,7,1,4,0,4.172789381499143,0.0,1.619350107336188
608,7,2,3,0,4.172789381499143,0.0,1.9566545068396792
609,7,2,3,0,5.25756980169616,0.0,2.1700127171221446
610,7,3,2,0,5.25756980169616,0.0,2.921994046121795
611,7,3,2,0,5.313697814074672,0.0,2.715843368366073
612,7,2,3,0,4.127274722246778,0.0,1.9622343349761864
613,7,1,4,0,4.788506420734809,0.0,2.0430904719911176
614,7,1,4,0,4.260420039780076,0.0,1.8629525127351243
615,7,2,3,0,4.788506420734809,0.0,2.228955715150492
616,7,2,3,0,4.260420039780076,0.0,2.271378378343563
617,7,3,2,0,4.770949031897423,0.0,2.5626658631918184
618,7,2,3,0,3.53188459305548,-0.016867015821787845,1.7204552853914883
619,7,3,2,0,4.770949031897423,0.0,2.40930139770282
620,7,1,4,0,3.53188459305548,0.0,1.380438359909767
621,7,2,3,0,3.349103143197109,-0.8920663032484626,1.4076496361891622
622,7,1,4,0,3.0079455768296945,-0.5408060320475734,0.8755803367594452
623,7,2,3,0,3.349103143197109,-0.3934640873304893,1.5306092852265685
624,7,2,3,0,3.0079455768296945,-0.574843907863432,1.0122700896087466
625,7,1,4,0,3.4439011057063595,-1.392947558207375,0.7000843342237871
626,7,2,3,0,4.104333351681632,-0.040097474663799204,1.8161490458633551
627,7,1,4,0,3.4439011057063595,-0.8943453422894017,0.8281741050498134
628,7,2,3,0,4.104333351681632,0.0,1.9579689205012762
629,7,2,3,0,4.699860910308448,-0.13698775360528614,1.6538692352258502
630,7,3,2,0,5.262640791243587,0.0,2.4840103990289193
631,7,3,2,0,4.699860910308448,0.0,2.258665684382899
632,7,3,2,0,5.262640791243587,0.0,2.902154388193245
633,7,3,2,0,5.719403448064661,0.0,2.9869304387592
634,7,3,2,0,5.306618704771946,0.0,2.9687928957632996
635,7,2,3,0,3.852802877736611,0.0,2.127352561104253
636,7,4,1,0,4.541809477680431,0.0,3.0569090204962563
637,7,3,2,0,5.835353415025441,0.0,2.982880683579945
638,7,4,1,0,6.051224030542965,0.0,3.7537020532050427
639,7,1,4,0,3.128496550363014,0.0,1.2762264157861445
640,7,4,1,0,6.344093410190606,0.0,4.085280123654103
641,7,2,3,0,5.117368568058129,0.0,2.5266395250860256
642,7,4,1,0,5.530153311350844,0.0,3.4225192060080305
643,7,4,1,0,5.659707731145772,0.0,3.395238591442488
644,7,4,1,0,4.5718743505224175,0.0,2.865999872500031
645,7,3,2,0,5.608647242221608,0.0,3.105956793002524
646,7,3,2,0,4.4821032315561595,0.0,2.7457488246953368
647,7,3,2,0,5.608647242221608,0.0,3.0074842803177626
648,7,3,2,0,4.4821032315561595,0.0,2.743670347410904
649,7,4,1,0,5.959752708134683,0.0,3.335858223053376
650,7,4,1,0,5.261701558487694,0.0,3.110642887756564
651,7,3,2,0,5.959752708134683,0.0,3.7140923886996378
652,7,4,1,0,5.261701558487694,0.0,3.384888524998536
653,7,2,3,0,3.746789335859738,0.0,1.9043868827527597
654,7,3,2,0,5.194019839469032,0.0,2.9930130033339815
655,7,1,4,0,2.928634433462605,0.0,1.6410897444734451
656,7,3,2,0,4.375864937071899,0.0,2.454586521581652
657,7,3,2,0,3.4696598701248362,0.0,2.1288985633476196
658,7,1,4,0,2.9415734891701035,0.0,1.2290869566686098
659,7,3,2,0,4.090900644746778,0.0,2.504417867858443
660,7,2,3,0,3.5628142637920455,0.0,1.5298594815110362
661,7,1,4,0,3.0123393396123177,-0.6654377143361323,0.8732912282205412
662,7,2,3,0,3.392305721187469,-0.19324198014239968,1.5467839927605744
663,7,0,5,0,2.194184437215185,0.0,0.8914483262562513
664,7,2,3,0,2.5741508187903364,0.0,1.4901943111278875
665,7,0,5,0,2.2015678411127375,-0.31808968836908846,0.6374458559664546
666,7,0,5,0,1.1507519772063617,-1.6166408217263744,-0.041488831683125935
667,7,1,4,0,2.8228086157346794,0.0,1.4948019605969207
668,7,0,5,0,1.7719927518283036,-0.7278631949894958,0.5407379294743251
669,7,0,5,0,1.7719927518283036,-0.7278631949894958,0.5407379294743251
670,7,1,4,0,2.8228086157346794,0.0,1.4948019605969207
671,7,0,5,0,1.1507519772063617,-1.6166408217263744,-0.041488831683125935
672,7,0,5,0,2.2015678411127375,-0.31808968836908846,0.6374458559664546
673,7,2,3,0,2.5741508187903364,0.0,1.4901943111278875
674,7,0,5,0,2.194184437215185,0.0,0.8914483262562513
675,7,2,3,0,3.392305721187469,-0.19324198014239968,1.5467839927605744
676,7,1,4,0,3.0123393396123177,-0.6654377143361323,0.8732912282205412
677,7,2,3,0,3.5628142637920455,0.0,1.5298594815110362
678,7,3,2,0,4.090900644746778,0.0,2.504417867858443
679,7,1,4,0,2.9415734891701035,0.0,1.2290869566686098
680,7,3,2,0,3.4696598701248362,0.0,2.1288985633476196
681,7,3,2,0,4.375864937071899,0.0,2.454586521581652
682,7,1,4,0,2.928634433462605,0.0,1.6410897444734451
683,7,3,2,0,5.194019839469032,0.0,2.9930130033339815
684,7,2,3,0,3.746789335859738,0.0,1.9043868827527597
685,7,3,2,0,3.958227300306582,0.0,2.0158162595889477
686,7,2,3,0,3.3946021404243787,0.0,2.0401044616107114
687,7,3,2,0,4.009336691140891,0.0,2.2580062885967296
688,7,2,3,0,3.3342434173206,0.0,1.8939437820112488
689,7,1,4,0,2.462264526997952,0.0,1.2794928432279236
690,7,1,4,0,3.1127454216908994,-0.5807554214176776,0.9895138276006407
691,7,1,4,0,2.462264526997952,-0.07556533942600296,1.1574756528699723
692,7,3,2,0,3.2399340761908206,0.0,1.6673289216335683
693,7,1,4,0,2.480760338772182,0.0,1.208684837234636
694,7,1,4,0,2.537829866423955,0.0,1.242343450369448
695,7,1,4,0,2.537829866423955,0.0,1.242343450369448
696,7,0,5,0,2.1711188343169425,-0.5051900819916746,0.9655035808749574
697,7,2,3,0,2.7858533850334553,0.0,1.3559879024392778
698,7,0,5,0,2.110760111213164,-1.2234833061074362,0.690797324337543
699,7,3,2,0,3.2399340761908206,0.0,1.6673289216335683
700,7,1,4,0,3.693500843108577,0.0,1.5499324005845878
701,7,2,3,0,3.2399340761908206,-0.7182932241157616,1.4167661543376653
702,7,1,4,0,2.462264526997952,0.0,1.2794928432279236
703,7,0,5,0,1.9000049173545044,-1.2990486455334391,0.5197206873127371
704,7,3,2,0,3.958227300306582,0.0,2.0158162595889477
705,7,3,2,0,5.904668995641458,0.0,2.9818401538962336
706,7,3,2,0,5.904668995641458,0.0,2.985289819723003
707,7,2,3,0,5.904668995641458,0.0,2.7034900292296036
708,7,4,1,0,4.254259654542672,0.0,2.9851801823641892
709,7,3,2,0,4.813006165861832,0.0,2.4157830927301296
710,7,2,3,0,3.626583074033938,-0.5872768305391176,1.2937950379507135
711,7,3,2,0,3.4033336315611855,0.0,2.3585110056526895
712,7,3,2,0,4.6160920380866415,0.0,2.2620345001184274
713,7,1,4,0,3.4296689462587473,-1.046708449176414,0.785777884955246
714,7,0,5,0,1.6863580218116887,-1.2768800538594505,0.4191671979527854
715,7,0,5,0,2.192735350551221,0.0,0.883003429098801
716,7,2,3,0,3.2295794975853553,-0.9842804069877005,1.094975717636602
717,7,0,5,0,0.783062816250574,-1.4793623827350828,0.07767049048407201
718,7,0,5,0,1.579170156486569,-0.6244634249861356,0.41827173045721083
719,7,0,4,1,2.192735350551221,-2.6202708153106116,-0.380746129830014
720,7,1,4,0,3.2295794975853553,-0.8272483816898379,0.7168995391867007
721,7,1,4,0,3.4751836055111127,-1.1409084325755288,0.7877442129736366
722,7,2,3,0,4.813006165861832,0.0,2.216390433272795
723,7,2,3,0,3.626583074033938,0.0,1.5756057753766832
724,7,3,2,0,6.072492474438487,0.0,2.709581651907752
725,7,0,5,0,1.586141094829859,0.0,0.7500932644449513
726,7,0,4,1,0.5756499132024544,-2.4820661437962386,-0.5045899686356485
727,7,4,1,0,3.9081122303722324,0.0,3.031569214204937
728,7,4,1,0,3.9081122303722324,0.0,3.031569214204937
729,7,1,4,0,3.854498093518803,-0.06199827249357881,1.0380105182787083
730,7,1,4,0,3.912576180308136,-0.7569476511059072,0.5471048635090824
731,7,3,2,0,3.4788498892065043,0.0,2.0174828585927336
732,7,3,2,0,4.1971900397211,0.0,2.725331355478685
733,7,0,5,0,1.7292327291405094,0.0,0.8429840927881443
734,7,1,4,0,2.397635569961558,0.0,1.132404419982
735,7,1,4,0,3.89140305121278,0.0,1.282361229215359
736,7,1,4,0,3.0100209422390485,-2.176620325776362,-0.34149687633720804
737,7,3,2,0,3.1040213736877256,0.0,2.0313074702658027
738,7,1,4,0,2.914086781962201,0.0,1.7461834204111084
739,7,0,5,0,1.6701428425425675,0.0,0.91359345935034
740,7,0,5,0,1.8162868556119065,0.0,0.9776183154956947
741,7,4,1,0,5.383630338970018,0.0,2.7794343554493275
742,7,3,2,0,4.635481006311139,0.0,2.5818771604765822
743,7,2,3,0,5.063424775807544,0.0,2.1601126046625914
744,7,3,2,0,4.7762635612749875,0.0,2.2549470530079416
745,7,1,3,1,2.577184571788205,-2.8064457671818133,-0.15145987042395817
746,7,1,4,0,2.577184571788205,-2.0582964345229335,-0.11665133206837056
747,7,1,4,0,3.1377724775436846,-1.9256522982638593,-0.31452343516022696
748,7,0,2,3,1.6865338635249643,-3.5001074044904463,-1.5772586413209169
749,7,4,1,0,4.1087984625225324,0.0,2.6764024577984467
750,7,4,1,0,3.50051157383286,0.0,2.613197046124727
751,7,3,2,0,3.69432719548319,0.0,2.4780018206412473
752,7,2,3,0,2.5910852224955647,0.0,1.7524795885806164
753,7,0,5,0,2.241653341491233,-0.06303525010579847,0.43295031394869526
754,7,0,5,0,1.5379281397692814,-0.76676045182775,-0.005911941717234725
755,7,0,5,0,2.1924846130273927,-0.5864660913115429,0.19407674038809333
756,7,0,5,0,1.7434735703074935,-1.8313599232925668,-0.18356361129566068
757,7,1,4,0,2.5260155275161935,0.0,1.4751627159884257
758,7,3,2,0,3.4423200970301373,0.0,2.0843088123726945
759,7,0,5,0,2.0392727991036033,-0.23734276280242028,1.0725499010646664
760,7,1,4,0,2.5535424702932588,0.0,1.3732867109831914
761,7,0,5,0,2.241653341491233,0.0,0.5015817082839981
762,7,0,5,0,2.1924846130273927,-1.3823488805726676,-0.12427637531635653
763,7,0,5,0,2.0392727991036033,-0.23734276280242028,1.0725499010646664
764,7,1,4,0,2.5260155275161935,0.0,1.4751627159884257
765,7,4,1,0,4.363537160475428,0.0,2.8448099454303595
766,7,4,1,0,5.074235646357401,0.0,3.4859070056903105
767,7,4,1,0,6.462867905542396,0.0,4.014721792065674
768,7,4,1,0,4.447668109354058,0.0,3.117829352561911
769,7,0,4,1,1.6960968331648587,-2.667440327310569,0.037242353991892685
770,7,0,4,1,1.6960968331648587,-3.3781388131925425,-0.12453512606097376
771,7,0,4,1,1.6960968331648587,-3.3781388131925425,0.002402029193221722
772,7,0,4,1,1.6960968331648587,-2.667440327310569,-0.527310703871931
773,7,1,4,0,5.090657663621855,0.0,1.8036275108263062
774,7,1,4,0,5.090657663621855,-0.6342092016359651,1.1089342692548443
775,7,1,2,2,2.6285903767312853,-2.593413644288624,-0.6541374077341076
776,7,1,4,0,5.083649098578469,-0.6369571383594135,1.0765085583958354
777,7,2,3,0,5.72486686525782,0.0,2.1499962733169156
778,7,3,2,0,5.72486686525782,0.0,2.240993943097263
779,7,1,4,0,4.525894556377551,-0.10580364284689381,1.3025027082245948
780,7,1,4,0,4.525894556377551,-0.6808004462789548,1.0059896325840576
781,7,2,3,0,5.720606236937883,0.0,2.181596654815923
782,7,1,4,0,5.720606236937883,0.0,1.7134656967552488
783,7,1,4,0,5.028188399369579,0.0,1.718773973678792
784,7,1,4,0,5.028188399369579,0.0,1.3900462737644381
785,7,1,4,0,5.2220040210199095,-0.49860221591797327,1.6217162832633818
786,7,2,3,0,5.2220040210199095,0.0,1.9392762365545166
787,7,1,4,0,4.202892996910915,-0.8252954024586643,0.964803420622259
788,7,1,4,0,4.202892996910915,-1.003802005745591,0.8121886969040759
789,7,1,4,0,2.9596107078226197,0.0,1.2901932117770016
790,7,1,4,0,2.9596107078226197,-0.5122306163404993,0.5879236665478537
791,7,1,4,0,3.3581891481515065,0.0,1.4819682973781845
792,7,1,4,0,3.3581891481515065,-0.11365217601161248,0.8306251268150653
793,7,0,5,0,1.9551418502249724,-1.0044688575976473,0.1061633228348228
794,7,0,5,0,1.9551418502249724,0.0,0.7663720692086095
795,7,1,4,0,2.469411521414628,-0.8887776267368785,0.4577557608531819
796,7,1,4,0,2.469411521414628,-1.1254757068265278,0.5593129467373587
797,7,0,5,0,1.9551418502249724,0.0,0.5927679400261148
798,7,0,5,0,1.9551418502249724,-1.38323626272798,-0.36315990656572694
799,7,1,4,0,2.9596107078226197,0.0,1.1504169586972943
800,7,1,4,0,2.9596107078226197,-0.635276520418536,0.33781153339710956
801,7,0,5,0,0.3480088133506456,-1.05376494224328,-0.2139068013765332
802,7,0,5,0,0.7174600528591348,-0.7382298321299992,0.034812354490056666
803,7,0,5,0,0.7174600528591348,-0.2686520962317118,0.23206455889969532
804,7,0,5,0,0.3480088133506456,-1.05376494224328,-0.3425276114508691
805,7,3,2,0,3.423432681671393,0.0,2.1696343535600127
806,7,3,2,0,3.423432681671393,0.0,2.2896239728044465
807,7,3,2,0,4.425838359557289,0.0,2.5167421617351073
808,7,3,2,0,4.425838359557289,0.0,2.28522237461845
809,7,0,5,0,1.1540029230702693,-0.8476330949174411,-0.014160240889984266
810,7,1,4,0,2.7015433080512707,0.0,1.0653253578150377
811,7,0,5,0,1.3667864560343617,-0.8476330949174411,0.23485764822418104
812,7,2,3,0,2.659711651721395,0.0,1.2579610688237999
813,7,0,5,0,1.8664530498948437,-1.45847175846788,0.6491570270350202
814,7,2,3,0,2.555480720041981,-0.26977749446026067,1.0882545075357961
815,7,1,4,0,2.521840921654629,0.0,1.1883148708418907
816,7,3,2,0,4.010291420037689,0.0,2.139254892608961
817,7,2,3,0,2.6755345680207796,0.0,1.847521693810331
818,7,2,3,0,2.4133613449246383,0.0,1.6982075900292386
819,7,2,3,0,2.7797654997001935,0.0,1.723296299933019
820,7,0,4,1,0.0,-2.420581116198516,-1.6337413630178355
821,7,0,5,0,1.7365691949218203,-1.5987197973283003,-0.511037564625623
822,7,0,5,0,0.5847859054530602,-1.9219789002805427,-0.9118857709090775
823,7,0,5,0,1.7849452863264545,-1.4088055455673256,-0.20167272782705795
824,7,0,4,1,1.5065250021645085,-2.420581116198516,-0.06332903729084408
825,7,0,5,0,1.9504566056404116,-1.2842316751543095,0.27905425752404084
826,7,0,4,1,1.5065250021645085,-2.653490064354642,-0.35526127420495185
827,7,1,4,0,2.659437207954703,0.0,1.4368604964078657
828,7,1,4,0,2.7576261223370615,0.0,1.5032837022427892
829,7,1,4,0,2.533472773089713,0.0,1.130605247630085
830,7,0,5,0,0.07779910064515505,-2.031183136571851,-0.7617856809320379
831,7,3,2,0,2.746086046509724,0.0,1.7922515502317942
832,7,0,5,0,0.8506484328313597,-0.6486079679547458,-0.013465614256421076
833,7,0,5,0,0.9488373472137184,-1.7767888734259039,-0.0755879853594493
834,7,0,4,1,0.7246839979663697,-2.3876275369763427,-0.2673682163142551
835,7,0,5,0,0.7246839979663697,-1.7767888734259039,-0.14424668640069668
836,7,0,5,0,1.516668737514749,-1.7216072322929534,-0.5228982191793143
837,7,0,5,0,1.739695295908536,-2.2064323598920232,-0.14319980564708032
838,7,0,5,0,1.516668737514749,-0.990096068218854,0.4463042967203137
839,7,0,5,0,2.27289651491224,-1.4886982841368273,0.39228800081190657
840,7,0,5,0,2.224520423507606,-1.1107685687425146,0.34770268768866897
841,7,0,5,0,0.08167450932919706,-0.10823974243177759,0.009794410889817584
842,7,0,5,0,1.3594995458419916,-1.975789446408129,-0.8038685811357936
843,7,2,3,0,2.6058464023805072,0.0,1.2727296760808073
844,7,0,5,0,1.407875637246626,-1.8197541928799694,-0.5610762759902123
845,7,1,4,0,3.2754253412229772,0.0,0.9513797799439508
846,7,0,5,0,0.6516478598491346,-1.5832988122328615,-0.6426037156589878
847,7,2,3,0,3.227049249818343,0.0,1.5583635032464032
848,7,0,5,0,0.0,-1.7858751946471543,-1.055762952401944
849,7,0,5,0,0.7381894812338139,-0.7710359185767288,-0.09471824473685615
850,7,1,4,0,3.0246086147556355,-0.15464512396632557,1.1504323727527648
851,7,0,5,0,1.7003661341523753,-0.7710359185767288,0.2718559606316546
852,7,1,4,0,3.0729847061602698,-0.15464512396632557,1.106441553231506
853,7,1,4,0,2.4565939115498665,0.0,0.7183215473793254
854,7,0,5,0,2.3167569287627785,0.0,1.1831516612916189
855,7,1,4,0,2.4082178201452322,-0.9270711721048883,0.4289442108592986
856,7,0,5,0,2.2062553373423093,-0.31068037749448507,0.4832092998818226
857,7,1,4,0,3.038210822580943,-0.7767888734259074,0.6116490544284175
858,7,1,4,0,3.038210822580943,-1.3876275369763462,1.0259484332392568
859,7,2,3,0,3.9308407250642894,0.0,1.636864528579423
860,7,1,4,0,4.299444753942346,0.0,1.4412427736970392
861,7,2,3,0,4.299444753942346,0.0,1.9365360822950095
862,7,2,3,0,5.941113007933268,0.0,2.6681363199806674
863,7,2,3,0,2.975714483597887,0.0,1.2977259279994158
864,7,1,4,0,2.8397793679804053,-1.2488920478923262,0.15134273221739888
865,7,0,5,0,1.4485957147433268,-0.14916292662611852,0.26540054110260203
866,7,2,3,0,2.5649232181861663,0.0,1.5283358062935917
867,7,1,4,0,3.2345021570286363,-0.013181407739054407,1.013493655136859
868,7,2,3,0,3.186126065624002,0.0,1.6204773784393112
869,7,0,5,0,1.0157092058296264,-0.39213518377884427,0.2150898182507696
870,7,0,5,0,2.0453878707174447,-0.3230220125747181,0.5748637705096591
871,7,1,4,0,2.801615648114936,-0.1895588013645515,0.8346373553470748
872,7,1,4,0,2.7532395567103016,-0.5820494355398189,0.5384597657174268
873,7,0,5,0,0.609683351372734,-1.8250248032290948,-0.16034031378391234
874,7,0,4,1,1.9153489942502695,-3.0833901132960797,-0.6176733018054484
875,7,1,4,0,2.4658626183243975,-0.005539434404706611,0.8919551423997525
876,7,0,5,0,1.9637250856549038,-1.2639047444716915,-0.06634548441226826
877,7,1,4,0,3.2220903957218887,0.0,1.391091151866253
878,7,0,5,0,1.2074973082574125,-1.0472603990231377,0.15343766026738948
879,7,2,3,0,3.1737143043172544,0.0,1.9877172907957772
880,7,0,5,0,1.7352788359259144,-1.2300257462388764,0.24909616040642887
881,7,0,5,0,1.8436940595728153,0.0,1.091074945084835
882,7,1,4,0,2.7656861275385687,-0.02272785766999519,0.901532068563975
883,7,2,3,0,3.209674140116487,0.0,1.6118922795127624
884,7,1,4,0,2.814062218943203,-0.02272785766999519,0.9213817642014177
885,7,3,2,0,3.9659019175139782,0.0,2.3301998960425143
886,7,0,5,0,2.0578344415457117,0.0,1.360336515944327
887,7,2,3,0,3.917525826109344,0.0,1.7023203325646208
888,7,0,5,0,1.7490476179196648,-0.41356761118339236,0.2314893136759487
889,7,0,5,0,1.7490476179196648,-0.41356761118339236,0.2314893136759487
890,7,2,3,0,3.917525826109344,0.0,1.7023203325646208
891,7,0,5,0,2.0578344415457117,0.0,1.360336515944327
892,7,3,2,0,3.9659019175139782,0.0,2.3301998960425143
893,7,1,4,0,2.814062218943203,-0.02272785766999519,0.9213817642014177
894,7,2,3,0,3.209674140116487,0.0,1.6118922795127624
895,7,1,4,0,2.7656861275385687,-0.02272785766999519,0.901532068563975
896,7,0,5,0,1.8436940595728153,0.0,1.091074945084835
897,7,0,5,0,1.7352788359259144,-1.2300257462388764,0.24909616040642887
898,7,2,3,0,3.1737143043172544,0.0,1.9877172907957772
899,7,0,5,0,1.2074973082574125,-1.0472603990231377,0.15343766026738948
900,7,1,4,0,3.2220903957218887,0.0,1.391091151866253
901,7,0,5,0,1.9637250856549038,-1.2639047444716915,-0.06634548441226826
902,7,1,4,0,2.4658626183243975,-0.005539434404706611,0.8919551423997525
903,7,0,4,1,1.9153489942502695,-3.0833901132960797,-0.6176733018054484
904,7,0,5,0,0.609683351372734,-1.8250248032290948,-0.16034031378391234
905,7,0,5,0,0.6536606410871926,-1.5732313006058156,0.03054918011750729
906,7,0,5,0,1.6306364347549156,-0.9362201290075838,0.608151041809991
907,7,3,2,0,4.515317961962108,0.0,2.729141275667266
908,7,3,2,0,5.567746586053637,0.0,2.650840569266765
909,7,2,3,0,3.087296539541345,-0.4815684708261898,1.213738018604166
910,7,2,3,0,3.724307711139577,0.0,1.8208228428578366
911,7,4,1,0,6.5034520312093385,0.0,3.3184080132306044
912,7,4,1,0,5.514959557255818,0.0,3.0692077055866718
913,7,2,3,0,3.922386797697772,0.0,1.7567385348507656
914,7,2,3,0,4.559397969296004,0.0,2.2663029616275034
915,7,4,1,0,7.047318144892998,0.0,4.1738763940855
916,7,4,1,0,6.566007426194986,0.0,3.827155688964635
917,7,4,1,0,3.922386797697772,0.0,2.4763949680488606
918,7,2,3,0,4.559397969296004,0.0,2.1212521620448435
919,7,4,1,0,7.047318144892998,0.0,4.099228162555656
920,7,3,2,0,6.566007426194986,0.0,3.088182788458654
921,7,4,1,0,4.613105066373674,0.0,2.905432627057043
922,7,2,3,0,2.990284075430367,0.0,1.7766496202692452
923,7,3,2,0,4.367811513233136,0.0,2.4876538781701427
924,7,4,1,0,5.567746586053637,0.0,3.63915887376035
925,7,4,1,0,5.474471396121551,0.0,3.5678419088838886
926,7,2,3,0,3.152606748225775,0.0,1.9224075553319224
927,7,3,2,0,5.09304598066214,0.0,3.1657189942293065
928,7,4,1,0,5.533766738063068,0.0,3.6001900792507273
929,7,4,1,0,6.497020816003683,0.0,3.9580145618994242
930,7,3,2,0,4.874199825060376,0.0,2.7611941201958805
931,7,4,1,0,5.636912094345799,0.0,3.2587815766975
932,7,4,1,0,6.566007426194986,0.0,4.141866573567343
933,7,3,2,0,6.497020816003683,0.0,3.7204978920114704
934,7,3,2,0,4.874199825060376,0.0,2.3527778490644957
935,7,3,2,0,5.636912094345799,0.0,2.8365381772372458
936,7,4,1,0,6.566007426194986,0.0,3.7491061366682756
937,7,4,1,0,6.1255790481815495,0.0,3.4736160530944495
938,7,1,4,0,3.6921630195878485,0.0,1.3575915362678082
939,7,1,4,0,3.5256238329849197,0.0,1.5922988987307243
940,7,2,3,0,3.952460728348928,0.0,2.0032316652142605
941,7,4,1,0,6.212227886736571,0.0,4.42936939377471
942,7,3,2,0,3.77881185814287,0.0,2.3428278395092557
943,7,2,3,0,3.9034968160127086,0.0,1.954130138487664
944,7,2,3,0,3.952460728348928,0.0,2.194163303727769
945,7,3,2,0,4.715172997634351,0.0,2.4418053497117356
946,7,3,2,0,3.6921630195878485,0.0,2.2493941664131265
947,7,2,3,0,3.4723818117079404,0.0,1.7178806294100142
948,7,4,1,0,3.637658872584556,0.0,2.714854021393909
949,7,4,1,0,4.715172997634351,0.0,3.134193218843271
950,7,3,2,0,3.6921630195878485,0.0,2.2774573665685245
951,7,3,2,0,3.8502547947357293,0.0,2.4259243327738673
952,7,3,2,0,3.637658872584556,0.0,2.5581904919770073
953,7,1,3,1,3.0608867456714393,-2.3633877019857294,0.05600775912583984
954,7,1,4,0,4.086451030608149,-1.3378234170490195,0.944452111489106
955,7,3,2,0,5.943461680728085,0.0,2.8152687287974216
956,7,2,3,0,4.050840649462163,-1.3734337981950056,1.6079197723425929
957,7,1,4,0,3.0608867456714393,-1.2717248722061036,1.2391965976124986
958,7,3,2,0,4.086451030608149,0.0,2.1571239125369517
959,7,3,2,0,5.943461680728085,0.0,3.411335719470381
960,7,2,3,0,4.050840649462163,0.0,2.0330871617721207
961,7,4,1,0,6.276483605499031,0.0,3.189107475450033
962,7,4,1,0,7.359839351994516,0.0,4.225265858613269
963,7,2,3,0,4.519160858255418,0.0,2.3081115099272367
964,7,4,1,0,5.855762467716609,0.0,3.7856215276070473
965,7,4,1,0,6.276483605499031,0.0,3.8447165041672577
966,7,4,1,0,7.359839351994516,0.0,4.364223540566325
967,7,4,1,0,4.519160858255418,0.0,2.9861766259864004
968,7,4,1,0,5.855762467716609,0.0,3.7466527330974246
969,7,1,4,0,3.8208901567158158,0.0,1.6145194669757181
970,7,0,5,0,2.0462692858209373,0.0,1.0899051645009898
971,7,0,5,0,0.9952828837016305,-0.2988359386467394,0.11272025775796309
972,7,0,5,0,1.9206280355400445,-0.20810819533019753,0.5478131842876408
973,7,2,3,0,4.76708934128602,0.0,2.3187066147422977
974,7,1,4,0,4.218978197706058,0.0,1.4757391965631192
975,7,1,4,0,3.1143589454349083,0.0,1.6545487083024866
976,7,1,4,0,3.1511539558775397,-0.13899502412607134,0.838617877169223
977,7,0,5,0,1.8049021215382552,0.0,1.168230390169763
978,7,3,2,0,3.468983339377015,0.0,2.4232254603646552
979,7,2,3,0,2.734270046795565,0.0,1.805036926605709
980,7,2,3,0,2.4700521552182764,0.0,1.6322140374439507
981,7,2,3,0,2.7182689109273177,0.0,1.2921509038366543
982,7,1,4,0,2.8090041877883927,0.0,1.2786137377147562
983,7,0,5,0,2.057344312429098,-0.02321798678660869,0.797860266512059
984,7,1,4,0,2.382768216084994,0.0,1.5355175182581768
985,7,2,3,0,2.8164578253096764,0.0,1.4921259731347298
986,7,1,4,0,2.9071931021707513,0.0,1.1602356913083818
987,7,0,5,0,2.155533226811457,0.0,1.1519607553740507
988,7,1,4,0,2.4809571304673526,0.0,1.2481721846128657
989,7,4,1,0,2.909887470472807,0.0,2.121447310725087
990,7,3,2,0,2.8647026614560787,0.0,2.1134813249859308
991,7,2,3,0,2.3972884936571823,0.0,1.6046803255026851
992,7,1,4,0,2.6000734503608847,0.0,1.6802688241636852
993,7,0,5,0,1.1753088416588007,-1.8055980921340193,-0.6279352997330996
994,7,2,3,0,2.8952814287597555,0.0,1.3544628780735777
995,7,0,5,0,2.0122054744282103,-1.0913504616057246,0.20530325300228255
996,7,1,4,0,2.420995497497554,-0.9721456519429985,0.1766887295739643
997,7,0,5,0,2.121508026229005,-1.306995876216046,0.30281413154426745
998,7,2,3,0,2.993470343142114,0.0,1.6983362992940072
999,7,0,5,0,1.9140165600458516,-0.5927482456877513,0.4445624711616304
1000,7,0,5,0,0.24828658561243344,-0.9382666537101834,-0.17092806232362534
1001,7,0,5,0,1.8948140326165621,-1.1415343114565317,0.22715713395039713
1002,7,0,5,0,1.801749344134734,-0.874163623994221,0.4705530039475093
1003,7,0,5,0,1.7513172207861238,-0.8383274809664343,0.36878046529175423
1004,7,0,5,0,0.6196662180146788,-1.713469368449676,-0.13088341874982917
1005,7,0,5,0,1.8948140326165621,-1.6797599086989408,0.23985406859895733
1006,7,0,5,0,1.801749344134734,-1.508372825630186,0.1648968228916196
1007,7,0,5,0,1.7397771449587864,0.0,1.2191187027182586
1008,7,0,5,0,0.5214773036323201,-1.8469325796598426,-0.5315689389862662
1009,7,3,2,0,3.4454128416890057,0.0,2.18440580285681
1010,7,0,5,0,0.643828831595318,-1.2153215888392737,-0.13313130929425582
1011,7,1,4,0,2.4783887647045226,0.0,1.6268682682876672
1012,7,0,5,0,0.8852804252464672,-0.7094182236375417,0.16129036446891903
1013,7,2,3,0,3.1303244103302994,-0.26281673911025294,1.18663312117272
1014,7,2,3,0,3.628432430366683,0.0,1.6914057407439351
1015,7,0,5,0,1.7901183647577383,-1.2121830311694168,0.21154709796191967
1016,7,1,4,0,2.3595810845661482,0.0,1.1444354026300487
1017,7,1,4,0,2.773531604962841,-0.2289377408774378,0.6951179773527763
1018,7,1,4,0,3.0071878534486416,0.0,0.8815374812195416
1019,7,0,5,0,0.5735975410935481,-1.5691437864499989,-0.12584262629410786
1020,7,0,5,0,1.3273403964342307,-0.999681066641589,0.16559985586671858
1021,7,0,5,0,1.3973452034543286,0.0,0.5003590055005624
1022,7,0,5,0,1.9322926323536436,0.0,0.9564988100942408
1023,7,0,5,0,1.198515902734286,0.0,0.5573772919429721
1024,7,0,5,0,1.774510743187296,0.0,0.9315336976034182
1025,7,1,4,0,3.450189263042077,-0.12012404995348902,0.9975017677040988
1026,7,1,4,0,2.44303054805307,-0.4348649273741927,0.8177629741258116
1027,7,1,4,0,2.395319985627548,-0.910541555817435,0.819419802478555
1028,7,1,4,0,2.559214804813962,-0.675473475980759,0.7567336002727316
1029,7,2,3,0,3.8069820684095355,0.0,1.609898083277016
1030,7,1,4,0,2.44303054805307,-0.593317796020024,0.8432832796417913
1031,7,1,4,0,2.395319985627548,-0.41193933989946174,0.740325904933453
1032,7,0,5,0,1.9379702278959208,-0.8339263446265903,0.0907636926706921
1033,7,0,5,0,1.9648476457275166,-0.1040748793853048,0.42348984572000103
1034,7,0,5,0,1.828107510050593,-0.40683916203140313,0.5148775613294582
1035,7,1,4,0,3.2452033388676185,-0.27495780026392325,1.08417362559658
1036,7,0,5,0,1.067849485377213,-2.1958025384661255,-0.441697597672286
1037,7,2,3,0,3.309120004696343,0.0,1.9653182962645246
1038,7,0,5,0,1.9262964244329517,-0.5403023732415697,0.8621777970818286
1039,7,1,4,0,3.2452033388676185,0.0,1.9345118630230842
1040,7,0,3,2,1.067849485377213,-2.3983789208804183,-0.7858875750379347
1041,7,0,5,0,1.5779792407836304,-0.5507569900866116,0.6832088928680868
1042,7,0,5,0,1.7268170886155367,0.0,1.1657173568355013
1043,7,0,5,0,1.9129700408551322,-0.07791196382477139,0.6785979091948505
1044,7,2,3,0,2.924205785461311,0.0,1.7752595750490805
1045,7,1,4,0,2.8085051611211256,-0.1937962348060296,0.9808138388592902
1046,7,0,5,0,1.8250060029978954,-0.35374521060017017,0.8783720231901903
1047,7,0,5,0,1.9129700408551322,-1.196297610121917,0.2847126420680347
1048,7,1,4,0,2.924205785461311,-0.5420226207963204,0.7964240282857503
1049,7,0,5,0,1.2964808889269364,-0.051988993412916074,0.3443715392465627
1050,7,1,4,0,2.8461966482602676,0.0,1.120690531821559
1051,7,1,4,0,2.575807374456449,0.0,1.0149836607588463
1052,7,0,5,0,2.2928874086161635,-1.0663747425915737,0.21480189062338653
1053,7,2,3,0,3.307273157794821,0.0,1.888970171249187
1054,7,2,3,0,3.767935744971716,0.0,1.9899362702869539
1055,7,2,3,0,3.3993575567855387,0.0,1.8680920796434513
1056,7,0,5,0,2.2928874086161635,-1.0663747425915737,0.3925574159707622
1057,7,2,3,0,2.9470028591375907,0.0,1.969449571007982
1058,7,2,3,0,2.749466899843906,0.0,1.7394557292496677
1059,7,1,4,0,2.889316310826505,0.0,1.4600590828762243
1060,7,2,3,0,3.0451917735199494,0.0,1.807831365241396
1061,7,2,3,0,2.749466899843906,0.0,1.561700203902292
1062,7,0,5,0,2.0657661284974154,-0.4699458403812322,0.6069506639916191
1063,7,2,3,0,3.0451917735199494,0.0,1.807831365241396
1064,7,2,3,0,3.977614020073556,0.0,1.9799233650210504
1065,7,2,3,0,2.9470028591375907,0.0,1.969449571007982
1066,7,1,4,0,3.055874923362108,0.0,1.466188677250407
1067,7,2,3,0,3.307273157794821,0.0,1.888970171249187
1068,7,0,5,0,1.2964808889269364,-0.051988993412916074,0.3443715392465627
1069,7,0,5,0,1.0219001131673657,-1.4450955863440775,-0.6626773291729734
1070,7,1,4,0,3.581314723706015,0.0,1.4874580053732274
1071,7,4,1,0,5.590661895965269,0.0,3.3494897470133176
1072,7,4,1,0,6.723556166462615,0.0,4.430070020172304
1073,7,0,5,0,1.1330090395811432,0.0,0.884185446382159
1074,7,2,3,0,3.6924236501197925,0.0,1.949693646074205
1075,7,4,1,0,5.701770822379046,0.0,3.8185256408239163
1076,7,4,1,0,6.723556166462615,0.0,4.4240567142843865
1077,7,4,1,0,5.643556844397388,0.0,3.6463597095916995
1078,7,3,2,0,4.16735265872288,0.0,2.6396612178132033
1079,7,4,1,0,5.115577013016484,0.0,3.6527947050807734
1080,7,4,1,0,6.26182543173573,0.0,4.8157195074631085
1081,7,4,1,0,5.754665770811165,0.0,4.12219585651192
1082,7,3,2,0,4.16735265872288,0.0,2.6404481650349068
1083,7,4,1,0,5.115577013016484,0.0,3.6603819054120983
1084,7,4,1,0,6.26182543173573,0.0,4.957835443251556
1085,7,4,1,0,6.180068275168015,0.0,3.5864042120958444
1086,7,2,3,0,4.720636656530715,0.0,2.2799333388116145
1087,7,3,2,0,4.231467427674655,0.0,2.3174168163205637
1088,7,4,1,0,6.180068275168015,0.0,4.5702740838697835
1089,7,3,2,0,4.720636656530715,0.0,2.7887540108870374
1090,7,3,2,0,4.231467427674655,0.0,2.3579885418070914
1091,7,4,1,0,4.82957102808388,0.0,3.403074221611228
1092,7,3,2,0,4.82957102808388,0.0,2.9821972536184824
1093,7,0,2,3,0.0,-2.794074790252317,-1.8009870949374551
1094,7,0,4,1,0.9291557785084628,-2.5110832102136698,-0.795187446713436
1095,7,0,5,0,1.980166037899231,-1.3223889462060505,0.36551578193486806
1096,7,0,4,1,1.5760406758296774,-2.794074790252317,-0.3258168290516409
1097,7,0,5,0,2.3075857390083243,-1.7024119604726913,-0.2790344349680133
1098,7,1,4,0,3.4962800030159435,0.0,0.982486425558772
1099,7,0,5,0,1.2273220558022615,-0.8796329966148804,-0.01267219432963671
1100,7,0,5,0,2.3075857390083243,0.0,1.168498706763782
1101,7,1,4,0,2.6446371669203614,-1.2023350982272518,1.1813625852024656
1102,7,0,5,0,2.2782330121448062,-1.568739253002807,0.6533336310518244
1103,7,2,3,0,2.8847887878160954,0.0,1.476521755402964
1104,7,1,4,0,2.452990215069537,0.0,0.7937445586465579
1105,7,0,5,0,2.2266069668243382,0.0,0.6921815016037222
1106,7,0,5,0,0.8233586650146485,0.0,0.26497017933156214
1107,7,0,5,0,1.5892959225401349,0.0,0.8584481167890161
1108,7,1,4,0,2.6446371669203614,-0.39366384848627334,0.8538768712691521
1109,7,1,4,0,2.51838463304054,0.0,1.2891729003031984
1110,7,2,3,0,3.6163338509947422,0.0,1.8566385381614239
1111,7,2,3,0,3.249929696219187,0.0,1.59105201526435
1112,7,1,4,0,3.6163338509947422,-0.39366384848627334,1.0297136770184045
1113,7,1,4,0,3.249929696219187,-0.2463503067967565,0.7361361187620155
1114,7,1,4,0,2.455673672444558,-1.9144417936374367,0.9944551963809538
1115,7,0,5,0,2.215522051548824,-0.8227789638578109,0.42476175589761456
1116,7,0,4,1,0.0,-2.51838463304054,-1.2292117327373417
1117,7,2,3,0,2.3902792544735547,0.0,1.3775027122728503
1118,7,0,5,0,2.106955052417142,0.0,0.8669608022852436
1119,7,0,4,1,0.40673327642548074,-3.4402389887221325,-1.056541305292415
1120,7,0,4,1,0.5444172810423318,-3.3025549841052815,-1.08048210005065
1121,7,0,4,1,0.5814904793502116,-2.631567738981154,-0.9014948005418063
1122,7,0,5,0,0.7845689019380657,-1.3074606425364088,-0.06292824399383505
1123,7,0,5,0,0.0,-1.6207536198977444,-0.973970110163593
1124,7,0,3,2,0.0,-3.4402389887221325,-1.7243432252218986
1125,7,0,4,1,0.0,-3.3025549841052815,-1.614650255964363
1126,7,0,5,0,2.2993631789088234,-1.9984241450744662,0.21716523622112333
1127,7,0,5,0,0.9634741239748799,-1.9984241450744662,-0.06996222719241132
1128,7,0,3,2,0.17311227283058273,-2.7887859962187633,-1.269124050637378
1129,8,1,3,1,4.524070586373789,-3.0325817682365006,0.29829776362745763
1130,8,0,5,0,2.1723177279674495,0.0,1.0695990343378612
1131,8,1,4,0,3.8992979937006282,0.0,1.2618123606713545
1132,8,1,4,0,3.9362029513946055,0.0,1.2839553352877409
1133,8,3,2,0,4.596742232821416,-0.8316880063304275,1.6851534340892527
1134,8,3,2,0,4.596742232821416,-0.08353867367154777,1.8347833006210288
1135,8,2,3,0,5.108224675989369,0.0,1.9871683700445992
1136,8,2,3,0,4.821063461456813,0.0,1.8148716413250654
1137,8,1,4,0,2.8278299746288234,0.0,0.8513678531853721
1138,8,0,5,0,2.124104772906872,0.0,0.42913273215220116
1139,8,1,4,0,2.8278299746288234,0.0,0.8513678531853721
1140,8,3,2,0,4.9781927096926175,0.0,2.539718898864424
1141,8,3,2,0,4.9781927096926175,0.0,2.301767164677411
1142,8,3,2,0,4.9781927096926175,0.0,2.539718898864424
1143,8,1,4,0,2.950983337118849,-1.9987304564941688,0.8077492216344269
1144,8,1,3,1,2.950983337118849,-2.7094289423761424,0.41502552600228526
1145,8,1,3,1,2.950983337118849,-2.7094289423761424,0.41502552600228526
1146,8,1,4,0,2.950983337118849,-1.9987304564941688,0.8077492216344269
1147,8,3,2,0,4.837301863548387,0.0,2.9605576706175527
1148,8,3,2,0,5.273476192605525,0.0,3.1322210549963563
1149,8,4,1,0,4.732396653956489,0.0,3.267205387147134
1150,8,1,4,0,2.421653182290104,0.0,0.9263207558501569
1151,8,1,4,0,3.1428938031750775,0.0,1.5033132525581359
1152,8,4,1,0,3.9338606620276373,0.0,2.792273147769996
1153,8,4,1,0,3.9995200881341013,0.0,2.617076889460821
1154,8,1,4,0,3.1428938031750775,0.0,1.5033132525581359
1155,8,1,4,0,2.421653182290104,0.0,0.9263207558501569
1156,8,4,1,0,3.9338606620276373,0.0,2.792273147769996
1157,8,4,1,0,5.913500632637582,0.0,4.101431571893151
1158,8,4,1,0,4.699652086475364,0.0,3.0059206856148997
1159,8,3,2,0,4.799691112138213,0.0,2.7389413362175654
1160,8,3,2,0,5.81489618436979,0.0,2.9419823506638805
1161,8,4,1,0,4.699652086475364,0.0,3.0059206856148997
1162,8,4,1,0,5.913500632637582,0.0,4.101431571893151
1163,8,3,2,0,5.81489618436979,0.0,2.9419823506638805
1164,8,3,2,0,4.799691112138213,0.0,2.7389413362175654
1165,8,3,2,0,4.759271818044795,0.0,2.6934484278636113
1166,8,3,2,0,4.966658566958923,0.0,2.6159499105529305
1167,8,3,2,0,4.966658566958923,0.0,2.6159499105529305
1168,8,3,2,0,4.759271818044795,0.0,2.6934484278636113
1169,8,0,5,0,2.1477137223521545,0.0,1.069428992617997
1170,8,0,5,0,0.8355666482573767,-0.9445493299885754,0.012330341803379241
1171,8,1,4,0,2.57006149590827,-0.41270194679185934,0.7740532396057638
1172,8,1,4,0,2.365620905575099,-0.0561582682185886,1.1313999612130374
1173,8,0,5,0,1.115635402763992,-1.3061437710296957,0.13141155896415171
1174,8,1,4,0,2.9313593229318187,0.0,1.1144858586414776
1175,8,1,4,0,3.6479232604566256,0.0,1.2682313118661022
1176,8,0,5,0,2.1547824710175547,0.0,1.2150379006535346
1177,8,2,3,0,2.490632607594687,0.0,1.624463050259631
1178,8,0,5,0,1.115635402763992,-1.3061437710296957,0.13141155896415171
1179,8,1,4,0,2.365620905575099,-0.0561582682185886,1.1313999612130374
1180,8,1,4,0,3.6479232604566256,0.0,1.2682313118661022
1181,8,1,4,0,2.9313593229318187,0.0,1.1144858586414776
1182,8,2,3,0,2.490632607594687,0.0,1.624463050259631
1183,8,0,5,0,2.1547824710175547,0.0,1.2150379006535346
1184,8,0,5,0,2.151329430775146,-1.8934829823064163,0.575222196460011
1185,8,0,5,0,2.151329430775146,-1.8934829823064163,0.4122856892180238
1186,8,0,5,0,2.151329430775146,-1.8934829823064163,0.575222196460011
1187,8,2,3,0,3.0482679717177774,-0.9680655252841852,1.2997784043476421
1188,8,2,3,0,3.0482679717177774,-1.6787640111661588,1.1784848935071301
1189,8,2,3,0,3.0482679717177774,-1.6787640111661588,1.1784848935071301
1190,8,2,3,0,3.0482679717177774,-0.9680655252841852,1.2997784043476421
1191,8,4,1,0,5.848041900084894,0.0,3.4100490498950564
1192,8,2,3,0,4.661890584227997,0.0,2.1662341706997656
1193,8,2,3,0,3.812475068561138,-0.2620122393262001,1.3570180268797274
1194,8,1,4,0,4.532039102592243,0.0,1.7721154822256913
1195,8,1,4,0,2.487297136326525,-1.7196029542711813,0.05928574059273188
1196,8,1,3,1,2.487297136326525,-2.3538121559071463,-0.06814299762798655
1197,8,1,4,0,3.52041439172271,-0.36059205850924414,1.0976338577787517
1198,8,1,4,0,2.469598527816334,-0.656087243536426,0.38573001330839674
1199,8,2,3,0,3.5220879443884776,0.0,1.4747348664837012
1200,8,3,2,0,5.401160655325015,0.0,2.3928617055576864
1201,8,2,3,0,5.25756980169616,0.0,2.572882849164376
1202,8,2,3,0,5.525929215044563,0.0,2.3313992979908975
1203,8,3,2,0,5.525929215044563,0.0,2.8531411255782446
1204,8,3,2,0,4.788506420734809,0.0,2.123925458308019
1205,8,1,4,0,4.260420039780076,0.0,1.9346569657493204
1206,8,2,3,0,3.2174931982623853,-0.6867003502153217,1.323958389853452
1207,8,1,4,0,3.2174931982623853,-0.4680015899314469,0.953873657081207
1208,8,3,2,0,4.770949031897423,0.0,2.4199438684370462
1209,8,1,4,0,3.53188459305548,0.0,1.2613663175837069
1210,8,1,4,0,2.8328244011154524,-1.0713691473622546,0.8260251384681716
1211,8,1,4,0,2.8328244011154524,-0.3232198147033749,0.8824069900531917
1212,8,1,4,0,3.349103143197109,-0.23488484211812377,1.468199401132742
1213,8,1,4,0,3.0079455768296945,-0.2888811939529816,0.8861723888279627
1214,8,3,2,0,4.388872089821586,0.0,2.237287264395819
1215,8,2,3,0,3.5818912621627845,0.0,1.455521803257612
1216,8,3,2,0,4.388872089821586,0.0,2.226537819022871
1217,8,2,3,0,3.5818912621627845,0.0,1.665407249913305
1218,8,2,3,0,4.038707077336657,-0.4611656886092135,1.3400757340174814
1219,8,1,4,0,4.038707077336657,0.0,1.582953615496013
1220,8,1,4,0,3.4439011057063595,-0.7357660970770361,0.8200970385418855
1221,8,1,4,0,4.104333351681632,0.0,1.7724082803459738
1222,8,2,3,0,4.52364466185001,0.0,1.4917574309386332
1223,8,2,3,0,4.52364466185001,0.0,2.16110189677443
1224,8,2,3,0,4.699860910308448,0.0,1.7809075979986724
1225,8,3,2,0,5.262640791243587,0.0,2.513321988339591
1226,8,2,3,0,5.1962483543231315,0.0,2.2959427451552914
1227,8,3,2,0,5.200499616202261,0.0,2.5571954339765797
1228,8,2,3,0,5.1962483543231315,0.0,2.3508368221749256
1229,8,3,2,0,5.200499616202261,0.0,2.832724403024855
1230,8,2,3,0,5.306618704771946,0.0,2.858633434293958
1231,8,4,1,0,5.835353415025441,0.0,3.121067430617834
1232,8,2,3,0,5.117368568058129,0.0,2.8318355951448426
1233,8,2,3,0,4.3140361763344295,0.0,2.108424848119032
1234,8,3,2,0,4.3140361763344295,0.0,2.351302729597564
1235,8,4,1,0,5.608647242221608,0.0,3.341765119115165
1236,8,4,1,0,4.4821032315561595,0.0,2.79968212116137
1237,8,4,1,0,6.037432071956562,0.0,3.2508731939272075
1238,8,4,1,0,6.037432071956562,0.0,3.9202176597630043
1239,8,4,1,0,5.959752708134683,0.0,3.5786922076207413
1240,8,4,1,0,5.261701558487694,0.0,3.2376285390506503
1241,8,3,2,0,4.80891354782327,0.0,2.6601504495219404
1242,8,4,1,0,5.278533191547481,0.0,3.247006169185115
1243,8,3,2,0,4.80891354782327,0.0,2.488482243030787
1244,8,4,1,0,5.278533191547481,0.0,3.3786367863110365
1245,8,3,2,0,4.30113275861039,0.0,2.3252448961395116
1246,8,2,3,0,3.4829778562132567,0.0,1.604856961428903
1247,8,2,3,0,2.928634433462605,0.0,1.7095567371389664
1248,8,3,2,0,4.375864937071899,0.0,2.7833279376844957
1249,8,3,2,0,4.207082664434591,0.0,2.5235613763563243
1250,8,2,3,0,4.828323439056533,0.0,2.592132354266714
1251,8,2,3,0,3.4696598701248362,0.0,2.100385530930352
1252,8,1,4,0,2.9415734891701035,0.0,1.4521282643935969
1253,8,1,4,0,2.4980507535306558,0.0,1.3036553446037715
1254,8,1,4,0,2.4980507535306558,-0.2693420454020803,0.9492752900131677
1255,8,1,4,0,2.4980507535306558,0.0,1.1434952291110114
1256,8,1,4,0,2.4980507535306558,0.0,0.9212731830687566
1257,8,2,3,0,3.1829254129927627,-0.011094426476269348,1.1472327910309204
1258,8,1,4,0,2.36477051059563,0.0,1.0398074705710882
1259,8,0,5,0,2.194184437215185,-0.12498165012105034,0.9411957816796181
1260,8,2,3,0,2.5741508187903364,0.0,1.7524471294014887
1261,8,0,5,0,1.1684505857165526,-1.7938768693354703,-0.23686067225439303
1262,8,0,5,0,1.7896913603384945,-0.9445941382382834,0.44467291990677327
1263,8,0,5,0,2.2015678411127375,-0.3373846673479193,0.6754214213784294
1264,8,0,5,0,1.1507519772063617,-0.26440931782281396,0.2002720132840153
1265,8,2,3,0,2.7795246562369336,0.0,1.2989964664079274
1266,8,0,5,0,0.8025145920821686,-1.9648782068505675,-0.24295916117733823
1267,8,1,4,0,2.7795246562369336,0.0,1.20447987330775
1268,8,0,5,0,0.8025145920821686,-1.076100580113689,-0.20531774572916675
1269,8,3,2,0,3.676878831418108,0.0,1.8570005634124072
1270,8,3,2,0,4.483859659076909,0.0,2.2988846181563565
1271,8,2,3,0,2.5937157793382966,0.0,1.7168164475474783
1272,8,3,2,0,3.400696606997098,0.0,2.176482025429143
1273,8,3,2,0,3.6123936540304804,0.0,2.268136674207981
1274,8,3,2,0,3.6166449159096103,0.0,2.274887145652953
1275,8,4,1,0,4.498642578335101,0.0,2.7094688898133312
1276,8,3,2,0,4.502893840214231,0.0,2.7340008843960186
1277,8,0,5,0,1.7896913603384945,-0.9445941382382834,0.44467291990677327
1278,8,0,5,0,1.1684505857165526,-1.7938768693354703,-0.23686067225439303
1279,8,0,5,0,1.1507519772063617,-0.26440931782281396,0.2002720132840153
1280,8,0,5,0,2.2015678411127375,-0.3373846673479193,0.6754214213784294
1281,8,1,4,0,2.36477051059563,0.0,1.0398074705710882
1282,8,2,3,0,3.1829254129927627,-0.011094426476269348,1.1472327910309204
1283,8,2,3,0,2.5741508187903364,0.0,1.7524471294014887
1284,8,0,5,0,2.194184437215185,-0.12498165012105034,0.9411957816796181
1285,8,0,5,0,0.8025145920821686,-1.076100580113689,-0.20531774572916675
1286,8,1,4,0,2.7795246562369336,0.0,1.20447987330775
1287,8,0,5,0,0.8025145920821686,-1.9648782068505675,-0.24295916117733823
1288,8,2,3,0,2.7795246562369336,0.0,1.2989964664079274
1289,8,2,3,0,4.828323439056533,0.0,2.592132354266714
1290,8,3,2,0,4.207082664434591,0.0,2.5235613763563243
1291,8,1,4,0,2.9415734891701035,0.0,1.4521282643935969
1292,8,2,3,0,3.4696598701248362,0.0,2.100385530930352
1293,8,2,3,0,3.4829778562132567,0.0,1.604856961428903
1294,8,3,2,0,4.30113275861039,0.0,2.3252448961395116
1295,8,3,2,0,4.375864937071899,0.0,2.7833279376844957
1296,8,2,3,0,2.928634433462605,0.0,1.7095567371389664
1297,8,1,4,0,2.4980507535306558,0.0,0.9212731830687566
1298,8,1,4,0,2.4980507535306558,0.0,1.1434952291110114
1299,8,1,4,0,2.4980507535306558,-0.2693420454020803,0.9492752900131677
1300,8,1,4,0,2.4980507535306558,0.0,1.3036553446037715
1301,8,3,2,0,3.400696606997098,0.0,2.176482025429143
1302,8,2,3,0,2.5937157793382966,0.0,1.7168164475474783
1303,8,3,2,0,4.483859659076909,0.0,2.2988846181563565
1304,8,3,2,0,3.676878831418108,0.0,1.8570005634124072
1305,8,3,2,0,4.9430691594878375,0.0,3.036129693575861
1306,8,3,2,0,4.725209680981823,0.0,2.730259819354219
1307,8,3,2,0,4.884087994509343,0.0,2.6409050877268734
1308,8,2,3,0,4.666228516003329,0.0,2.367323510557159
1309,8,3,2,0,3.9330396125826113,0.0,2.2577514719920706
1310,8,2,3,0,4.0314952224178064,-0.4519440747208243,1.796749448834386
1311,8,3,2,0,3.9920207775611054,-0.5503996845560195,2.1388509806694875
1312,8,2,3,0,4.090476387396301,0.0,1.9105198183683492
1313,8,2,3,0,4.090476387396301,0.0,1.9105198183683492
1314,8,3,2,0,3.9920207775611054,-0.5503996845560195,2.1388509806694875
1315,8,2,3,0,4.0314952224178064,-0.4519440747208243,1.796749448834386
1316,8,3,2,0,3.9330396125826113,0.0,2.2577514719920706
1317,8,2,3,0,4.666228516003329,0.0,2.367323510557159
1318,8,3,2,0,4.884087994509343,0.0,2.6409050877268734
1319,8,3,2,0,4.725209680981823,0.0,2.730259819354219
1320,8,3,2,0,4.9430691594878375,0.0,3.036129693575861
1321,8,3,2,0,3.740099667270325,0.0,2.065824154827981
1322,8,1,4,0,2.3422152043055533,-0.35353840313976903,0.7790942757206167
1323,8,0,5,0,1.5323026996092999,-1.6667508632786436,0.4009757300093895
1324,8,0,5,0,2.044088560733801,-0.3677022177452045,0.5973089680000555
1325,8,0,5,0,2.044088560733801,-0.44326755717120747,0.4632200330213486
1326,8,1,4,0,2.7653291816187746,-0.22721701827790852,1.3087343788802457
1327,8,0,5,0,2.2535433204942734,0.0,0.9720808894831088
1328,8,3,2,0,4.707125118286221,0.0,2.462885304411111
1329,8,3,2,0,4.3901616678186315,0.0,2.67296247747608
1330,8,3,2,0,4.707125118286221,0.0,2.9066604248985684
1331,8,3,2,0,3.8699884788612557,0.0,2.4563645928440208
1332,8,3,2,0,3.9356479049677198,0.0,2.284532320941435
1333,8,3,2,0,4.575870416617494,0.0,3.035956224512237
1334,8,3,2,0,4.4558210939250955,0.0,2.629675782511446
1335,8,3,2,0,4.575870416617494,0.0,2.7207266809627315
1336,8,1,4,0,2.516616361162889,0.0,1.0035618349246804
1337,8,1,4,0,2.922970625723231,0.0,1.6156705362261001
1338,8,0,5,0,1.5323026996092999,-1.6667508632786436,0.4009757300093895
1339,8,3,2,0,3.8699884788612557,0.0,2.4563645928440208
1340,8,3,2,0,4.707125118286221,0.0,2.9066604248985684
1341,8,3,2,0,4.3901616678186315,0.0,2.67296247747608
1342,8,3,2,0,4.707125118286221,0.0,2.462885304411111
1343,8,3,2,0,5.434846102050393,0.0,3.20545703560269
1344,8,3,2,0,5.6303946795868285,0.0,3.465288568659286
1345,8,3,2,0,5.57003595648305,0.0,3.0499938979297547
1346,8,3,2,0,4.148800661406703,0.0,2.4352044550709593
1347,8,3,2,0,5.226351311310442,0.0,2.412762850864694
1348,8,3,2,0,4.209159384510482,-1.4212352950763467,2.0440532735829393
1349,8,3,2,0,5.434846102050393,0.0,3.20545703560269
1350,8,2,3,0,5.9430294693402175,0.0,2.822552870577592
1351,8,2,3,0,5.9430294693402175,0.0,2.6375687480938352
1352,8,2,3,0,4.292620128241431,0.0,2.4324317775193967
1353,8,2,3,0,4.756878153483321,0.0,2.2743564053441476
1354,8,2,3,0,3.2081530545531862,0.0,1.7069053548090394
1355,8,2,3,0,4.55996402570813,0.0,1.9700948965031053
1356,8,2,3,0,3.8344333266042128,0.0,1.5967780104910276
1357,8,2,3,0,3.617075513643801,0.0,1.629857646995474
1358,8,0,5,0,1.9666661725450147,-1.283393493468374,0.45698927715091814
1359,8,1,4,0,3.617075513643801,-1.1398026398395196,0.9525294703657444
1360,8,2,3,0,4.703554879336984,0.0,1.858190038827329
1361,8,2,3,0,4.756878153483321,0.0,2.071479255508416
1362,8,2,3,0,5.530153311350844,0.0,2.2729437837178934
1363,8,2,3,0,3.746789335859738,0.0,1.5352776105434736
1364,8,2,3,0,5.194019839469032,0.0,2.3325467155084256
1365,8,1,4,0,2.9876155984410993,-0.5410254366622311,1.212189623081872
1366,8,2,3,0,4.434846102050393,0.0,1.9565068933012753
1367,8,2,3,0,3.746789335859738,0.0,1.741037806287617
1368,8,2,3,0,5.194019839469032,0.0,2.3529166022843215
1369,8,1,4,0,2.3927362629735676,0.0,1.090857589396738
1370,8,3,2,0,3.8399667665828616,0.0,2.3165514641847045
1371,8,2,3,0,4.090900644746778,0.0,1.948833509242484
1372,8,2,3,0,3.5628142637920455,-0.45413151300581944,1.2218474809869648
1373,8,3,2,0,2.9337616996357987,0.0,1.9652938088717213
1374,8,1,4,0,2.405675318681066,-0.09431453100425458,0.9779573501387361
1375,8,2,3,0,4.090900644746778,0.0,1.673862520304462
1376,8,2,3,0,3.5628142637920455,-0.2970994877079569,1.4924423213457794
1377,8,1,4,0,3.0123393396123177,-1.2015205649607381,0.8127968753690518
1378,8,2,3,0,3.392305721187469,0.0,1.4509109039968222
1379,8,0,5,0,2.253165602193679,-1.178685136097556,0.48580541214242035
1380,8,1,4,0,2.6331319837688305,0.0,1.298519318313997
1381,8,1,4,0,2.8228086157346794,-0.14042945993645972,0.9885856323778903
1382,8,0,5,0,1.7719927518283036,-0.835899337839713,0.42916531123468926
1383,8,0,5,0,1.7719927518283036,-0.835899337839713,0.42916531123468926
1384,8,1,4,0,2.8228086157346794,-0.14042945993645972,0.9885856323778903
1385,8,0,5,0,1.2097331421848558,-1.4233988415839747,-0.010677683222492362
1386,8,0,5,0,2.2605490060912317,-1.8045106777752196,0.38688387535866015
1387,8,0,5,0,1.7719927518283036,-1.7908215119637418,0.12987120533660032
1388,8,1,4,0,2.8228086157346794,-1.2680920290120987,0.3949942896950539
1389,8,0,4,1,0.6148538067173241,-3.2251129598655375,-0.7459709463663586
1390,8,0,5,0,1.6656696706237,-1.2002299998542831,0.24187414459985704
1391,8,2,3,0,3.392305721187469,0.0,1.4509109039968222
1392,8,1,4,0,3.0123393396123177,-1.2015205649607381,0.8127968753690518
1393,8,0,5,0,2.038252648301299,-0.36742267037976717,1.0790719089794074
1394,8,0,5,0,1.6582862667261473,-1.2754754329096514,0.18060744987417082
1395,8,1,4,0,3.392305721187469,-1.8017141182815628,0.5619786856000679
1396,8,1,4,0,3.0123393396123177,-1.0444885396628756,0.5783374140856339
1397,8,2,3,0,3.5628142637920455,-0.45413151300581944,1.2218474809869648
1398,8,2,3,0,4.090900644746778,0.0,1.948833509242484
1399,8,1,4,0,3.0005546541485977,-1.4342914479017956,0.6691940829482533
1400,8,2,3,0,3.5286410351033304,0.0,1.6796869165640786
1401,8,2,3,0,5.194019839469032,0.0,2.3325467155084256
1402,8,2,3,0,3.746789335859738,0.0,1.5352776105434736
1403,8,0,5,0,1.7004776842996208,0.0,0.9187702752757737
1404,8,1,4,0,2.3570269085732143,-0.05807808678933313,1.199453999608997
1405,8,1,4,0,2.3939318662671916,0.0,1.4094890133779963
1406,8,1,4,0,4.551942332639591,0.0,2.166570057209571
1407,8,1,4,0,2.577184571788205,-2.092339259625838,-0.7164503416629714
1408,8,4,1,0,3.771822564554668,0.0,2.5808058405842447
1409,8,3,2,0,3.0236732318957884,0.0,1.9822863744571406
1410,8,3,2,0,3.5659535908619553,0.0,2.32155608599288
1411,8,4,1,0,3.278792376329399,0.0,2.382074837170579
1412,8,0,5,0,1.8080581611848068,0.0,0.9532829297479019
1413,8,0,5,0,1.1043329594628553,-0.20554543053821206,0.4801049769143205
1414,8,0,5,0,1.8080581611848068,0.0,0.9532829297479019
1415,8,3,2,0,4.392016076555027,0.0,2.6950551101362037
1416,8,3,2,0,4.476147025433658,0.0,3.0960173812905625
1417,8,1,4,0,2.364806703981259,0.0,0.9342763858434686
1418,8,1,4,0,2.364806703981259,0.0,0.9685920830111201
1419,8,0,5,0,2.2562392975245587,-2.1357767790304685,0.434829872414263
1420,8,0,5,0,2.2562392975245587,-2.1357767790304685,0.3200085442380747
1421,8,0,5,0,1.6960968331648587,-1.3616192238338343,-0.2834172265318905
1422,8,0,5,0,1.6960968331648587,-1.8787366604352016,-0.44259378438411545
1423,8,4,1,0,3.9299419801690014,0.0,2.7594479540921726
1424,8,4,1,0,5.158366595236032,0.0,3.5284878783749307
1425,8,4,1,0,5.158366595236032,0.0,3.5284878783749307
1426,8,4,1,0,3.9299419801690014,0.0,2.7594479540921726
1427,8,1,4,0,5.090657663621855,0.0,1.5057952005565425
1428,8,1,4,0,5.72486686525782,0.0,1.7519081141370045
1429,8,1,4,0,4.525894556377551,-1.1947116805603315,0.6856288323103996
1430,8,1,4,0,5.720606236937883,0.0,1.767968722751617
1431,8,1,4,0,5.028188399369579,0.0,1.1064076151117526
1432,8,1,4,0,5.383630338970018,0.0,1.8589403513711082
1433,8,1,4,0,5.383630338970018,0.0,1.7760307321630235
1434,8,1,4,0,5.2220040210199095,0.0,1.1078325022889282
1435,8,1,4,0,4.202892996910915,-1.5177132400269677,0.25025548272464915
1436,8,1,4,0,4.635481006311139,-0.7481493326588797,1.31887849047174
1437,8,1,4,0,4.635481006311139,0.0,1.4448724023643393
1438,8,1,4,0,5.063424775807544,-0.6571814611303388,1.2231590517403923
1439,8,1,4,0,5.063424775807544,-0.6614420894502757,1.0904660246867288
1440,8,1,4,0,4.7762635612749875,-0.31439410234686704,1.1914010982096754
1441,8,1,4,0,2.9596107078226197,0.0,0.8829238089616233
1442,8,1,4,0,3.3581891481515065,-0.05819147680272252,1.1774725210773902
1443,8,0,5,0,1.9551418502249724,-1.6550543963795867,-0.3282956867600923
1444,8,1,4,0,2.469411521414628,-1.6393869411079045,0.12414464735242774
1445,8,0,5,0,2.241653341491233,-0.7179573663313867,0.035765818843582056
1446,8,0,5,0,2.241653341491233,-1.8714057493512364,-0.24292933318899584
1447,8,0,5,0,1.5379281397692814,-1.820261008382225,-0.6280907591691353
1448,8,0,4,1,1.5379281397692814,-2.575130951073188,-0.7819215884772952
1449,8,1,4,0,2.5260155275161935,0.0,0.5052031055032387
1450,8,1,4,0,2.5260155275161935,0.0,0.9021765515859649
1451,8,1,4,0,2.9245939678450803,0.0,0.9404298442637675
1452,8,0,5,0,1.5215466699185463,0.0,0.30430933398370924
1453,8,0,5,0,2.0358163411082018,-0.49019918640799176,0.4119773651779731
1454,8,0,5,0,1.9551418502249724,-1.4612387747292566,-0.2507694380999602
1455,8,1,4,0,2.9596107078226197,-1.1491877546999127,0.27583851295083617
1456,8,0,5,0,2.241653341491233,-0.7782370833178618,0.19433813322435398
1457,8,0,5,0,2.241653341491233,-1.2371965477152713,-0.19013942405413928
1458,8,1,4,0,2.5260155275161935,0.0,0.5052031055032387
1459,8,3,2,0,4.363537160475428,0.0,2.01207831870459
1460,8,1,4,0,4.363537160475428,-0.7106984858819736,1.3020872202839264
1461,8,3,2,0,5.074235646357401,0.0,2.391125431637625
1462,8,2,3,0,5.074235646357401,0.0,2.0394783484079335
1463,8,3,2,0,5.074235646357401,0.0,2.4196385085920062
1464,8,3,2,0,5.074235646357401,0.0,2.495338321523152
1465,8,2,3,0,4.363537160475428,-0.7106984858819736,1.7288324118424447
1466,8,2,3,0,4.363537160475428,0.0,1.5532983048089235
1467,8,3,2,0,3.732765281716361,0.0,2.1402884328615372
1468,8,3,2,0,3.732765281716361,0.0,2.235601911418185
1469,8,3,2,0,3.732765281716361,0.0,2.235601911418185
1470,8,0,5,0,0.7990816328840573,-1.3320818569404835,-0.27691053431878176
1471,8,0,5,0,0.7990816328840573,-0.9212443461909245,0.1347451287897954
1472,8,0,5,0,0.7990816328840573,-1.3320818569404835,-0.27691053431878176
1473,8,0,4,1,1.3667864560343617,-3.083425634079891,-0.03735720875705297
1474,8,2,3,0,2.6755345680207796,-0.35344222701712624,1.3057063171669392
1475,8,0,4,1,0.0,-2.7915492187838424,-1.4644313036456587
1476,8,0,4,1,1.5065250021645085,-2.8572086448903065,-0.6427742513834168
1477,8,0,4,1,0.17176815014759939,-2.420581116198516,-0.4905890706857754
1478,8,0,5,0,0.7199306853029164,-1.2842316751543095,0.02388596594449055
1479,8,0,5,0,0.27599908182701327,-1.9219789002805427,-0.27442708336235455
1480,8,0,5,0,0.6156997536235025,-0.4589362726956452,0.26369421790428405
1481,8,1,4,0,2.533472773089713,-0.7825573423886638,1.0080069116382149
1482,8,0,4,1,0.7246839979663697,-4.012581412588354,-0.7114531901561406
1483,8,0,5,0,1.516668737514749,-1.9253258128286177,-0.24455231231834276
1484,8,0,5,0,1.6148576518971076,-1.8596663867221537,-0.04884613697859095
1485,8,0,5,0,1.390704302649759,-1.4886982841368273,0.40792321685561317
1486,8,0,5,0,0.9058791750506892,-1.2811055741675936,0.17939286862590081
1487,8,0,5,0,1.390704302649759,-0.990096068218854,0.4328944885711472
1488,8,0,5,0,1.8933962755559328,0.0,0.9039288141077122
1489,8,0,5,0,0.0,-1.8197541928799694,-0.5608550099955913
1490,8,0,5,0,1.8933962755559328,0.0,1.0817937550249297
1491,8,0,5,0,0.0,-1.0302792040144588,-0.7088630835623484
1492,8,0,5,0,2.106179808520025,-0.8571375604114166,0.3683393944523289
1493,8,0,4,1,0.3428610362230877,-2.724687264387768,-1.0535523593352287
1494,8,1,4,0,2.6058464023805072,-0.9227969865178807,0.891674620751963
1495,8,0,4,1,0.23863010454367384,-2.790346690494232,-1.1142230731344376
1496,8,0,5,0,1.133654732480764,-0.7710359185767288,0.11643352351181732
1497,8,0,5,0,1.133654732480764,0.0,0.5827947127830242
1498,8,0,5,0,1.2873483788469144,-1.7416284161909914,0.0059981923828750896
1499,8,0,5,0,2.0079701051367316,-1.1252376215805882,0.6429200481105497
1500,8,0,5,0,1.3915793105263283,-1.6759689900845274,0.02008387480763858
1501,8,0,5,0,2.2062553373423093,-1.0595781954741241,0.6825777255921089
1502,8,0,4,1,0.0,-3.9767902934117636,-1.8463527532529767
1503,8,0,4,1,2.2536152065930573,-3.317466324819513,-0.5513350627676864
1504,8,0,4,1,0.8864395520079498,-2.555554998335417,-0.9748806401548549
1505,8,0,5,0,2.3019912979976915,-1.8962310297431664,-0.09235370497975737
1506,8,0,4,1,1.642667329405441,-2.555554998335417,-0.7641789700067264
1507,8,0,5,0,1.5457635206002003,-1.8962310297431664,-0.24948178309876354
1508,8,0,4,1,1.5942912380008067,-3.9767902934117636,-0.9583808041193279
1509,8,0,4,1,0.058109738975591796,-3.317466324819513,-0.8561743725215578
1510,8,3,2,0,4.636611697626904,0.0,2.2469273949278454
1511,8,3,2,0,4.636611697626904,0.0,2.2365270987404786
1512,8,0,5,0,2.174540633779067,-0.3860345264201719,0.9743093083850567
1513,8,0,5,0,1.8524730913615919,0.0,1.1595349443204968
1514,8,0,5,0,1.8524730913615919,0.0,1.143907630217838
1515,8,1,4,0,2.7946463585562995,-0.8980607446057576,0.7897321661074344
1516,8,2,3,0,2.7946463585562995,-0.9637201707122216,1.3130673924070684
1517,8,1,4,0,2.361759849642599,-1.396606679625922,0.4815928968128219
1518,8,1,4,0,2.361759849642599,-1.330947253519458,0.48887832612796417
1519,8,0,4,1,1.3149143765554854,-2.5186368039764098,-0.26549556947323083
1520,8,1,4,0,2.3445930414433036,-1.097401508900063,0.3794142601141033
1521,8,1,4,0,3.100820818840795,-1.097401508900063,0.6231859587531432
1522,8,1,3,1,3.0524447274361606,-2.5186368039764098,0.20242184112975395
1523,8,0,5,0,2.1258169424639206,-0.5124975181886064,1.0017949265147343
1524,8,1,4,0,3.652425468499896,0.0,1.7670442388694183
1525,8,0,5,0,1.3276407177041207,-0.1615746879328661,0.5035945132836475
1526,8,0,5,0,0.7730006093590873,-1.419939997999851,-0.19941618718356297
1527,8,2,3,0,3.652425468499896,0.0,2.305395798656287
1528,8,2,3,0,4.306171431033388,0.0,2.330316477196728
1529,8,0,5,0,2.1570757946983505,0.0,1.2655827768650538
1530,8,0,5,0,0.8987104846313656,-0.29175909252869303,0.236699061913869
1531,8,0,5,0,2.0528448630189366,-0.1615746879328661,0.8411579152254192
1532,8,0,5,0,0.8987104846313656,-1.419939997999851,-0.2244038345580634
1533,8,0,5,0,2.1570757946983505,-0.7724133514833049,0.9407301403707435
1534,8,0,5,0,0.7944795529519517,-2.03077866155029,-0.18966222825665824
1535,8,0,5,0,2.246388949072518,0.0,1.544358153582865
1536,8,1,4,0,2.775177441218162,0.0,1.3830474158848616
1537,8,0,5,0,1.3732605769695425,-0.02272785766999519,0.4837671239258384
1538,8,3,2,0,3.6196809149936335,0.0,2.5356525110319317
1539,8,3,2,0,2.90088731649044,0.0,2.0164901025283166
1540,8,0,5,0,1.7490476179196648,0.0,0.7913367960853186
1541,8,2,3,0,2.796656384811026,0.0,1.794056699047377
1542,8,0,5,0,1.7490476179196648,0.0,0.9962850607645706
1543,8,2,3,0,2.90088731649044,0.0,1.5119681689551014
1544,8,0,5,0,1.644816686240251,0.0,0.6493659118283759
1545,8,0,5,0,0.2694228811325061,-0.9101205392562584,-0.20113753163617573
1546,8,1,4,0,4.062948013855426,-0.6157078776238762,1.0898866372967433
1547,8,1,4,0,2.349985180348213,-1.620819025138232,0.2788579201125927
1548,8,1,4,0,4.11132410526006,0.0,1.3763320907799703
1549,8,1,4,0,3.1062129577457043,-0.9101205392562584,1.0517774589672002
1550,8,2,3,0,3.3550963278625687,-0.6157078776238762,1.5624811243227916
1551,8,1,4,0,3.05783686634107,-1.620819025138232,0.517985081693103
1552,8,1,4,0,3.046309504236522,0.0,0.8351387487831531
1553,8,1,4,0,3.4368585262325766,0.0,1.6938514525925341
1554,8,0,5,0,1.7490476179196648,0.0,0.7913367960853186
1555,8,3,2,0,2.90088731649044,0.0,2.0164901025283166
1556,8,2,3,0,3.6196809149936335,0.0,2.1359133096093905
1557,8,0,5,0,1.3732605769695425,-0.02272785766999519,0.4837671239258384
1558,8,1,4,0,2.775177441218162,0.0,1.3830474158848616
1559,8,0,5,0,1.644816686240251,0.0,0.6493659118283759
1560,8,2,3,0,2.90088731649044,0.0,1.5119681689551014
1561,8,0,5,0,1.7490476179196648,0.0,0.9962850607645706
1562,8,2,3,0,2.796656384811026,0.0,1.794056699047377
1563,8,0,5,0,0.8987104846313656,-0.29175909252869303,0.236699061913869
1564,8,0,5,0,2.1570757946983505,0.0,1.2655827768650538
1565,8,0,5,0,0.7730006093590873,-1.419939997999851,-0.19941618718356297
1566,8,0,5,0,1.3276407177041207,-0.1615746879328661,0.5035945132836475
1567,8,0,5,0,0.7944795529519517,-2.03077866155029,-0.18966222825665824
1568,8,0,5,0,2.1570757946983505,-0.7724133514833049,0.9407301403707435
1569,8,0,5,0,0.8987104846313656,-1.419939997999851,-0.2244038345580634
1570,8,0,5,0,2.0528448630189366,-0.1615746879328661,0.8411579152254192
1571,8,1,4,0,3.046309504236522,0.0,0.8351387487831531
1572,8,1,4,0,3.05783686634107,-1.620819025138232,0.517985081693103
1573,8,2,3,0,3.3550963278625687,-0.6157078776238762,1.5624811243227916
1574,8,1,4,0,3.1062129577457043,-0.9101205392562584,1.0517774589672002
1575,8,1,4,0,4.11132410526006,0.0,1.3763320907799703
1576,8,1,4,0,2.349985180348213,-1.620819025138232,0.2788579201125927
1577,8,1,4,0,4.062948013855426,-0.6157078776238762,1.0898866372967433
1578,8,0,5,0,0.2694228811325061,-0.9101205392562584,-0.20113753163617573
1579,8,0,5,0,1.1031329625169057,-0.2789637403391332,0.3355666640722717
1580,8,1,4,0,3.886811830502431,-0.05931582529812829,1.0606442561371274
1581,8,1,4,0,2.959312229468569,-0.2789637403391332,1.2837747755977467
1582,8,1,4,0,3.9351879219070653,-0.05931582529812829,1.5078847288721178
1583,8,1,4,0,3.7155400068660605,-0.2789637403391332,1.11797547527418
1584,8,1,4,0,3.178960144509574,-0.05931582529812829,1.0627325637617084
1585,8,1,4,0,3.667163915461426,-0.2789637403391332,1.4102320449111176
1586,8,0,5,0,1.8129800639659024,-0.05931582529812829,0.8540214946081612
1587,8,0,5,0,1.8129800639659024,-0.05931582529812829,0.8540214946081612
1588,8,1,4,0,3.667163915461426,-0.2789637403391332,1.4102320449111176
1589,8,1,4,0,3.178960144509574,-0.05931582529812829,1.0627325637617084
1590,8,1,4,0,3.7155400068660605,-0.2789637403391332,1.11797547527418
1591,8,1,4,0,3.9351879219070653,-0.05931582529812829,1.5078847288721178
1592,8,1,4,0,2.959312229468569,-0.2789637403391332,1.2837747755977467
1593,8,1,4,0,3.886811830502431,-0.05931582529812829,1.0606442561371274
1594,8,0,5,0,1.1031329625169057,-0.2789637403391332,0.3355666640722717
1595,8,1,4,0,3.2456115582302516,-0.0675068193582753,1.467718241774147
1596,8,4,1,0,5.557807452880734,0.0,3.5032558790440538
1597,8,3,2,0,3.310850899530884,0.0,1.8552352161503414
1598,8,3,2,0,2.7765117221422813,0.0,1.5596357269141123
1599,8,2,3,0,4.631381494487645,0.0,2.3399375419348942
1600,8,4,1,0,6.931129285504866,0.0,3.9884578664982264
1601,8,2,3,0,5.143516910117679,0.0,2.3132591438964325
1602,8,3,2,0,3.9003029355737624,0.0,2.1131693135947196
1603,8,1,4,0,2.3748464127167708,-0.8625821444333894,0.6425613540680054
1604,8,1,4,0,3.0118575843150026,0.0,1.3243238884724249
1605,8,3,2,0,5.323468612963147,0.0,3.2210497457002383
1606,8,4,1,0,5.198269627136273,0.0,3.196669618037915
1607,8,3,2,0,5.466471752644072,0.0,2.8956578821749446
1608,8,4,1,0,8.002799478114355,0.0,4.865551997052269
1609,8,4,1,0,6.0391209919263815,0.0,3.3186898718107294
1610,8,4,1,0,5.7245682356622005,0.0,3.151299048902382
1611,8,3,2,0,5.466471752644072,0.0,2.992701634028941
1612,8,4,1,0,8.002799478114355,0.0,4.575578436199691
1613,8,3,2,0,6.0391209919263815,0.0,3.1605678910507273
1614,8,2,3,0,5.7245682356622005,0.0,2.3948790955395722
1615,8,3,2,0,3.922386797697772,0.0,2.032719432115875
1616,8,4,1,0,4.559397969296004,0.0,2.681269195601508
1617,8,4,1,0,7.047318144892998,0.0,3.9982452094973313
1618,8,4,1,0,6.566007426194986,0.0,3.9406523109162217
1619,8,4,1,0,4.982104995023899,0.0,3.419462472070728
1620,8,4,1,0,4.916132170320029,0.0,2.9529687450332647
1621,8,4,1,0,3.2064191973865945,0.0,2.372802152718871
1622,8,4,1,0,3.3028103869543877,0.0,2.2781120185979282
1623,8,4,1,0,5.242001109261707,0.0,3.4578797760835394
1624,8,4,1,0,5.1529920633007755,0.0,3.2139466714951395
1625,8,4,1,0,5.03908520797339,0.0,2.9935624070191773
1626,8,4,1,0,3.9201568503823943,0.0,2.4482476225073952
1627,8,4,1,0,5.008570317620624,0.0,3.074429369688635
1628,8,1,4,0,3.385749326677317,0.0,1.7348733496529953
1629,8,3,2,0,4.002317582893401,0.0,2.5693374717887223
1630,8,4,1,0,5.198269627136273,0.0,3.45982936015733
1631,8,4,1,0,6.866020744653909,0.0,4.0034157853203665
1632,8,3,2,0,6.185232751432693,0.0,3.4712785358903204
1633,8,4,1,0,5.934689289782092,0.0,3.162649388488382
1634,8,4,1,0,5.744422150470832,0.0,3.1961679206953213
1635,8,4,1,0,6.866020744653909,0.0,3.737577200388899
1636,8,3,2,0,6.185232751432693,0.0,3.4280005734079166
1637,8,3,2,0,5.934689289782092,0.0,2.730870187856359
1638,8,4,1,0,5.744422150470832,0.0,2.8598983789978143
1639,8,4,1,0,6.497020816003683,0.0,3.8506262182777724
1640,8,3,2,0,4.874199825060376,0.0,2.586764355139846
1641,8,2,3,0,5.636912094345799,0.0,2.732571706127083
1642,8,4,1,0,6.566007426194986,0.0,3.6987577513934036
1643,8,0,5,0,0.0,-2.3186486199971483,-1.291806358945061
1644,8,0,5,0,0.0,-1.7226665519633677,-0.9230385606972312
1645,8,1,4,0,2.595605750919745,0.0,1.385517483330863
1646,8,1,4,0,3.160088617140392,0.0,1.1646730584020446
1647,8,0,5,0,1.1156876639355957,-1.2902668186273232,-0.4584813906757141
1648,8,0,5,0,0.4828464895650555,-1.2240643360453944,-0.47709662272718206
1649,8,2,3,0,4.583739820166976,0.0,2.232572555412105
1650,8,1,4,0,3.1073015883425725,0.0,1.4239625363793706
1651,8,0,5,0,2.138237083817728,-1.7888690345452964,0.20812715756261396
1652,8,0,5,0,2.2044395663996568,-1.7226665519633677,0.2304390454842043
1653,8,3,2,0,5.127605933850635,0.0,2.6039967635235137
1654,8,2,3,0,4.158349457281741,0.0,1.8363138644638375
1655,8,0,5,0,2.138237083817728,-1.6518812809400103,0.06721304558535479
1656,8,0,5,0,2.2044395663996568,-2.1484586792932205,-0.29912881309403827
1657,8,2,3,0,5.127605933850635,0.0,2.276430191553531
1658,8,1,4,0,4.158349457281741,-0.19454878841113654,1.32047610969749
1659,8,2,3,0,4.755947527957584,0.0,2.3614250134647525
1660,8,2,3,0,3.88654838126466,0.0,1.672381153004094
1661,8,2,3,0,4.506764805733603,0.0,2.309863339786039
1662,8,0,5,0,2.101883921490934,-1.3803322503215796,0.10471672980144078
1663,8,3,2,0,4.8425963665126055,0.0,2.9676958797283497
1664,8,2,3,0,3.88654838126466,0.0,1.8916347065611163
1665,8,2,3,0,4.532899820636349,0.0,2.540451769725732
1666,8,0,5,0,2.101883921490934,-0.9077437284805789,0.43081481867564975
1667,8,4,1,0,6.1255790481815495,0.0,3.916869332303803
1668,8,2,3,0,3.6921630195878485,0.0,1.7472267296418706
1669,8,2,3,0,3.5256238329849197,0.0,1.9154484740225513
1670,8,3,2,0,3.952460728348928,0.0,2.222523060697039
1671,8,4,1,0,5.692163019587845,0.0,3.561359373480072
1672,8,3,2,0,4.7354162175417365,0.0,2.8740985993826946
1673,8,3,2,0,4.40224141747964,0.0,2.108694832227068
1674,8,2,3,0,3.763123146711578,0.0,2.1114468061124283
1675,8,4,1,0,5.692163019587845,0.0,3.804747902958205
1676,8,4,1,0,4.7354162175417365,0.0,3.3400477513098914
1677,8,4,1,0,4.428376432382386,0.0,2.7594336738320635
1678,8,2,3,0,3.763123146711578,0.0,2.1638876751146165
1679,8,4,1,0,4.715172997634351,0.0,3.158526771578381
1680,8,2,3,0,3.6921630195878485,0.0,2.012663112763879
1681,8,4,1,0,3.4723818117079404,0.0,2.3472889022636467
1682,8,3,2,0,3.637658872584556,0.0,2.3405697247578914
1683,8,1,4,0,4.205866837139187,0.0,1.607990823604922
1684,8,2,3,0,4.60076669084695,0.0,2.1044596071720583
1685,8,0,5,0,1.5074341145096497,-1.9237250344717793,-0.26492659224910897
1686,8,0,5,0,1.2827004696882085,-1.5856787983580816,-0.02540966336132584
1687,8,2,3,0,4.205866837139187,0.0,2.3886081020465975
1688,8,3,2,0,4.60076669084695,0.0,2.696805702817368
1689,8,0,5,0,1.8853070975374386,-0.7654175949098239,0.5294207900044612
1690,8,0,5,0,1.2827004696882085,-0.3297189937559928,0.3802839722912609
1691,8,4,1,0,2.770394835315802,0.0,2.1487366678101756
1692,8,0,5,0,1.756100708881938,-0.10010669870813516,0.8438764926995311
1693,8,1,4,0,2.896503719514161,0.0,1.8588900140186901
1694,8,3,2,0,4.746161310329484,0.0,2.1289263802753644
1695,8,3,2,0,5.2040307337699545,0.0,3.0053878530084632
1696,8,2,3,0,3.8497719852665995,0.0,1.8877893990062318
1697,8,1,4,0,4.884637788761392,0.0,2.1216190982936567
1698,8,4,1,0,4.693374281531664,0.0,2.3785346218541266
1699,8,4,1,0,4.988073122987213,0.0,2.898338882446167
1700,8,1,4,0,4.140996129739367,0.0,1.8403749583795546
1701,8,3,2,0,3.70691082561045,0.0,2.327037992339657
1702,8,4,1,0,4.7218727305887,0.0,2.6435880458357452
1703,8,2,3,0,3.8497719852665995,0.0,2.2430488380319473
1704,8,3,2,0,2.8312455422656235,0.0,2.0574349777768157
1705,8,4,1,0,4.184566168205208,0.0,2.4523398245648176
1706,8,4,1,0,4.374833307516468,0.0,2.7266236242363204
1707,8,0,5,0,1.1397072685723728,-0.3695181312381699,0.2556003586051759
1708,8,3,2,0,4.054879933078425,0.0,2.5083648322029246
1709,8,4,1,0,4.726307395520852,0.0,2.9254197051564477
1710,8,4,1,0,4.91213986989996,0.0,2.871286814132803
1711,8,0,5,0,1.3020299413677812,-0.3695181312381699,0.47861834179357177
1712,8,3,2,0,4.780114400507429,0.0,2.6686838563317252
1713,8,4,1,0,4.692327547530283,0.0,2.9637109587725434
1714,8,1,4,0,2.479756904518723,-0.8551408569817163,0.6381375948264669
1715,8,3,2,0,4.702018815780068,0.0,2.826120141258096
1716,8,4,1,0,4.692327547530283,0.0,2.532461859841002
1717,8,1,4,0,4.170970195993537,-1.2916647253623914,1.1459756170831177
1718,8,3,2,0,6.7838432880962145,0.0,3.4973035514916275
1719,8,3,2,0,6.809249895094766,0.0,3.060007244651242
1720,8,3,2,0,6.376019279049949,0.0,2.6694654675905043
1721,8,3,2,0,4.170970195993537,-0.1055134095054946,2.018194917243865
1722,8,4,1,0,6.7838432880962145,0.0,3.989305792055421
1723,8,4,1,0,6.809249895094766,0.0,3.744593455908121
1724,8,4,1,0,6.376019279049949,0.0,3.449561337781899
1725,8,1,4,0,3.0608867456714393,-1.6527385458133033,0.6680199330763379
1726,8,2,3,0,4.086451030608149,0.0,1.66062495815154
1727,8,3,2,0,5.943461680728085,0.0,3.198121740481505
1728,8,3,2,0,4.050840649462163,0.0,2.0446933627648542
1729,8,4,1,0,6.445459777547796,0.0,3.54311831518255
1730,8,4,1,0,5.24766633307792,0.0,2.9175742309788446
1731,8,4,1,0,5.710202525843954,0.0,2.828573322168732
1732,8,4,1,0,5.513929635074298,0.0,2.729078586881073
1733,8,4,1,0,6.445459777547796,0.0,3.57473536608574
1734,8,3,2,0,5.24766633307792,0.0,3.17855215744072
1735,8,4,1,0,5.710202525843954,0.0,3.5932319283913925
1736,8,4,1,0,5.513929635074298,0.0,3.043112542712894
1737,8,4,1,0,6.276483605499031,0.0,3.4671596764305144
1738,8,4,1,0,7.359839351994516,0.0,4.292545046345908
1739,8,3,2,0,4.519160858255418,0.0,2.3897951035458163
1740,8,4,1,0,5.855762467716609,0.0,3.606292014004027
1741,8,3,2,0,5.767743610333866,0.0,2.452447197560454
1742,8,4,1,0,5.669750482106661,0.0,2.6898585071609764
1743,8,3,2,0,5.688150320438638,0.0,2.627909653259691
1744,8,2,3,0,3.9785456855186467,0.0,1.8147867016499952
1745,8,3,2,0,5.767743610333866,0.0,3.0592098823190135
1746,8,3,2,0,5.669750482106661,0.0,2.9092381616202383
1747,8,4,1,0,5.688150320438638,0.0,3.3310663734185786
1748,8,2,3,0,3.9785456855186467,0.0,1.930177827704967
1749,8,4,1,0,4.012068792490261,0.0,2.37657379510895
1750,8,1,4,0,2.633855524121447,-0.19969565641044795,1.0525500041059381
1751,8,3,2,0,3.693917111961767,0.0,2.5212518627370146
1752,8,3,2,0,3.4875762373696553,-0.29913186462015773,1.6649570033084458
1753,8,3,2,0,3.7501830275642867,0.0,2.096462910412639
1754,8,3,2,0,5.033966747908117,0.0,2.7907812001216024
1755,8,3,2,0,3.4347892085718357,0.0,1.9213654979968289
1756,8,4,1,0,5.391356266819898,0.0,3.7447118405141717
1757,8,4,1,0,4.614120248035103,0.0,3.124014664736106
1758,8,4,1,0,4.5801404000445345,0.0,3.1623059183522018
1759,8,2,3,0,2.68855338898096,-0.029146345659516015,1.4642645992143706
1760,8,3,2,0,2.879236950590073,0.0,1.684804372915559
1761,8,3,2,0,3.1456864417381425,0.0,1.7008660035044998
1762,8,3,2,0,5.186971911291344,0.0,2.4136507734733366
1763,8,3,2,0,4.4439223327619395,0.0,2.3327262840355147
1764,8,4,1,0,3.9355622374185835,0.0,2.58274902029789
1765,8,3,2,0,5.133820510985373,0.0,2.494580908657247
1766,8,4,1,0,5.134184882493525,0.0,3.036466077382652
1767,8,4,1,0,4.415423883704904,0.0,2.8729566188240137
1768,8,4,1,0,5.113289200569525,0.0,3.025458957609456
1769,8,4,1,0,4.447160704331537,0.0,2.828103786799118
1770,8,4,1,0,5.162683331550561,0.0,3.2724685580475907
1771,8,4,1,0,4.468210912502723,0.0,3.277885898356594
1772,8,3,2,0,4.4266293939156895,0.0,2.5656810043612817
1773,8,4,1,0,4.447160704331537,0.0,2.9579037228586835
1774,8,3,2,0,4.954706831095198,0.0,2.737943825131019
1775,8,4,1,0,4.578301567398789,0.0,3.1912640355083175
1776,8,2,3,0,2.5205683007209885,0.0,1.714551208132925
1777,8,4,1,0,4.840452610233829,0.0,3.239768261798494
1778,8,4,1,0,7.004538637973006,0.0,4.759114881361401
1779,8,4,1,0,5.843471324771777,0.0,3.6958101811202
1780,8,1,4,0,3.086694401141507,0.0,1.7024460069806389
1781,8,4,1,0,6.070036002615634,0.0,3.669567627741979
1782,8,4,1,0,6.9517516091751865,0.0,4.4718803367361
1783,8,4,1,0,5.814972875714741,0.0,3.9263486352270838
1784,8,3,2,0,4.264421364292449,0.0,2.381598372935945
1785,8,4,1,0,5.383376195961798,0.0,3.693398625202236
1786,8,4,1,0,6.980250058232222,0.0,4.944325246044778
1787,8,4,1,0,5.86775990451256,0.0,3.5309688291241663
1788,8,1,4,0,3.5777615576386133,0.0,1.8153189655895965
1789,8,3,2,0,5.383376195961798,0.0,3.022889475626303
1790,8,4,1,0,6.77227355777686,0.0,4.303299059030033
1791,8,4,1,0,6.77227355777686,0.0,4.303299059030033
1792,8,3,2,0,5.383376195961798,0.0,3.022889475626303
1793,8,1,4,0,3.5777615576386133,0.0,1.8153189655895965
1794,8,4,1,0,5.86775990451256,0.0,3.5309688291241663
1795,8,4,1,0,6.980250058232222,0.0,4.944325246044778
1796,8,4,1,0,5.383376195961798,0.0,3.693398625202236
1797,8,3,2,0,4.264421364292449,0.0,2.381598372935945
1798,8,4,1,0,5.814972875714741,0.0,3.9263486352270838
1799,8,4,1,0,6.9517516091751865,0.0,4.4718803367361
1800,8,4,1,0,6.070036002615634,0.0,3.669567627741979
1801,8,1,4,0,3.086694401141507,0.0,1.7024460069806389
1802,8,4,1,0,5.843471324771777,0.0,3.6958101811202
1803,8,4,1,0,7.004538637973006,0.0,4.759114881361401
1804,8,4,1,0,4.840452610233829,0.0,3.239768261798494
1805,8,2,3,0,2.5205683007209885,0.0,1.714551208132925
1806,8,4,1,0,4.578301567398789,0.0,3.1912640355083175
1807,8,3,2,0,4.954706831095198,0.0,2.737943825131019
1808,8,4,1,0,4.447160704331537,0.0,2.9579037228586835
1809,8,3,2,0,4.4266293939156895,0.0,2.5656810043612817
1810,8,4,1,0,4.468210912502723,0.0,3.277885898356594
1811,8,4,1,0,5.162683331550561,0.0,3.2724685580475907
1812,8,4,1,0,4.447160704331537,0.0,2.828103786799118
1813,8,4,1,0,5.113289200569525,0.0,3.025458957609456
1814,8,4,1,0,4.415423883704904,0.0,2.8729566188240137
1815,8,4,1,0,5.134184882493525,0.0,3.036466077382652
1816,8,3,2,0,5.133820510985373,0.0,2.494580908657247
1817,8,4,1,0,3.9355622374185835,0.0,2.58274902029789
1818,8,3,2,0,4.4439223327619395,0.0,2.3327262840355147
1819,8,3,2,0,5.186971911291344,0.0,2.4136507734733366
1820,8,3,2,0,3.1456864417381425,0.0,1.7008660035044998
1821,8,3,2,0,2.879236950590073,0.0,1.684804372915559
1822,8,2,3,0,2.68855338898096,-0.029146345659516015,1.4642645992143706
1823,8,0,5,0,1.6931347470692266,-0.34780425771664625,0.46266648214057116
1824,8,1,4,0,3.8122108088025044,-0.34780425771664625,1.0076770720549255
1825,8,3,2,0,3.8208901567158158,0.0,2.3700759281547676
1826,8,1,4,0,2.8842213456891486,0.0,1.6862850678278143
1827,8,0,5,0,1.7796020934179992,0.0,1.154659363528178
1828,8,0,5,0,1.8163971038606306,0.0,1.0504148037180734
1829,8,0,5,0,1.8822016017157637,-1.3560743680919387,0.23534689761907684
1830,8,0,5,0,1.9803905160981223,-1.3560743680919387,0.27614540906492735
1831,8,2,3,0,2.6938088230685615,0.0,1.5184405337862628
1832,8,1,4,0,2.6830397529234027,0.0,1.3457268098121395
1833,8,0,5,0,1.9313798775641082,0.0,1.1156675759003711
1834,8,0,5,0,2.256803781220004,0.0,1.3467778962112198
1835,8,0,5,0,0.3760707774991978,-2.267860258325758,-1.206706371113772
1836,8,0,5,0,0.0,-1.4580360494719429,-0.6449723916414782
1837,8,0,5,0,1.0323539816086722,-0.7756760750210745,0.032819089580758035
1838,8,1,4,0,3.086624520649199,0.0,1.458234070328146
1839,8,0,5,0,0.3760707774991978,-1.5197109256668782,-0.7387233888775462
1840,8,0,5,0,0.0,-1.261046978517335,-0.49534252510970234
1841,8,0,5,0,1.9209041230044548,-0.2770738591031012,0.6460711857345096
1842,8,0,5,0,2.1980743792534163,0.0,1.4281146135541718
1843,8,0,5,0,1.1753088416588007,-1.1484166310036805,0.011825539651407268
1844,8,2,3,0,2.8708213409009993,0.0,1.4830784460397717
1845,8,0,5,0,1.7880521251808617,-0.43416900047538576,0.39533236269915406
1846,8,0,5,0,1.0862386454806447,-0.5617679452025754,0.0635458141097743
1847,8,0,5,0,1.451028091785723,-1.885436792404338,-0.07978610422003526
1848,8,0,5,0,1.3528391774033643,-1.885436792404338,-0.22626572742370002
1849,8,0,5,0,1.8948140326165621,-0.6244168748551644,0.5329818654418113
1850,8,0,5,0,1.801749344134734,-0.4530297917864097,0.6172011775866985
1851,8,0,5,0,1.5271638715387752,0.0,0.9609878413743338
1852,8,0,5,0,0.39551286876733016,-0.7727268254582818,-0.07801352900703193
1853,8,1,4,0,3.360219162878579,-0.7997959036405717,1.0452285361362776
1854,8,0,5,0,2.1436983392143887,-0.7997959036405717,0.3945368344641089
1855,8,1,4,0,2.773531604962841,0.0,1.1711642676919447
1856,8,1,4,0,3.0071878534486416,0.0,1.5167603294109349
1857,8,0,5,0,0.5735975410935481,0.0,0.28759592391984795
1858,8,0,5,0,1.143060260901958,0.0,0.713937297152708
1859,8,0,5,0,1.5454750067222562,-1.6878624083054454,-0.46565025740474797
1860,8,0,5,0,1.4842609820439137,-1.4846246614332053,-0.19677385636484743
1861,8,0,5,0,1.3786705032147424,-1.3319147914840919,-0.07248427812361342
1862,8,0,5,0,1.4514559838425036,-0.5667114732880272,0.47858276901018826
1863,8,0,5,0,1.5454750067222562,-1.4908733373508376,-0.316020390872972
1864,8,0,5,0,1.4842609820439137,-1.2876355904785974,-0.36549710553752135
1865,8,0,5,0,1.3786705032147424,-0.8333125755661186,0.2224147023256883
1866,8,0,5,0,1.4514559838425036,-0.7251643419338585,0.1301101965317642
1867,8,2,3,0,3.450189263042077,0.0,1.4780860492363808
1868,8,1,4,0,2.44303054805307,-0.18294008927960093,0.7872019842397805
1869,8,1,4,0,2.395319985627548,-0.2533600946870962,0.8502723543232016
1870,8,0,5,0,1.9379702278959208,-0.42354863788616726,0.4844141269563167
1871,8,0,5,0,1.5464260644087489,-0.5024427260629771,0.10518424882535413
1872,8,0,5,0,2.248627404273485,-1.1554963958234055,-0.04462128984186435
1873,8,0,5,0,2.226356607597527,-0.40315382327077387,0.3677364228188381
1874,8,0,5,0,0.2507823712108639,-2.1222189443692336,-0.8070660481149197
1875,8,0,5,0,1.66017250304008,-1.0406683233053862,0.491874061468318
1876,8,0,5,0,2.248627404273485,-1.7897055974593705,0.0237154070966497
1877,8,0,5,0,2.226356607597527,0.0,1.5920675382397462
1878,8,0,5,0,0.2507823712108639,-2.2556821555794,-0.833758690356953
1879,8,0,5,0,1.9743631526794339,0.0,1.4654289514902161
1880,8,0,5,0,1.702143075185603,0.0,0.9417403290666592
1881,8,1,4,0,3.2452033388676185,0.0,1.6763810016791596
1882,8,0,5,0,1.067849485377213,-1.2550599954747312,-0.25659331336546887
1883,8,0,5,0,1.2466337880516747,-0.9159814410513825,0.22050026483204377
1884,8,1,4,0,2.9601308812788503,0.0,0.9707284797598419
1885,8,0,5,0,0.9744423832042877,-1.2441745595095206,0.026415965312506274
1886,8,0,5,0,1.1940519588043692,0.0,0.6794217546139727
1887,8,0,5,0,1.1328873494203435,-0.5251416875379853,0.046482456135715465
1888,8,1,4,0,2.9601308812788503,-0.5399765232115961,0.4783575553590637
1889,8,0,5,0,0.9744423832042877,-1.2441745595095206,0.0065235761800941814
1890,8,0,5,0,1.1940519588043692,-1.024564983909439,0.01808354297425794
1891,8,0,5,0,1.4737483091042165,0.0,1.0767550539496304
1892,8,0,5,0,1.6008526537505468,0.0,0.9769777347885444
1893,8,0,5,0,1.9129700408551322,0.0,0.6224123405887589
1894,8,1,4,0,2.924205785461311,0.0,1.3447614695717398
1895,8,0,2,3,0.0,-4.408966061342049,-2.7572919348700666
1896,8,0,5,0,1.6768361919399695,-1.561439777867733,0.14671727032230492
1897,8,1,4,0,2.7936279935947255,-1.4733533279743192,0.388588368403591
1898,8,2,3,0,2.824363514302,-1.4426178072670446,0.7163703889488893
1899,8,0,3,2,0.0,-4.408966061342049,-1.9857190614449245
1900,8,0,5,0,1.7750251063223281,-1.561439777867733,0.33141413369050954
1901,8,1,4,0,2.7936279935947255,-1.4733533279743192,0.468671028710714
1902,8,1,4,0,2.824363514302,-1.4426178072670446,0.20957703919907472
1903,8,1,4,0,3.1174968990033385,0.0,1.7248997410915465
1904,8,2,3,0,4.679278125151324,0.0,2.248008279200532
1905,8,0,5,0,1.972516305777912,0.0,1.2977651321891712
1906,8,3,2,0,2.7202322133952777,0.0,1.8644509063631716
1907,8,1,4,0,2.3516540252091005,0.0,1.5186455240138195
1908,8,0,5,0,0.9581305565992544,0.0,0.7168037817346153
1909,8,2,3,0,3.126092919973587,0.0,1.717680130937436
1910,8,2,3,0,3.2242818343559456,0.0,1.56770869024202
1911,8,2,3,0,2.8210384242726008,0.0,1.8617614988087339
1912,8,2,3,0,2.5253135505965574,0.0,1.8557288487562693
1913,8,0,5,0,1.8416127792500667,0.0,1.1106125272465923
1914,8,0,5,0,1.644795750238341,-0.5262567972096939,0.33546233811856185
1915,8,1,4,0,3.262363458783387,-0.708440746703058,1.1036388809523126
1916,8,1,4,0,2.839104112328581,-0.5191905216582491,0.938059960879427
1917,8,2,3,0,4.71637573754909,-0.17616756464880368,1.8036074544819853
1918,8,1,4,0,3.6555880191062258,-1.2369552830916675,1.0243516290359396
1919,8,1,4,0,3.3605523731657456,0.0,1.4245929188574038
1920,8,1,4,0,2.7409151979462223,-1.2298890075402227,0.9354590386787855
1921,8,1,4,0,3.154594511401104,0.0,1.4330712792690576
1922,8,2,3,0,2.8210384242726008,0.0,1.8617614988087339
1923,8,3,2,0,2.929910488497118,0.0,2.032193526444644
1924,8,0,5,0,1.972516305777912,0.0,1.2977651321891712
1925,8,1,4,0,3.3605523731657456,0.0,1.4245929188574038
1926,8,1,4,0,3.6555880191062258,-1.2369552830916675,1.0243516290359396
1927,8,1,4,0,3.262363458783387,-0.708440746703058,1.1036388809523126
1928,8,0,5,0,1.644795750238341,-0.5262567972096939,0.33546233811856185
1929,8,0,5,0,1.0157995096286747,-0.8290581525737117,-0.1066140810534506
1930,8,0,5,0,2.0485503431972596,-0.20620736408329066,0.6532431947997758
1931,8,2,3,0,3.440093425102887,0.0,1.78727999976064
1932,8,1,4,0,3.2390827253769423,0.0,1.052625642516653
1933,8,1,4,0,2.5302039986340255,0.0,1.1204872158255583
1934,8,0,5,0,2.1467392575796183,0.0,1.204991598141555
1935,8,4,1,0,3.3419045107205285,0.0,2.32289108352163
1936,8,0,5,0,2.008556805039447,-0.12017942583079488,0.9128838327404132
1937,8,0,5,0,2.008556805039447,-0.12017942583079488,0.9128838327404132
1938,8,4,1,0,3.3419045107205285,0.0,2.32289108352163
1939,8,0,5,0,2.1467392575796183,0.0,1.204991598141555
1940,8,1,4,0,2.5302039986340255,0.0,1.1204872158255583
1941,8,1,4,0,3.2390827253769423,0.0,1.052625642516653
1942,8,2,3,0,3.440093425102887,0.0,1.78727999976064
1943,8,0,5,0,2.0485503431972596,-0.20620736408329066,0.6532431947997758
1944,8,0,5,0,1.0157995096286747,-0.8290581525737117,-0.1066140810534506
1945,8,1,4,0,3.6146649383488203,0.0,1.4579494665860508
1946,8,4,1,0,7.097014561990058,0.0,4.386922881436163
1947,8,1,4,0,3.202747971579317,0.0,1.0024261785072426
1948,8,4,1,0,4.857741513857011,0.0,2.516206402900699
1949,8,2,3,0,3.7257738647625978,0.0,1.7198867111167089
1950,8,4,1,0,7.097014561990058,0.0,4.254549127436316
1951,8,2,3,0,3.3138568979930945,0.0,1.4909257065486883
1952,8,3,2,0,4.857741513857011,0.0,2.5277310008232057
1953,8,0,5,0,1.0219001131673657,0.0,0.4567153702874144
1954,8,2,3,0,3.581314723706015,0.0,2.2368859223899142
1955,8,4,1,0,5.590661895965269,0.0,3.9898622056811157
1956,8,4,1,0,6.723556166462615,0.0,4.733268251300915
1957,8,4,1,0,5.739462557371972,0.0,3.5554352815743817
1958,8,4,1,0,6.138593665741453,0.0,4.089495094852918
1959,8,3,2,0,5.021170804006552,0.0,2.8548121642188398
1960,8,2,3,0,3.485654371204294,0.0,1.8878456191941637
1961,8,4,1,0,5.739462557371972,0.0,3.4298617806841554
1962,8,4,1,0,6.138593665741453,0.0,4.179188530587824
1963,8,4,1,0,5.021170804006552,0.0,2.955800946839401
1964,8,2,3,0,3.485654371204294,0.0,2.121437406851425
1965,8,4,1,0,5.643556844397388,0.0,4.1776767099106085
1966,8,4,1,0,4.16735265872288,0.0,2.833803990592925
1967,8,4,1,0,5.115577013016484,0.0,3.7378820195116065
1968,8,4,1,0,6.26182543173573,0.0,4.596423149259268
1969,8,0,2,3,0.0,-3.7305936639322006,-2.2855112975309213
1970,8,0,5,0,1.6073490248981486,-1.3735579088946714,-0.21009730292959644
1971,8,2,3,0,4.49035699016958,0.0,2.350863073120236
1972,8,2,3,0,4.507959306635019,0.0,2.6263915275097167
1973,8,0,3,2,0.0,-3.2319914480142273,-1.5704494859786877
1974,8,0,5,0,1.6073490248981486,-0.8749556929766982,0.027989578503697744
1975,8,3,2,0,4.49035699016958,0.0,2.5957502076631513
1976,8,4,1,0,4.507959306635019,0.0,3.003881667089332
1977,8,4,1,0,6.180068275168015,0.0,4.212195247072007
1978,8,4,1,0,4.720636656530715,0.0,2.9401981866118247
1979,8,4,1,0,4.231467427674655,0.0,2.5314519782326976
1980,8,4,1,0,4.82957102808388,0.0,3.114386624110419
1981,8,2,3,0,5.079763369372326,0.0,2.3279476025621904
1982,8,2,3,0,5.252551028969538,0.0,2.3136573484758016
1983,8,1,4,0,2.336084431119687,-0.5418110443075754,0.5773438463640673
1984,8,1,4,0,2.7383192281587725,-0.3333918689188202,0.8182725128770059
1985,8,2,3,0,5.079763369372326,0.0,2.7782298904390963
1986,8,1,4,0,5.252551028969538,0.0,2.2869647062337686
1987,8,1,4,0,2.336084431119687,-0.5418110443075754,0.5574514572316552
1988,8,1,4,0,2.7383192281587725,-0.8319940848367935,0.9309831287812933
1989,8,1,4,0,2.55007185405114,0.0,1.3256712181963615
1990,8,2,3,0,3.2203900684252993,0.0,1.9645294358109702
1991,8,4,1,0,4.6443150257620225,0.0,3.1257046789993175
1992,8,4,1,0,4.667490745913799,0.0,2.826657977067972
1993,8,4,1,0,4.7088534446211625,0.0,2.8358482737975317
1994,8,2,3,0,3.111141403963515,0.0,1.842385493309878
1995,8,4,1,0,4.263144497408561,0.0,2.371616200000189
1996,8,4,1,0,6.249702592155231,0.0,3.921823468831355
1997,8,4,1,0,3.7257738647625978,0.0,2.5578068400859792
1998,8,2,3,0,3.4577328312277196,0.0,2.112037922846433
1999,8,4,1,0,5.693140517235605,0.0,3.7991887403993254
2000,8,4,1,0,4.904350638894545,0.0,3.0250928387694636
2001,8,4,1,0,4.906003874596653,0.0,3.504990991905956
2002,8,3,2,0,3.111141403963515,0.0,2.0364790117197864
2003,8,4,1,0,4.98983546540012,0.0,3.091685292774642
2004,8,4,1,0,5.523011624163672,0.0,3.5572654267516532
2005,8,4,1,0,4.497974678420906,0.0,3.506724692750423
2006,8,4,1,0,6.369358639430612,0.0,4.846278789002885
2007,8,4,1,0,5.7944476441238955,0.0,4.108219297571644
2008,8,3,2,0,3.2097904307854783,0.0,2.1627170735569456
2009,8,4,1,0,4.357781371546636,0.0,3.0337909857862835
2010,8,4,1,0,7.208123488403835,0.0,5.3466866829517015
2011,8,4,1,0,4.288046489194301,0.0,3.2660461429660694
2012,8,4,1,0,6.606218532411358,0.0,4.740128974675654
2013,8,4,1,0,5.557587751143149,0.0,3.863199404495707
2014,8,3,2,0,3.4466503237662245,0.0,2.0522259159381315
2015,8,4,1,0,4.357781371546636,0.0,2.839697467376375
2016,8,4,1,0,7.010973058428345,0.0,4.677543964843277
2017,8,4,1,0,6.606218532411358,0.0,4.740128974675654
2018,8,4,1,0,4.288046489194301,0.0,3.2660461429660694
2019,8,0,5,0,1.9072084048489053,-0.3506998870227882,0.4496235261855759
2020,8,4,1,0,5.85057148378575,0.0,3.7473779882920653
2021,8,4,1,0,6.369358639430612,0.0,4.846278789002885
2022,8,4,1,0,4.497974678420906,0.0,3.506724692750423
2023,8,0,5,0,1.6703485118681591,-0.21723667581262163,0.6066997151788357
2024,8,4,1,0,4.801745992312167,0.0,3.4294049775868087
2025,8,2,3,0,3.4577328312277196,0.0,2.112037922846433
2026,8,4,1,0,3.7257738647625978,0.0,2.5578068400859792
2027,8,2,3,0,3.2203900684252993,0.0,1.9645294358109702
2028,8,1,4,0,2.55007185405114,0.0,1.3256712181963615
2029,8,0,3,2,0.0,-3.5275188005660176,-1.989045754764038
2030,8,3,2,0,3.5878450092542806,0.0,2.226585899936404
2031,8,3,2,0,5.228143587516374,0.0,3.2343821778872304
2032,8,2,3,0,3.357274909631947,0.0,1.9965224903877214
2033,8,0,3,2,1.1330090395811432,-2.435855970786392,-1.0367596976671436
2034,8,1,4,0,3.6924236501197925,0.0,1.4853412274949336
2035,8,3,2,0,4.753176627322123,0.0,2.6512921472638644
2036,8,4,1,0,4.849226750785334,0.0,3.587523352620493
2037,8,1,4,0,4.275237684262368,0.0,1.7565067276505828
2038,8,1,4,0,4.351273575294911,0.0,2.054620058842196
2039,8,3,2,0,3.5649446071441986,0.0,2.451207325019871
2040,8,4,1,0,4.76641285278949,0.0,3.345223955242834
2041,8,0,5,0,1.1330090395811432,0.0,0.6507548340278817
2042,8,3,2,0,5.701770822379046,0.0,3.228805712641777
2043,8,4,1,0,6.834665092876392,0.0,3.8144018726805378
2044,8,3,2,0,5.039739426176382,0.0,2.5011410806283494
2045,8,3,2,0,4.705840279337583,0.0,2.523455862514786
2046,8,2,3,0,3.229636093663075,-0.3820662550105034,1.4439733755281297
2047,8,4,1,0,4.792675616474025,0.0,2.7333554365180115
2048,8,4,1,0,5.938924035193271,0.0,3.8533158945993073
2049,8,4,1,0,4.857178383123067,0.0,3.1514453529223183
2050,8,1,4,0,2.704344483412104,0.0,1.2933744763409187
2051,8,3,2,0,4.453825428941489,0.0,2.2505321986313653
2052,8,4,1,0,6.4006547699201555,0.0,4.4674804076919425
2053,8,3,2,0,4.806071575754242,0.0,2.9549623629518678
2054,8,1,4,0,3.1301741480010143,0.0,1.8039148033710135
2055,8,4,1,0,5.029535509454771,0.0,3.2468600623412973
2056,8,4,1,0,6.175783928174017,0.0,3.7491211385030403
2057,8,4,1,0,4.957409679539726,0.0,3.3555163555530014
2058,8,1,4,0,2.6048825377500435,0.0,1.4258804063774044
2059,8,4,1,0,4.690685321922235,0.0,2.7940154117593408
2060,8,4,1,0,6.637514662900902,0.0,4.245590916688397
2061,8,4,1,0,5.754665770811165,0.0,3.587071901723811
2062,8,2,3,0,4.278461585136657,0.0,2.304627691631255
2063,8,4,1,0,5.226685939430261,0.0,3.1233640558361593
2064,8,4,1,0,6.372934358149507,0.0,4.040362790811556
2065,8,4,1,0,4.857178383123067,0.0,3.1413472730365535
2066,8,2,3,0,2.804575779828763,0.0,1.62644898267461
2067,8,4,1,0,4.453825428941489,0.0,2.370375093291167
2068,8,4,1,0,6.4006547699201555,0.0,3.6905539477085214
2069,8,3,2,0,5.754665770811165,0.0,3.53247592832978
2070,8,2,3,0,4.278461585136657,0.0,2.030793323431058
2071,8,2,3,0,5.226685939430261,0.0,2.714372661402097
2072,8,4,1,0,6.372934358149507,0.0,4.105940633108651
2073,8,4,1,0,4.757716437461006,0.0,2.9690565647352436
2074,8,1,4,0,2.6048825377500435,0.0,1.3825932017791025
2075,8,2,3,0,4.690685321922235,0.0,1.7339482010507061
2076,8,3,2,0,6.637514662900902,0.0,3.5286962921992187
2077,8,2,3,0,4.177860447956679,0.0,2.143882913382133
2078,8,2,3,0,3.1055504631085,0.0,1.4264662297976614
2079,8,4,1,0,3.9172632523386746,0.0,2.735321197459445
2080,8,2,3,0,3.2749920686538836,0.0,1.4219376370191796
2081,8,3,2,0,4.177860447956679,0.0,2.605368001123904
2082,8,0,5,0,1.1534183066903623,-0.18019812037569594,0.5245797680293791
2083,8,3,2,0,3.342410356089246,0.0,1.9699494429256368
2084,8,4,1,0,4.154123145319421,0.0,2.5134317064558993
2085,8,4,1,0,4.453825428941489,0.0,2.6854325713164497
2086,8,3,2,0,3.80832888078551,0.0,2.2705161943446166
2087,8,2,3,0,3.5118519616346298,0.0,1.9953994374518444
2088,8,2,3,0,3.495273220144302,0.0,2.1850981673654815
2089,8,3,2,0,4.587554945337679,0.0,2.662102009842003
2090,8,2,3,0,3.342410356089246,-1.1209670540824241,0.9166824853266234
2091,8,2,3,0,4.154123145319421,-0.3092542648522496,1.803337335076342
2092,8,2,3,0,3.5118519616346298,-0.9515254485370406,1.0241306052390358
2093,8,0,5,0,0.0,-1.0439577456698501,-0.4978338259069474
2094,8,0,5,0,1.254747392400212,-0.7226056919324435,0.35424298950935196
2095,8,0,5,0,2.1717859433848155,-1.0439577456698501,0.8587466406883706
2096,8,1,4,0,4.096063257289551,0.0,1.1561837157480028
2097,8,0,5,0,2.1717859433848155,0.0,1.2410830436805333
2098,8,2,3,0,4.096063257289551,0.0,1.811970156774013
2099,8,0,5,0,1.2273220558022615,-1.45847175846788,-0.11893856879225737
2100,8,1,4,0,2.6785844988436978,-1.1683877663039155,0.6310752372447233
2101,8,1,4,0,2.8533417017684286,0.0,1.2743898804505682
2102,8,0,5,0,0.8362141356550943,0.0,0.42768186813920794
2103,8,0,5,0,1.6232432544634712,-0.44717935781327967,0.5598614302227325
2104,8,1,4,0,2.6785844988436978,-0.3035885041844253,1.1448486236272175
2105,8,2,3,0,3.6502811829180786,-0.44717935781327967,1.3730817689803936
2106,8,1,4,0,3.6502811829180786,-0.445782074371472,0.7104016413765308
2107,8,0,5,0,1.684598323176413,-0.39366384848627334,0.5989113882778796
2108,8,0,5,0,2.0705003087015506,0.0,0.9165826236182845
2109,8,0,4,1,0.9525806298303543,-3.2157436890546656,-0.2621164858787914
2110,8,0,5,0,0.9525806298303543,-2.0295923731977688,-0.5811552453861261
2111,8,0,5,0,1.1273378327550851,-1.3040616740938518,0.1901227982832637
2112,8,0,5,0,0.0,-2.1717859433848155,-0.9307028997042821
2113,8,0,5,0,2.106955052417142,0.0,0.9818583582016231
2114,8,0,5,0,1.8696191808149578,-1.9773530843326554,-0.17789008078401664
2115,8,0,5,0,2.0443763837396887,-1.1125538222131652,0.5326278097891717
2116,8,0,5,0,0.0,-1.2561446758420196,-0.31437602137171083
2117,8,0,5,0,0.0,-1.9773530843326554,-0.90050440289086
2118,8,0,4,1,0.0,-2.631567738981154,-1.3109291942587298
2119,8,0,5,0,0.3366845775990761,-1.6391048688090528,-0.5899874314043998
2120,8,0,5,0,0.0,-2.0546814377666536,-0.5440923668304329
2121,8,0,5,0,1.6685491309941263,-0.9630186079870278,0.3576199367353965
2122,8,0,5,0,0.0,-1.975789446408129,-0.9266720090034759
2123,8,0,5,0,2.315434028315341,-2.0546814377666536,0.28714380398608413
2124,8,0,5,0,1.1152435636756586,-0.9630186079870278,0.029556628777125126
2125,8,0,5,0,0.0,-2.0705003087015506,-1.153917685083266
2126,8,0,5,0,1.966715408287925,-0.14023964412921686,0.8416187140724063
2127,8,0,5,0,1.966715408287925,-0.7190784059822164,0.6204547836934061
2128,8,0,5,0,0.29641213400254784,-1.2681323411950665,-0.44514044394295527
2129,8,0,5,0,0.9128029286129511,-0.31068037749448507,0.38719190609984083
2130,8,0,5,0,0.8497177013210155,-0.9270711721048883,0.11045787177549471
2131,8,0,5,0,1.3284244913145677,-0.31068037749448507,0.3686648771336202
2132,8,0,5,0,1.4966025986422302,-0.3269108404173693,0.25755014993561004
2133,8,0,5,0,0.9883682680389541,-0.34268027919192434,0.3610089126879707
2134,8,0,5,0,0.8384207776504731,-1.3881861891738652,-0.3461510131207284
2135,8,0,5,0,0.4179674252267418,-0.4053912397879067,0.012873624115878357
2136,8,0,5,0,0.3719774734285508,-1.02178203439831,-0.1988668064103642
2137,8,0,5,0,0.9883682680389541,-0.7717953945634619,0.22096499832284736
2138,8,0,5,0,0.3719774734285508,-1.7818500376601385,-0.5155443172046084
2139,8,0,5,0,2.1129933932526335,0.0,0.7059876713382046
2140,8,0,5,0,0.7120336967041645,-1.5379098356553271,-0.21896805412144432
2141,8,0,5,0,1.4661084959314188,-0.9215190410449239,0.3016813824902485
2142,8,0,5,0,0.0,-1.7818500376601385,-0.8652538245215602
2143,8,0,5,0,0.020963848778158933,-0.9215190410449239,-0.37259542326918266
2144,8,0,5,0,2.1919131169724153,-1.5635350439232312,0.4922613036332194
2145,8,0,5,0,0.30581254061552343,-1.5635350439232312,-0.40514994778025437
2146,8,0,3,2,0.0,-2.8538426349352406,-1.9310490797178175
2147,8,0,4,1,0.13624378857594266,-2.696314609671724,-1.0869356167922206
2148,8,0,4,1,0.2655836593776222,-2.696314609671724,-0.9848834587178252
2149,8,0,5,0,0.04986327651397815,-1.8250248032290948,-0.4878744143342054
2150,8,0,3,2,0.0,-3.0833901132960797,-1.5462739103081282
2151,8,0,5,0,1.6152141854930377,-0.491162160148253,0.1913875806014424
2152,8,0,5,0,0.21916487080920177,-1.419939997999851,-0.7372241921845692
2153,8,0,5,0,2.2620990828142524,0.0,0.8832085068934191
2154,8,0,4,1,0.0,-2.655732537162301,-0.9040645763709392
2155,8,1,4,0,2.9936441459928993,-0.622689705001843,0.6034532476886753
2156,8,0,5,0,1.7352788359259144,-1.5146508602932727,-0.2243408932188551
2157,8,0,5,0,0.7843132727613984,-1.8250248032290948,-0.14805570890221773
2158,8,0,4,1,0.0,-3.0833901132960797,-1.304022064225947
2159,8,0,5,0,0.7769298688638457,-0.19357458963030538,0.22690687620234584
2160,8,0,5,0,1.0037337727472675,-1.2639047444716915,-0.07848746458105538
2161,8,0,5,0,1.4775301808761867,0.0,0.8580716578700894
2162,8,0,5,0,0.3568488754260528,-0.854018418880738,-0.19707706557515864
2163,8,1,4,0,2.9936441459928993,0.0,1.103708208003178
2164,8,0,5,0,1.7352788359259144,-1.7610011670900292,0.06944027992934139
2165,8,1,4,0,2.571557254562311,0.0,1.0210774985041922
2166,8,0,5,0,0.5585780407596062,-0.5696028647115519,0.1271814196678207
2167,8,2,3,0,2.765758983710608,0.0,1.3710359875666591
2168,8,0,5,0,1.6139192851398327,-0.5696028647115519,0.4980207041016989
2169,8,3,2,0,3.005910604606342,0.0,2.079853905039331
2170,8,0,5,0,1.7886764880645636,-0.6016027664089911,0.4570842389125239
2171,8,0,5,0,1.8812854793926626,0.0,0.7777675593097257
2172,8,0,5,0,0.7294457808218873,-0.6643137270049735,0.005569907723246814
2173,8,0,5,0,1.7104177393303814,0.0,0.8558419022939475
2174,8,0,5,0,0.5585780407596062,-1.0307178817805287,-0.2445279637087303
2175,8,1,4,0,2.765758983710608,-0.6535557053032264,0.7925940537088302
2176,8,0,5,0,1.8540709060355667,-0.3581649002647076,0.6517031300629803
2177,8,1,4,0,2.940516186635339,0.0,1.5496627543737689
2178,8,0,5,0,1.7886764880645636,-0.8991903369269387,0.5501105202495722
2179,8,0,5,0,1.8057201399666596,-0.6535557053032264,0.6640612901654961
2180,8,0,5,0,0.6538804413958843,-0.91066403380173,-0.20570322077078912
2181,8,0,5,0,0.6538804413958843,-0.91066403380173,-0.20570322077078912
2182,8,0,5,0,1.8057201399666596,-0.6535557053032264,0.6640612901654961
2183,8,0,5,0,1.7886764880645636,-0.8991903369269387,0.5501105202495722
2184,8,1,4,0,2.940516186635339,0.0,1.5496627543737689
2185,8,0,5,0,1.8540709060355667,-0.3581649002647076,0.6517031300629803
2186,8,1,4,0,2.765758983710608,-0.6535557053032264,0.7925940537088302
2187,8,0,5,0,0.5585780407596062,-1.0307178817805287,-0.2445279637087303
2188,8,0,5,0,1.7104177393303814,0.0,0.8558419022939475
2189,8,0,5,0,0.7294457808218873,-0.6643137270049735,0.005569907723246814
2190,8,0,5,0,1.8812854793926626,0.0,0.7777675593097257
2191,8,0,5,0,1.7886764880645636,-0.6016027664089911,0.4570842389125239
2192,8,3,2,0,3.005910604606342,0.0,2.079853905039331
2193,8,0,5,0,1.6139192851398327,-0.5696028647115519,0.4980207041016989
2194,8,2,3,0,2.765758983710608,0.0,1.3710359875666591
2195,8,0,5,0,0.5585780407596062,-0.5696028647115519,0.1271814196678207
2196,8,1,4,0,2.571557254562311,0.0,1.0210774985041922
2197,8,0,5,0,1.7352788359259144,-1.7610011670900292,0.06944027992934139
2198,8,1,4,0,2.9936441459928993,0.0,1.103708208003178
2199,8,0,5,0,0.3568488754260528,-0.854018418880738,-0.19707706557515864
2200,8,0,5,0,1.4775301808761867,0.0,0.8580716578700894
2201,8,0,5,0,1.0037337727472675,-1.2639047444716915,-0.07848746458105538
2202,8,0,5,0,0.7769298688638457,-0.19357458963030538,0.22690687620234584
2203,8,0,4,1,0.0,-3.0833901132960797,-1.304022064225947
2204,8,0,5,0,0.7843132727613984,-1.8250248032290948,-0.14805570890221773
2205,8,0,5,0,1.7352788359259144,-1.5146508602932727,-0.2243408932188551
2206,8,1,4,0,2.9936441459928993,-0.622689705001843,0.6034532476886753
2207,8,0,4,1,0.0,-2.655732537162301,-0.9040645763709392
2208,8,0,5,0,2.2620990828142524,0.0,0.8832085068934191
2209,8,0,5,0,0.21916487080920177,-1.419939997999851,-0.7372241921845692
2210,8,0,5,0,1.6152141854930377,-0.491162160148253,0.1913875806014424
2211,8,0,3,2,0.0,-3.0833901132960797,-1.5462739103081282
2212,8,0,5,0,0.04986327651397815,-1.8250248032290948,-0.4878744143342054
2213,8,0,5,0,0.11757779046258676,-1.5732313006058156,-0.8638249062632426
2214,8,0,5,0,0.1442154453487845,-0.9362201290075838,-0.4762906723270639
2215,8,1,4,0,3.814906120086526,0.0,1.4618131367598735
2216,8,0,5,0,2.168248788875985,-1.2902397205671683,-0.017025574668712552
2217,8,1,4,0,2.739637489643677,-0.6532285489689365,0.7167434868093437
2218,8,3,2,0,4.170252106089649,0.0,2.444116702603506
2219,8,1,4,0,2.4158617955332637,-1.5732313006058156,0.5705302354731991
2220,8,1,4,0,3.5587763323332275,-0.9362201290075838,1.0798389842391813
2221,8,3,2,0,4.605706381376553,0.0,2.7518536453377687
2222,8,3,2,0,3.616991354913793,0.0,2.1248097477396293
2223,8,1,4,0,2.448165545448763,-0.4815684708261898,0.5124285731069108
2224,8,0,5,0,1.1662568198554517,0.0,0.5462525616226799
2225,8,4,1,0,5.5730968926439886,0.0,3.2586952310320156
2226,8,3,2,0,3.348475249498918,0.0,2.3482677541667036
2227,8,1,4,0,3.5284292286548258,0.0,1.6033221549219832
2228,8,1,4,0,4.165440400253058,0.0,2.032784207124466
2229,8,4,1,0,6.1720498571520395,0.0,3.643580396870565
2230,8,3,2,0,3.5284292286548258,0.0,1.919209162228333
2231,8,2,3,0,4.165440400253058,0.0,1.664639770329515
2232,8,2,3,0,6.1720498571520395,0.0,2.7073563753513694
2233,8,3,2,0,4.742882807181896,0.0,3.090789966100261
2234,8,2,3,0,3.090515371847026,-0.3384266932045641,1.5720398497726804
2235,8,3,2,0,4.170252106089649,0.0,2.602918133182939
2236,8,4,1,0,4.990495813839175,0.0,2.9752708410360094
2237,8,1,4,0,3.8735781880976,0.0,1.7781947213217102
2238,8,3,2,0,3.1953003308293546,0.0,2.0700430573710404
2239,8,4,1,0,4.124395662678541,0.0,2.67280486176361
2240,8,3,2,0,4.713336362790333,0.0,2.5102431475587714
2241,8,1,4,0,3.090515371847026,0.0,1.5314898991315828
2242,8,1,4,0,2.8163834940983143,0.0,1.623824302628983
2243,8,4,1,0,3.745478825947501,0.0,2.637010159291703
2244,8,4,1,0,6.103063246960737,0.0,3.334455340593917
2245,8,2,3,0,4.48024225601743,0.0,2.057532524316118
2246,8,4,1,0,6.1720498571520395,0.0,3.517968091003669
2247,8,2,3,0,6.103063246960737,0.0,2.807022770363081
2248,8,1,4,0,4.48024225601743,0.0,1.5398761415213051
2249,8,4,1,0,6.1720498571520395,0.0,3.126039755021935
2250,8,4,1,0,5.856421094700401,0.0,3.538290921445912
2251,8,1,4,0,3.4230050661067004,0.0,1.32164850738758
2252,8,1,4,0,3.68330277486778,0.0,1.4193688510401485
2253,8,2,3,0,3.4230050661067004,0.0,1.8855619970369168
2254,8,2,3,0,3.68330277486778,0.0,1.854417957212697
2255,8,2,3,0,3.3685009191034077,0.0,1.9762051769228797
2256,9,3,2,0,4.596742232821416,0.0,1.8760150167705612
2257,9,1,4,0,2.807756476834296,-2.1704362328583215,0.7721847517752358
2258,9,1,4,0,2.807756476834296,-2.1704362328583215,0.7721847517752358
2259,9,1,4,0,2.950983337118849,0.0,1.1209959833061212
2260,9,1,4,0,2.950983337118849,0.0,1.1209959833061212
2261,9,4,1,0,5.16996777013841,0.0,3.376371921694976
2262,9,4,1,0,5.16996777013841,0.0,3.376371921694976
2263,9,4,1,0,4.26652656861766,0.0,3.0264978403969587
2264,9,4,1,0,4.26652656861766,0.0,3.0264978403969587
2265,9,3,2,0,6.076088723135506,0.0,3.4848918002787457
2266,9,3,2,0,6.076088723135506,0.0,3.4848918002787457
2267,9,0,5,0,2.064283605088459,0.0,1.094778414288914
2268,9,0,5,0,2.064283605088459,0.0,1.094778414288914
2269,9,1,4,0,2.543937186822653,-1.5008752262589091,0.6924307442467494
2270,9,1,4,0,2.543937186822653,-1.5008752262589091,0.6924307442467494
2271,9,1,4,0,2.5396671362897933,0.0,1.3898941462156729
2272,9,1,4,0,2.487297136326525,-1.160841169054585,0.2150221644393838
2273,9,3,2,0,5.525929215044563,0.0,2.638546835875019
2274,9,1,4,0,3.2174931982623853,0.0,1.0785498250283951
2275,9,1,4,0,2.8328244011154524,-0.6459836893037227,0.7036447599954222
2276,9,2,3,0,3.6290473275409845,-0.2751462209367226,1.6062087911221574
2277,9,2,3,0,3.6290473275409845,0.0,1.505841557091712
2278,9,3,2,0,4.388872089821586,0.0,2.2634962197341024
2279,9,2,3,0,3.5818912621627845,0.0,1.4129143856946171
2280,9,1,4,0,4.038707077336657,-0.03578023055068158,1.3109433704914877
2281,9,2,3,0,4.52364466185001,0.0,1.7660634654175973
2282,9,2,3,0,4.595004482851035,0.0,1.7715698843270786
2283,9,2,3,0,4.595004482851035,0.0,2.171196851421076
2284,9,2,3,0,5.1962483543231315,0.0,2.289560286035486
2285,9,3,2,0,5.200499616202261,0.0,2.6128229532642564
2286,9,2,3,0,4.3140361763344295,0.0,2.0792924845930387
2287,9,4,1,0,6.037432071956562,0.0,3.5251792284061714
2288,9,3,2,0,5.171358875161474,0.0,2.780739233078762
2289,9,4,1,0,5.171358875161474,0.0,3.1803662001727595
2290,9,3,2,0,4.80891354782327,0.0,2.769563612196677
2291,9,4,1,0,5.278533191547481,0.0,3.4003077504562063
2292,9,3,2,0,3.4829778562132567,0.0,2.0884253156254298
2293,9,3,2,0,4.207082664434591,0.0,2.3728153356927235
2294,9,2,3,0,3.104146860293561,0.0,1.738639648181482
2295,9,1,4,0,3.104146860293561,0.0,1.2484912148831768
2296,9,1,4,0,2.4980507535306558,0.0,1.2309961699399026
2297,9,1,4,0,2.4980507535306558,-0.0641091460913259,1.1093117954653373
2298,9,1,4,0,2.36477051059563,-0.390870246681736,1.1266894118159017
2299,9,0,5,0,1.1684505857165526,-1.2513400349836807,0.009079700033719718
2300,9,0,5,0,0.779241358240764,-1.5863795473343352,-0.37128185402297686
2301,9,0,5,0,0.779241358240764,-1.333803365714072,-0.3614360861968393
2302,9,1,4,0,2.7795246562369336,0.0,1.1937458772859693
2303,9,0,5,0,0.8025145920821686,-0.44749823344503525,0.015312281125503091
2304,9,2,3,0,3.724034896796308,0.0,1.6348546906267742
2305,9,1,4,0,2.6408718447164965,-0.057734432228723875,1.0899196477259268
2306,9,2,3,0,2.7579881681670244,0.0,1.7667696027736937
2307,9,3,2,0,3.5649689958258257,0.0,2.3901519705430245
2308,9,2,3,0,3.011149782558384,0.0,1.396046180713504
2309,9,2,3,0,3.8973987068630045,0.0,1.902126881064909
2310,9,3,2,0,3.6123936540304804,0.0,2.1910407686309936
2311,9,4,1,0,3.6166449159096103,0.0,2.4981341531807884
2312,9,0,5,0,1.1684505857165526,-1.2513400349836807,0.009079700033719718
2313,9,1,4,0,2.36477051059563,-0.390870246681736,1.1266894118159017
2314,9,0,5,0,0.779241358240764,-1.333803365714072,-0.3614360861968393
2315,9,0,5,0,0.779241358240764,-1.5863795473343352,-0.37128185402297686
2316,9,0,5,0,0.8025145920821686,-0.44749823344503525,0.015312281125503091
2317,9,1,4,0,2.7795246562369336,0.0,1.1937458772859693
2318,9,3,2,0,4.207082664434591,0.0,2.3728153356927235
2319,9,3,2,0,3.4829778562132567,0.0,2.0884253156254298
2320,9,1,4,0,3.104146860293561,0.0,1.2484912148831768
2321,9,2,3,0,3.104146860293561,0.0,1.738639648181482
2322,9,1,4,0,2.4980507535306558,-0.0641091460913259,1.1093117954653373
2323,9,1,4,0,2.4980507535306558,0.0,1.2309961699399026
2324,9,1,4,0,2.6408718447164965,-0.057734432228723875,1.0899196477259268
2325,9,2,3,0,3.724034896796308,0.0,1.6348546906267742
2326,9,3,2,0,3.5649689958258257,0.0,2.3901519705430245
2327,9,2,3,0,2.7579881681670244,0.0,1.7667696027736937
2328,9,3,2,0,3.630922085393067,-0.229278806921684,1.9173782650602156
2329,9,2,3,0,3.5719409204145727,-0.229278806921684,1.3976636657561947
2330,9,4,1,0,4.884087994509343,0.0,3.161717497893855
2331,9,3,2,0,4.666228516003329,0.0,2.7626716724027474
2332,9,3,2,0,3.709297237895221,-0.09192248944103554,1.8370651053770004
2333,9,2,3,0,3.7682784028737153,-0.09192248944103554,1.7438170904302446
2334,9,3,2,0,3.9330396125826113,0.0,2.5866110360084162
2335,9,2,3,0,4.0314952224178064,0.0,2.2988423217592135
2336,9,3,2,0,4.308906514580773,0.0,2.556267464497675
2337,9,2,3,0,3.378008296611714,-1.1054310005269166,1.394744826421207
2338,9,3,2,0,4.308906514580773,-0.17453278255785776,2.3036578787647377
2339,9,2,3,0,3.378008296611714,-0.39473251464494297,1.581710889761562
2340,9,2,3,0,3.7682784028737153,-0.09192248944103554,1.7438170904302446
2341,9,3,2,0,3.709297237895221,-0.09192248944103554,1.8370651053770004
2342,9,2,3,0,4.0314952224178064,0.0,2.2988423217592135
2343,9,3,2,0,3.9330396125826113,0.0,2.5866110360084162
2344,9,2,3,0,3.5719409204145727,-0.229278806921684,1.3976636657561947
2345,9,3,2,0,3.630922085393067,-0.229278806921684,1.9173782650602156
2346,9,3,2,0,4.666228516003329,0.0,2.7626716724027474
2347,9,4,1,0,4.884087994509343,0.0,3.161717497893855
2348,9,2,3,0,3.378008296611714,-0.39473251464494297,1.581710889761562
2349,9,3,2,0,4.308906514580773,-0.17453278255785776,2.3036578787647377
2350,9,2,3,0,3.378008296611714,-1.1054310005269166,1.394744826421207
2351,9,3,2,0,4.308906514580773,0.0,2.556267464497675
2352,9,3,2,0,3.7294066149696903,-0.10231536126546104,2.0737417421742945
2353,9,3,2,0,3.5563327689723785,-0.9860876931447464,1.6691580488827362
2354,9,3,2,0,3.4054173003085175,-0.8130138471474346,1.8016301587396923
2355,9,3,2,0,3.2323434543112057,-0.27538920726277283,1.7222456291107924
2356,9,3,2,0,3.2323434543112057,-0.27538920726277283,1.7222456291107924
2357,9,3,2,0,3.4054173003085175,-0.8130138471474346,1.8016301587396923
2358,9,3,2,0,3.5563327689723785,-0.9860876931447464,1.6691580488827362
2359,9,3,2,0,3.7294066149696903,-0.10231536126546104,2.0737417421742945
2360,9,0,5,0,2.2535433204942734,0.0,1.0920249898472527
2361,9,4,1,0,3.8699884788612557,0.0,2.5666921620011616
2362,9,3,2,0,3.8699884788612557,0.0,2.5687228815562912
2363,9,3,2,0,4.707125118286221,0.0,2.5065660579525035
2364,9,3,2,0,3.9312984323993128,-0.06565942610646402,2.114987700319374
2365,9,4,1,0,3.9356479049677198,0.0,2.5377747474241104
2366,9,3,2,0,3.9356479049677198,0.0,2.2472477795149914
2367,9,3,2,0,4.575870416617494,0.0,2.5065788880613438
2368,9,4,1,0,3.8699884788612557,0.0,2.5666921620011616
2369,9,3,2,0,4.707125118286221,0.0,2.5065660579525035
2370,9,3,2,0,4.280617287457606,-1.1542288145927877,2.1300247743669116
2371,9,3,2,0,4.7228275744086545,0.0,2.5756452784667134
2372,9,3,2,0,4.821663391839987,0.0,2.714388309046486
2373,9,3,2,0,4.202654385451279,-1.1542288145927877,2.0899134027045854
2374,9,3,2,0,4.202654385451279,-1.1542288145927877,2.0899134027045854
2375,9,3,2,0,4.821663391839987,0.0,2.714388309046486
2376,9,3,2,0,4.7228275744086545,0.0,2.5756452784667134
2377,9,3,2,0,4.280617287457606,-1.1542288145927877,2.1300247743669116
2378,9,2,3,0,4.30113275861039,0.0,1.6855800966559678
2379,9,2,3,0,3.541959021191751,-0.7241048082213339,1.1185447493565648
2380,9,2,3,0,4.30113275861039,-0.08553215880103693,1.6561775262302398
2381,9,2,3,0,2.947079685724219,0.0,1.5871340558312013
2382,9,2,3,0,2.8278986726086544,0.0,1.2568978460553972
2383,9,3,2,0,4.275129176217948,0.0,2.566681444456587
2384,9,3,2,0,4.828323439056533,0.0,2.2835373058694612
2385,9,2,3,0,3.671184493945553,0.0,2.006635740601392
2386,9,3,2,0,4.828323439056533,0.0,2.653002074077494
2387,9,1,4,0,2.9337616996357987,0.0,1.4962718128045864
2388,9,1,4,0,2.405675318681066,-0.38006579027047493,1.1733774315685892
2389,9,1,4,0,2.55703191850915,-0.43058367993194935,0.9459053842363871
2390,9,1,4,0,2.55703191850915,-0.9716091165941805,0.7010088424098762
2391,9,1,4,0,2.55703191850915,-0.4435227356394478,0.5344190003768624
2392,9,0,5,0,1.9621525830416182,0.0,0.6787015734472945
2393,9,2,3,0,3.1829254129927627,0.0,1.217532839121123
2394,9,1,4,0,2.423751675574124,-0.6254830411306465,0.9054209262433062
2395,9,0,5,0,1.7896913603384945,-1.729718567019006,0.257480908802907
2396,9,2,3,0,2.8385058212154277,0.0,1.1596599313886151
2397,9,0,5,0,0.8614957570606627,-1.7716362267081678,-0.22573427802626683
2398,9,1,4,0,2.8385058212154277,0.0,0.9149582542418842
2399,9,0,5,0,0.8614957570606627,-1.1479624874247172,-0.3055310521269007
2400,9,2,3,0,3.676878831418108,-0.06991050444162994,1.3794597845276884
2401,9,2,3,0,4.483859659076909,-0.7101601803921227,1.6372222510758854
2402,9,1,4,0,2.8397421919931425,-0.6109359411038611,1.1434199778967205
2403,9,2,3,0,3.646723019651944,0.0,1.7058533520233474
2404,9,2,3,0,3.676878831418108,0.0,1.897621043793992
2405,9,2,3,0,4.483859659076909,0.0,2.097688043447241
2406,9,1,4,0,2.8397421919931425,0.0,1.130591724096643
2407,9,3,2,0,3.646723019651944,0.0,2.084275738703107
2408,9,2,3,0,3.8584200666853263,0.0,1.918393733512295
2409,9,2,3,0,3.8626713285644563,-0.4942118714796102,1.5344124625955922
2410,9,2,3,0,4.498642578335101,0.0,2.048561045252009
2411,9,3,2,0,4.502893840214231,0.0,2.527103717105021
2412,9,2,3,0,3.8584200666853263,0.0,2.0450256484747675
2413,9,3,2,0,3.8626713285644563,0.0,2.161201945854402
2414,9,2,3,0,4.498642578335101,0.0,2.2020564823393856
2415,9,3,2,0,4.502893840214231,0.0,2.51399675948095
2416,9,0,5,0,1.7896913603384945,-1.729718567019006,0.257480908802907
2417,9,0,5,0,1.2274317506950467,-2.190381154195901,-0.3442777878392761
2418,9,0,3,2,1.7896913603384945,-3.038632078718038,-0.6032895464899539
2419,9,0,5,0,0.632552415227515,-2.314527270496704,-0.7070563662317724
2420,9,0,5,0,0.6148538067173241,-1.347298776324294,-0.3368371376026886
2421,9,2,3,0,3.1829254129927627,0.0,1.217532839121123
2422,9,0,5,0,1.8288723401065923,-1.8423121538389609,0.14398673832870088
2423,9,1,4,0,3.1829254129927627,-1.118207345617627,0.7556297224620231
2424,9,1,4,0,2.4734150579363856,0.0,1.0638831514725886
2425,9,0,5,0,2.093448676361234,-1.1274548422253936,0.4640827569093034
2426,9,3,2,0,4.828323439056533,0.0,2.2835373058694612
2427,9,2,3,0,4.266063829413085,0.0,1.9367020436488644
2428,9,2,3,0,4.30113275861039,0.0,1.6855800966559678
2429,9,1,4,0,2.55703191850915,-1.8778141835412434,0.5055037113407763
2430,9,3,2,0,3.646723019651944,0.0,2.084275738703107
2431,9,1,4,0,2.8397421919931425,0.0,1.130591724096643
2432,9,2,3,0,4.483859659076909,0.0,2.097688043447241
2433,9,2,3,0,3.676878831418108,0.0,1.897621043793992
2434,9,2,3,0,3.646723019651944,0.0,1.7058533520233474
2435,9,1,4,0,2.8397421919931425,-0.6109359411038611,1.1434199778967205
2436,9,2,3,0,4.483859659076909,-0.7101601803921227,1.6372222510758854
2437,9,2,3,0,3.676878831418108,-0.06991050444162994,1.3794597845276884
2438,9,3,2,0,4.9430691594878375,0.0,2.556714999687789
2439,9,3,2,0,4.9430691594878375,0.0,2.743147777070231
2440,9,2,3,0,4.725209680981823,0.0,2.030084663439402
2441,9,2,3,0,4.348189824020306,0.0,2.2215595568985336
2442,9,3,2,0,3.9920207775611054,0.0,2.1144094327884595
2443,9,2,3,0,4.090476387396301,0.0,1.7633485990068969
2444,9,3,2,0,3.3971414420935737,-0.09845560983519519,2.00746985100621
2445,9,2,3,0,3.9920207775611054,-0.733188903420718,1.4391822573638742
2446,9,2,3,0,4.090476387396301,-0.8525927720915369,1.5052605825546557
2447,9,3,2,0,4.725209680981823,0.0,2.3549301153835556
2448,9,3,2,0,3.0544711476940023,0.0,2.204766922892726
2449,9,0,5,0,2.2215798436967056,-0.03465945382785307,1.011192230674132
2450,9,0,5,0,2.2562392975245587,-0.8014767594741343,0.13758904648082862
2451,9,3,2,0,3.958420896248601,0.0,2.732069114092906
2452,9,3,2,0,3.958420896248601,0.0,2.732069114092906
2453,9,1,4,0,2.4791432934510205,0.0,1.3313623859955421
2454,9,1,4,0,2.4791432934510205,0.0,1.3313623859955421
2455,9,1,4,0,5.383630338970018,0.0,1.4860103801381015
2456,9,1,4,0,4.635481006311139,-0.4279437694964052,0.7726264281979752
2457,9,1,4,0,4.551942332639591,-0.8316880063304275,1.008266577832557
2458,9,1,4,0,4.551942332639591,-0.08353867367154777,1.1726584274419238
2459,9,0,5,0,2.241653341491233,-0.7820198904045554,0.13552271213642442
2460,9,0,5,0,1.5379281397692814,-2.2338944247853867,-0.43634227542852244
2461,9,0,5,0,2.241653341491233,-1.5301692230634352,-0.16373702092712747
2462,9,1,4,0,4.363537160475428,0.0,1.86676018571305
2463,9,2,3,0,5.074235646357401,0.0,2.270259893926896
2464,9,3,2,0,4.392016076555027,0.0,1.9086949036882537
2465,9,1,4,0,4.392016076555027,0.0,1.676155417948393
2466,9,2,3,0,5.074235646357401,0.0,2.1740645266903185
2467,9,1,4,0,4.363537160475428,0.0,1.5057852948011452
2468,9,3,2,0,4.392016076555027,0.0,1.9671525089159894
2469,9,3,2,0,4.392016076555027,0.0,1.9435165542768125
2470,9,1,4,0,2.364806703981259,-1.9987304564941688,-0.019598480662004647
2471,9,1,3,1,2.364806703981259,-2.7094289423761424,-0.3941516480756576
2472,9,1,3,1,2.364806703981259,-2.7094289423761424,-0.18289890640777812
2473,9,1,4,0,2.364806703981259,-1.9987304564941688,-0.12517011057206986
2474,9,1,4,0,3.9299419801690014,0.0,1.4911504503612008
2475,9,2,3,0,3.9299419801690014,-0.7106984858819736,1.5877956308107948
2476,9,3,2,0,4.640640466050975,0.0,2.1184633134099142
2477,9,2,3,0,4.640640466050975,0.0,2.1207385913453924
2478,9,3,2,0,4.640640466050975,0.0,2.1184633134099142
2479,9,1,4,0,3.9299419801690014,0.0,1.4911504503612008
2480,9,0,5,0,1.7004776842996208,-0.9212443461909245,0.030350238184897904
2481,9,0,4,1,0.17176815014759939,-3.1242151253738655,-1.1070029449982421
2482,9,0,5,0,1.390704302649759,-2.1923322933121767,-0.3040860152607969
2483,9,0,5,0,1.8933962755559328,-1.1898034670014397,0.47674986398558017
2484,9,0,4,1,0.0,-3.057353170977791,-1.1509704673597105
2485,9,0,5,0,1.133654732480764,-2.0086348966745504,-0.16649730243332
2486,9,0,4,1,0.0,-2.822561478818976,-1.2964173673663146
2487,9,0,5,0,0.8611896560240311,-2.1632375102267254,-0.5485894423440157
2488,9,0,4,1,0.20186568743178057,-2.822561478818976,-0.9743043022721025
2489,9,0,4,1,0.47342179670248896,-2.822561478818976,-1.10718244317598
2490,9,0,5,0,1.2369766969741534,-2.1632375102267254,-0.4203935144526362
2491,9,0,4,1,0.5776527283819028,-2.822561478818976,-0.9866158136565026
2492,9,0,5,0,1.1327457652947395,-2.1632375102267254,-0.27618062029678614
2493,9,1,4,0,2.7946463585562995,-1.2307266511957806,0.8981426356406856
2494,9,0,5,0,1.3149143765554854,-1.364407989383622,0.4002354382079737
2495,9,1,4,0,2.660965020368458,-1.364407989383622,0.6394613820460868
2496,9,1,4,0,2.660965020368458,-1.364407989383622,0.5334657280547767
2497,9,2,3,0,3.0173633347087794,0.0,1.8622992417978204
2498,9,2,3,0,3.0173633347087794,0.0,1.7505641748073955
2499,9,0,4,1,1.704836049668291,-2.397367227095316,0.33940363169033316
2500,9,0,4,1,0.7730006093590873,-3.655732537162301,-0.5265435760188645
2501,9,3,2,0,2.984618781202517,0.0,2.1063459938191613
2502,9,2,3,0,2.775177441218162,-0.23232041022687966,1.3594449484836644
2503,9,0,5,0,1.2968078728896053,-1.384160108797655,0.29722814928265395
2504,9,0,5,0,0.0,-1.734201809717728,-0.7719230473014754
2505,9,0,5,0,1.4284183911013528,-1.734201809717728,-0.24637293640542665
2506,9,0,5,0,1.0886099172379105,-1.0263499438886896,0.23648232680876688
2507,9,1,4,0,2.6705224632863995,-0.0212387963743339,1.2035077520622388
2508,9,0,5,0,1.4284183911013528,-1.734201809717728,0.2331613497932878
2509,9,0,5,0,2.041198356722166,-1.0920093699951536,0.7406420439473933
2510,9,1,4,0,3.046309504236522,-0.08689822248079793,1.3817944547168906
2511,9,0,5,0,1.9369674250427522,-0.9101205392562584,0.8010208469696387
2512,9,3,2,0,3.046309504236522,-0.6157078776238762,1.4838162541406112
2513,9,0,5,0,2.041198356722166,-1.620819025138232,0.7753226939330702
2514,9,3,2,0,2.942078572557108,0.0,1.7007051227850667
2515,9,2,3,0,2.984618781202517,0.0,1.970734137018716
2516,9,0,5,0,1.2968078728896053,-1.384160108797655,0.29722814928265395
2517,9,2,3,0,2.775177441218162,-0.23232041022687966,1.3594449484836644
2518,9,0,4,1,0.7730006093590873,-3.655732537162301,-0.5265435760188645
2519,9,0,4,1,1.704836049668291,-2.397367227095316,0.33940363169033316
2520,9,0,5,0,1.2455960023402959,-1.734201809717728,-0.5397356848936312
2521,9,1,4,0,3.046309504236522,-0.08689822248079793,1.3817944547168906
2522,9,0,5,0,2.041198356722166,-1.0920093699951536,0.7406420439473933
2523,9,1,4,0,2.6705224632863995,-0.0212387963743339,1.2035077520622388
2524,9,0,5,0,1.0886099172379105,-1.0263499438886896,0.23648232680876688
2525,9,3,2,0,2.942078572557108,0.0,1.7007051227850667
2526,9,0,5,0,2.041198356722166,-1.620819025138232,0.7753226939330702
2527,9,3,2,0,3.046309504236522,-0.6157078776238762,1.4838162541406112
2528,9,0,5,0,1.9369674250427522,-0.9101205392562584,0.8010208469696387
2529,9,1,4,0,2.48435376498389,0.0,1.3897716734715566
2530,9,3,2,0,4.010962291019865,0.0,2.0509336411680508
2531,9,0,5,0,1.9986257864899493,-0.2789637403391332,1.0001616407363145
2532,9,2,3,0,2.744463445611249,-0.05931582529812829,1.479561520355496
2533,9,2,3,0,4.010962291019865,0.0,1.9243498911648522
2534,9,2,3,0,2.732972725735028,0.0,1.6449010004127067
2535,9,0,5,0,2.2747383648924,-0.2789637403391332,1.018850023801307
2536,9,1,4,0,2.744463445611249,-0.05931582529812829,1.172376888936514
2537,9,2,3,0,2.5462944741631084,-0.41702289476833343,1.1418014234842695
2538,9,2,3,0,2.870173320883527,-0.19737497972732854,1.2586502537871787
2539,9,2,3,0,2.6505254058425223,-0.48268232087479745,1.3504094961183888
2540,9,2,3,0,2.7659423892041133,-0.26303440583379256,1.4024277075773788
2541,9,2,3,0,2.732972725735028,0.0,1.6449010004127067
2542,9,2,3,0,4.010962291019865,0.0,1.9243498911648522
2543,9,1,4,0,2.744463445611249,-0.05931582529812829,1.172376888936514
2544,9,0,5,0,2.2747383648924,-0.2789637403391332,1.018850023801307
2545,9,3,2,0,4.010962291019865,0.0,2.0509336411680508
2546,9,1,4,0,2.48435376498389,0.0,1.3897716734715566
2547,9,2,3,0,2.744463445611249,-0.05931582529812829,1.479561520355496
2548,9,0,5,0,1.9986257864899493,-0.2789637403391332,1.0001616407363145
2549,9,2,3,0,2.7659423892041133,-0.26303440583379256,1.4024277075773788
2550,9,2,3,0,2.6505254058425223,-0.48268232087479745,1.3504094961183888
2551,9,2,3,0,2.870173320883527,-0.19737497972732854,1.2586502537871787
2552,9,2,3,0,2.5462944741631084,-0.41702289476833343,1.1418014234842695
2553,9,0,5,0,0.3380423855734378,-2.0876644053499867,-0.5393745658098539
2554,9,1,4,0,3.4834171260625837,-2.0876644053499867,-0.052439314888419374
2555,9,1,4,0,2.7755654400697267,-1.1952387654167183,0.09023740692827857
2556,9,1,4,0,3.531793217467218,-0.6664291102736399,0.3836226595841715
2557,9,1,4,0,3.531793217467218,-0.6664291102736399,0.3836226595841715
2558,9,1,4,0,2.7755654400697267,-1.1952387654167183,0.09023740692827857
2559,9,1,4,0,3.4834171260625837,-2.0876644053499867,-0.052439314888419374
2560,9,0,5,0,0.3380423855734378,-2.0876644053499867,-0.5393745658098539
2561,9,3,2,0,4.514573172829756,0.0,2.9563372274211352
2562,9,4,1,0,5.826720246924534,0.0,3.329155065084277
2563,9,2,3,0,3.9189313676630704,0.0,2.0584555404961336
2564,9,4,1,0,6.4780600702911,0.0,4.203834253270371
2565,9,3,2,0,3.978123016982437,0.0,2.1573020274172108
2566,9,4,1,0,3.663570260718256,0.0,2.2622759504431516
2567,9,4,1,0,7.485837077511,0.0,4.4168682822800225
2568,9,4,1,0,7.485837077511,0.0,3.8836842203276527
2569,9,4,1,0,5.466471752644072,0.0,3.4432105253992433
2570,9,4,1,0,8.002799478114355,0.0,5.088595037049038
2571,9,4,1,0,6.0391209919263815,0.0,3.331183904166017
2572,9,4,1,0,5.7245682356622005,0.0,3.222534844620521
2573,9,4,1,0,4.598358094090198,0.0,3.5349536078820285
2574,9,4,1,0,5.7774393441533185,0.0,3.7574853326112625
2575,9,4,1,0,5.3775702462708495,0.0,3.4135541805471172
2576,9,4,1,0,4.6604933436094385,0.0,3.089692083918498
2577,9,4,1,0,3.8367863571441703,0.0,2.4267184978192966
2578,9,4,1,0,3.6465192178329104,0.0,2.4176680900007455
2579,9,4,1,0,7.436556174739785,0.0,4.151498335589756
2580,9,4,1,0,7.436556174739785,0.0,3.9389478200659505
2581,9,3,2,0,6.866020744653909,0.0,3.966941280583094
2582,9,3,2,0,6.185232751432693,0.0,3.1430849828300316
2583,9,3,2,0,5.934689289782092,0.0,2.9866391451093706
2584,9,4,1,0,5.744422150470832,0.0,2.8728726825358826
2585,9,0,5,0,1.6347765323420944,-0.07146939160710986,0.6023777145718476
2586,9,4,1,0,4.178070090351159,0.0,2.9099752269846406
2587,9,0,4,1,0.0,-3.1122187885627497,-1.751176101360953
2588,9,0,5,0,0.0,-1.2773094140776209,-0.7727973849651185
2589,9,0,5,0,2.231617091363713,0.0,0.8984000289891526
2590,9,4,1,0,5.5513919229752915,0.0,3.426632433430586
2591,9,0,5,0,0.4490628334434241,-2.0145952359556105,-0.9506438549717551
2592,9,0,5,0,0.48855550622910116,-1.046441344890198,-0.29362147250188925
2593,9,0,5,0,0.0,-1.936571677921311,-0.9872032354079423
2594,9,0,5,0,0.0,-1.1669918937116286,-0.8901375874066637
2595,9,1,4,0,3.403756401920784,0.0,1.6739479695651567
2596,9,1,4,0,2.7906116582230283,0.0,1.1311613004160292
2597,9,2,3,0,3.8556367267559146,-0.07146939160710986,1.4589612128530398
2598,9,4,1,0,6.62306211558478,0.0,3.70091520287325
2599,9,0,5,0,1.3446669152521267,-2.2454633051430335,-0.5139772839261483
2600,9,0,5,0,2.3128208063175393,-1.2773094140776209,0.3141916233870745
2601,9,1,4,0,3.8556367267559146,0.0,1.1870297726091372
2602,9,4,1,0,6.62306211558478,0.0,3.6496186546579885
2603,9,0,4,1,1.3446669152521267,-2.4454514495056117,-0.8402976210010863
2604,9,0,5,0,2.3128208063175393,-2.040077439375338,-0.13437320011089965
2605,9,0,5,0,2.138237083817728,-2.1482687249546935,-0.0742439859585815
2606,9,0,5,0,2.2044395663996568,-2.0863175042518947,-0.09335459884309216
2607,9,1,4,0,5.127605933850635,0.0,1.9739446047637408
2608,9,1,4,0,4.158349457281741,-0.13240761336981066,1.314981674728824
2609,9,1,4,0,4.3341656699929665,0.0,1.897126252846504
2610,9,2,3,0,4.3341656699929665,0.0,2.0039956566124957
2611,9,3,2,0,4.755947527957584,0.0,2.5701110873710933
2612,9,3,2,0,3.88654838126466,0.0,1.9909083024147656
2613,9,2,3,0,4.506764805733603,0.0,2.4431712563117634
2614,9,0,5,0,2.101883921490934,-0.8551408569817163,0.4808193000421085
2615,9,4,1,0,5.922694785734315,0.0,3.404847578139848
2616,9,4,1,0,5.922694785734315,0.0,3.8323505283344033
2617,9,4,1,0,5.692163019587845,0.0,3.938627873738498
2618,9,4,1,0,4.7354162175417365,0.0,3.3939987300499643
2619,9,3,2,0,4.40224141747964,0.0,2.7103358565625464
2620,9,2,3,0,3.763123146711578,0.0,2.056048094482248
2621,9,4,1,0,6.218962494750869,0.0,3.5758397680123353
2622,9,1,4,0,3.5283382176819558,0.0,1.516997547706905
2623,9,0,5,0,2.043445173853094,-1.3877139751283352,0.05353988541263703
2624,9,0,5,0,1.779602082437087,-1.088777185609203,-0.08893589575802494
2625,9,4,1,0,6.218962494750869,0.0,3.891915839902924
2626,9,2,3,0,3.5283382176819558,0.0,2.053708511626135
2627,9,0,5,0,2.0695801887558396,-0.2294065355663797,0.8013644419741631
2628,9,0,5,0,1.779602082437087,-0.1406397085877451,0.536644174380465
2629,9,2,3,0,4.205866837139187,0.0,1.8486067937351387
2630,9,1,4,0,4.60076669084695,0.0,2.04808442548115
2631,9,0,5,0,1.5074341145096497,-1.8615838594304535,-0.04048325942171758
2632,9,0,5,0,1.2827004696882085,-2.0820662423727647,-0.1481975763288169
2633,9,3,2,0,3.9894635379817025,0.0,2.38440336807471
2634,9,3,2,0,3.6002724608914,0.0,2.258831427951989
2635,9,0,5,0,2.302700058410018,0.0,1.4735146755634296
2636,9,0,5,0,1.804719424280794,-0.03219300433044836,0.9175559202128447
2637,9,3,2,0,5.375233474239096,0.0,2.8745714434198115
2638,9,3,2,0,4.973594293515532,0.0,2.3619821905905156
2639,9,1,4,0,4.135366068996813,0.0,1.6050009500211495
2640,9,1,4,0,2.928510637712275,0.0,1.302330612152307
2641,9,4,1,0,4.49158060694538,0.0,2.7047357465125783
2642,9,1,4,0,3.137321858442025,0.0,1.5040362441138697
2643,9,3,2,0,3.7046543705152004,0.0,2.2947853888035668
2644,9,4,1,0,4.37668435141212,0.0,2.6187423337984193
2645,9,1,4,0,3.8571718559920107,0.0,1.8475657880636256
2646,9,1,4,0,3.192919955535089,0.0,1.6388705139358684
2647,9,4,1,0,4.671383192867669,0.0,3.0910637524380378
2648,9,3,2,0,3.4732436462815954,0.0,2.331836419892079
2649,9,2,3,0,3.212560676643001,0.0,2.0681507804782493
2650,9,4,1,0,4.532803553329401,0.0,2.833579895325852
2651,9,4,1,0,4.819182265850589,0.0,3.302295148449084
2652,9,3,2,0,4.191885632447679,0.0,2.631831301535744
2653,9,2,3,0,3.506077840794724,0.0,1.9488539974980263
2654,9,0,5,0,2.1421040916287133,0.0,1.444207232284159
2655,9,4,1,0,4.772717221234203,0.0,3.16250688614518
2656,9,3,2,0,4.428745525428425,0.0,2.714603661680904
2657,9,2,3,0,4.170329741251646,0.0,2.0518681598679693
2658,9,1,4,0,2.928510637712275,0.0,1.6916028843193445
2659,9,4,1,0,4.723070692640661,0.0,2.972115594406433
2660,9,0,5,0,1.535172519819323,-0.3695181312381699,0.1305680607156873
2661,9,3,2,0,4.1123619170496575,0.0,2.666543653360024
2662,9,4,1,0,4.356830436603488,0.0,2.6628341642801887
2663,9,0,5,0,1.535172519819323,0.0,0.6755557847454547
2664,9,4,1,0,4.089973724209802,0.0,2.5948592740591794
2665,9,0,3,2,0.0,-3.948525084316479,-2.1006995525948513
2666,9,0,4,1,0.0,-2.3739913419140564,-0.9037953213626231
2667,9,0,4,1,0.4331840876336521,-2.3280077290040637,-0.5184569060953201
2668,9,0,4,1,1.3145599661761906,-2.7625117147450524,-0.6900279132338113
2669,9,0,4,1,0.32211749536999434,-2.997476702389747,-1.3615340856802205
2670,9,0,5,0,0.979748102313934,-1.7392580483285336,-0.43569452792062646
2671,9,1,4,0,2.421318156880883,-1.3769593470773316,0.23443866463120527
2672,9,0,5,0,1.261772937378371,-2.1277784211595296,-0.40857957978453785
2673,9,0,3,2,0.29361904631295843,-3.0959323122249423,-1.3274687827900364
2674,9,0,5,0,2.157475065464876,-1.6408024384933384,-0.12100189865476878
2675,9,0,5,0,1.2435911937299409,-1.4754149569125268,-0.026680372605530068
2676,9,0,5,0,1.290271386435407,-2.0293228113243345,-0.38907129064559953
2677,9,0,4,1,0.34640607511077803,-3.730665605810465,-1.3441375925639825
2678,9,0,4,1,0.1693409962176453,-2.5918508204200705,-0.6091179457059667
2679,9,0,5,0,0.5557913922284854,-2.1101482504980495,-0.2300016423721992
2680,9,0,4,1,0.0,-2.9803711932510666,-0.8634572338849026
2681,9,4,1,0,8.212133194088977,0.0,4.12604302664971
2682,9,4,1,0,8.212133194088977,0.0,4.72542314782364
2683,9,2,3,0,4.170970195993537,0.0,1.7367129158051042
2684,9,4,1,0,6.7838432880962145,0.0,4.088826467369056
2685,9,3,2,0,6.809249895094766,0.0,3.246278434123569
2686,9,4,1,0,6.376019279049949,0.0,3.256310069325001
2687,9,4,1,0,6.454021791051225,0.0,3.3842866815315533
2688,9,4,1,0,6.454021791051225,0.0,3.750716758183141
2689,9,4,1,0,6.445459777547796,0.0,3.646265482007828
2690,9,4,1,0,5.24766633307792,0.0,3.054297569864078
2691,9,4,1,0,5.710202525843954,0.0,2.7848156052857433
2692,9,4,1,0,5.513929635074298,0.0,2.7709605963004753
2693,9,4,1,0,6.831388872364009,0.0,3.8236277663509277
2694,9,4,1,0,7.454021791051225,0.0,4.3686996280162225
2695,9,3,2,0,6.17155845086036,0.0,2.8249957477550325
2696,9,4,1,0,6.32801390613912,0.0,3.1540157155215445
2697,9,4,1,0,6.831388872364009,0.0,3.893087797257445
2698,9,4,1,0,7.454021791051225,0.0,4.741458482539814
2699,9,4,1,0,6.17155845086036,0.0,3.6255279941442304
2700,9,4,1,0,6.32801390613912,0.0,3.633191627984774
2701,9,3,2,0,5.767743610333866,0.0,2.8728459428921154
2702,9,4,1,0,5.669750482106661,0.0,2.8385551022460866
2703,9,3,2,0,5.688150320438638,0.0,3.014014201477399
2704,9,2,3,0,3.9785456855186467,0.0,1.8789490056473945
2705,9,3,2,0,5.047401865602545,0.0,2.8767458346387746
2706,9,4,1,0,5.174554327113373,0.0,3.4880828100890247
2707,9,4,1,0,4.415946169108526,0.0,2.9325728738113526
2708,9,2,3,0,3.0377329007397122,0.0,1.7127097555202766
2709,9,4,1,0,4.089382363208717,0.0,2.8480917791730023
2710,9,3,2,0,3.1180992784522914,0.0,2.045717498482612
2711,9,4,1,0,5.391356266819898,0.0,3.728735000973572
2712,9,4,1,0,4.2446432891177395,0.0,2.861429123859847
2713,9,3,2,0,4.08974815631214,0.0,2.070834041764036
2714,9,3,2,0,4.043432963399596,0.0,2.145346707549101
2715,9,3,2,0,3.4232332826218936,0.0,1.7767592304272584
2716,9,2,3,0,3.3195091821479252,-0.7575624987733178,1.2815741771408604
2717,9,2,3,0,5.0186164980292745,0.0,2.5834372251678785
2718,9,2,3,0,4.273257648164261,0.0,2.38688521748031
2719,9,3,2,0,4.830784930537501,0.0,2.3857564492314296
2720,9,2,3,0,3.2667221533501056,-0.12282920518779505,1.4191241586677799
2721,9,3,2,0,4.237391051425281,0.0,2.4595892914699937
2722,9,3,2,0,5.007804790513379,0.0,3.1306836931665756
2723,9,3,2,0,3.6360116747831093,0.0,2.2081586570686875
2724,9,3,2,0,2.8866741559479294,-0.03463188474324497,1.5647313577756592
2725,9,3,2,0,4.834231610446899,0.0,3.0170814379652264
2726,9,4,1,0,6.3811266231375114,0.0,3.820333848210157
2727,9,3,2,0,5.31471965058682,0.0,2.8034570908616345
2728,9,3,2,0,3.6367209134719047,0.0,2.2555394505031225
2729,9,3,2,0,3.406510755312347,0.0,1.8467373466110169
2730,9,2,3,0,3.5971943169214597,0.0,2.171437793024141
2731,9,3,2,0,4.321450829059259,0.0,2.368678166615638
2732,9,4,1,0,4.8289969558229195,0.0,3.1353835153226526
2733,9,4,1,0,5.386581053229612,0.0,3.570031596747176
2734,9,4,1,0,6.222270895409505,0.0,4.175482476051175
2735,9,4,1,0,4.9797978120580275,0.0,3.35411597760546
2736,9,4,1,0,4.56538213175164,0.0,2.8388973446403134
2737,9,4,1,0,5.227725325501606,0.0,3.352348194935658
2738,9,4,1,0,6.222270895409505,0.0,4.089957082788006
2739,9,4,1,0,4.9797978120580275,0.0,3.333268502892314
2740,9,3,2,0,4.230460293222848,0.0,2.2197518973243597
2741,9,4,1,0,4.235945832306577,0.0,2.919398089535271
2742,9,4,1,0,4.4266293939156895,0.0,3.2108857650296088
2743,9,3,2,0,4.447160704331537,0.0,2.8283762952891154
2744,9,4,1,0,4.954706831095198,0.0,3.5618688730773433
2745,9,3,2,0,4.72314245445234,0.0,2.6888104836761912
2746,9,3,2,0,4.4435201702007205,0.0,2.4994832760229464
2747,9,4,1,0,4.879377230653795,0.0,2.767070674065681
2748,9,3,2,0,4.82197885665439,0.0,2.8123057875556077
2749,9,3,2,0,4.1032178578657685,0.0,2.6512599159214454
2750,9,3,2,0,4.858845920237947,0.0,2.804239689174321
2751,9,3,2,0,4.464051480616568,0.0,2.7473016294486508
2752,9,3,2,0,5.441903453240961,0.0,3.1348437238446976
2753,9,4,1,0,4.168043004734546,0.0,3.028399901197388
2754,9,4,1,0,5.6793473096815354,0.0,3.9375423625502664
2755,9,4,1,0,3.8745881276123058,0.0,2.8770422275775345
2756,9,4,1,0,3.603652722608576,0.0,2.653387908504493
2757,9,4,1,0,4.764883563756165,0.0,2.908954068995236
2758,9,4,1,0,6.3811266231375114,0.0,3.9502545388964627
2759,9,4,1,0,5.501132774817702,0.0,3.466209087588799
2760,9,4,1,0,4.2209991860365825,0.0,2.791930118124918
2761,9,4,1,0,5.5097849490441355,0.0,3.4674644042195895
2762,9,1,4,0,3.452051682366335,0.0,1.7799785635963545
2763,9,4,1,0,4.8900525843694425,0.0,3.3372483432317686
2764,9,4,1,0,6.635061679055642,0.0,4.595581855573076
2765,9,3,2,0,5.317233006538878,0.0,3.2948558793234115
2766,9,4,1,0,6.222270895409505,0.0,4.138354818283707
2767,9,4,1,0,5.166210936288909,0.0,3.3493921282234305
2768,9,4,1,0,5.149660404316318,0.0,3.2539464754782705
2769,9,3,2,0,5.158377278810871,0.0,2.87115415817698
2770,9,4,1,0,6.222270895409505,0.0,3.8468111056856245
2771,9,3,2,0,5.166210936288909,0.0,2.8860195333023655
2772,9,4,1,0,4.8147385657875255,0.0,2.8860835394917217
2773,9,4,1,0,5.635494824316414,0.0,3.9261639176851113
2774,9,3,2,0,3.5777615576386133,0.0,2.3143722339595896
2775,9,4,1,0,5.383376195961798,0.0,3.182985242446514
2776,9,4,1,0,6.77227355777686,0.0,4.517012911685534
2777,9,4,1,0,6.122691446462177,0.0,3.9111356063340614
2778,9,3,2,0,3.5946523339236442,0.0,2.302974273014729
2779,9,4,1,0,5.815592722284055,0.0,3.8012986187235986
2780,9,4,1,0,6.6395455833360515,0.0,4.93151405721809
2781,9,4,1,0,5.502766849875606,0.0,3.6413053598726437
2782,9,2,3,0,4.0099780839608705,0.0,2.176339159956499
2783,9,4,1,0,5.400266972246829,0.0,3.549249895399896
2784,9,4,1,0,7.259470179922623,0.0,4.822660467297575
2785,9,0,5,0,0.8533353308287595,-0.6012489770589617,0.10255776687102554
2786,9,0,5,0,1.5213157798523156,0.0,0.8939160491633039
2787,9,3,2,0,4.608701408531427,0.0,2.7358151561956907
2788,9,3,2,0,5.624801275443431,0.0,2.876264331819958
2789,9,1,4,0,2.8330873068737823,-1.0369065754419786,0.6940225947803832
2790,9,1,4,0,2.7284842375588028,-0.4424659878044892,1.0979978467733638
2791,9,4,1,0,6.596835477778658,0.0,3.5599508449615946
2792,9,4,1,0,5.572014246645612,0.0,3.1126344264819457
2793,9,2,3,0,2.8045888578167464,-0.326208089560005,1.2849939482550852
2794,9,2,3,0,3.9062112007097447,0.0,1.729896320221124
2795,9,3,2,0,5.910175671124822,0.0,3.636797101264726
2796,9,3,2,0,5.600512695702648,0.0,3.2304078027581355
2797,9,2,3,0,2.857375886614566,-1.0369065754419786,0.9022196959178366
2798,9,1,4,0,3.219551394055909,-0.4424659878044892,0.958468321282892
2799,9,4,1,0,5.910175671124822,0.0,3.2863111459794054
2800,9,3,2,0,5.392536195247285,0.0,2.6916506646764495
2801,9,4,1,0,6.222270895409505,0.0,3.8468111056856245
2802,9,3,2,0,5.158377278810871,0.0,2.87115415817698
2803,9,4,1,0,4.8147385657875255,0.0,2.8860835394917217
2804,9,3,2,0,5.166210936288909,0.0,2.8860195333023655
2805,9,4,1,0,6.222270895409505,0.0,4.138354818283707
2806,9,3,2,0,5.317233006538878,0.0,3.2948558793234115
2807,9,4,1,0,5.149660404316318,0.0,3.2539464754782705
2808,9,4,1,0,5.166210936288909,0.0,3.3493921282234305
2809,9,4,1,0,6.77227355777686,0.0,4.517012911685534
2810,9,4,1,0,5.383376195961798,0.0,3.182985242446514
2811,9,3,2,0,3.5777615576386133,0.0,2.3143722339595896
2812,9,4,1,0,5.635494824316414,0.0,3.9261639176851113
2813,9,4,1,0,6.3811266231375114,0.0,3.9502545388964627
2814,9,4,1,0,4.764883563756165,0.0,2.908954068995236
2815,9,4,1,0,4.2209991860365825,0.0,2.791930118124918
2816,9,4,1,0,5.501132774817702,0.0,3.466209087588799
2817,9,4,1,0,5.6793473096815354,0.0,3.9375423625502664
2818,9,4,1,0,4.168043004734546,0.0,3.028399901197388
2819,9,4,1,0,3.603652722608576,0.0,2.653387908504493
2820,9,4,1,0,3.8745881276123058,0.0,2.8770422275775345
2821,9,4,1,0,6.635061679055642,0.0,4.595581855573076
2822,9,4,1,0,4.8900525843694425,0.0,3.3372483432317686
2823,9,1,4,0,3.452051682366335,0.0,1.7799785635963545
2824,9,4,1,0,5.5097849490441355,0.0,3.4674644042195895
2825,9,4,1,0,6.222270895409505,0.0,4.089957082788006
2826,9,4,1,0,5.227725325501606,0.0,3.352348194935658
2827,9,3,2,0,4.230460293222848,0.0,2.2197518973243597
2828,9,4,1,0,4.9797978120580275,0.0,3.333268502892314
2829,9,4,1,0,6.222270895409505,0.0,4.175482476051175
2830,9,4,1,0,5.386581053229612,0.0,3.570031596747176
2831,9,4,1,0,4.56538213175164,0.0,2.8388973446403134
2832,9,4,1,0,4.9797978120580275,0.0,3.35411597760546
2833,9,4,1,0,4.954706831095198,0.0,3.5618688730773433
2834,9,3,2,0,4.447160704331537,0.0,2.8283762952891154
2835,9,4,1,0,4.4266293939156895,0.0,3.2108857650296088
2836,9,4,1,0,4.235945832306577,0.0,2.919398089535271
2837,9,4,1,0,6.3811266231375114,0.0,3.820333848210157
2838,9,3,2,0,4.834231610446899,0.0,3.0170814379652264
2839,9,3,2,0,3.6367209134719047,0.0,2.2555394505031225
2840,9,3,2,0,5.31471965058682,0.0,2.8034570908616345
2841,9,3,2,0,5.007804790513379,0.0,3.1306836931665756
2842,9,3,2,0,4.237391051425281,0.0,2.4595892914699937
2843,9,3,2,0,2.8866741559479294,-0.03463188474324497,1.5647313577756592
2844,9,3,2,0,3.6360116747831093,0.0,2.2081586570686875
2845,9,4,1,0,4.8289969558229195,0.0,3.1353835153226526
2846,9,3,2,0,4.321450829059259,0.0,2.368678166615638
2847,9,2,3,0,3.5971943169214597,0.0,2.171437793024141
2848,9,3,2,0,3.406510755312347,0.0,1.8467373466110169
2849,9,3,2,0,5.392536195247285,0.0,2.6916506646764495
2850,9,4,1,0,5.910175671124822,0.0,3.2863111459794054
2851,9,1,4,0,3.219551394055909,-0.4424659878044892,0.958468321282892
2852,9,2,3,0,2.857375886614566,-1.0369065754419786,0.9022196959178366
2853,9,3,2,0,5.600512695702648,0.0,3.2304078027581355
2854,9,3,2,0,5.910175671124822,0.0,3.636797101264726
2855,9,2,3,0,3.9062112007097447,0.0,1.729896320221124
2856,9,2,3,0,2.8045888578167464,-0.326208089560005,1.2849939482550852
2857,9,4,1,0,5.572014246645612,0.0,3.1126344264819457
2858,9,4,1,0,6.596835477778658,0.0,3.5599508449615946
2859,9,1,4,0,2.7284842375588028,-0.4424659878044892,1.0979978467733638
2860,9,1,4,0,2.8330873068737823,-1.0369065754419786,0.6940225947803832
2861,9,3,2,0,5.624801275443431,0.0,2.876264331819958
2862,9,3,2,0,4.608701408531427,0.0,2.7358151561956907
2863,9,0,5,0,1.5213157798523156,0.0,0.8939160491633039
2864,9,0,5,0,0.8533353308287595,-0.6012489770589617,0.10255776687102554
2865,9,4,1,0,4.707918713847889,0.0,3.2797900569458585
2866,9,3,2,0,4.066515518782651,0.0,2.545214324585708
2867,9,1,4,0,2.7239045837735247,0.0,1.5634737149707505
2868,9,4,1,0,6.438295334598436,0.0,3.325296609235096
2869,9,4,1,0,6.463287657628868,0.0,3.821714088478631
2870,9,4,1,0,5.122840805611162,0.0,3.274400077226894
2871,9,2,3,0,4.712038653020755,0.0,2.0306509668351262
2872,9,4,1,0,6.385508305800617,0.0,3.779353018403267
2873,9,4,1,0,6.434789208571832,0.0,3.8702157137296247
2874,9,4,1,0,6.300567768762104,0.0,3.382536232413506
2875,9,2,3,0,3.5343116898698135,0.0,1.8724451354394922
2876,9,4,1,0,6.4140067548576525,0.0,3.680781716943252
2877,9,4,1,0,6.487576237369652,0.0,4.080190210229207
2878,9,4,1,0,5.284577900180139,0.0,3.4704829584003845
2879,9,3,2,0,2.968185589449295,0.0,1.80729028846606
2880,9,4,1,0,5.876700192474161,0.0,3.693981663261733
2881,9,4,1,0,5.876700192474161,0.0,3.693981663261733
2882,9,3,2,0,2.968185589449295,0.0,1.80729028846606
2883,9,4,1,0,5.284577900180139,0.0,3.4704829584003845
2884,9,4,1,0,6.487576237369652,0.0,4.080190210229207
2885,9,4,1,0,6.4140067548576525,0.0,3.680781716943252
2886,9,2,3,0,3.5343116898698135,0.0,1.8724451354394922
2887,9,4,1,0,6.300567768762104,0.0,3.382536232413506
2888,9,4,1,0,6.434789208571832,0.0,3.8702157137296247
2889,9,4,1,0,6.385508305800617,0.0,3.779353018403267
2890,9,2,3,0,4.712038653020755,0.0,2.0306509668351262
2891,9,4,1,0,5.122840805611162,0.0,3.274400077226894
2892,9,4,1,0,6.463287657628868,0.0,3.821714088478631
2893,9,4,1,0,6.438295334598436,0.0,3.325296609235096
2894,9,1,4,0,2.7239045837735247,0.0,1.5634737149707505
2895,9,3,2,0,4.066515518782651,0.0,2.545214324585708
2896,9,4,1,0,4.707918713847889,0.0,3.2797900569458585
2897,9,2,3,0,2.4774539567855953,0.0,1.665912719169107
2898,9,0,5,0,1.7562371668507737,0.0,0.9093263034181718
2899,9,0,5,0,0.8184672251039657,-1.2224717796819071,-0.30243787014783335
2900,9,0,5,0,0.8184672251039657,-1.2224717796819071,0.006368554236167512
2901,9,0,5,0,0.3760707774991978,-1.5537537507697827,-0.8335217952071396
2902,9,0,5,0,0.0,-0.7439295419159677,-0.4309643735870708
2903,9,0,5,0,1.4686643779743953,-0.11849461389073568,0.5315860152390194
2904,9,1,4,0,2.6343847756191394,0.0,1.5215945762613259
2905,9,0,5,0,1.2268747425383744,0.0,0.6737284031208652
2906,9,0,5,0,2.1436983392143887,0.0,1.4774494585049887
2907,9,0,4,1,0.3133242063088879,-2.6301700365460725,-1.0889088701731233
2908,9,0,4,1,0.3133242063088879,-2.6301700365460725,-1.0984555614935723
2909,9,0,5,0,1.5454750067222562,-0.9737559007494703,-0.25164223935034047
2910,9,0,5,0,1.4842609820439137,-0.7705181538772301,-0.14194239616266485
2911,9,0,5,0,1.3786705032147424,-0.674733330353753,0.267106089682423
2912,9,0,5,0,1.4514559838425036,-0.3147866351934354,0.38276671709114324
2913,9,0,5,0,1.1263870809463121,-2.2499435323594916,-0.7205744648136025
2914,9,0,5,0,1.1263870809463121,-2.2499435323594916,-0.4930612100228636
2915,9,0,5,0,1.5464260644087489,0.0,0.7197467962781581
2916,9,0,5,0,2.248627404273485,-0.7343625636155942,0.4107646997587146
2917,9,0,5,0,2.226356607597527,0.0,1.2686816148628075
2918,9,0,5,0,0.2507823712108639,-1.1814764013778394,-0.4454583424107327
2919,9,0,5,0,1.26839400424425,-2.1079366090615537,-0.16082193817783833
2920,9,0,5,0,1.26839400424425,-2.1079366090615537,-0.4940163047263916
2921,9,0,5,0,1.1328873494203435,-0.39886400445001513,0.3815348327486383
2922,9,1,4,0,2.9601308812788503,-0.02285908661022873,0.9725864898242115
2923,9,0,5,0,0.9744423832042877,0.0,0.27896821266780447
2924,9,0,5,0,1.1940519588043692,0.0,0.4254270705340019
2925,9,0,2,3,0.0,-4.814104593207912,-3.0207833804157467
2926,9,0,2,3,0.0,-4.531918867123551,-2.345610518892289
2927,9,0,5,0,1.394499056006893,-1.9818315572989107,-0.6320745994283434
2928,9,0,5,0,2.1538588336238966,-1.2224717796819071,0.4682518852968521
2929,9,0,2,3,0.0,-4.814104593207912,-2.7119769560317457
2930,9,0,2,3,0.0,-4.531918867123551,-2.355157210212738
2931,9,0,5,0,1.394499056006893,-1.9818315572989107,-0.17799906112681682
2932,9,0,5,0,2.1538588336238966,-1.2224717796819071,0.2789558706706529
2933,9,0,4,1,0.0,-3.518875652055584,-1.6698413196360733
2934,9,0,5,0,1.5508717570749795,-0.38418815404871154,0.7230226141379852
2935,9,1,4,0,2.7936279935947255,-0.5832629186878542,1.026307253949949
2936,9,1,4,0,2.824363514302,-0.2653661834480232,1.0509172493341858
2937,9,3,2,0,3.344521273134415,0.0,2.3132376478740517
2938,9,3,2,0,3.000128485108597,0.0,1.865491425189115
2939,9,0,5,0,0.0,-2.201658871268396,-0.9945477711272034
2940,9,0,5,0,1.1421898402227413,-1.5063526660247923,-0.18932404053611548
2941,9,0,5,0,0.0,-2.201658871268396,-0.6761946554227535
2942,9,0,5,0,1.1421898402227413,-1.5063526660247923,-0.18932404053611548
2943,9,0,5,0,2.3208311670893167,0.0,1.2435329765758347
2944,9,1,4,0,3.136399023918397,0.0,1.7237552697748164
2945,9,1,4,0,2.6149507630812323,0.0,1.3963988696490646
2946,9,3,2,0,3.3816188855321805,0.0,2.1819653598741056
2947,9,0,5,0,0.0,-2.201658871268396,-0.6761946554227535
2948,9,0,5,0,0.0,-2.201658871268396,-0.9945477711272034
2949,9,1,4,0,3.136399023918397,0.0,1.7237552697748164
2950,9,0,5,0,2.3208311670893167,0.0,1.2435329765758347
2951,9,1,4,0,3.109423591577979,0.0,1.6022306460695694
2952,9,1,4,0,2.6816095144797067,0.0,1.4191559422431765
2953,9,0,5,0,1.5565781495033946,0.0,0.7334864605182616
2954,9,0,5,0,1.081214504513536,-0.8647563791409674,-0.04738187484351499
2955,9,2,3,0,3.3933021602458346,0.0,2.1261949647593896
2956,9,2,3,0,2.9654880831475623,0.0,1.6247671452285466
2957,9,2,3,0,2.40059918253095,0.0,1.643090422273655
2958,9,0,5,0,1.081214504513536,-0.690560971076124,0.1303736505038607
2959,9,0,5,0,1.1954471466171164,0.0,0.7057855981629124
2960,9,0,5,0,1.9225859083322696,0.0,1.2560096556151428
2961,9,3,2,0,3.2159400758555385,0.0,2.1499479492893676
2962,9,0,5,0,1.9043258733600332,0.0,1.4136336199016362
2963,9,2,3,0,2.9654880831475623,0.0,1.6247671452285466
2964,9,2,3,0,3.3933021602458346,0.0,2.1261949647593896
2965,9,2,3,0,2.40059918253095,0.0,1.643090422273655
2966,9,1,4,0,2.6816095144797067,0.0,1.4191559422431765
2967,9,1,4,0,3.109423591577979,0.0,1.6022306460695694
2968,9,0,5,0,1.5565781495033946,0.0,0.7334864605182616
2969,9,0,5,0,1.9043258733600332,0.0,1.4136336199016362
2970,9,3,2,0,3.2159400758555385,0.0,2.1499479492893676
2971,9,0,5,0,1.9225859083322696,0.0,1.2560096556151428
2972,9,0,5,0,1.1954471466171164,0.0,0.7057855981629124
2973,9,0,5,0,1.5489294143733616,-1.1185109129372073,-0.19243818190666176
2974,9,2,3,0,2.9316500909687946,-1.0391541145176504,0.7849709592574257
2975,9,2,3,0,3.0298390053511532,-0.3284556286356768,0.9467484393102922
2976,9,1,4,0,3.0633339033787124,-1.8292093988191809,0.337274551158491
2977,9,1,4,0,3.0633339033787124,-1.8292093988191809,0.337274551158491
2978,9,2,3,0,3.0298390053511532,-0.3284556286356768,0.9467484393102922
2979,9,2,3,0,2.9316500909687946,-1.0391541145176504,0.7849709592574257
2980,9,0,5,0,1.5489294143733616,-1.1185109129372073,-0.19243818190666176
2981,9,1,4,0,4.112466638026099,0.0,1.8208037590651713
2982,9,1,4,0,4.112466638026099,0.0,1.7167499449425612
2983,9,4,1,0,3.6146649383488203,0.0,2.3255441944474007
2984,9,4,1,0,7.097014561990058,0.0,4.970362333657386
2985,9,2,3,0,3.202747971579317,0.0,1.75422528457405
2986,9,4,1,0,4.857741513857011,0.0,3.0019717931385066
2987,9,4,1,0,5.982798993134033,0.0,3.500653428910482
2988,9,4,1,0,5.982798993134033,0.0,3.6926047525810155
2989,9,4,1,0,5.739462557371972,0.0,4.029819275446715
2990,9,4,1,0,6.138593665741453,0.0,4.312514367989637
2991,9,4,1,0,5.021170804006552,0.0,3.2134005362966307
2992,9,3,2,0,3.485654371204294,0.0,2.013190830347468
2993,9,0,3,2,0.24080127242940108,-2.740105661363419,-1.4025182480753926
2994,9,4,1,0,5.927089560547749,0.0,3.3767878428124285
2995,9,0,2,3,0.0,-3.9459078370515925,-2.493149703289137
2996,9,0,5,0,1.9514297327159902,-0.6925013031089655,0.11696194051799438
2997,9,0,4,1,0.24080127242940108,-2.744366289683356,-1.280009778687215
2998,9,4,1,0,5.927089560547749,0.0,3.712637518405316
2999,9,0,2,3,0.0,-3.4473056211336193,-2.144078950390172
3000,9,0,5,0,1.9514297327159902,0.0,0.5967099680332361
3001,9,0,3,2,0.0,-3.073412202801862,-1.6495078132586563
3002,9,0,5,0,1.6073490248981486,-0.7163764477643326,0.15987246551366852
3003,9,3,2,0,4.49035699016958,0.0,2.611777383214612
3004,9,4,1,0,4.507959306635019,0.0,2.6540626766796067
3005,9,1,4,0,2.5946249562318116,-0.9756883567637544,0.30444980478707606
3006,9,1,4,0,2.865081789699495,-0.36825562532820655,0.4554766342530847
3007,9,1,4,0,2.5946249562318116,-0.47708614084578116,0.3887410340107138
3008,9,1,4,0,2.865081789699495,-0.7052315232960709,0.6704451380929989
3009,9,3,2,0,5.079763369372326,0.0,2.7178406817355727
3010,9,4,1,0,5.252551028969538,0.0,2.6649579983426213
3011,9,1,4,0,2.336084431119687,-0.28988620621298367,0.5921477513595612
3012,9,1,4,0,2.7383192281587725,-0.17481262370645467,0.8272745434704504
3013,9,4,1,0,3.658963082164931,0.0,2.2591991363012545
3014,9,4,1,0,4.324434950497935,0.0,2.8036528357813624
3015,9,1,4,0,3.34840710178149,0.0,1.854300347811423
3016,9,4,1,0,5.413387132989172,0.0,3.1867742229357376
3017,9,3,2,0,4.120685176634385,0.0,2.5542369129902758
3018,9,4,1,0,4.437038401053819,0.0,2.6547991107616644
3019,9,2,3,0,3.896305844967351,0.0,2.206409227166398
3020,9,4,1,0,4.324434950497935,0.0,2.875727249370924
3021,9,2,3,0,3.34840710178149,0.0,1.9071915504343806
3022,9,4,1,0,5.413387132989172,0.0,3.3645297482831134
3023,9,4,1,0,4.847376144625944,0.0,2.91523142340325
3024,9,3,2,0,4.437038401053819,0.0,2.5388186910557
3025,9,4,1,0,3.0133237379380233,0.0,2.2155244911028973
3026,9,4,1,0,3.2203900684252993,0.0,2.4844179262738053
3027,9,4,1,0,5.171994979782259,0.0,3.941980830745282
3028,9,4,1,0,4.580355531416689,0.0,3.3057599012747487
3029,9,4,1,0,4.193553747772079,0.0,3.232099882219842
3030,9,4,1,0,3.184472131728441,0.0,2.2731109145562365
3031,9,4,1,0,4.468689927946773,0.0,3.323640452337075
3032,9,4,1,0,5.728557054701884,0.0,4.331534153741164
3033,9,4,1,0,5.201718853071693,0.0,3.6880071000632215
3034,9,4,1,0,3.809007178440776,0.0,2.4126121392999322
3035,9,4,1,0,4.773445993217834,0.0,3.047222663583456
3036,9,4,1,0,4.487593505038944,0.0,3.164052068323914
3037,9,4,1,0,4.545294474951717,0.0,2.895209157107545
3038,9,4,1,0,4.964376090269273,0.0,3.5294347856824495
3039,9,3,2,0,3.809007178440776,0.0,2.2348566139525565
3040,9,4,1,0,4.773445993217834,0.0,2.994331460960498
3041,9,4,1,0,4.487593505038944,0.0,2.968667932980106
3042,9,3,2,0,4.782154367932463,0.0,2.8324280268004367
3043,9,4,1,0,4.782973686103311,0.0,3.607608494995951
3044,9,4,1,0,6.003864709090877,0.0,4.642778918613739
3045,9,4,1,0,5.4704525366460395,0.0,4.253138259486007
3046,9,4,1,0,3.1226552162883685,0.0,2.37490040319987
3047,9,4,1,0,4.431112099311562,0.0,3.2704228886227336
3048,9,4,1,0,6.495673361579261,0.0,5.0737955732655875
3049,9,0,3,2,0.0,-2.994844359316314,-1.7569872519260108
3050,9,0,5,0,1.877603368640269,-0.2934491788077658,0.5939142830521291
3051,9,4,1,0,5.375555632094592,0.0,3.2647056175679188
3052,9,4,1,0,6.233544784084895,0.0,3.7206914055634144
3053,9,2,3,0,3.6178751676614453,0.0,1.5794981148429208
3054,9,1,4,0,2.4656373613073086,-0.15442622886062551,1.029596466254096
3055,9,4,1,0,5.806437818828648,0.0,3.1602593106388044
3056,9,3,2,0,6.038198486961527,0.0,3.3938103826349577
3057,9,0,4,1,0.35191019884317853,-3.7055428451982877,-1.2837855807337668
3058,9,0,5,0,1.877603368640269,-1.0041476646897394,0.5901410241254339
3059,9,4,1,0,5.276093686432532,0.0,3.486673368795496
3060,9,4,1,0,6.470404677065641,0.0,4.075262161827691
3061,9,2,3,0,3.381015274680699,-0.2424274464045304,1.4897068822539716
3062,9,1,4,0,2.4656373613073086,-0.8651247147425991,1.0724082387018463
3063,9,4,1,0,5.806437818828648,0.0,3.428812093240827
3064,9,4,1,0,5.311507518969968,0.0,3.185388235118041
3065,9,4,1,0,4.964376090269273,0.0,3.5294347856824495
3066,9,2,3,0,3.4311571646421193,0.0,1.9833494953388957
3067,9,4,1,0,5.201718853071693,0.0,3.6880071000632215
3068,9,3,2,0,3.4311571646421193,0.0,2.2667861324440857
3069,9,4,1,0,6.003864709090877,0.0,4.642778918613739
3070,9,4,1,0,4.782973686103311,0.0,3.607608494995951
3071,9,0,5,0,1.5832132973710493,0.0,0.9080461140382369
3072,9,4,1,0,5.329425946332403,0.0,4.0679256039853975
3073,9,2,3,0,3.896305844967351,0.0,2.206409227166398
3074,9,4,1,0,3.658963082164931,0.0,2.2591991363012545
3075,9,4,1,0,3.2203900684252993,0.0,2.4844179262738053
3076,9,4,1,0,3.0133237379380233,0.0,2.2155244911028973
3077,9,4,1,0,6.470404677065641,0.0,4.075262161827691
3078,9,4,1,0,5.276093686432532,0.0,3.486673368795496
3079,9,0,5,0,1.877603368640269,-1.0041476646897394,0.5901410241254339
3080,9,0,4,1,0.35191019884317853,-3.7055428451982877,-1.2837855807337668
3081,9,4,1,0,6.233544784084895,0.0,3.7206914055634144
3082,9,4,1,0,5.375555632094592,0.0,3.2647056175679188
3083,9,0,5,0,1.877603368640269,-0.2934491788077658,0.5939142830521291
3084,9,0,3,2,0.0,-2.994844359316314,-1.7569872519260108
3085,9,1,4,0,3.5442613335909527,0.0,1.9502454379943983
3086,9,4,1,0,4.83089394082937,0.0,2.9511376587769953
3087,9,0,5,0,1.6342670543740354,-0.027825260612612368,0.6483901534454148
3088,9,4,1,0,5.770020410813711,0.0,3.8039970579206974
3089,9,4,1,0,4.2235755644398765,0.0,2.8676539062185014
3090,9,4,1,0,4.83089394082937,0.0,3.303094313401867
3091,9,0,5,0,1.6342670543740354,0.0,1.0071470611799078
3092,9,4,1,0,6.006880303794457,0.0,4.206880087211598
3093,9,4,1,0,5.414593688698886,0.0,3.642590996643942
3094,9,1,4,0,2.4938852726593588,0.0,1.4601800211078917
3095,9,4,1,0,4.903432488387843,0.0,3.642371797523366
3096,9,4,1,0,5.725750143886199,0.0,4.3297997635493015
3097,9,4,1,0,6.09390791954781,0.0,3.8027008711342347
3098,9,1,4,0,2.4938852726593588,0.0,1.0548380819989531
3099,9,4,1,0,4.903432488387843,0.0,3.2438301115240487
3100,9,4,1,0,5.962610036866945,0.0,3.9753841991063914
3101,9,0,5,0,1.147669238837377,-0.9731144490833223,0.06982191590162187
3102,9,4,1,0,5.140481223549834,0.0,3.433252647670636
3103,9,3,2,0,4.481773451749831,0.0,3.0168380431084665
3104,9,0,5,0,0.30386666180444877,-1.8945938914521427,-0.2279224277096638
3105,9,0,5,0,2.0736308595417654,-0.1248296937148261,0.8984428297583307
3106,9,3,2,0,5.60293938004731,0.0,3.028372810968417
3107,9,3,2,0,4.809824477671686,0.0,3.0243704074117432
3108,9,1,4,0,3.7257738647625978,0.0,1.0599033674294247
3109,9,4,1,0,4.8351891302543315,0.0,3.582731849940882
3110,9,0,5,0,1.1139073410349596,-0.25500811237444054,0.3624463820389906
3111,9,3,2,0,3.110058449680068,0.0,1.9919573475002075
3112,9,2,3,0,4.906003874596653,0.0,2.026671027628539
3113,9,4,1,0,4.735726697532847,0.0,3.3712884708440334
3114,9,2,3,0,2.7239077769477333,0.0,1.7671551185666843
3115,9,3,2,0,3.584782512567859,0.0,2.3272042077131823
3116,9,1,4,0,2.765933948695018,-0.8029310616725169,0.3978259760988593
3117,9,1,4,0,4.535698146432335,0.0,2.156539228845238
3118,9,4,1,0,4.1795405384633355,0.0,2.9353329663655137
3119,9,4,1,0,4.817207881569239,0.0,3.4547716302707245
3120,9,2,3,0,3.7257738647625978,0.0,1.8657365722560357
3121,9,4,1,0,7.208123488403835,0.0,4.0154983869788055
3122,9,3,2,0,4.348310240539664,0.0,2.9634527586244
3123,9,1,4,0,2.765933948695018,-0.3303425398315163,1.1105493448290766
3124,9,2,3,0,4.535698146432335,0.0,2.1785200010755106
3125,9,4,1,0,5.688574110063925,0.0,3.034095105636999
3126,9,4,1,0,4.130347343840075,0.0,2.9716981008587644
3127,9,0,5,0,0.42055891275656876,-1.4450955863440775,-0.704796121611647
3128,9,1,4,0,2.979973523295218,0.0,0.8471097912824952
3129,9,4,1,0,4.989320695554472,0.0,3.0061612194527187
3130,9,4,1,0,6.122214966051818,0.0,3.796750197277261
3131,9,2,3,0,2.894384716616745,0.0,1.7800940292142804
3132,9,1,4,0,2.970420607649288,0.0,1.5248783409984434
3133,9,3,2,0,4.298017452623341,0.0,2.622498841688052
3134,9,4,1,0,4.992081390503884,0.0,3.0424930804111256
3135,9,0,5,0,1.1330090395811432,-1.8220190670201681,-0.4180940363405249
3136,9,2,3,0,3.6924236501197925,0.0,1.404325699716339
3137,9,4,1,0,4.989320695554472,0.0,2.8969193554569963
3138,9,4,1,0,6.122214966051818,0.0,3.758910308941328
3139,9,3,2,0,4.275237684262368,0.0,2.2132002721606634
3140,9,2,3,0,4.351273575294911,0.0,2.0293865596046152
3141,9,3,2,0,4.298017452623341,0.0,2.4605492878646578
3142,9,4,1,0,4.992081390503884,0.0,3.1510573497504533
3143,9,3,2,0,4.801745992312167,0.0,2.601765047808855
3144,9,4,1,0,5.815692269198994,0.0,3.5702821780062926
3145,9,3,2,0,3.1291719079271694,0.0,2.042437042895944
3146,9,0,5,0,1.990241792258054,0.0,1.1633176459754764
3147,9,4,1,0,4.942772582625803,0.0,3.0031184062887837
3148,9,3,2,0,4.667490745913799,0.0,2.559109975629556
3149,9,3,2,0,2.8347245494619138,0.0,1.8789784708057802
3150,9,4,1,0,4.078040026986802,0.0,2.7703986368591544
3151,9,4,1,0,4.041300787531799,0.0,2.446607668833434
3152,9,2,3,0,3.193513712268164,0.0,1.5804127694536163
3153,9,3,2,0,4.212564845180683,0.0,2.570306305093382
3154,9,4,1,0,6.151395742731022,0.0,4.012688711905328
3155,9,4,1,0,4.702284046650107,0.0,2.7580445031887217
3156,9,4,1,0,6.05255216217974,0.0,3.495537319284241
3157,9,4,1,0,4.183685535363406,0.0,2.5810332728189542
3158,9,0,5,0,1.737971307027351,0.0,1.2134828104438042
3159,9,4,1,0,4.843310636963743,0.0,2.8934494277715004
3160,9,4,1,0,4.904350638894545,0.0,2.689336342372826
3161,9,4,1,0,3.88923817689815,0.0,2.3648670109011185
3162,9,4,1,0,3.985493230347597,0.0,2.966967959002743
3163,9,3,2,0,4.141532083948459,0.0,2.551576515982144
3164,9,1,4,0,3.0940517666061034,0.0,1.7715953025553552
3165,9,3,2,0,4.449424738161429,0.0,2.5660648389863048
3166,9,4,1,0,6.388255635711769,0.0,3.9857540039347796
3167,9,3,2,0,5.101305530584533,0.0,2.7378309934849803
3168,9,2,3,0,3.625101344910025,0.0,1.922307021982263
3169,9,4,1,0,4.42718168613429,0.0,2.646561149422702
3170,9,4,1,0,5.573430104853536,0.0,3.7155464370281592
3171,9,4,1,0,5.252643634370017,0.0,3.1970615891513674
3172,9,1,4,0,3.099809734659054,0.0,1.445170469506681
3173,9,4,1,0,4.163070027788528,0.0,2.7114625907711085
3174,9,4,1,0,6.035160839580421,0.0,4.134756167087797
3175,9,3,2,0,5.85057148378575,0.0,3.3258980654395076
3176,9,4,1,0,6.249702592155231,0.0,3.450428868485786
3177,9,4,1,0,5.132279730420329,0.0,2.8797972438793855
3178,9,1,4,0,3.5967632976180717,0.0,1.5192976484425251
3179,9,4,1,0,4.942772582625803,0.0,2.886649174661879
3180,9,2,3,0,4.667490745913799,0.0,2.0695740762139643
3181,9,4,1,0,2.979040381364353,0.0,2.121282875019445
3182,9,4,1,0,3.6814537098536597,0.0,2.730434690059359
3183,9,3,2,0,4.041300787531799,0.0,2.403849674822277
3184,9,1,4,0,3.193513712268164,0.0,1.649626738296338
3185,9,1,4,0,4.212564845180683,0.0,2.022494009439993
3186,9,4,1,0,6.151395742731022,0.0,3.4679414512893176
3187,9,4,1,0,5.85057148378575,0.0,3.190811040226645
3188,9,4,1,0,6.249702592155231,0.0,3.5552371885334773
3189,9,2,3,0,5.132279730420329,0.0,2.421584325013241
3190,9,1,4,0,3.5967632976180717,0.0,1.317899820949986
3191,9,4,1,0,4.843310636963743,0.0,2.9565333749143385
3192,9,2,3,0,4.904350638894545,0.0,1.908433962364505
3193,9,3,2,0,2.9405281923088076,0.0,1.8094741138285606
3194,9,3,2,0,3.7872573527005535,0.0,2.4763291727391477
3195,9,2,3,0,3.941838841869739,0.0,2.1542989183952486
3196,9,2,3,0,3.5175734796325493,0.0,1.9235170493311942
3197,9,1,4,0,4.449424738161429,0.0,1.554826011940677
3198,9,4,1,0,6.388255635711769,0.0,3.632621449068386
3199,9,4,1,0,5.754665770811165,0.0,3.509209527594957
3200,9,3,2,0,4.278461585136657,0.0,2.6440266280275724
3201,9,2,3,0,5.226685939430261,0.0,2.8039784540739463
3202,9,4,1,0,6.372934358149507,0.0,3.932211741431236
3203,9,4,1,0,5.252643634370017,0.0,3.1407449470334177
3204,9,1,4,0,3.099809734659054,0.0,1.448101827140564
3205,9,3,2,0,4.088331498601754,0.0,2.150091647010927
3206,9,4,1,0,6.035160839580421,0.0,3.523726295262948
3207,9,4,1,0,5.042215643986591,0.0,3.3030311820311007
3208,9,3,2,0,3.566011458312083,0.0,2.0063413949181603
3209,9,4,1,0,4.792675616474025,0.0,3.008256442398249
3210,9,4,1,0,5.938924035193271,0.0,4.189428075763755
3211,9,4,1,0,4.857178383123067,0.0,3.3952089001404353
3212,9,2,3,0,2.704344483412104,0.0,1.7367967162932367
3213,9,3,2,0,4.453825428941489,0.0,2.3718342362956193
3214,9,4,1,0,6.4006547699201555,0.0,4.173940134460635
3215,9,4,1,0,5.042215643986591,0.0,3.2005895711449996
3216,9,3,2,0,3.566011458312083,0.0,1.9753017596918483
3217,9,4,1,0,5.029535509454771,0.0,3.1194488174009423
3218,9,4,1,0,6.175783928174017,0.0,4.172910578923305
3219,9,4,1,0,4.757716437461006,0.0,3.4391714469295946
3220,9,2,3,0,2.6048825377500435,0.0,1.653049391239253
3221,9,3,2,0,4.690685321922235,0.0,2.430318921470641
3222,9,4,1,0,6.637514662900902,0.0,4.303826795295445
3223,9,3,2,0,4.387508434856361,0.0,2.4323180219283165
3224,9,2,3,0,3.403822048998837,0.0,1.8027290219302734
3225,9,2,3,0,3.9620817561805204,0.0,2.2283870145728684
3226,9,2,3,0,3.5977496766633372,0.0,1.9205137620998882
3227,9,0,5,0,1.7175273641508362,-1.5932203257313162,0.35713808818792286
3228,9,2,3,0,3.2576968160781092,0.0,1.635158863772547
3229,9,4,1,0,4.101687823476098,0.0,2.6581923716343576
3230,9,3,2,0,4.387508434856361,0.0,2.7935687027735048
3231,9,2,3,0,3.640681941979583,0.0,1.9329553886735433
3232,9,1,4,0,3.0141763864885114,0.0,1.7984004941291254
3233,9,0,5,0,2.0646204629935454,0.0,1.208468130159585
3234,9,3,2,0,4.650462016581958,0.0,2.606324296317804
3235,9,4,1,0,4.1989416491612666,0.0,2.56358460678146
3236,9,1,4,0,3.5637738955593754,0.0,1.837279202072137
3237,9,2,3,0,3.507326624752693,0.0,2.0256886961747953
3238,9,3,2,0,3.4982877310012768,0.0,2.0554611965532876
3239,9,0,5,0,1.2083709211077753,-0.1589288778295206,0.4306258863823828
3240,9,1,4,0,3.4945567090588554,0.0,1.6608959849701592
3241,9,4,1,0,4.338547716456844,0.0,2.51356292875653
3242,9,3,2,0,4.288046489194301,0.0,2.3925332436634923
3243,9,2,3,0,3.640681941979583,-0.8610559418908466,1.1588532617748435
3244,9,2,3,0,4.1989416491612666,-0.30279623470916306,1.5584581657808414
3245,9,3,2,0,3.4982877310012768,-0.013952672010240974,1.8209199255206072
3246,9,0,5,0,1.6318926341342213,-2.3038694819037424,0.19914965038708132
3247,9,1,4,0,3.4945567090588554,-0.9688207011128149,0.8123934844787464
3248,9,2,3,0,4.338547716456844,-0.1248296937148261,1.7770323911189962
3249,9,3,2,0,4.573325699203629,0.0,2.6608038063335746
3250,9,0,5,0,1.5488835579373124,-1.4195516474945045,0.10599318173916075
3251,9,2,3,0,3.1055504631085,0.0,1.4387128091130266
3252,9,3,2,0,3.9172632523386746,0.0,2.3327254658792484
3253,9,3,2,0,4.088331498601754,0.0,2.465282656938835
3254,9,2,3,0,3.442834950445775,0.0,1.9932098813275971
3255,9,2,3,0,3.2749920686538836,0.0,1.3133758030230744
3256,9,2,3,0,3.258413327163556,0.0,1.5252247622048678
3257,9,2,3,0,4.573325699203629,0.0,2.505654505619802
3258,9,0,5,0,1.5488835579373124,-1.3155641893725054,0.2213577041881095
3259,9,2,3,0,3.342410356089246,-0.08223465959371268,1.497197494288048
3260,9,3,2,0,4.154123145319421,0.0,2.462612126714059
3261,9,3,2,0,4.088331498601754,0.0,2.456537513900323
3262,9,2,3,0,3.442834950445775,0.0,2.055866713948874
3263,9,2,3,0,3.5118519616346298,0.0,1.319152798370424
3264,9,2,3,0,3.495273220144302,0.0,1.801515580714939
3265,9,0,5,0,0.8112087176276539,-1.3466709421540664,0.08442621706559165
3266,9,0,5,0,1.363232321783709,-0.7191908924382311,0.29696415611640103
3267,9,0,5,0,1.702661142933927,0.0,1.0472324919801899
3268,9,3,2,0,4.078040026986802,0.0,2.353646913841782
3269,9,4,1,0,2.66306136904511,0.0,2.063844080574081
3270,9,0,5,0,0.713847931828834,-0.8364327295076066,-0.00853250500745446
3271,9,0,5,0,2.1949430575118676,0.0,1.4826324382477467
3272,9,1,4,0,2.9576323035254894,-0.35311538635666295,1.0153699958259317
3273,9,1,4,0,3.3138568979930945,-0.25500811237444054,0.7101746208741148
3274,9,1,4,0,3.9413369477089297,0.0,1.5550605552033083
3275,9,1,4,0,2.8679927610017693,0.0,1.145401086019279
3276,9,4,1,0,3.6991231902557615,0.0,2.5380291938339
3277,9,3,2,0,5.045503287584751,0.0,2.4621569865762063
3278,9,1,4,0,3.113445954467128,0.0,1.0221283962730545
3279,9,1,4,0,2.402612755024119,0.0,1.610779619591525
3280,9,0,5,0,1.990241792258054,0.0,1.0820575409107704
3281,9,0,5,0,1.7073353926330768,0.0,0.941837926456099
3282,9,0,5,0,1.827411134584164,0.0,1.2663478283607872
3283,9,0,5,0,2.0483887719406724,0.0,1.2310367814798204
3284,9,4,1,0,3.5363969666536477,0.0,2.649423166195292
3285,9,4,1,0,3.471200667405121,0.0,2.4551938756050147
3286,9,0,5,0,2.1648517594102046,0.0,1.0409235622027133
3287,9,2,3,0,2.9422359479692552,0.0,2.003923207824246
3288,9,0,5,0,2.022460677438442,0.0,0.9548250967189865
3289,9,2,3,0,3.3138568979930945,0.0,1.6494602731151198
3290,9,2,3,0,3.9413369477089297,0.0,1.8036036109443685
3291,9,0,5,0,2.0410053680431197,0.0,0.974685771943171
3292,9,4,1,0,4.959795808237622,0.0,2.9165132241205263
3293,9,4,1,0,5.045503287584751,0.0,3.0451214873567567
3294,9,2,3,0,3.113445954467128,0.0,1.6081579320909838
3295,9,2,3,0,2.9422359479692552,-0.14398927199827583,1.5201367004811985
3296,9,1,4,0,2.8719975735088745,-1.0637645425290891,0.994479656837823
3297,9,2,3,0,4.407514006311132,0.0,2.2005968011489556
3298,9,1,4,0,2.5560088484025023,-1.055693500271076,0.7684773159322852
3299,9,2,3,0,3.6289915550058574,0.0,1.9774579582903158
3300,9,3,2,0,4.849840491610845,0.0,2.8454547963459804
3301,9,4,1,0,4.113066647845876,0.0,2.559139666211916
3302,9,0,5,0,1.0405928321528002,-1.4794466867411522,-0.08703936359789069
3303,9,2,3,0,3.5637738955593754,0.0,1.800722487328533
3304,9,4,1,0,4.534840117314552,0.0,2.9254161666760936
3305,9,2,3,0,3.983992293284686,0.0,2.1143572096556738
3306,9,1,4,0,2.456546902740442,0.0,1.2056787919008876
3307,9,2,3,0,3.8658514479866035,0.0,1.9732164921832385
3308,9,3,2,0,5.086700384591591,0.0,2.8185200883754318
3309,9,4,1,0,3.6895449348194305,0.0,2.245464576912236
3310,9,0,5,0,0.9411308864907397,-0.33853825416562344,0.12272661456431351
3311,9,1,4,0,3.8006337885401216,0.0,1.8264596085261453
3312,9,4,1,0,4.771700010295298,0.0,2.780786723798266
3313,9,4,1,0,4.0834542389467465,0.0,2.552954208897231
3314,9,1,4,0,2.5560088484025023,0.0,1.1238997587179391
3315,9,1,4,0,3.6289915550058574,0.0,1.656207946147714
3316,9,3,2,0,4.849840491610845,0.0,2.5272698192407574
3317,9,4,1,0,3.789006880481491,0.0,2.445435159600617
3318,9,0,5,0,1.1408241285694594,-0.9542552934012889,0.3484554741535447
3319,9,2,3,0,3.5637738955593754,0.0,1.8169589552628005
3320,9,2,3,0,4.534840117314552,0.0,2.2509100381104163
3321,9,3,2,0,4.493148736327747,0.0,2.4396816324379467
3322,9,1,4,0,2.456546902740442,0.0,0.9491675459997154
3323,9,1,4,0,3.8658514479866035,0.0,1.1885399486483983
3324,9,4,1,0,5.086700384591591,0.0,2.691949817019826
3325,9,3,2,0,3.6895449348194305,0.0,2.2144678482340536
3326,9,0,5,0,0.9411308864907397,-0.41322985673905777,0.2037018487400104
3327,9,2,3,0,3.8006337885401216,-0.6627436216315488,1.1218554599570865
3328,9,3,2,0,4.771700010295298,0.0,2.1881545380830865
3329,9,0,5,0,1.782945759255913,-0.9347539753845631,0.33927671354854
3330,9,3,2,0,3.7503124117289204,0.0,2.3427747528656475
3331,9,3,2,0,3.494979563510018,0.0,1.9709440557261417
3332,9,2,3,0,2.648428919564548,0.0,1.4373701124132239
3333,9,1,4,0,2.7874146168535603,0.0,0.9768356169799197
3334,9,2,3,0,3.4577328312277196,0.0,1.987659425210405
3335,9,3,2,0,4.744546322178682,0.0,2.971929167782517
3336,9,4,1,0,3.6488721497713428,0.0,2.5285333980488134
3337,9,3,2,0,3.9676446266876155,0.0,2.0694856232964924
3338,9,1,4,0,2.899473124046036,0.0,1.4522330395488077
3339,9,3,2,0,3.5372065463014266,0.0,2.096503114634783
3340,9,4,1,0,4.797073673056538,0.0,3.4431622959574
3341,9,4,1,0,3.0866428706700155,0.0,2.3496229950094305
3342,9,3,2,0,5.054009523143023,0.0,3.2347155794949147
3343,9,3,2,0,4.163141820960998,0.0,2.4406847644433434
3344,9,3,2,0,4.350704471307537,0.0,2.3508850378326698
3345,9,4,1,0,4.497974678420906,0.0,2.927259345130904
3346,9,4,1,0,5.865009714477811,0.0,4.2238490970823275
3347,9,4,1,0,4.538969155000693,0.0,3.1351978199597745
3348,9,3,2,0,4.146113091629157,0.0,2.30300947671347
3349,9,4,1,0,6.568992494311253,0.0,4.661415132083627
3350,9,4,1,0,4.48773973127302,0.0,3.1924982208385115
3351,9,4,1,0,4.860540856880164,0.0,3.8713885908703816
3352,9,4,1,0,5.0430038790424625,0.0,3.181405686375494
3353,9,0,5,0,1.658362411650657,0.0,1.0957990006825304
3354,9,4,1,0,4.135878144481271,0.0,2.598226939725767
3355,9,4,1,0,5.6016019830438175,0.0,4.191259890964401
3356,9,4,1,0,4.497974678420906,0.0,3.0025408107835374
3357,9,4,1,0,5.865009714477811,0.0,4.096168839629061
3358,9,4,1,0,4.146113091629157,0.0,2.6273005389626802
3359,9,4,1,0,6.269764240494798,0.0,4.088936839689614
3360,9,2,3,0,4.497974678420906,0.0,2.3452836662337964
3361,9,4,1,0,5.865009714477811,0.0,3.913480931810478
3362,9,4,1,0,4.538969155000693,0.0,2.9993940631471454
3363,9,2,3,0,3.631843420439502,0.0,1.742607896606541
3364,9,4,1,0,5.755494569305142,0.0,3.678813434064632
3365,9,2,3,0,3.4577328312277196,0.0,1.7698698170593687
3366,9,2,3,0,3.4577328312277196,0.0,2.0950658673763547
3367,9,1,4,0,2.7874146168535603,0.0,1.7617730189829266
3368,9,2,3,0,2.4532639736300723,-0.2644357610104038,0.8755312850478674
3369,9,0,5,0,2.1643277294712213,0.0,1.0986908177954724
3370,9,0,5,0,1.7185456550997493,-0.3035885041844253,0.8537572892135046
3371,9,0,5,0,0.06810712551240883,-1.3040616740938518,-0.24164740721040373
3372,9,0,5,0,0.9851456764970123,-1.1125538222131652,0.08706756464980785
3373,9,0,4,1,0.0,-3.175354076071681,-1.5375708441099207
3374,9,0,5,0,0.10849673849539343,-1.9892027602147841,-0.7895813733518111
3375,9,0,4,1,0.0403896129829846,-3.175354076071681,-0.8249244725838999
3376,9,0,5,0,0.032931399069390466,-1.9892027602147841,-0.8318569668168543
3377,9,0,5,0,1.8675497039763513,-2.0546814377666536,-0.3802813709226271
3378,9,0,5,0,0.8188314296731107,-0.9630186079870278,-0.3848243450486429
3379,9,0,3,2,0.0,-2.790346690494232,-1.7648576487862258
3380,9,0,5,0,0.10849673849539343,-1.2636720611108672,-0.20125779422741913
3381,9,0,5,0,0.032931399069390466,-2.131396330401831,-1.0327055126063585
3382,9,0,5,0,1.966715408287925,-0.9227969865178807,0.024224287050432735
3383,9,0,5,0,1.0502477954930924,-1.1140799339781289,0.04722814404891196
3384,9,0,5,0,0.5450577135014179,-0.17323551061434372,0.13608118747151893
3385,9,0,5,0,1.1258131349190954,0.0,0.631328938636981
3386,9,0,5,0,0.4999171795151831,-0.6682978596066569,-0.034739982931476024
3387,9,0,5,0,0.8384207776504731,-1.6759689900845274,-0.5027034405037163
3388,9,0,5,0,0.4179674252267418,-1.0595781954741241,-0.3402377931443013
3389,9,0,5,0,1.1258131349190954,-1.1154772174199366,0.07845717067711888
3390,9,0,5,0,1.1258131349190954,-0.9718863637910822,0.35133809880722355
3391,9,0,5,0,1.1258131349190954,-1.1154772174199366,-0.12661415964870812
3392,9,0,5,0,0.0,-1.1140799339781289,-0.6086551965096675
3393,9,0,5,0,0.0,-1.7416284161909914,-0.9481178464153992
3394,9,0,5,0,0.0,-1.7818500376601385,-1.2036557747217536
3395,9,0,5,0,1.6651090689136439,-1.1252376215805882,-0.0997485798725819
3396,9,0,5,0,1.5392023994751902,-1.3702476106340846,-0.013631247835814975
3397,9,0,5,0,0.3082608794541599,-1.263665131590102,-0.5218628777613589
3398,9,0,4,1,0.0,-2.696314609671724,-1.1454227200453566
3399,9,0,5,0,1.1509525971076222,-0.5124975181886064,0.33132207829333354
3400,9,0,5,0,1.464855566144049,0.0,0.8013476688939868
3401,9,0,5,0,1.258365310066985,-0.1615746879328661,0.28313257812943604
3402,9,2,3,0,2.4500012426410613,0.0,1.5838152002304617
3403,9,2,3,0,4.306171431033388,0.0,1.4992010504744477
3404,9,0,5,0,1.137473957600573,-0.7438115217920895,0.3872036020857962
3405,9,0,5,0,0.0,-0.8503371332882992,-0.3891207062536367
3406,9,0,5,0,1.8142147584752628,-0.1615746879328661,0.6415359044804305
3407,9,0,4,1,0.2468108652787926,-2.655732537162301,-1.0281123850902865
3408,9,0,5,0,1.5051761753457775,-0.7724133514833049,0.20141942957724837
3409,9,0,5,0,0.2468108652787926,-2.03077866155029,-0.8229337012074737
3410,9,0,5,0,1.9262544844214418,-0.5124975181886064,0.7877786071143056
3411,9,2,3,0,3.122574409300519,0.0,1.7361404396576674
3412,9,0,5,0,0.5567185361828955,-0.1615746879328661,0.20042901575367295
3413,9,0,5,0,0.9176178078274297,-2.0021768318590745,-0.6412291591831171
3414,9,1,4,0,2.3744359032150584,0.0,1.6089358912718659
3415,9,3,2,0,4.306171431033388,0.0,2.0026579834585605
3416,9,0,5,0,1.06190861817457,0.0,0.46455805801775796
3417,9,0,5,0,0.9176178078274297,-0.19645669189241488,0.10494088480852
3418,9,0,5,0,0.7843132727613984,-0.1615746879328661,0.31115596577019106
3419,9,0,5,0,0.0,-1.419939997999851,-0.6482513996763466
3420,9,0,5,0,0.783935554460804,-0.7724133514833049,0.14702342526805126
3421,9,0,5,0,0.5693804227032366,-2.03077866155029,-0.27599570920899125
3422,9,0,5,0,1.4371451093954342,-1.8250248032290948,-0.23571568375811153
3423,9,0,4,1,0.6227114028043523,-3.0833901132960797,-1.3150177766482791
3424,9,0,5,0,0.9491938808096485,-0.9104725059125052,-0.1731444306488278
3425,9,0,5,0,0.1756536983417334,-2.16883781597949,-1.0837219055584277
3426,9,0,5,0,1.4340190084087183,-0.9761319320189692,0.3088534149767298
3427,9,0,5,0,0.0,-2.234497242085954,-0.9562000241284323
3428,9,1,4,0,2.9936441459928993,-0.9761319320189692,0.5999369666217383
3429,9,0,5,0,1.7352788359259144,-2.234497242085954,-0.4963918545028562
3430,9,1,4,0,3.0898298557942567,0.0,1.3263580937411419
3431,9,1,4,0,3.3017301934527445,0.0,1.5491118361214142
3432,9,4,1,0,3.4764873963774754,0.0,2.266544700985784
3433,9,1,4,0,2.417256689134799,0.0,1.241631122357709
3434,9,1,4,0,2.919794639686504,0.0,1.3364731196943658
3435,9,0,5,0,0.7294457808218873,-0.20905512303903606,0.2499672877209477
3436,9,2,3,0,2.571557254562311,0.0,1.8519713422720385
3437,9,0,5,0,1.0971479985670918,-0.4613631222797743,0.34682646983887294
3438,9,0,5,0,2.248987697137867,0.0,1.2323687280138131
3439,9,0,5,0,1.0971479985670918,-0.2589224872170668,0.2636120865501425
3440,9,0,5,0,2.246388949072518,0.0,0.951446737694981
3441,9,2,3,0,3.3017301934527445,0.0,1.6525367220179619
3442,9,0,5,0,1.300530057974985,0.0,0.9954316585517524
3443,9,2,3,0,3.4764873963774754,0.0,1.4602975071600555
3444,9,1,4,0,2.341691349708796,0.0,0.9137201704746886
3445,9,0,5,0,1.8812854793926626,0.0,1.1310151238778858
3446,9,0,5,0,0.8503371332882992,0.0,0.4612164270346625
3447,9,0,5,0,1.8812854793926626,0.0,1.0165371019195668
3448,9,0,5,0,0.7294457808218873,-0.8991903369269387,0.11272622579408065
3449,9,0,5,0,1.5277470762528935,-0.6535557053032264,0.5640114942458837
3450,9,0,5,0,1.406186581696577,-0.3581649002647076,0.3054957769063925
3451,9,1,4,0,2.765758983710608,-0.16666098412041563,0.8697415754561654
3452,9,0,5,0,1.6139192851398327,-1.318500682691191,0.20663100765111936
3453,9,1,4,0,2.940516186635339,-0.23232041022687966,0.9453364945571302
3454,9,0,5,0,1.7886764880645636,-1.384160108797655,-0.07225003744347802
3455,9,1,4,0,2.624888234663427,-0.23232041022687966,0.6374888773825653
3456,9,0,5,0,1.0291169326167484,-1.384160108797655,-0.2113730366374753
3457,9,0,5,0,0.0,-2.0214677225089446,-0.6389770538652548
3458,9,0,5,0,1.4993367475168533,-1.0704193405822124,0.10943316904921332
3459,9,1,4,0,2.366763890414358,-0.16376380290305192,0.8662941641702886
3460,9,0,5,0,2.146221644838068,-2.0214677225089446,0.43358939231558014
3461,9,0,5,0,1.0215965196243886,-1.0704193405822124,-0.3351361506790681
3462,9,0,5,0,2.0267076671387443,-0.16376380290305192,0.5225424763204884
3463,9,0,5,0,0.440841098206711,-1.8036082440029304,-0.25530372183644656
3464,9,0,5,0,0.9460311801983856,-1.8036082440029304,-0.23513737685112873
3465,9,1,4,0,2.341691349708796,0.0,0.9137201704746886
3466,9,2,3,0,3.4764873963774754,0.0,1.4602975071600555
3467,9,2,3,0,3.3017301934527445,0.0,1.6525367220179619
3468,9,0,5,0,2.246388949072518,0.0,0.951446737694981
3469,9,0,5,0,0.14869035940420972,-1.1518396985707753,-0.1564080400190228
3470,9,0,5,0,1.406186581696577,-0.3581649002647076,0.3054957769063925
3471,9,0,5,0,1.5277470762528935,-0.6535557053032264,0.5640114942458837
3472,9,0,5,0,0.7294457808218873,-0.8991903369269387,0.11272622579408065
3473,9,0,5,0,1.8812854793926626,0.0,1.0165371019195668
3474,9,1,4,0,2.417256689134799,0.0,1.241631122357709
3475,9,4,1,0,3.4764873963774754,0.0,2.266544700985784
3476,9,1,4,0,3.3017301934527445,0.0,1.5491118361214142
3477,9,1,4,0,3.0898298557942567,0.0,1.3263580937411419
3478,9,0,5,0,0.14869035940420972,-0.5696028647115519,-0.2075991610250128
3479,9,1,4,0,2.919794639686504,0.0,1.3609476726759575
3480,9,0,5,0,1.0971479985670918,-0.2589224872170668,0.2636120865501425
3481,9,0,5,0,2.248987697137867,0.0,1.2323687280138131
3482,9,0,5,0,1.0971479985670918,-0.4613631222797743,0.34682646983887294
3483,9,2,3,0,2.571557254562311,0.0,1.8519713422720385
3484,9,0,5,0,1.6139192851398327,-1.318500682691191,0.20663100765111936
3485,9,1,4,0,2.765758983710608,-0.16666098412041563,0.8697415754561654
3486,9,0,5,0,1.4730485360926515,-1.318500682691191,-0.11876127527083895
3487,9,0,5,0,2.1809566311875237,-0.16666098412041563,0.7130739105147746
3488,9,3,2,0,4.306171431033388,0.0,2.0026579834585605
3489,9,1,4,0,2.3744359032150584,0.0,1.6089358912718659
3490,9,2,3,0,3.122574409300519,0.0,1.7361404396576674
3491,9,0,5,0,1.9262544844214418,-0.5124975181886064,0.7877786071143056
3492,9,0,5,0,0.5693804227032366,-2.03077866155029,-0.27599570920899125
3493,9,0,5,0,0.783935554460804,-0.7724133514833049,0.14702342526805126
3494,9,0,5,0,0.0,-1.419939997999851,-0.6482513996763466
3495,9,0,5,0,0.7843132727613984,-0.1615746879328661,0.31115596577019106
3496,9,2,3,0,4.306171431033388,0.0,1.4992010504744477
3497,9,2,3,0,2.4500012426410613,0.0,1.5838152002304617
3498,9,0,5,0,1.464855566144049,0.0,0.8013476688939868
3499,9,0,5,0,1.1509525971076222,-0.5124975181886064,0.33132207829333354
3500,9,0,5,0,0.0,-1.419939997999851,-0.9752327319375489
3501,9,0,5,0,0.2468108652787926,-2.03077866155029,-0.8229337012074737
3502,9,0,5,0,1.5051761753457775,-0.7724133514833049,0.20141942957724837
3503,9,0,4,1,0.2468108652787926,-2.655732537162301,-1.0281123850902865
3504,9,0,5,0,1.8142147584752628,-0.1615746879328661,0.6415359044804305
3505,9,0,4,1,0.6227114028043523,-3.0833901132960797,-1.3150177766482791
3506,9,0,5,0,1.4371451093954342,-1.8250248032290948,-0.23571568375811153
3507,9,0,5,0,1.9511423277127413,-1.0163565749945889,0.28764079265762915
3508,9,1,4,0,2.504447895031209,-0.06530819306785673,1.2833979393629675
3509,9,0,5,0,1.3616527429000023,-1.1688749504174076,0.4320810984610738
3510,9,1,4,0,3.1513327923524237,-1.0163565749945889,0.9963480349627467
3511,9,0,5,0,1.4459522457210667,-0.06530819306785673,0.47496941575896867
3512,9,0,5,0,0.440841098206711,-1.1688749504174076,-0.2755297932644439
3513,9,0,5,0,2.0267076671387443,-0.7984970964885747,0.7901154715393559
3514,9,0,5,0,1.5752921165227463,-0.7984970964885747,0.4464226126489564
3515,9,0,5,0,0.5433128876581499,-1.9039176159511442,-0.20758321019211223
3516,9,0,5,0,1.3991559331697516,-1.6842697009101393,-0.08357212607964329
3517,9,0,5,0,2.1086637966372095,-1.9039176159511442,0.3675914400853458
3518,9,0,5,0,2.1906277070613633,-1.6842697009101393,0.621390247385726
3519,9,1,4,0,2.755548693958424,-0.48268232087479745,0.7732694816137687
3520,9,0,5,0,1.269816062368072,-0.6842697009101393,0.1684069784358023
3521,9,0,5,0,1.5553582293187418,-0.48268232087479745,0.18914465311643838
3522,9,0,5,0,1.7750061443597467,-0.26303440583379256,0.5437610922952999
3523,9,0,5,0,1.2777628839055701,-0.48268232087479745,0.2728239094319925
3524,9,0,5,0,1.1174444173714235,-0.26303440583379256,0.29926813419465503
3525,9,0,5,0,1.6309235687447448,-0.48268232087479745,0.5436991498783662
3526,9,2,3,0,2.975196608999429,-0.26303440583379256,1.4207153891813569
3527,9,0,5,0,1.9709797920203584,-1.9039176159511442,0.4789986414603703
3528,9,1,4,0,2.3283117116782144,-1.6842697009101393,0.6062604981015142
3529,9,0,5,0,1.5553582293187418,-1.9039176159511442,0.4202656223008724
3530,9,1,4,0,2.540843258955398,-1.6842697009101393,0.5684082743134276
3531,9,1,4,0,2.540843258955398,-1.6842697009101393,0.5684082743134276
3532,9,0,5,0,1.5553582293187418,-1.9039176159511442,0.4202656223008724
3533,9,1,4,0,2.3283117116782144,-1.6842697009101393,0.6062604981015142
3534,9,0,5,0,1.9709797920203584,-1.9039176159511442,0.4789986414603703
3535,9,2,3,0,2.975196608999429,-0.26303440583379256,1.4207153891813569
3536,9,0,5,0,1.6309235687447448,-0.48268232087479745,0.5436991498783662
3537,9,0,5,0,1.1174444173714235,-0.26303440583379256,0.29926813419465503
3538,9,0,5,0,1.2777628839055701,-0.48268232087479745,0.2728239094319925
3539,9,0,5,0,1.7750061443597467,-0.26303440583379256,0.5437610922952999
3540,9,0,5,0,1.5553582293187418,-0.48268232087479745,0.18914465311643838
3541,9,0,5,0,1.269816062368072,-0.6842697009101393,0.1684069784358023
3542,9,1,4,0,2.755548693958424,-0.48268232087479745,0.7732694816137687
3543,9,0,5,0,2.1906277070613633,-1.6842697009101393,0.621390247385726
3544,9,0,5,0,2.1086637966372095,-1.9039176159511442,0.3675914400853458
3545,9,0,5,0,1.3991559331697516,-1.6842697009101393,-0.08357212607964329
3546,9,0,5,0,0.5433128876581499,-1.9039176159511442,-0.20758321019211223
3547,9,0,5,0,1.8201427942203239,0.0,0.7390565162857186
3548,9,0,5,0,0.9574788943761803,0.0,0.37779208255838126
3549,9,1,4,0,2.908796581596082,0.0,1.4123501028881749
3550,9,1,4,0,2.5070360589661327,0.0,1.2983709122351321
3551,9,2,3,0,4.023255352300303,-0.029146345659516015,1.7262357678955902
3552,9,4,1,0,5.427932074999141,0.0,3.5289677477175276
3553,9,3,2,0,3.616127070873606,0.0,2.072951712338681
3554,9,3,2,0,3.47296139767818,0.0,1.754106062388138
3555,9,1,4,0,2.4873883435035253,0.0,1.4934821252859387
3556,9,4,1,0,4.785267301418287,0.0,3.694744143296565
3557,9,3,2,0,4.564899739677372,0.0,2.2602572604463496
3558,9,1,4,0,2.331427086221648,0.0,1.4324641253380954
3559,9,0,5,0,1.3117149515257722,-0.8625821444333894,0.18463024659476374
3560,9,1,4,0,2.99954198703038,-0.2255709728351576,0.9853217442347365
3561,9,4,1,0,4.436646298720998,0.0,2.9957958379177065
3562,9,4,1,0,5.006151443929362,0.0,3.016795564745079
3563,9,4,1,0,5.645163422883435,0.0,2.957949936353805
3564,9,4,1,0,5.330610666619254,0.0,2.704448473796787
3565,9,3,2,0,5.645163422883435,0.0,2.7797838496172034
3566,9,1,4,0,5.330610666619254,0.0,2.0797599985971567
3567,9,1,4,0,3.5284292286548258,0.0,1.3533945543218642
3568,9,2,3,0,4.165440400253058,0.0,2.0547497845835814
3569,9,4,1,0,6.1720498571520395,0.0,4.091494552517917
3570,9,3,2,0,4.151004836568742,0.0,2.0808194322027695
3571,9,2,3,0,2.9238935502233474,0.0,1.621615287339658
3572,9,4,1,0,5.422804344310141,0.0,3.0374582495551636
3573,9,3,2,0,3.7436209879162483,0.0,2.3679785159768514
3574,9,4,1,0,3.511695368729317,0.0,2.351368545935236
3575,9,4,1,0,3.4928153124868118,0.0,2.233432251099979
3576,9,4,1,0,5.0823362914405585,0.0,2.992069342135147
3577,9,3,2,0,3.364704151185208,0.0,2.1749853374201686
3578,9,2,3,0,2.7266646734761615,0.0,1.8187256234438316
3579,9,3,2,0,2.5363975341649017,0.0,1.8856494749881876
3580,9,4,1,0,3.5137659921540845,0.0,2.3510618790933853
3581,9,0,5,0,1.8909450012107776,0.0,1.2393417501097985
3582,9,1,4,0,3.033623652071352,0.0,1.760742590927012
3583,9,4,1,0,3.9627189839205386,0.0,2.8055212616018146
3584,9,2,3,0,5.540731720739146,0.0,2.3923804427992
3585,9,3,2,0,5.350464581427886,0.0,2.3397883353574693
3586,9,1,4,0,5.540731720739146,0.0,1.965185544825998
3587,9,2,3,0,5.350464581427886,0.0,2.1598786804585615
3588,9,4,1,0,6.103063246960737,0.0,2.9058649573617537
3589,9,1,4,0,4.48024225601743,0.0,1.694808560999911
3590,9,4,1,0,6.1720498571520395,0.0,3.3751659477324205
3591,9,0,4,1,0.0,-3.0743894344472125,-1.8756517195717932
3592,9,0,4,1,0.0,-3.0081869518652837,-1.6969515490802685
3593,9,0,5,0,1.407248151173281,-1.0542770609831997,0.4468054949615393
3594,9,0,4,1,0.384099074995941,-3.0743894344472125,-0.8967791644089879
3595,9,0,4,1,0.38467908674732954,-3.0081869518652837,-0.78871015923607
3596,9,0,5,0,1.7625941371764036,-1.0542770609831997,0.727450298652478
3597,9,0,5,0,0.6317120816532196,-2.3186486199971483,-0.667552416060935
3598,9,0,5,0,1.2038179294368803,-2.2524461374152196,-0.6454962061501
3599,9,1,4,0,2.5934473736949855,0.0,1.6531338838421683
3600,9,0,5,0,0.9637586511508189,0.0,0.6051277923052183
3601,9,0,5,0,0.0,-1.7178495712252833,-1.1042875298169903
3602,9,0,5,0,0.0,-2.1484586792932205,-1.081662593976597
3603,9,1,4,0,2.4337236851034874,0.0,1.3644760252861636
3604,9,0,5,0,1.4644672085345931,-0.19454878841113654,0.5091398406618126
3605,9,0,5,0,1.7442795147747816,-0.3959214763379215,0.13898366516226587
3606,9,0,5,0,1.8104819973567103,-0.9901512397312651,0.08119317850960144
3607,9,2,3,0,3.7643918882387943,0.0,1.6192241278000772
3608,9,0,5,0,1.7442795147747816,-1.6518812809400103,-0.4344694538791941
3609,9,0,5,0,1.8104819973567103,-2.1484586792932205,-0.7002378984533877
3610,9,1,4,0,3.7643918882387943,-0.19454878841113654,0.7457669522926154
3611,9,2,3,0,3.9367088836580386,0.0,1.7569385794848187
3612,9,2,3,0,4.331608737365801,0.0,2.152789465820265
3613,9,0,5,0,1.2382761610285016,-1.9237250344717793,-0.49333705647312487
3614,9,0,5,0,1.0135425162070604,-1.6516470886433545,-0.6427869221051281
3615,9,1,4,0,3.9367088836580386,0.0,1.7065223734529638
3616,9,3,2,0,4.331608737365801,0.0,2.2950431667010087
3617,9,0,5,0,1.4285515742583215,-1.9237250344717793,-0.004462978818956032
3618,9,0,5,0,1.0135425162070604,-2.1484586792932205,-0.15334411852140092
3619,9,0,5,0,2.1287333141222042,-0.029146345659516015,1.135709012709387
3620,9,0,5,0,2.319416875731317,0.0,1.1661811586542705
3621,9,0,5,0,2.1285102217003207,0.0,1.019801895380133
3622,9,2,3,0,3.4341314453242333,0.0,1.6320132512437702
3623,9,1,4,0,3.7123337438222848,0.0,1.6559706910155456
3624,9,2,3,0,3.8373948346008575,0.0,2.0326776645023066
3625,9,2,3,0,3.3886011869479304,0.0,1.8235703790465976
3626,9,4,1,0,3.789477431327356,0.0,2.445557922346258
3627,9,3,2,0,3.9599467504795633,0.0,2.4659768097876387
3628,9,3,2,0,4.656533677290408,0.0,2.618223470562326
3629,9,3,2,0,3.42755886723376,0.0,2.0268809387941373
3630,9,3,2,0,3.9351049939974203,0.0,2.190922517565336
3631,9,2,3,0,3.9922505003950626,0.0,2.081337494132979
3632,9,1,4,0,3.407027556817912,0.0,1.758099394657453
3633,9,3,2,0,4.203465372420023,0.0,2.3649636297472396
3634,9,3,2,0,3.9351049939974203,0.0,2.2456216292512656
3635,9,2,3,0,2.8631833103696245,-0.029146345659516015,1.4576640618415957
3636,9,2,3,0,3.0538668719787374,0.0,1.5775859383110942
3637,9,2,3,0,2.8468034458160822,0.0,1.5911996744872745
3638,9,3,2,0,3.3543495725797428,0.0,1.9150176499363247
3639,9,2,3,0,2.855799906472072,0.0,1.6436342139941822
3640,9,4,1,0,3.0464834680811848,0.0,2.1739801427338312
3641,9,3,2,0,4.677064987706256,0.0,2.5830860864141636
3642,9,4,1,0,4.678707749268185,0.0,3.125226933150324
3643,9,4,1,0,3.8579261450167053,0.0,2.628085266959297
3644,9,4,1,0,4.431094742610906,0.0,2.9457658009833834
3645,9,3,2,0,4.203465372420023,0.0,2.5871587286706004
3646,9,3,2,0,4.625376769167069,0.0,2.557266458699241
3647,9,4,1,0,5.306164762388285,0.0,3.1202451029729845
3648,9,2,3,0,3.2484314957104843,0.0,1.4534646478412867
3649,9,4,1,0,4.003230270127293,0.0,2.712954113280653
3650,9,4,1,0,5.56118771459791,0.0,4.131727318738361
3651,9,4,1,0,5.111882735832122,0.0,3.4787658579524376
3652,9,1,4,0,2.988526998323781,0.0,1.6120859210372622
3653,9,4,1,0,4.830217663085943,0.0,3.246074745803912
3654,9,4,1,0,5.607044158009018,0.0,4.128489829372287
3655,9,4,1,0,5.3594957424894005,0.0,3.7769054801603597
3656,9,3,2,0,3.807665841013332,0.0,2.2318995398584653
3657,9,4,1,0,4.3637743588640205,0.0,3.046425736803781
3658,9,4,1,0,5.752671720679082,0.0,4.01702916516905
3659,9,4,1,0,4.615892987218636,0.0,2.794131694752758
3660,9,1,4,0,2.5581597205408357,0.0,1.4674486257379749
3661,9,3,2,0,4.3637743588640205,0.0,2.6774670301874415
3662,9,4,1,0,5.752671720679082,0.0,4.058494510822862
3663,9,4,1,0,3.783018937446343,0.0,2.670390662929062
3664,9,4,1,0,5.56118771459791,0.0,3.8007704879721826
3665,9,4,1,0,5.613280479336517,0.0,3.5005361515292455
3666,9,4,1,0,6.496274475949846,0.0,4.303104538534122
3667,9,4,1,0,5.677106381253079,0.0,3.8650850386286044
3668,9,2,3,0,4.288209019438018,0.0,2.39460782746857
3669,9,1,4,0,2.4825943811148328,0.0,1.024596423568785
3670,9,3,2,0,4.540327647792633,0.0,2.6396728729981556
3671,9,4,1,0,6.248661469292568,0.0,4.157911219128365
3672,9,4,1,0,4.794141636646966,0.0,3.0336688355102077
3673,9,2,3,0,2.5192020402550064,0.0,1.6009294094288513
3674,9,4,1,0,4.540327647792633,0.0,3.2257820462942446
3675,9,0,5,0,1.9877588777286235,0.0,1.1394271698100547
3676,9,3,2,0,5.0823362914405585,0.0,2.852468151472342
3677,9,1,4,0,2.3666757144596637,0.0,1.359815125855878
3678,9,4,1,0,4.035137565800959,0.0,2.9371458504629606
3679,9,2,3,0,3.331462217391909,0.0,1.9292084219469956
3680,9,4,1,0,3.9922505003950626,0.0,2.5408399018371086
3681,9,4,1,0,3.3680698765320827,0.0,2.492307641774944
3682,9,4,1,0,3.140778655782796,0.0,2.4199076775637565
3683,9,0,1,4,0.0,-5.239925318568364,-3.1644963440532834
3684,9,0,5,0,1.3504972470841352,0.0,0.8948452387559584
3685,9,0,1,4,0.0,-4.093676899849118,-2.498581528397584
3686,9,0,5,0,1.3099817315801516,-1.195412101777933,-0.14599518409457843
3687,9,1,4,0,3.3193289038394056,0.0,1.7311375468794226
3688,9,3,2,0,4.452223174336751,0.0,2.840849260533801
3689,9,0,2,3,0.49387804548856096,-4.621656731230022,-1.799898125462849
3690,9,2,3,0,5.062639828286464,0.0,2.1979918854172333
3691,9,3,2,0,4.452223174336751,0.0,2.6140734645969226
3692,9,3,2,0,5.039739426176382,-0.6940639378805429,2.1877064983508974
3693,9,0,5,0,0.49387804548856096,0.0,0.2963268272931366
3694,9,2,3,0,5.062639828286464,0.0,2.479580022247184
3695,9,2,3,0,4.806071575754242,0.0,2.246852182710678
3696,9,1,4,0,3.329867390079734,-0.6093741667610679,0.9262900422707524
3697,9,2,3,0,4.278091744373338,0.0,1.9545245188722333
3698,9,3,2,0,4.387496016058449,0.0,2.6302661033317265
3699,9,2,3,0,3.6407399576863995,0.0,2.1258908193647392
3700,9,3,2,0,3.6201644340702437,0.0,2.2202313732075085
3701,9,3,2,0,4.76641285278949,0.0,2.7292110270673446
3702,9,3,2,0,3.2813142465377076,-0.791034668371239,1.4911105171260544
3703,9,1,4,0,4.806071575754242,0.0,1.8355346193283004
3704,9,1,4,0,3.329867390079734,-1.627542289459992,0.8615882683971762
3705,9,1,4,0,3.2412475973392034,0.0,1.3113778910929312
3706,9,3,2,0,4.387496016058449,0.0,2.533431281940414
3707,9,3,2,0,4.957409679539726,0.0,2.4891305578571683
3708,9,1,4,0,2.804575779828763,0.0,1.109206378504171
3709,9,2,3,0,2.9023974098066674,-1.485098606251782,1.048332675688632
3710,9,3,2,0,4.849226750785334,0.0,2.7507346198917673
3711,9,3,2,0,5.115534776718583,0.0,2.766239056689655
3712,9,1,4,0,3.639330591044075,-0.07281199015825379,1.4535057231150248
3713,9,3,2,0,4.587554945337679,0.0,2.233872080860541
3714,9,4,1,0,5.733803364056925,0.0,3.5588898969514977
3715,9,2,3,0,5.115534776718583,0.0,2.8217586057671733
3716,9,1,4,0,3.639330591044075,0.0,1.2496341466569008
3717,9,2,3,0,4.587554945337679,-0.47508488294878504,1.7229070024684483
3718,9,3,2,0,5.733803364056925,0.0,2.8817704362314402
3719,9,2,3,0,4.278091744373338,-0.5279798313809039,1.7188723513297746
3720,9,1,4,0,2.5909665910078132,-1.6871251533655247,0.2673993655067086
3721,9,2,3,0,3.4026793802379878,-0.5365621766028141,0.9845396343973555
3722,9,0,4,1,1.7235640495190623,-2.663931966539387,-0.03366586320766061
3723,9,2,3,0,3.1127601263054956,-0.47508488294878504,1.4188451068115384
3724,9,0,4,1,0.5957222928039272,-3.4766266221050195,-0.8946476642265487
3725,9,0,5,0,1.4256349729399709,0.0,0.7509905146937499
3726,9,1,4,0,2.7447520699348935,0.0,1.3688362297007728
3727,9,1,4,0,4.093676899849118,0.0,1.5950953714515343
3728,9,0,5,0,1.1571188675250959,-2.1622100363143097,-0.4310724894348873
3729,9,0,5,0,1.9688316567552704,-1.3275968449740532,0.22287782237126877
3730,9,0,4,1,1.3265604730704794,-3.125662701266272,-0.2848134407324707
3731,9,1,4,0,4.545861380687821,0.0,1.4530484326918347
3732,9,0,5,0,1.1473178135768904,-0.8139350704813211,0.12403501755993389
3733,10,1,4,0,2.807756476834296,0.0,1.230795979762123
3734,10,4,1,0,5.400674541964012,0.0,3.913184217921818
3735,10,0,5,0,2.035336351394669,0.0,0.8308947913149864
3736,10,2,3,0,3.6290473275409845,0.0,1.5420771126944253
3737,10,2,3,0,4.595004482851035,0.0,1.957435306461568
3738,10,4,1,0,5.171358875161474,0.0,2.9666046552132515
3739,10,1,4,0,3.104146860293561,0.0,1.6363369749215935
3740,10,0,5,0,0.779241358240764,-1.5500503965303736,-0.22358742672064408
3741,10,2,3,0,2.8051442335452244,0.0,1.4967684631831808
3742,10,1,4,0,3.011149782558384,0.0,1.5652670142623442
3743,10,0,5,0,0.779241358240764,-1.5500503965303736,-0.22358742672064408
3744,10,1,4,0,3.104146860293561,0.0,1.6363369749215935
3745,10,2,3,0,2.8051442335452244,0.0,1.4967684631831808
3746,10,2,3,0,3.5719409204145727,0.0,1.9397193455407375
3747,10,2,3,0,3.709297237895221,0.0,1.9824343722098299
3748,10,2,3,0,2.97233164372901,-0.8288880836072465,1.3906979415575917
3749,10,2,3,0,2.97233164372901,-0.8288880836072465,1.1407008409953705
3750,10,4,1,0,4.351234731090997,0.0,2.8507862189087247
3751,10,2,3,0,3.4203365131219385,0.0,1.8436382297145222
3752,10,2,3,0,3.709297237895221,0.0,1.9824343722098299
3753,10,2,3,0,3.5719409204145727,0.0,1.9397193455407375
3754,10,2,3,0,2.97233164372901,-0.8288880836072465,1.1407008409953705
3755,10,2,3,0,2.97233164372901,-0.8288880836072465,1.3906979415575917
3756,10,2,3,0,3.4203365131219385,0.0,1.8436382297145222
3757,10,4,1,0,4.351234731090997,0.0,2.8507862189087247
3758,10,2,3,0,2.855606318237502,-1.0045945740772488,1.0684137352742915
3759,10,1,4,0,2.5316170035763292,-1.0045945740772488,0.724152027780032
3760,10,3,2,0,3.4054173003085175,0.0,2.3039287314673684
3761,10,2,3,0,3.2323434543112057,0.0,2.0025223199674187
3762,10,1,4,0,2.5316170035763292,-1.0045945740772488,0.724152027780032
3763,10,2,3,0,2.855606318237502,-1.0045945740772488,1.0684137352742915
3764,10,2,3,0,3.2323434543112057,0.0,2.0025223199674187
3765,10,3,2,0,3.4054173003085175,0.0,2.3039287314673684
3766,10,3,2,0,4.285025978140105,0.0,2.612499415772794
3767,10,3,2,0,4.285025978140105,-0.1794315819706931,2.4658591268079335
3768,10,3,2,0,4.285025978140105,-0.1794315819706931,2.4658591268079335
3769,10,3,2,0,4.285025978140105,0.0,2.612499415772794
3770,10,3,2,0,4.202654385451279,0.0,2.195590554119022
3771,10,3,2,0,4.202654385451279,0.0,2.3418693978511462
3772,10,3,2,0,4.280617287457606,0.0,2.5543308544227896
3773,10,3,2,0,4.263964338989336,0.0,2.386990383137204
3774,10,3,2,0,4.202654385451279,0.0,2.195590554119022
3775,10,3,2,0,4.280617287457606,0.0,2.5543308544227896
3776,10,3,2,0,5.108775338448375,-0.24810786159569176,2.970201911022228
3777,10,3,2,0,5.884866508807644,0.0,3.4551089238370096
3778,10,3,2,0,5.108775338448375,-0.24810786159569176,2.970201911022228
3779,10,3,2,0,3.382242095359306,-0.10773169985829512,1.7850653158395446
3780,10,3,2,0,3.671184493945553,0.0,2.127021672111421
3781,10,2,3,0,3.163128025272055,-0.3788309959196958,1.231821849392348
3782,10,1,4,0,3.163128025272055,-1.1029358041410298,0.6918522550109032
3783,10,1,4,0,2.5682486898045234,0.0,1.1933884901898182
3784,10,0,4,1,0.8382225232192582,-2.334517571194443,-0.5490257174077954
3785,10,0,5,0,0.8382225232192582,-1.611694399787286,-0.41578109660629536
3786,10,1,4,0,2.8385058212154277,-0.6235821475063084,0.8116191966645218
3787,10,0,5,0,0.8614957570606627,-2.148600565737148,-0.2841885126435521
3788,10,2,3,0,3.724034896796308,-0.5770978618140816,1.3637230586355962
3789,10,1,4,0,2.8868982573713424,-1.3012026700354156,0.8008031405166356
3790,10,2,3,0,2.8397421919931425,0.0,1.2746133687003536
3791,10,2,3,0,3.646723019651944,0.0,1.9126912713976707
3792,10,2,3,0,3.724034896796308,0.0,1.4455887824105382
3793,10,1,4,0,2.8868982573713424,-0.9486596079735392,1.1498587227555894
3794,10,2,3,0,2.8397421919931425,0.0,1.3606192835601711
3795,10,3,2,0,3.646723019651944,0.0,2.3345062466850495
3796,10,2,3,0,3.676878831418108,0.0,1.425672330355488
3797,10,3,2,0,4.483859659076909,0.0,2.5031304777657697
3798,10,1,4,0,2.9010521455311995,-1.0186778746921838,0.8980019913387487
3799,10,2,3,0,3.708032973190001,-0.2159483089125125,1.5603536910686464
3800,10,2,3,0,3.25717619521323,-0.5783816701316518,1.003512467363489
3801,10,2,3,0,3.8973987068630045,-0.9309247321935281,1.3339658763612179
3802,10,2,3,0,3.8584200666853263,0.0,1.9370328528277114
3803,10,2,3,0,3.8626713285644563,0.0,2.007533574164131
3804,10,2,3,0,3.25717619521323,0.0,1.4858247699916682
3805,10,2,3,0,3.8973987068630045,0.0,2.0834680374534087
3806,10,2,3,0,3.8584200666853263,0.0,1.7980303292887747
3807,10,3,2,0,3.8626713285644563,0.0,2.2043401110527556
3808,10,3,2,0,4.53545680359532,0.0,2.590765880430761
3809,10,2,3,0,4.502893840214231,0.0,2.000046986743238
3810,10,0,4,1,0.632552415227515,-2.4222589703549993,-0.7592614001627247
3811,10,0,5,0,2.264034749741679,-1.273957501030143,0.4159146478240395
3812,10,2,3,0,3.163128025272055,-0.3788309959196958,1.231821849392348
3813,10,1,4,0,2.8868982573713424,-0.9486596079735392,1.1498587227555894
3814,10,2,3,0,3.724034896796308,0.0,1.4455887824105382
3815,10,1,4,0,2.8868982573713424,-1.3012026700354156,0.8008031405166356
3816,10,2,3,0,3.724034896796308,-0.5770978618140816,1.3637230586355962
3817,10,2,3,0,3.646723019651944,0.0,1.9126912713976707
3818,10,2,3,0,2.8397421919931425,0.0,1.2746133687003536
3819,10,3,2,0,4.483859659076909,0.0,2.5031304777657697
3820,10,2,3,0,3.676878831418108,0.0,1.425672330355488
3821,10,2,3,0,3.630922085393067,0.0,1.5871231876930296
3822,10,2,3,0,3.630922085393067,-0.13735631748064847,1.3485435396680145
3823,10,2,3,0,3.036042749925535,0.0,1.2368776938951733
3824,10,2,3,0,3.7682784028737153,0.0,1.8724141280171502
3825,10,2,3,0,3.1733990674061836,0.0,1.378436459118771
3826,10,2,3,0,3.7682784028737153,0.0,1.6616237439777053
3827,10,2,3,0,3.630922085393067,0.0,1.5871231876930296
3828,10,2,3,0,3.7294066149696903,-1.2136625445181473,1.4858955416107897
3829,10,2,3,0,3.5563327689723785,-1.1688769120094449,1.2926322656571578
3830,10,2,3,0,3.6514437129633635,-0.2626141625914151,1.7593764998238655
3831,10,2,3,0,3.4783698669660517,-0.5341436184239221,1.4124577368676163
3832,10,3,2,0,3.7294066149696903,-0.3610697724266103,2.0276853560459167
3833,10,2,3,0,3.5563327689723785,-0.4356880085887269,1.5393930150563448
3834,10,2,3,0,3.6514437129633635,-0.9958030660121331,1.3462920595372245
3835,10,2,3,0,3.4783698669660517,-1.386736390515459,1.2621972667363202
3836,10,2,3,0,3.4783698669660517,-1.386736390515459,1.2621972667363202
3837,10,2,3,0,3.6514437129633635,-0.9958030660121331,1.3462920595372245
3838,10,2,3,0,3.5563327689723785,-0.4356880085887269,1.5393930150563448
3839,10,3,2,0,3.7294066149696903,-0.3610697724266103,2.0276853560459167
3840,10,2,3,0,3.4783698669660517,-0.5341436184239221,1.4124577368676163
3841,10,2,3,0,3.6514437129633635,-0.2626141625914151,1.7593764998238655
3842,10,2,3,0,3.5563327689723785,-1.1688769120094449,1.2926322656571578
3843,10,2,3,0,3.7294066149696903,-1.2136625445181473,1.4858955416107897
3844,10,2,3,0,2.3359164331664672,-0.03465945382785307,1.2850316151790722
3845,10,1,4,0,4.551942332639591,0.0,0.9103884665279182
3846,10,1,4,0,4.392016076555027,0.0,1.8035145777608257
3847,10,1,4,0,4.392016076555027,0.0,1.6886500919478031
3848,10,1,4,0,2.364806703981259,-0.6588665279145296,0.22612246436474948
3849,10,1,4,0,2.364806703981259,-1.4070158605734093,0.07649259783297353
3850,10,0,5,0,2.2215798436967056,-2.1704362328583215,-0.012977451072612922
3851,10,0,5,0,2.2215798436967056,-2.1704362328583215,0.00178453200497799
3852,10,1,4,0,3.958420896248601,0.0,1.6518292732752378
3853,10,3,2,0,3.958420896248601,0.0,1.9333193539640185
3854,10,1,4,0,3.958420896248601,0.0,1.6518292732752378
3855,10,0,5,0,1.9312115236748326,-1.9987304564941688,0.06920705179615894
3856,10,0,4,1,1.9312115236748326,-2.7094289423761424,-0.06249997966057279
3857,10,0,5,0,1.9312115236748326,-1.9987304564941688,0.06920705179615894
3858,10,0,5,0,1.7004776842996208,-1.1992174099046906,0.20470252237620698
3859,10,0,4,1,0.0,-3.728682431816072,-1.3551575905182047
3860,10,0,4,1,0.14180952045037287,-3.0693584632238213,-0.7702661727378931
3861,10,1,4,0,2.660965020368458,-2.270528942380718,0.5072818564984047
3862,10,0,5,0,0.7933562573102364,-1.734201809717728,0.08924141757809352
3863,10,0,5,0,1.07167317200744,-1.734201809717728,0.18483677538203694
3864,10,0,5,0,1.5889586116921066,-1.3590158504787127,0.452916771729938
3865,10,1,4,0,2.5940697592064623,-0.35390470296435694,1.2570056897414226
3866,10,0,5,0,1.07167317200744,-1.734201809717728,0.18483677538203694
3867,10,1,4,0,2.5940697592064623,-0.35390470296435694,1.2570056897414226
3868,10,0,5,0,1.5889586116921066,-1.3590158504787127,0.452916771729938
3869,10,2,3,0,3.680303352365346,0.0,1.9965954070184175
3870,10,2,3,0,3.680303352365346,0.0,1.8523472828414227
3871,10,3,2,0,3.6542170719259524,0.0,2.0550125191573088
3872,10,3,2,0,3.6542170719259524,0.0,2.0523132996556788
3873,10,1,4,0,2.4766025755096663,-0.7496888013583565,1.0206724664636688
3874,10,2,3,0,2.744463445611249,-0.5300408863173516,1.337135838840863
3875,10,3,2,0,3.6542170719259524,0.0,2.0523132996556788
3876,10,3,2,0,3.6542170719259524,0.0,2.0550125191573088
3877,10,2,3,0,2.744463445611249,-0.5300408863173516,1.337135838840863
3878,10,1,4,0,2.4766025755096663,-0.7496888013583565,1.0206724664636688
3879,10,0,1,4,0.0,-5.825113638488503,-3.4636375844804705
3880,10,0,2,3,0.0,-4.403878343412156,-2.7884709525950577
3881,10,0,5,0,1.5141901769594242,-0.933435590757199,0.2788706191495741
3882,10,0,5,0,2.0909915754935575,-0.933435590757199,0.4418071263915614
3883,10,0,2,3,0.0,-4.403878343412156,-2.7884709525950577
3884,10,0,1,4,0.0,-5.825113638488503,-3.4636375844804705
3885,10,0,5,0,2.0909915754935575,-0.933435590757199,0.4418071263915614
3886,10,0,5,0,1.5141901769594242,-0.933435590757199,0.2788706191495741
3887,10,1,4,0,2.362547684764266,-0.933435590757199,0.6474855201166292
3888,10,1,4,0,2.46677861644368,-1.1952387654167183,0.5261920092761173
3889,10,1,4,0,2.46677861644368,-1.1952387654167183,0.5261920092761173
3890,10,1,4,0,2.362547684764266,-0.933435590757199,0.6474855201166292
3891,10,4,1,0,5.424839102567056,0.0,3.57852211255788
3892,10,4,1,0,7.485837077511,0.0,4.713279996898768
3893,10,4,1,0,5.338653242101863,0.0,3.7553578679256376
3894,10,4,1,0,7.436556174739785,0.0,4.058747867399393
3895,10,0,5,0,0.3495094380480168,-0.3371909121673049,0.03753421728948823
3896,10,0,5,0,1.593822477641389,-0.10632284297988193,0.5265272580696063
3897,10,0,5,0,1.080911816121553,0.0,0.5407302376980873
3898,10,4,1,0,5.098322707761525,0.0,3.062099892229912
3899,10,0,4,1,0.0,-2.7301418464869123,-1.595718045667926
3900,10,0,5,0,0.0,-1.046441344890198,-0.5926287399684093
3901,10,1,4,0,3.2529393082278553,-0.3371909121673049,0.9267091300287695
3902,10,1,4,0,3.2529393082278553,-0.3609628080714451,0.7169220648389192
3903,10,2,3,0,3.8556367267559146,0.0,1.3885241809334787
3904,10,4,1,0,6.62306211558478,0.0,3.409899634340861
3905,10,0,4,1,1.3446669152521267,-2.941838893520295,-0.8990349975176286
3906,10,0,5,0,2.3128208063175393,-1.9779362643340122,-0.19253216435655104
3907,10,3,2,0,4.3341656699929665,0.0,2.1372599131676027
3908,10,4,1,0,5.922694785734315,0.0,4.008428629965493
3909,10,1,4,0,3.379394923985963,0.0,1.2215001489404984
3910,10,2,3,0,3.379394923985963,0.0,1.7305469471939006
3911,10,4,1,0,6.218962494750869,0.0,3.5822311527940895
3912,10,2,3,0,3.5283382176819558,0.0,1.7371610746076918
3913,10,0,5,0,2.043445173853094,-1.3255728000870093,0.14501078769876158
3914,10,0,5,0,1.779602082437087,-1.5851646296238862,0.0019565942572086215
3915,10,1,4,0,2.5356143096385146,0.0,1.6947736793675445
3916,10,1,4,0,3.8477613837332925,0.0,1.6855402922150404
3917,10,4,1,0,4.662783347414521,0.0,2.7225275238346702
3918,10,4,1,0,4.520525078301766,0.0,2.7067966592162804
3919,10,1,4,0,2.969972175861571,0.0,1.7195683915822038
3920,10,1,4,0,2.6917779628567686,0.0,1.5641830484937884
3921,10,2,3,0,2.969972175861571,0.0,1.8896201962085997
3922,10,2,3,0,3.5411573406592822,0.0,1.9952968113202842
3923,10,4,1,0,5.393709313905429,0.0,3.4209795786355555
3924,10,4,1,0,5.312147074094778,0.0,3.4653057370480744
3925,10,4,1,0,5.208391493326378,0.0,3.348457100949523
3926,10,3,2,0,4.272640850260316,0.0,2.820624884445028
3927,10,2,3,0,3.854315225918917,0.0,2.0792655701369718
3928,10,1,4,0,2.6548730051627913,0.0,1.5005072764137375
3929,10,1,4,0,2.6548730051627913,0.0,1.6488085874917915
3930,10,0,5,0,0.6677655563480158,-1.0924191747119991,-0.3935298769287776
3931,10,0,5,0,0.8905488575840046,-0.64550404265621,0.05765943006555432
3932,10,0,1,4,0.0,-5.434797257147089,-3.1142308984227496
3933,10,0,1,4,0.0,-6.23832841414729,-3.931728795351403
3934,10,0,5,0,1.2646061153696344,-1.2297754921926476,-0.20191258543698892
3935,10,0,5,0,2.2638706902081367,-0.7828603601368584,0.4699116135859839
3936,10,0,2,3,0.0,-4.483748875220357,-2.4078581533882684
3937,10,0,1,4,0.0,-5.603595120561767,-3.4303940274162263
3938,10,0,4,1,0.0,-3.373343604387909,-1.7574755214871858
3939,10,0,5,0,0.0,-1.0857711225224413,-0.6032489703722718
3940,10,0,5,0,1.2413347386346913,-1.7528262490754933,-0.19140551229047986
3941,10,0,5,0,0.9450830072588268,-1.4742914953534374,-0.45589429352004274
3942,10,0,5,0,1.8169555581523475,-1.2297754921926476,-0.03198658221181603
3943,10,0,5,0,1.7115212474254236,-0.7828603601368584,0.3535592023899333
3944,10,0,2,3,0.0,-4.582204485055552,-2.6037348276908054
3945,10,0,2,3,0.0,-5.505139510726572,-3.2154239704727914
3946,10,0,5,0,1.114680688403805,-0.64550404265621,0.42672143457347217
3947,10,0,1,4,0.0,-5.216937778641075,-2.8058098625624304
3948,10,0,1,4,0.0,-6.456187892653304,-3.622536982443721
3949,10,0,4,1,0.0,-2.44244538641885,-1.1286730914266592
3950,10,0,5,0,0.9774916472186845,-2.0166693404915,-0.30073567047757166
3951,10,0,5,0,0.36792591038511446,-0.8219280311064345,-0.1755656964807301
3952,10,0,4,1,0.0,-2.405189713322496,-0.7663436078761194
3953,10,4,1,0,8.212133194088977,0.0,4.632432289991913
3954,10,4,1,0,6.454021791051225,0.0,3.5070168795917476
3955,10,4,1,0,7.623946792493534,0.0,4.24899882533143
3956,10,4,1,0,7.623946792493534,0.0,4.737991866111548
3957,10,4,1,0,6.831388872364009,0.0,3.87777591127171
3958,10,4,1,0,7.454021791051225,0.0,4.618498355244909
3959,10,3,2,0,6.17155845086036,0.0,2.9804538034480594
3960,10,4,1,0,6.32801390613912,0.0,3.334184360518254
3961,10,4,1,0,5.506833484239841,0.0,3.7079526087195864
3962,10,4,1,0,5.047401865602545,0.0,3.407577341125176
3963,10,4,1,0,6.11659937596157,0.0,4.264072811777652
3964,10,4,1,0,4.740655968857141,0.0,3.063562899058342
3965,10,3,2,0,3.7649579759498266,0.0,2.3299700314480125
3966,10,3,2,0,4.921870983518687,0.0,2.786028981302657
3967,10,3,2,0,5.193675598980207,0.0,3.003087285148191
3968,10,3,2,0,4.644705544939605,0.0,2.598323863046088
3969,10,4,1,0,5.977684663309251,0.0,3.492401726337138
3970,10,4,1,0,5.320828060491035,0.0,3.504422053083368
3971,10,3,2,0,4.08974815631214,0.0,2.5298536946662438
3972,10,3,2,0,4.043432963399596,0.0,2.561688680333995
3973,10,3,2,0,3.6508015122913093,0.0,2.201484686215513
3974,10,2,3,0,2.9500322232305614,0.0,1.6133818588380435
3975,10,3,2,0,4.1502561780497835,0.0,2.5632834024851254
3976,10,4,1,0,5.065451405075731,0.0,3.0733757461951234
3977,10,4,1,0,4.398290248507376,0.0,2.8207871636381285
3978,10,4,1,0,6.0965610201372264,0.0,4.007165760471059
3979,10,3,2,0,4.831961262164565,0.0,2.5021834717912377
3980,10,3,2,0,4.0826237433293855,0.0,2.259329584760379
3981,10,4,1,0,5.494042315324702,0.0,3.7063171222203968
3982,10,4,1,0,5.494042315324702,0.0,3.3104075663148835
3983,10,4,1,0,5.227725325501606,0.0,3.888044813417623
3984,10,4,1,0,6.222270895409505,0.0,4.5744292091261105
3985,10,4,1,0,4.9797978120580275,0.0,3.3585680134164284
3986,10,3,2,0,4.230460293222848,0.0,2.9020911438141335
3987,10,4,1,0,5.952344156939226,0.0,3.592596799049205
3988,10,4,1,0,6.924386767904796,0.0,4.3040169751212805
3989,10,4,1,0,5.21677292792992,0.0,3.2745690274327175
3990,10,3,2,0,3.778220548192788,0.0,2.2643387898940843
3991,10,4,1,0,5.929841197996897,0.0,3.646895529556376
3992,10,4,1,0,6.946889726847125,0.0,4.34417864303323
3993,10,4,1,0,4.527558067027968,0.0,3.0075949384933187
3994,10,3,2,0,4.46743540909474,0.0,2.4585162819402475
3995,10,3,2,0,3.783706087276517,0.0,2.1603077194262044
3996,10,2,3,0,3.97438964888563,0.0,2.0439968326115383
3997,10,2,3,0,4.321450829059259,0.0,2.24473881698981
3998,10,3,2,0,4.8289969558229195,0.0,2.8324896631002887
3999,10,4,1,0,4.861555563459952,0.0,3.627274123452655
4000,10,4,1,0,5.724587461887584,0.0,3.818212453892847
4001,10,4,1,0,5.032667403538593,0.0,3.1296952357534567
4002,10,4,1,0,5.928057407923745,0.0,4.090062189250195
4003,10,4,1,0,5.018374386395447,0.0,3.0116567948322555
4004,10,4,1,0,4.666902015894063,0.0,2.8736422020616055
4005,10,4,1,0,6.153178372136555,0.0,3.9263215160367673
4006,10,4,1,0,6.153178372136555,0.0,3.6821776062239193
4007,10,3,2,0,5.158377278810871,0.0,3.365585000665818
4008,10,4,1,0,6.222270895409505,0.0,3.825957753038113
4009,10,4,1,0,5.166210936288909,0.0,3.254080106998714
4010,10,4,1,0,4.8147385657875255,0.0,3.011349459473127
4011,10,4,1,0,5.882996110248492,0.0,3.5900512666569937
4012,10,4,1,0,6.924386767904796,0.0,4.539519502385366
4013,10,4,1,0,5.403186052160802,0.0,3.4387782843054877
4014,10,4,1,0,4.362498820757466,0.0,3.126739502397335
4015,10,4,1,0,5.860493151306162,0.0,3.5298358412717605
4016,10,4,1,0,6.946889726847125,0.0,4.46516701440491
4017,10,4,1,0,4.71397119125885,0.0,3.2973084820869962
4018,10,4,1,0,5.051713681659418,0.0,3.247309433661473
4019,10,4,1,0,5.5097849490441355,0.0,3.567329734062608
4020,10,2,3,0,3.452051682366335,0.0,1.676166158352575
4021,10,3,2,0,4.931136450931739,0.0,2.9996039506337717
4022,10,4,1,0,6.3200338127468,0.0,4.316316558519535
4023,10,3,2,0,3.4269167875235027,0.0,2.0565343301825116
4024,10,4,1,0,6.357213621822847,0.0,4.393111198937473
4025,10,0,5,0,0.16035565836633836,-1.5682599530530403,-0.5686555842971408
4026,10,0,5,0,0.3874843692977059,-0.874782849577894,-0.007267875109005217
4027,10,3,2,0,4.023757346545121,0.0,2.110696504239827
4028,10,4,1,0,7.730535454446979,0.0,4.8868490220680805
4029,10,0,5,0,1.9930216689531335,-1.3216979816336831,0.08224679556028107
4030,10,0,5,0,1.511275582729187,-0.874782849577894,0.32227817082244814
4031,10,0,5,0,1.6725223669341638,-0.21917203498312432,0.6754706894809104
4032,10,0,5,0,2.266962954571653,0.0,1.1951268215266375
4033,10,4,1,0,5.4168520595324665,0.0,3.5157464632862947
4034,10,4,1,0,5.2553243165260675,0.0,3.334253394690253
4035,10,3,2,0,4.576106789327834,0.0,2.595620493340088
4036,10,4,1,0,7.571679726718973,0.0,4.866553839702467
4037,10,0,5,0,1.6580998304243408,-1.3216979816336831,0.3510458980140484
4038,10,1,4,0,2.4399368010089226,-0.874782849577894,0.7622237981195724
4039,10,2,3,0,4.417251061599828,0.0,2.0818289127361966
4040,10,4,1,0,7.571679726718973,0.0,4.792337908171867
4041,10,0,5,0,1.6580998304243408,-1.3216979816336831,-0.12490430559266556
4042,10,0,5,0,2.10501496248013,-1.0173573628752521,0.16402910808982227
4043,10,2,3,0,2.6251108064184194,-0.43086908201650687,1.2709326038066557
4044,10,2,3,0,3.219551394055909,0.0,1.6744124749665936
4045,10,4,1,0,5.910175671124822,0.0,3.4982457633612634
4046,10,4,1,0,5.392536195247285,0.0,3.2005764338794322
4047,10,1,4,0,3.1123074285641827,-0.326208089560005,1.429779943390549
4048,10,3,2,0,3.23644217034094,0.0,1.811271244328394
4049,10,3,2,0,6.342392197447079,0.0,3.904696118814575
4050,10,3,2,0,5.259808220806477,0.0,3.3775956379599323
4051,10,1,4,0,2.4923828319776113,-1.0369065754419786,1.1497804891538295
4052,10,3,2,0,3.651767920378166,-0.4424659878044892,1.6969234404063862
4053,10,4,1,0,5.927066447409853,0.0,3.949895828240514
4054,10,4,1,0,5.879732817393048,0.0,3.588446997700583
4055,10,4,1,0,6.153178372136555,0.0,3.6821776062239193
4056,10,4,1,0,6.153178372136555,0.0,3.9263215160367673
4057,10,4,1,0,6.222270895409505,0.0,3.825957753038113
4058,10,3,2,0,5.158377278810871,0.0,3.365585000665818
4059,10,4,1,0,4.8147385657875255,0.0,3.011349459473127
4060,10,4,1,0,5.166210936288909,0.0,3.254080106998714
4061,10,4,1,0,5.724587461887584,0.0,3.818212453892847
4062,10,4,1,0,4.861555563459952,0.0,3.627274123452655
4063,10,4,1,0,5.928057407923745,0.0,4.090062189250195
4064,10,4,1,0,5.032667403538593,0.0,3.1296952357534567
4065,10,4,1,0,4.666902015894063,0.0,2.8736422020616055
4066,10,4,1,0,5.018374386395447,0.0,3.0116567948322555
4067,10,4,1,0,5.494042315324702,0.0,3.3104075663148835
4068,10,4,1,0,5.494042315324702,0.0,3.7063171222203968
4069,10,4,1,0,6.222270895409505,0.0,4.5744292091261105
4070,10,4,1,0,5.227725325501606,0.0,3.888044813417623
4071,10,3,2,0,4.230460293222848,0.0,2.9020911438141335
4072,10,4,1,0,4.9797978120580275,0.0,3.3585680134164284
4073,10,4,1,0,5.065451405075731,0.0,3.0733757461951234
4074,10,3,2,0,4.1502561780497835,0.0,2.5632834024851254
4075,10,4,1,0,6.0965610201372264,0.0,4.007165760471059
4076,10,4,1,0,4.398290248507376,0.0,2.8207871636381285
4077,10,3,2,0,4.0826237433293855,0.0,2.259329584760379
4078,10,3,2,0,4.831961262164565,0.0,2.5021834717912377
4079,10,4,1,0,7.571679726718973,0.0,4.792337908171867
4080,10,2,3,0,4.417251061599828,0.0,2.0818289127361966
4081,10,0,5,0,2.10501496248013,-1.0173573628752521,0.16402910808982227
4082,10,0,5,0,1.6580998304243408,-1.3216979816336831,-0.12490430559266556
4083,10,4,1,0,7.571679726718973,0.0,4.866553839702467
4084,10,3,2,0,4.576106789327834,0.0,2.595620493340088
4085,10,1,4,0,2.4399368010089226,-0.874782849577894,0.7622237981195724
4086,10,0,5,0,1.6580998304243408,-1.3216979816336831,0.3510458980140484
4087,10,4,1,0,5.392536195247285,0.0,3.2005764338794322
4088,10,4,1,0,5.910175671124822,0.0,3.4982457633612634
4089,10,2,3,0,3.219551394055909,0.0,1.6744124749665936
4090,10,2,3,0,2.6251108064184194,-0.43086908201650687,1.2709326038066557
4091,10,4,1,0,7.730535454446979,0.0,4.8868490220680805
4092,10,3,2,0,4.023757346545121,0.0,2.110696504239827
4093,10,0,5,0,1.511275582729187,-0.874782849577894,0.32227817082244814
4094,10,0,5,0,1.9930216689531335,-1.3216979816336831,0.08224679556028107
4095,10,4,1,0,6.357213621822847,0.0,4.393111198937473
4096,10,3,2,0,3.4269167875235027,0.0,2.0565343301825116
4097,10,0,5,0,0.3874843692977059,-0.874782849577894,-0.007267875109005217
4098,10,0,5,0,0.16035565836633836,-1.5682599530530403,-0.5686555842971408
4099,10,4,1,0,5.2553243165260675,0.0,3.334253394690253
4100,10,4,1,0,5.4168520595324665,0.0,3.5157464632862947
4101,10,0,5,0,2.266962954571653,0.0,1.1951268215266375
4102,10,0,5,0,1.6725223669341638,-0.21917203498312432,0.6754706894809104
4103,10,4,1,0,4.503708041248377,0.0,2.769479491356037
4104,10,4,1,0,4.9387122672404296,0.0,3.1722462825757822
4105,10,2,3,0,2.9325661567073453,0.0,1.8454354404460211
4106,10,3,2,0,4.396951847068831,0.0,2.6835406077884665
4107,10,3,2,0,5.100548600269995,0.0,2.9449204130356237
4108,10,4,1,0,6.312034099864562,0.0,3.479845212803718
4109,10,2,3,0,4.611274132511056,0.0,2.114196220950597
4110,10,4,1,0,5.146998604592806,0.0,3.2055898057747845
4111,10,4,1,0,5.425876080179275,0.0,3.606249709094409
4112,10,4,1,0,4.784472885114038,0.0,2.9758346494461945
4113,10,3,2,0,3.8996689710946413,0.0,2.175272782833793
4114,10,4,1,0,6.080320379130011,0.0,3.9910162558363167
4115,10,4,1,0,5.6528980430527085,0.0,3.2229589608404288
4116,10,4,1,0,5.7596846570818485,0.0,3.5600822296675916
4117,10,3,2,0,3.6826129142313206,0.0,2.173126398156917
4118,10,4,1,0,6.075659822872542,0.0,3.4543739177870223
4119,10,4,1,0,5.147013644886382,0.0,3.3884523508109474
4120,10,4,1,0,5.806149701698235,0.0,3.857733628186459
4121,10,3,2,0,2.9847294853056603,0.0,1.9573241404107733
4122,10,4,1,0,5.41140792241562,0.0,3.382953149706121
4123,10,4,1,0,6.118099278452288,0.0,3.8334011571676436
4124,10,4,1,0,5.632815285304332,0.0,3.644458267372179
4125,10,1,4,0,3.8996689710946413,0.0,1.7894616166562507
4126,10,4,1,0,6.224937577598354,0.0,4.046677259511524
4127,10,4,1,0,6.7425077793192685,0.0,4.349964792687714
4128,10,4,1,0,5.630798738393299,0.0,3.5813849019316173
4129,10,2,3,0,4.457595372689177,0.0,2.475307236811967
4130,10,4,1,0,6.0733022799614815,0.0,3.9454432975558893
4131,10,4,1,0,6.046124488430525,0.0,3.8221541616760897
4132,10,3,2,0,4.0422696226519506,0.0,2.3662620372134606
4133,10,4,1,0,6.693226876548053,0.0,4.203994080438077
4134,10,4,1,0,5.806149701698235,0.0,3.857733628186459
4135,10,4,1,0,5.147013644886382,0.0,3.3884523508109474
4136,10,4,1,0,5.41140792241562,0.0,3.382953149706121
4137,10,3,2,0,2.9847294853056603,0.0,1.9573241404107733
4138,10,4,1,0,5.7596846570818485,0.0,3.5600822296675916
4139,10,4,1,0,5.6528980430527085,0.0,3.2229589608404288
4140,10,4,1,0,6.075659822872542,0.0,3.4543739177870223
4141,10,3,2,0,3.6826129142313206,0.0,2.173126398156917
4142,10,4,1,0,6.224937577598354,0.0,4.046677259511524
4143,10,1,4,0,3.8996689710946413,0.0,1.7894616166562507
4144,10,4,1,0,5.632815285304332,0.0,3.644458267372179
4145,10,4,1,0,6.118099278452288,0.0,3.8334011571676436
4146,10,4,1,0,6.312034099864562,0.0,3.479845212803718
4147,10,3,2,0,5.100548600269995,0.0,2.9449204130356237
4148,10,4,1,0,5.146998604592806,0.0,3.2055898057747845
4149,10,2,3,0,4.611274132511056,0.0,2.114196220950597
4150,10,4,1,0,4.9387122672404296,0.0,3.1722462825757822
4151,10,4,1,0,4.503708041248377,0.0,2.769479491356037
4152,10,3,2,0,4.396951847068831,0.0,2.6835406077884665
4153,10,2,3,0,2.9325661567073453,0.0,1.8454354404460211
4154,10,4,1,0,6.080320379130011,0.0,3.9910162558363167
4155,10,3,2,0,3.8996689710946413,0.0,2.175272782833793
4156,10,4,1,0,4.784472885114038,0.0,2.9758346494461945
4157,10,4,1,0,5.425876080179275,0.0,3.606249709094409
4158,10,3,2,0,4.0422696226519506,0.0,2.3662620372134606
4159,10,4,1,0,6.122583182732697,0.0,4.223138069951492
4160,10,4,1,0,6.7425077793192685,0.0,4.349964792687714
4161,10,0,5,0,0.0,-2.0402526913407506,-0.778404161220567
4162,10,0,5,0,1.3723724861563227,-0.7741985003651806,0.17171642887017882
4163,10,0,5,0,1.7691338377665211,-0.9920579788711947,0.06535710631462095
4164,10,0,5,0,2.2546784680865066,-1.8223932128347364,-0.42287889940191264
4165,10,0,5,0,2.230389888345723,-1.639603993970038,-0.2810988346659258
4166,10,1,4,0,2.57954094386281,-0.5914092815004821,0.3979570819521861
4167,10,1,4,0,3.757267907013752,-0.0410095969444626,0.7953332937258082
4168,10,0,5,0,2.201891439288687,-1.1876599192492137,-0.16434994926797727
4169,10,0,5,0,2.201891439288687,-1.1876599192492137,-0.16434994926797727
4170,10,1,4,0,3.757267907013752,-0.0410095969444626,0.7953332937258082
4171,10,1,4,0,2.57954094386281,-0.5914092815004821,0.3979570819521861
4172,10,0,5,0,2.230389888345723,-1.639603993970038,-0.2810988346659258
4173,10,0,5,0,2.2546784680865066,-1.8223932128347364,-0.42287889940191264
4174,10,0,5,0,1.7691338377665211,-0.9920579788711947,0.06535710631462095
4175,10,0,5,0,1.3723724861563227,-0.7741985003651806,0.17171642887017882
4176,10,0,5,0,0.0,-2.0402526913407506,-0.778404161220567
4177,10,0,5,0,1.5330945361668924,0.0,0.5184364816082855
4178,10,0,5,0,0.3133242063088879,-1.3461786828661069,-0.4272110762692293
4179,10,0,5,0,1.1263870809463121,-0.15092644078428563,0.34167785848868776
4180,10,0,5,0,1.26839400424425,-0.04582447518032495,0.4479024055882427
4181,10,0,2,3,0.0,-3.9963845695716707,-2.4078645637713776
4182,10,0,2,3,0.0,-3.9963845695716707,-2.258234697239602
4183,10,0,3,2,0.0,-3.530113239527946,-2.199909028659628
4184,10,0,3,2,0.0,-3.247927513443585,-1.6839127249883952
4185,10,0,5,0,1.394499056006893,-1.0917411480124457,0.3143821020794043
4186,10,0,5,0,2.1538588336238966,-0.04522015586288575,0.9793021670795184
4187,10,0,5,0,0.0,-0.8673588517120621,-0.3536135499149921
4188,10,0,5,0,1.1421898402227413,-0.1720526464684582,0.2924336228238708
4189,10,0,5,0,0.0,-0.8673588517120621,-0.3536135499149921
4190,10,3,2,0,3.2454656103523725,0.0,2.208751196978054
4191,10,3,2,0,2.8176515332541,0.0,1.8664999352994365
4192,10,0,5,0,1.9483594375008906,0.0,1.4048922260083792
4193,10,0,5,0,0.9555046292412577,0.0,0.49012952393883824
4194,10,3,2,0,2.8176515332541,0.0,1.8664999352994365
4195,10,3,2,0,3.2454656103523725,0.0,2.208751196978054
4196,10,0,5,0,1.9483594375008906,0.0,1.4048922260083792
4197,10,0,2,3,0.0,-4.213179817502905,-2.657861755558023
4198,10,0,2,3,0.0,-4.213179817502905,-2.498685197705798
4199,10,0,5,0,1.0768830899768993,-1.0304147729739697,-0.16259761175189524
4200,10,0,5,0,1.9209041230044548,-1.7411132588559433,0.049617786189642035
4201,10,0,2,3,0.0,-4.213179817502905,-2.498685197705798
4202,10,0,2,3,0.0,-4.213179817502905,-2.657861755558023
4203,10,0,5,0,1.9209041230044548,-1.7411132588559433,0.049617786189642035
4204,10,0,5,0,1.0768830899768993,-1.0304147729739697,-0.16259761175189524
4205,10,0,5,0,1.7285770513618033,0.0,1.1633222324000976
4206,10,3,2,0,2.8056856561038046,0.0,1.8527771239294162
4207,10,3,2,0,2.8056856561038046,0.0,1.8527771239294162
4208,10,0,5,0,1.7285770513618033,0.0,1.1633222324000976
4209,10,3,2,0,4.112466638026099,0.0,2.4816051883724777
4210,10,4,1,0,5.982798993134033,0.0,3.9631090893812333
4211,10,0,5,0,0.7076276603101164,-1.9363033755148393,-1.0202564932468803
4212,10,0,5,0,0.7076276603101164,-1.1881540428559596,-0.5713668936515525
4213,10,0,5,0,0.24080127242940108,-2.08292420023308,-0.8575124405626291
4214,10,4,1,0,5.927089560547749,0.0,3.7415694412997653
4215,10,0,2,3,0.0,-3.2887263759212537,-2.0639395175709163
4216,10,0,5,0,1.9514297327159902,-0.08513452541393463,0.38406947702191657
4217,10,1,4,0,4.458476876392631,0.0,1.7764089186292593
4218,10,1,4,0,4.458476876392631,0.0,1.9260387851610354
4219,10,1,4,0,2.5946249562318116,-0.3185068956334156,0.4875495854064148
4220,10,1,4,0,2.865081789699495,-0.048050062165732044,0.7039150521805617
4221,10,4,1,0,5.378621714828498,0.0,3.4972760094724515
4222,10,4,1,0,5.378621714828498,0.0,3.231236968333145
4223,10,4,1,0,3.658963082164931,0.0,2.8972544376087526
4224,10,4,1,0,4.978991423756046,0.0,3.5629959810807508
4225,10,4,1,0,3.34840710178149,0.0,2.372022036131265
4226,10,4,1,0,5.618932563527384,0.0,4.172132092980596
4227,10,4,1,0,4.304103932551413,0.0,3.051883617413882
4228,10,4,1,0,4.620457156970847,0.0,3.113853385878708
4229,10,4,1,0,4.829728468814864,0.0,3.160385971260689
4230,10,4,1,0,4.829728468814864,0.0,3.021484167578629
4231,10,4,1,0,4.964376090269273,0.0,3.926822861014635
4232,10,4,1,0,4.014552608978988,0.0,2.8738661462642887
4233,10,4,1,0,4.773445993217834,0.0,3.51205314928034
4234,10,4,1,0,4.6710122609559726,0.0,3.3572282574571175
4235,10,4,1,0,4.4360325858334235,0.0,3.0825834718386993
4236,10,0,5,0,1.2081859288381729,-0.962866618609862,-0.04080241196034606
4237,10,4,1,0,5.960471635813359,0.0,3.7106783493228903
4238,10,0,2,3,0.0,-2.9774625269455335,-1.828776683237902
4239,10,0,5,0,1.5989308726990856,-0.6006005908285488,0.3496800006830071
4240,10,1,4,0,3.002754812830336,0.0,1.2383986910503055
4241,10,4,1,0,6.409482678533259,0.0,3.5818468246601953
4242,10,0,5,0,2.289363918396834,-0.35917858785069967,0.6591953245873384
4243,10,1,4,0,2.7981188622980433,0.0,1.0008606424001676
4244,10,0,5,0,1.2081859288381729,-1.6735651044918356,-0.16015408293215785
4245,10,4,1,0,5.960471635813359,0.0,4.02360864160044
4246,10,0,4,1,0.0,-2.9774625269455335,-1.6293357968707127
4247,10,0,5,0,1.5989308726990856,-0.6006005908285488,0.6797981616664728
4248,10,1,4,0,3.002754812830336,-0.32800726321957185,1.224728131836308
4249,10,4,1,0,6.409482678533259,0.0,4.000458228695559
4250,10,0,5,0,2.289363918396834,-0.35917858785069967,0.5938566872792002
4251,10,1,4,0,2.7981188622980433,0.0,1.066199279708306
4252,10,0,5,0,0.0,-2.08292420023308,-0.8526739685809801
4253,10,0,5,0,1.877603368640269,0.0,1.23219385056816
4254,10,4,1,0,5.771020883341542,0.0,4.017120748518606
4255,10,4,1,0,5.86805085374516,0.0,4.239863375589614
4256,10,3,2,0,3.0883346296453773,0.0,1.9902097337037261
4257,10,2,3,0,2.5389680890722346,0.0,1.5787129645536502
4258,10,4,1,0,5.806437818828648,0.0,4.048422542180413
4259,10,4,1,0,5.325748360136952,0.0,3.8435911133641896
4260,10,4,1,0,4.964376090269273,0.0,3.926822861014635
4261,10,4,1,0,4.085713637900231,0.0,2.8483737523960984
4262,10,4,1,0,3.658963082164931,0.0,2.8972544376087526
4263,10,4,1,0,5.960471635813359,0.0,4.02360864160044
4264,10,0,5,0,1.2081859288381729,-1.6735651044918356,-0.16015408293215785
4265,10,0,5,0,1.5989308726990856,-0.6006005908285488,0.6797981616664728
4266,10,0,4,1,0.0,-2.9774625269455335,-1.6293357968707127
4267,10,4,1,0,5.960471635813359,0.0,3.7106783493228903
4268,10,0,5,0,1.2081859288381729,-0.962866618609862,-0.04080241196034606
4269,10,0,5,0,1.5989308726990856,-0.6006005908285488,0.3496800006830071
4270,10,0,2,3,0.0,-2.9774625269455335,-1.828776683237902
4271,10,4,1,0,5.86805085374516,0.0,4.239863375589614
4272,10,4,1,0,5.771020883341542,0.0,4.017120748518606
4273,10,0,5,0,1.877603368640269,0.0,1.23219385056816
4274,10,0,5,0,0.0,-2.08292420023308,-0.8526739685809801
4275,10,4,1,0,4.125603518633415,0.0,2.4792479150454385
4276,10,4,1,0,4.877105205957498,0.0,3.0925254697184092
4277,10,0,5,0,1.4575906964421925,-0.9551109329154812,0.21884794262925453
4278,10,4,1,0,4.695919243390172,0.0,2.8682786596355214
4279,10,4,1,0,3.0804770432643735,0.0,2.0423587884326624
4280,10,4,1,0,3.830045911670908,0.0,2.482582507026335
4281,10,4,1,0,4.462409318437192,0.0,2.948489046119223
4282,10,3,2,0,4.125603518633415,0.0,2.5637325119574377
4283,10,4,1,0,4.877105205957498,0.0,3.301874389354827
4284,10,0,5,0,1.4575906964421925,-0.45650871699750795,0.5298948230520416
4285,10,4,1,0,4.695919243390172,0.0,3.221525931194293
4286,10,4,1,0,3.3815744905639598,0.0,2.6450401029912505
4287,10,4,1,0,4.131143358970494,0.0,3.0389873292406158
4288,10,4,1,0,4.161311871137606,0.0,3.103106325294445
4289,10,4,1,0,3.5442613335909527,0.0,2.610559284347082
4290,10,4,1,0,4.989062634224947,0.0,3.6469298423179963
4291,10,0,5,0,1.7924357477696127,0.0,1.2351268786375271
4292,10,4,1,0,5.682885196316601,0.0,4.459002675205641
4293,10,4,1,0,4.716777848287833,0.0,3.060659881770234
4294,10,4,1,0,5.425998451971132,0.0,3.8226821918342866
4295,10,4,1,0,4.786117052361746,0.0,2.9901415303661585
4296,10,3,2,0,3.852531590087807,0.0,2.484610662298599
4297,10,4,1,0,3.3815744905639598,0.0,2.6450401029912505
4298,10,3,2,0,4.716777848287833,0.0,2.7456298503760026
4299,10,4,1,0,5.425998451971132,0.0,3.6325164831644727
4300,10,4,1,0,4.786117052361746,0.0,2.901673782482715
4301,10,4,1,0,3.852531590087807,0.0,2.4383433055511397
4302,10,4,1,0,3.0804770432643735,0.0,2.0423587884326624
4303,10,4,1,0,5.572762382094464,0.0,4.3883152491222095
4304,10,2,3,0,2.652053966054936,0.0,1.7773229077819876
4305,10,4,1,0,5.06160118178342,0.0,3.850459225848573
4306,10,4,1,0,5.4804462359935116,0.0,4.14209638097485
4307,10,0,3,2,0.1394223558749701,-2.528017971435599,-1.335196325239511
4308,10,1,4,0,2.4236150133968337,-0.9545237997957088,0.40131992665922595
4309,10,2,3,0,3.3008651927547383,-0.07727362043780417,1.3576740739782367
4310,10,2,3,0,2.860135823856197,-0.7633068972290324,0.7896707890723285
4311,10,0,3,2,0.8187365867238938,-3.2387164573175724,-1.103854794407256
4312,10,1,4,0,2.4236150133968337,-0.9545237997957088,0.3746272844171926
4313,10,2,3,0,3.3008651927547383,-0.07727362043780417,1.3377816848458246
4314,10,2,3,0,3.0969957168369433,-0.05260841134705885,1.1213221620212672
4315,10,0,5,0,1.176200593182319,-1.0606204337730318,0.35140393810275017
4316,10,3,2,0,5.13718821503031,0.0,2.6587189493211794
4317,10,0,5,0,1.82936243087439,-0.3690981223822014,0.6245909431438719
4318,10,1,4,0,2.539904749563398,0.0,1.20470266608845
4319,10,4,1,0,3.8658861932129156,0.0,2.6829117193175294
4320,10,1,4,0,3.6382678800728883,-0.14282853126453787,0.9594341648149068
4321,10,4,1,0,3.940868290151233,0.0,2.62999258527471
4322,10,0,5,0,1.82936243087439,0.0,0.9062913451579504
4323,10,1,4,0,2.384246380520743,0.0,1.5040917065928299
4324,10,2,3,0,3.6382678800728883,0.0,1.585424880052105
4325,10,4,1,0,3.424593825802514,0.0,2.4246154156447752
4326,10,1,4,0,3.652298723672377,0.0,1.2187585274016044
4327,10,1,4,0,3.0133237379380233,0.0,1.4951722964507546
4328,10,4,1,0,6.495673361579261,0.0,4.287246886100164
4329,10,2,3,0,2.60140677116852,0.0,1.3735124038802895
4330,10,3,2,0,4.256400313446214,0.0,2.449694349934056
4331,10,4,1,0,3.52515090695103,0.0,2.382609495583176
4332,10,4,1,0,5.422515994741225,0.0,3.7327751802196936
4333,10,4,1,0,3.9385198517801783,0.0,2.5698756906363465
4334,10,3,2,0,4.383859473812748,0.0,2.55413924346387
4335,10,0,5,0,1.5400262319075004,0.0,0.48885095386540345
4336,10,1,4,0,3.309790429644817,0.0,1.495453258755108
4337,10,4,1,0,5.10179738736899,0.0,3.1849838739779726
4338,10,4,1,0,5.359498348899741,0.0,3.1441820078100116
4339,10,2,3,0,3.7257738647625978,0.0,1.726604323188014
4340,10,4,1,0,6.495673361579261,0.0,4.240500486384846
4341,10,2,3,0,2.60140677116852,0.0,1.1183363058531248
4342,10,2,3,0,4.256400313446214,0.0,2.2883767444782044
4343,10,3,2,0,4.906003874596653,0.0,2.634095279793719
4344,10,4,1,0,5.422515994741225,0.0,3.70608253797766
4345,10,2,3,0,4.21488613554547,0.0,2.3838476871052507
4346,10,2,3,0,4.453233662527801,0.0,2.4619697325040875
4347,10,1,4,0,2.765933948695018,-0.6854816019209764,0.6862768841550497
4348,10,2,3,0,4.535698146432335,0.0,1.9886820137820493
4349,10,4,1,0,5.10179738736899,0.0,3.0870214735614807
4350,10,4,1,0,5.359498348899741,0.0,3.3420224321308147
4351,10,0,3,2,0.42055891275656876,-3.1072332233250215,-1.074669724227381
4352,10,2,3,0,4.989320695554472,0.0,2.5932969145308755
4353,10,4,1,0,6.122214966051818,0.0,3.43634931326051
4354,10,2,3,0,4.298017452623341,0.0,2.2510863482932537
4355,10,4,1,0,4.09080009705465,0.0,3.1316874705790894
4356,10,4,1,0,4.200922911276788,0.0,3.1289930957905474
4357,10,3,2,0,3.985734418424588,0.0,2.3005425986516874
4358,10,4,1,0,4.94814256522265,0.0,3.1644854690790702
4359,10,0,5,0,2.1477623352383617,-0.3072315836806574,1.1132555934010824
4360,10,0,5,0,1.5893583872890673,-1.0443623702570797,0.4943161385892857
4361,10,4,1,0,4.410237104671332,0.0,3.168723539918754
4362,10,4,1,0,4.306726554123681,0.0,3.1860829226034966
4363,10,3,2,0,3.8862724727625277,0.0,2.0747708292159084
4364,10,4,1,0,5.185002458203396,0.0,2.9115350440403036
4365,10,1,4,0,3.202275962674598,0.0,1.5576923219693761
4366,10,0,5,0,1.298575713002819,-0.4096290766715569,0.566640158529561
4367,10,4,1,0,5.197211243559117,0.0,3.0350090416753175
4368,10,4,1,0,5.450198338859259,0.0,3.54872659488056
4369,10,3,2,0,3.869467055938834,0.0,2.2600637103997636
4370,10,1,4,0,2.3339506231365768,0.0,1.269040006004748
4371,10,3,2,0,5.338237833872753,0.0,3.0543111753396004
4372,10,4,1,0,4.359036736250648,0.0,2.9207311842858603
4373,10,3,2,0,3.5750196974735786,0.0,2.0326179849026973
4374,10,3,2,0,4.421748857865325,0.0,2.7868448419069503
4375,10,4,1,0,4.4367660387787495,0.0,2.6049697045555327
4376,10,2,3,0,3.588978963515114,0.0,2.0027333206596545
4377,10,3,2,0,4.270046829151916,0.0,2.5600072455365925
4378,10,4,1,0,5.7859018123912875,0.0,3.7916632270609414
4379,10,4,1,0,6.09390791954781,0.0,3.284464346090137
4380,10,4,1,0,4.520359918893469,0.0,3.003591544849018
4381,10,2,3,0,3.985734418424588,0.0,2.079605110095245
4382,10,1,4,0,4.94814256522265,0.0,2.112180095655494
4383,10,0,5,0,2.1477623352383617,0.0,1.0941261545587486
4384,10,0,5,0,1.1927720701559252,-0.3111734668363617,0.3498250644598386
4385,10,4,1,0,6.09390791954781,0.0,3.2373557284826155
4386,10,4,1,0,4.306726554123681,0.0,2.976536684714781
4387,10,2,3,0,4.292095577278783,0.0,2.327694876664419
4388,10,2,3,0,5.185002458203396,0.0,2.333091206621681
4389,10,0,5,0,2.2535659780852555,-0.08937210517464322,0.7601585378959171
4390,10,0,5,0,1.298575713002819,-1.2622218487630938,0.189879048494344
4391,10,3,2,0,5.85057148378575,0.0,3.6450729901919106
4392,10,4,1,0,6.249702592155231,0.0,3.3274226585300197
4393,10,2,3,0,5.132279730420329,0.0,2.5542434159112313
4394,10,2,3,0,3.5967632976180717,0.0,1.4305972934845457
4395,10,3,2,0,5.338237833872753,0.0,3.0276185330975673
4396,10,2,3,0,4.301996815574064,0.0,2.0626706571766937
4397,10,3,2,0,3.5750196974735786,0.0,2.0314093597080265
4398,10,4,1,0,4.421748857865325,0.0,2.6530137986806097
4399,10,2,3,0,4.4367660387787495,0.0,2.2427312734201843
4400,10,2,3,0,3.8658108647567424,0.0,2.0655209022311753
4401,10,2,3,0,3.8470709148409483,0.0,1.9149563626528021
4402,10,4,1,0,5.7859018123912875,0.0,3.57163835688402
4403,10,4,1,0,5.138121356961175,0.0,3.455759286238382
4404,10,4,1,0,5.815692269198994,0.0,3.8529202743162143
4405,10,4,1,0,4.419829603595755,0.0,2.9246886544699615
4406,10,2,3,0,2.8843131707934972,0.0,1.8283619574232097
4407,10,4,1,0,4.942772582625803,0.0,3.511833749754468
4408,10,4,1,0,4.667490745913799,0.0,2.703690970621178
4409,10,4,1,0,3.730848936150501,0.0,2.500176942780489
4410,10,4,1,0,4.784570191592486,0.0,3.351045139298988
4411,10,4,1,0,4.041300787531799,0.0,2.6587067367724244
4412,10,3,2,0,3.193513712268164,0.0,1.9511673602248103
4413,10,2,3,0,4.212564845180683,0.0,2.222243054466861
4414,10,4,1,0,6.151395742731022,0.0,3.906244474078013
4415,10,4,1,0,5.138121356961175,0.0,3.415813139632686
4416,10,4,1,0,6.05255216217974,0.0,4.14437363641358
4417,10,4,1,0,4.419829603595755,0.0,2.9638847434996016
4418,10,2,3,0,2.8843131707934972,0.0,1.7623046915212306
4419,10,4,1,0,4.843310636963743,0.0,3.491941360622056
4420,10,4,1,0,4.904350638894545,0.0,3.015198090191828
4421,10,4,1,0,4.007215219915793,0.0,2.608521126306198
4422,10,4,1,0,4.853944380307539,0.0,3.3541359678930776
4423,10,3,2,0,3.941838841869739,0.0,2.466988970904848
4424,10,3,2,0,3.0940517666061034,0.0,1.856140571591596
4425,10,3,2,0,4.449424738161429,0.0,2.344714893048785
4426,10,4,1,0,6.388255635711769,0.0,4.1254072898943
4427,10,2,3,0,5.101305530584533,0.0,2.7811114187603687
4428,10,2,3,0,3.625101344910025,-0.17964015627552143,1.5368850525525204
4429,10,2,3,0,4.514235812605687,0.0,2.4761365317259214
4430,10,4,1,0,5.660484231324933,0.0,3.35375302276724
4431,10,3,2,0,5.252643634370017,0.0,2.8954479923416505
4432,10,2,3,0,3.099809734659054,0.0,1.1731808725728805
4433,10,2,3,0,4.088331498601754,0.0,1.8811661371503363
4434,10,4,1,0,6.035160839580421,0.0,3.4625103836674334
4435,10,2,3,0,3.5180672765623484,0.0,1.8742879712351566
4436,10,2,3,0,3.1647665060994825,0.0,1.6856637078537973
4437,10,0,5,0,1.9648748312607047,-0.49011908765831436,0.795692572180181
4438,10,4,1,0,4.533921227763184,0.0,3.1267088252193473
4439,10,4,1,0,5.076197848722057,0.0,3.06960032912543
4440,10,3,2,0,3.418605330900288,0.0,1.8534874272646988
4441,10,1,4,0,3.4016263990802287,0.0,1.637684508280352
4442,10,0,5,0,2.0706784741075985,0.0,1.270107888053164
4443,10,0,5,0,1.8613612568447486,-0.1376262071158756,0.951817714399796
4444,10,3,2,0,3.824428435416543,-0.13199554580998907,1.9561253617793013
4445,10,1,4,0,3.4016263990802287,-1.100111484790201,0.9089545579278215
4446,10,0,5,0,2.0706784741075985,-0.6925451863932963,0.6353104305339201
4447,10,4,1,0,4.782973686103311,0.0,3.039199700690655
4448,10,2,3,0,3.403822048998837,0.0,1.8382545585730063
4449,10,2,3,0,3.4096416377354615,0.0,1.8494228619105706
4450,10,1,4,0,2.4600857142404955,0.0,1.2023340993016256
4451,10,3,2,0,4.284968086242223,0.0,2.805415388072775
4452,10,2,3,0,3.9620817561805204,0.0,2.1586460048018146
4453,10,2,3,0,3.1982799652196405,0.0,1.7127466749864588
4454,10,2,3,0,3.141832694412958,0.0,1.8215432535381886
4455,10,2,3,0,3.5977496766633372,0.0,2.064823368626468
4456,10,0,5,0,1.3078328667698358,-0.8830601453391935,0.18404973136693456
4457,10,2,3,0,3.2576968160781092,0.0,1.2193061517336155
4458,10,2,3,0,4.101687823476098,0.0,2.0079051862148605
4459,10,4,1,0,4.782973686103311,0.0,3.0193073115582427
4460,10,2,3,0,3.640681941979583,0.0,2.149761678143656
4461,10,2,3,0,3.4096416377354615,0.0,1.835911261112539
4462,10,1,4,0,2.4600857142404955,0.0,1.282680991074907
4463,10,4,1,0,4.284968086242223,0.0,2.8055767564136467
4464,10,4,1,0,4.1989416491612666,0.0,2.4902068818457486
4465,10,2,3,0,3.1982799652196405,0.0,1.7683831686844962
4466,10,2,3,0,3.141832694412958,0.0,1.9710382398075388
4467,10,2,3,0,3.4982877310012768,0.0,1.8203979129312196
4468,10,0,5,0,1.2083709211077753,-1.099008454251706,0.23542710040898102
4469,10,2,3,0,3.4945567090588554,0.0,1.2890703004878674
4470,10,2,3,0,4.338547716456844,0.0,2.3734721597064072
4471,10,2,3,0,4.573325699203629,0.0,2.180335854589887
4472,10,2,3,0,2.886200545838104,-0.9185409553474422,0.9480447099677434
4473,10,2,3,0,3.6979133350682787,0.0,1.6212957150860468
4474,10,2,3,0,2.9094981383141487,-0.7490993498020586,0.864159515404836
4475,10,0,5,0,1.34041909907571,-0.7803645888449893,0.4496188993819786
4476,10,2,3,0,2.9116625330539527,0.0,1.8757947905636214
4477,10,0,5,0,0.7460562015132659,-0.41367195725461414,0.23079343609885683
4478,10,0,5,0,1.3212054827806554,-0.24594219437757303,0.5858106241000478
4479,10,1,4,0,2.4477781219876498,0.0,1.568414665767029
4480,10,0,5,0,1.3466642093807053,0.0,0.8215294889588762
4481,10,0,5,0,2.1438357725736488,0.0,1.4583227406834034
4482,10,0,5,0,0.0,-2.079174372200761,-0.8567509706018029
4483,10,0,5,0,1.7887815373995188,0.0,1.3654555844330005
4484,10,0,5,0,0.8897781362795456,-0.4819959217699683,0.12772581854112844
4485,10,1,4,0,3.0678080352781585,0.0,1.3732491320398068
4486,10,0,5,0,1.420298304633512,-0.7539987913256496,0.3962847651460564
4487,10,1,4,0,3.918523725000931,0.0,1.0576491260941352
4488,10,2,3,0,2.60637043975845,0.0,1.6432227680182208
4489,10,0,5,0,1.0081739314457003,0.0,0.2801156861792805
4490,10,0,5,0,1.845144499006441,0.0,0.850614876598371
4491,10,2,3,0,4.847376144625944,0.0,1.9104964585820354
4492,10,0,5,0,1.6006174551637216,-0.11283669131970342,0.7939286918787971
4493,10,0,5,0,2.183933247237448,0.0,1.4549373009361553
4494,10,0,5,0,0.17163600977475113,-1.2255721767525607,-0.44554256042821905
4495,10,1,4,0,4.291429717764959,0.0,1.6646663349531523
4496,10,1,4,0,3.4678827622047663,0.0,1.2170633228868908
4497,10,0,5,0,1.6444091936941838,0.0,0.9536716341485324
4498,10,0,5,0,1.4276817085310647,0.0,0.6579270932638928
4499,10,1,4,0,2.60140677116852,-0.6360217859816402,0.685803684106596
4500,10,1,4,0,3.2288868208843553,0.0,1.477233824601123
4501,10,1,4,0,2.4357339884130695,0.0,1.3146499860511773
4502,10,4,1,0,4.303708564701196,0.0,2.885022923396709
4503,10,4,1,0,4.333053160760176,0.0,2.496462652873941
4504,10,1,4,0,2.4009958276425536,0.0,0.8451995101888962
4505,10,3,2,0,3.791772844039688,0.0,2.2977746115537867
4506,10,0,5,0,2.2159103299724485,0.0,1.351791222347861
4507,10,0,5,0,1.9797394675024655,0.0,1.2992300214874823
4508,10,3,2,0,3.0405205404094886,0.0,1.8814195855179663
4509,10,0,5,0,1.5090551864046127,0.0,0.8619493072637809
4510,10,0,5,0,1.5557719239039898,0.0,1.0505199827083573
4511,10,3,2,0,3.273073524446314,0.0,2.185075743350191
4512,10,0,5,0,2.093957099838093,0.0,1.0651238987533511
4513,10,3,2,0,2.969131175032313,0.0,2.1020750198137663
4514,10,0,5,0,0.29640169159434393,-0.5913629751165956,-0.18033335652512222
4515,10,2,3,0,2.523231533646939,0.0,1.8088654494637446
4516,10,0,5,0,1.460992132624913,0.0,0.9980413323855295
4517,10,0,5,0,2.0243755752693353,0.0,1.3116046954283185
4518,10,0,5,0,1.1889892630692316,0.0,0.6526390495317251
4519,10,2,3,0,3.918523725000931,0.0,1.910202124842121
4520,10,3,2,0,4.236840465288566,0.0,2.122709098977519
4521,10,0,5,0,1.4325419003882622,0.0,0.4824388252366596
4522,10,1,4,0,2.9791707654879644,0.0,0.9766964227855681
4523,10,4,1,0,4.847376144625944,0.0,3.001019072170151
4524,10,1,4,0,2.9257953873983347,-1.0306285938281974,1.0404649783157538
4525,10,2,3,0,2.969131175032313,0.0,1.8689686954619056
4526,10,0,5,0,1.1459385876647765,-1.7510911338844757,-0.3068646062755832
4527,10,3,2,0,4.291429717764959,0.0,2.3215330130897676
4528,10,3,2,0,3.4678827622047663,0.0,2.0830217942041633
4529,10,0,5,0,2.0169921713717827,-0.157304924587379,0.9965770828264156
4530,10,1,4,0,2.471114168539888,0.0,1.018831262938933
4531,10,1,4,0,2.60140677116852,0.0,1.1640887659407675
4532,10,3,2,0,3.5648086087239257,0.0,2.271637991325664
4533,10,1,4,0,2.4357339884130695,0.0,1.1789738384266166
4534,10,4,1,0,5.3080331933618154,0.0,3.1743727884790176
4535,10,4,1,0,4.333053160760176,0.0,2.754704763215402
4536,10,2,3,0,2.736917615482124,0.0,1.5284676332372265
4537,10,2,3,0,3.135685600503262,0.0,2.0509624202530157
4538,10,1,4,0,3.2202349586330676,-0.35311538635666295,1.421098115937459
4539,10,0,5,0,0.9311258911765883,0.0,0.6854039768461163
4540,10,0,5,0,1.506502548632671,0.0,0.7781789633186357
4541,10,0,5,0,1.4949914454216753,0.0,1.143535938124638
4542,10,4,1,0,3.985493230347597,0.0,2.6086058828184333
4543,10,4,1,0,3.18671129699403,0.0,2.2329411346711097
4544,10,0,5,0,0.9657727699234258,-0.1262725491154839,0.45766758937176844
4545,10,1,4,0,2.3688653836051827,0.0,1.529267982790912
4546,10,0,5,0,1.4490901130743694,0.0,0.7446075770215288
4547,10,1,4,0,3.3138568979930945,-0.1375586526229,0.8828299071357627
4548,10,1,4,0,3.9413369477089297,0.0,1.2714077183455772
4549,10,0,5,0,1.6166373991005578,0.0,0.9450179191474397
4550,10,3,2,0,3.825769541756099,0.0,2.5067788410755982
4551,10,3,2,0,5.045503287584751,0.0,2.5767712226360167
4552,10,1,4,0,3.113445954467128,-0.3422208580279964,0.8981886545710381
4553,10,1,4,0,2.3688653836051827,0.0,1.278042273986042
4554,10,0,5,0,1.4490901130743694,0.0,0.789184692953954
4555,10,2,3,0,3.994353436858855,0.0,1.8730154159534969
4556,10,3,2,0,4.729719046089141,0.0,2.863756939109057
4557,10,1,4,0,2.493640737556497,-0.40338898399275536,0.6863881988390744
4558,10,0,5,0,0.0951227237584007,-1.2213115484326238,-0.35412380608718835
4559,10,3,2,0,4.471820140411115,0.0,2.6307026094803447
4560,10,3,2,0,4.485351934495434,0.0,2.6628340105415313
4561,10,1,4,0,2.982787450863853,0.0,1.2369866286230198
4562,10,0,5,0,1.9283549015815886,0.0,1.1364860837280617
4563,10,2,3,0,3.4261044336223243,0.0,1.9144402545478265
4564,10,0,5,0,2.2738789316245587,-0.6271742608765933,0.7522983933379883
4565,10,3,2,0,3.533972330797628,0.0,2.246669776320419
4566,10,3,2,0,4.332677976104147,0.0,2.465307947003084
4567,10,2,3,0,3.5885303323426,0.0,1.8510893050166488
4568,10,3,2,0,4.966578939069887,0.0,2.6108065140702905
4569,10,0,5,0,1.321102282019428,0.0,0.7072383368317212
4570,10,0,5,0,0.10250612765595335,-1.2213115484326238,-0.22669859349314195
4571,10,3,2,0,4.06599703589486,0.0,2.3428280646463464
4572,10,4,1,0,4.72221182747618,0.0,2.614854810968086
4573,10,0,5,0,1.8102489953267842,0.0,1.2051290767879947
4574,10,0,5,0,2.004868187597939,0.0,1.4103154539973688
4575,10,1,4,0,3.0025827205958784,0.0,1.5016630097661732
4576,10,0,5,0,2.174416985962498,0.0,1.0207409745654459
4577,10,1,4,0,3.770832223778374,0.0,1.7246822182829782
4578,10,3,2,0,4.569537869084893,0.0,2.5156332871582543
4579,10,2,3,0,4.755751391435325,0.0,2.4914671596576694
4580,10,1,4,0,2.9514740996494524,0.0,1.16355493511318
4581,10,2,3,0,3.68647353897709,0.0,1.9671588987335262
4582,10,3,2,0,4.48434656127111,0.0,2.6244293115015935
4583,10,4,1,0,4.4613040329700695,0.0,2.681251129979485
4584,10,0,5,0,1.4360580833997503,-0.9542552934012889,-0.018499397705367217
4585,10,3,2,0,3.621255879530608,0.0,2.338148107006796
4586,10,4,1,0,4.169346186974817,0.0,2.509435898798709
4587,10,2,3,0,3.6879922780046606,0.0,1.8912586531918678
4588,10,2,3,0,4.729719046089141,0.0,2.038013849196269
4589,10,0,5,0,1.5193381596664715,0.0,0.8124897683617661
4590,10,0,5,0,0.0,-1.172969305253698,-0.5033756769376112
4591,10,3,2,0,4.16545898155692,0.0,2.415995802196374
4592,10,2,3,0,4.485351934495434,0.0,2.075060535468873
4593,10,0,5,0,2.1332505547934204,0.0,1.3756846061111503
4594,10,0,5,0,2.129633869417532,0.0,1.1989424683460101
4595,10,2,3,0,3.102044666257939,0.0,1.8527958179363382
4596,10,0,5,0,2.2738789316245587,0.0,1.008652677723657
4597,10,1,4,0,3.533972330797628,0.0,1.679971038066698
4598,10,2,3,0,4.332677976104147,0.0,2.10770100193002
4599,10,1,4,0,3.5885303323426,0.0,1.8722744188975013
4600,10,2,3,0,4.966578939069887,0.0,2.2589249601624557
4601,10,0,5,0,1.321102282019428,-0.7314722223090406,0.295600246430368
4602,10,0,5,0,0.0,-1.6471036757624766,-0.6056713489481773
4603,10,3,2,0,4.06599703589486,0.0,2.601982793367329
4604,10,2,3,0,4.72221182747618,0.0,2.03002321253791
4605,10,0,5,0,2.1332505547934204,-0.24232550900168448,1.0051992418550129
4606,10,0,5,0,2.129633869417532,0.0,1.043939106507772
4607,10,2,3,0,3.0025827205958784,0.0,1.5445684584440564
4608,10,1,4,0,2.597938698988944,0.0,1.3816451442404862
4609,10,1,4,0,3.770832223778374,0.0,1.153626437502129
4610,10,2,3,0,4.569537869084893,0.0,2.3714831551910622
4611,10,4,1,0,4.478919490193697,0.0,2.6869397897433993
4612,10,2,3,0,2.9514740996494524,0.0,1.6751466500892789
4613,10,1,4,0,3.2634976246661225,0.0,1.5486702993605235
4614,10,4,1,0,4.48434656127111,0.0,2.63096672483546
4615,10,4,1,0,4.184472131728441,0.0,2.656680788572504
4616,10,0,5,0,1.4360580833997503,-0.05874624206678902,0.38195627359452117
4617,10,2,3,0,3.1982799652196405,0.0,1.8085234639575831
4618,10,3,2,0,4.169346186974817,0.0,2.2959303406398655
4619,10,3,2,0,4.0834542389467465,0.0,2.241412242363969
4620,10,1,4,0,2.5560088484025023,-0.016961105782364427,0.7724932945360109
4621,10,1,4,0,3.6289915550058574,0.0,1.5135990858692523
4622,10,3,2,0,4.849840491610845,0.0,2.6232149367241226
4623,10,3,2,0,3.789006880481491,0.0,2.168074401743433
4624,10,0,5,0,1.0405928321528002,-1.3619972269896117,-0.09803809781717661
4625,10,1,4,0,3.5637738955593754,0.0,1.2871957133061869
4626,10,2,3,0,4.534840117314552,0.0,2.177454919273182
4627,10,2,3,0,3.983992293284686,0.0,2.1502500950570984
4628,10,1,4,0,2.456546902740442,0.0,0.9771339719664354
4629,10,1,4,0,3.8658514479866035,0.0,1.636070924451176
4630,10,4,1,0,5.086700384591591,0.0,2.842377752540409
4631,10,3,2,0,3.6895449348194305,0.0,2.223316412111823
4632,10,0,5,0,0.9411308864907397,-0.3433193522974278,0.053894889785576085
4633,10,1,4,0,3.8006337885401216,0.0,1.3569598620604388
4634,10,4,1,0,4.771700010295298,0.0,2.543021892764729
4635,10,0,1,4,0.0,-5.514419816992156,-3.743645841870503
4636,10,0,4,1,0.002401690318077243,-2.341774237969336,-0.7196662847220928
4637,10,0,5,0,1.0688033367152272,-1.5649174208309198,-0.12741565656201886
4638,10,0,5,0,0.31339723740300585,-1.745106481370879,-0.3668934228479245
4639,10,0,1,4,0.0,-4.42275698721253,-3.2353831563456366
4640,10,0,1,4,0.0,-4.471770251712879,-3.027685104384891
4641,10,0,5,0,1.1677333083859196,-1.3907258560426037,-0.13133120423144504
4642,10,0,5,0,1.1010222218956152,-0.930184127245397,0.0888067153006105
4643,10,0,5,0,0.0,-1.5691189959973535,-0.6352568300503997
4644,10,0,5,0,0.0,-1.2187246324101153,-0.295867973279492
4645,10,0,5,0,1.1386926398616701,-0.7940580994441468,0.25142024494741266
4646,10,0,5,0,0.4882360389501379,-1.5429703101908743,-0.18715529619590257
4647,10,0,2,3,0.0,-5.09413423975116,-2.696353690591195
4648,10,0,5,0,0.5420248832632133,-2.1239147594633216,-0.7023027047941163
4649,10,0,5,0,1.1010222218956152,-1.782776899336934,-0.0613921112238188
4650,10,0,5,0,1.1386926398616701,-1.947532580105861,-0.2394788606494771
4651,10,2,3,0,2.891836987369704,0.0,1.211045506560069
4652,10,3,2,0,3.5573088557027077,0.0,2.1899565229590783
4653,10,3,2,0,3.798671555145159,0.0,2.4782809399041503
4654,10,2,3,0,3.896305844967351,0.0,1.886399804422357
4655,10,3,2,0,4.0475080421106995,0.0,2.543883892818733
4656,10,1,4,0,3.136738821864011,0.0,1.1703123271481366
4657,10,4,1,0,4.687449181882037,0.0,3.0371795352291264
4658,10,2,3,0,3.896305844967351,0.0,2.377505855583453
4659,10,3,2,0,4.561777713300355,0.0,2.6619232761911418
4660,10,3,2,0,4.687449181882037,0.0,2.8337919905989017
4661,10,1,4,0,2.5009031255872998,0.0,1.3939869201470791
4662,10,2,3,0,3.171221339961459,0.0,1.4346157161096293
4663,10,4,1,0,4.468269778060307,0.0,2.89281064582811
4664,10,3,2,0,3.8766303296947378,0.0,2.3037726485623202
4665,10,4,1,0,4.3848583371433065,0.0,2.583703771603871
4666,10,1,4,0,3.316686834501727,0.0,1.4131221684487358
4667,10,3,2,0,4.468689927946773,0.0,2.2392501567917207
4668,10,4,1,0,5.728557054701884,0.0,3.1118869466144488
4669,10,2,3,0,2.7874146168535603,0.0,1.3659618517526866
4670,10,2,3,0,3.4577328312277196,0.0,1.6771044708779583
4671,10,4,1,0,4.468269778060307,0.0,2.9880169494217967
4672,10,3,2,0,3.8766303296947378,0.0,2.470380927815796
4673,10,3,2,0,4.3848583371433065,0.0,2.702082860884739
4674,10,2,3,0,3.316686834501727,0.0,1.6029032333893931
4675,10,2,3,0,4.468689927946773,0.0,2.2817487705577357
4676,10,4,1,0,5.728557054701884,0.0,3.4248993835431856
4677,10,4,1,0,5.201718853071693,0.0,3.5087681041598393
4678,10,2,3,0,3.0830692273336417,0.0,1.75367557159041
4679,10,4,1,0,4.561777713300355,0.0,2.773186697470771
4680,10,4,1,0,4.197249995474046,0.0,3.185757495322109
4681,10,0,5,0,2.194291600596763,0.0,1.4861434568581628
4682,10,4,1,0,3.5573088557027077,0.0,2.655147314098362
4683,10,4,1,0,4.211463187154646,0.0,2.85626154585029
4684,10,4,1,0,5.57849822321155,0.0,4.101876127325874
4685,10,4,1,0,4.359706615428998,0.0,2.7797363566679083
4686,10,4,1,0,5.983252749228537,0.0,4.344487379294176
4687,10,4,1,0,5.201718853071693,0.0,3.0741876409738182
4688,10,2,3,0,4.561777713300355,0.0,2.4880989656445878
4689,10,4,1,0,5.201718853071693,0.0,2.9307302109058306
4690,10,2,3,0,3.0830692273336417,0.0,1.75367557159041
4691,10,2,3,0,4.0475080421106995,0.0,2.0786931016794497
4692,10,4,1,0,4.497974678420906,0.0,2.698951696836019
4693,10,4,1,0,5.865009714477811,0.0,4.003814278063436
4694,10,3,2,0,3.859601600362897,0.0,2.4228135804971354
4695,10,4,1,0,5.983252749228537,0.0,3.9379056750587353
4696,10,4,1,0,4.497974678420906,0.0,2.97262092445729
4697,10,4,1,0,5.865009714477811,0.0,4.330421851692923
4698,10,4,1,0,5.4704525366460395,0.0,3.554865060256058
4699,10,1,4,0,3.1226552162883685,0.0,1.7404821398914927
4700,10,3,2,0,4.563326802084848,0.0,2.60021520745589
4701,10,4,1,0,6.686977950950489,0.0,4.543778551930485
4702,10,4,1,0,4.211463187154646,0.0,2.8355475493443043
4703,10,4,1,0,5.57849822321155,0.0,4.065638604736794
4704,10,4,1,0,5.4704525366460395,0.0,3.4409644708302536
4705,10,1,4,0,3.1226552162883685,0.0,1.4988716786225453
4706,10,3,2,0,4.563326802084848,0.0,2.410434142515233
4707,10,4,1,0,6.686977950950489,0.0,4.425399462649617
4708,10,2,3,0,3.896305844967351,0.0,2.377505855583453
4709,10,4,1,0,3.896305844967351,0.0,2.464437697676366
4710,10,2,3,0,2.891836987369704,0.0,1.211045506560069
4711,10,2,3,0,3.4577328312277196,0.0,1.6771044708779583
4712,10,2,3,0,2.7874146168535603,0.0,1.3659618517526866
4713,10,2,3,0,3.171221339961459,0.0,1.4346157161096293
4714,10,1,4,0,2.5009031255872998,0.0,1.3939869201470791
4715,10,0,5,0,2.2807474589331918,-0.43695227570728434,0.8883087147161455
4716,10,1,4,0,3.5673800661716086,0.0,1.6281686997850202
4717,10,0,5,0,0.19965547209819334,-1.0331732729365335,-0.2100819913186868
4718,10,3,2,0,4.59750922840993,0.0,2.714312328349995
4719,10,3,2,0,4.216932361335751,0.0,2.750734123783302
4720,10,1,4,0,3.6399186137300816,0.0,1.762392406611329
4721,10,0,5,0,0.831792957672711,-0.8842535405331837,0.07242797521491937
4722,10,2,3,0,5.454776925455228,0.0,2.6775524820493772
4723,10,1,4,0,3.285216316530839,0.0,1.1993299648591538
4724,10,3,2,0,4.571848923769256,0.0,2.571537945206413
4725,10,0,5,0,1.3649870901660357,-1.0331732729365335,0.09253477030981117
4726,10,4,1,0,4.751401814671254,0.0,3.1031427759315213
4727,10,3,2,0,5.221401218933398,0.0,2.834319876119912
4728,10,3,2,0,4.644387471327729,0.0,2.4783261542263233
4729,10,0,5,0,1.7205705844095895,-0.8842535405331837,0.40502332414810666
4730,10,3,2,0,4.641279000449117,0.0,2.948688194723625
4731,10,2,3,0,2.6170540590798588,0.0,1.5038602837466635
4732,10,3,2,0,3.5673800661716086,0.0,2.355692231669417
4733,10,0,5,0,0.5453831011049388,-1.743871758818507,-0.26813784217904557
4734,10,3,2,0,4.055866168076776,0.0,2.7682284403435147
4735,10,4,1,0,4.391562282724415,0.0,3.1191645354988973
4736,10,3,2,0,4.634152524179843,0.0,2.7889290905061586
4737,10,0,5,0,1.4050013193902622,-0.17355505465121013,0.5707993614760809
4738,10,4,1,0,3.9457433538546383,0.0,2.5940881996270937
4739,10,3,2,0,3.5844445703472942,0.0,1.8967554767401693
4740,10,2,3,0,4.785442447569096,0.0,2.5782208605874835
4741,10,0,5,0,0.8609523661242662,-1.743871758818507,-0.3200406841262861
4742,10,3,2,0,5.47926500966075,0.0,3.2397666658581583
4743,10,4,1,0,5.221401218933398,0.0,3.394364993585124
4744,10,3,2,0,4.857980995127569,0.0,3.0414363067289143
4745,10,0,5,0,1.7205705844095895,-1.4873283366388783,0.29146102172244215
4746,10,3,2,0,5.369142195438613,0.0,2.838190927335339
4747,10,3,2,0,5.369142195438613,0.0,2.838190927335339
4748,10,0,5,0,1.7205705844095895,-1.4873283366388783,0.29146102172244215
4749,10,3,2,0,4.857980995127569,0.0,3.0414363067289143
4750,10,4,1,0,5.221401218933398,0.0,3.394364993585124
4751,10,3,2,0,5.47926500966075,0.0,3.2397666658581583
4752,10,0,5,0,0.8609523661242662,-1.743871758818507,-0.3200406841262861
4753,10,2,3,0,4.785442447569096,0.0,2.5782208605874835
4754,10,3,2,0,3.5844445703472942,0.0,1.8967554767401693
4755,10,4,1,0,3.9457433538546383,0.0,2.5940881996270937
4756,10,0,5,0,1.4050013193902622,-0.17355505465121013,0.5707993614760809
4757,10,3,2,0,4.634152524179843,0.0,2.7889290905061586
4758,10,4,1,0,4.391562282724415,0.0,3.1191645354988973
4759,10,3,2,0,4.055866168076776,0.0,2.7682284403435147
4760,10,0,5,0,0.5453831011049388,-1.743871758818507,-0.26813784217904557
4761,10,3,2,0,3.5673800661716086,0.0,2.355692231669417
4762,10,2,3,0,2.6170540590798588,0.0,1.5038602837466635
4763,10,3,2,0,4.641279000449117,0.0,2.948688194723625
4764,10,0,5,0,1.7205705844095895,-0.8842535405331837,0.40502332414810666
4765,10,3,2,0,4.644387471327729,0.0,2.4783261542263233
4766,10,3,2,0,5.221401218933398,0.0,2.834319876119912
4767,10,4,1,0,4.751401814671254,0.0,3.1031427759315213
4768,10,0,5,0,1.3649870901660357,-1.0331732729365335,0.09253477030981117
4769,10,3,2,0,4.571848923769256,0.0,2.571537945206413
4770,10,1,4,0,3.285216316530839,0.0,1.1993299648591538
4771,10,2,3,0,5.454776925455228,0.0,2.6775524820493772
4772,10,0,5,0,0.831792957672711,-0.8842535405331837,0.07242797521491937
4773,10,1,4,0,3.6399186137300816,0.0,1.762392406611329
4774,10,3,2,0,4.216932361335751,0.0,2.750734123783302
4775,10,3,2,0,4.59750922840993,0.0,2.714312328349995
4776,10,0,5,0,0.19965547209819334,-1.0331732729365335,-0.2100819913186868
4777,10,1,4,0,3.5673800661716086,0.0,1.6281686997850202
4778,10,0,5,0,2.2807474589331918,-0.43695227570728434,0.8883087147161455
4779,10,0,4,1,0.0,-3.175354076071681,-1.41085070522141
4780,10,0,5,0,0.0,-2.005109151124149,-1.390215606556064
4781,10,0,5,0,0.0,-2.005109151124149,-1.054778072671833
4782,10,0,5,0,0.1679162760484374,-0.9221333285939828,-0.3352700762279056
4783,10,0,5,0,0.0,-1.1154772174199366,-0.618212545364166
4784,10,0,5,0,1.017316396423702,-0.9877927547004468,-0.37289921013236194
4785,10,0,5,0,1.4988127864922056,-1.263665131590102,-0.1082442025113913
4786,10,0,5,0,1.1868781347235107,0.0,0.697756665787751
4787,10,2,3,0,2.4500012426410613,0.0,1.2088119668171786
4788,10,2,3,0,2.817703460386266,0.0,1.4236415400886742
4789,10,1,4,0,2.817703460386266,0.0,0.9531895664495792
4790,10,1,4,0,3.5117836367763076,0.0,1.3129453217227152
4791,10,3,2,0,3.5117836367763076,0.0,1.6521310886412848
4792,10,0,5,0,2.0964628395012923,0.0,1.2995716057504645
4793,10,2,3,0,3.122574409300519,0.0,1.6201311373009326
4794,10,1,4,0,4.2651280652427985,-0.5124975181886064,1.1079660653600143
4795,10,1,4,0,3.3743580102236024,0.0,1.2196535405526752
4796,10,1,4,0,3.3743580102236024,0.0,1.4750063732883596
4797,10,2,3,0,4.306171431033388,0.0,1.9845123824147428
4798,10,0,5,0,1.06190861817457,-0.9761319320189692,-0.03957129250066913
4799,10,0,4,1,0.0,-2.5887741146711747,-1.43346541365094
4800,10,3,2,0,3.4790390832700453,0.0,1.6627104923079288
4801,10,3,2,0,3.0898298557942567,0.0,2.120161080489693
4802,10,1,4,0,2.7849589068800036,0.0,1.5522546251483547
4803,10,0,5,0,1.8365012677171215,0.0,0.9654272233302983
4804,10,2,3,0,2.417256689134799,-0.032744553506262264,1.1760674133109164
4805,10,1,4,0,2.417256689134799,0.0,1.1647232612843503
4806,10,0,5,0,2.3087599506394056,0.0,1.387828311132575
4807,10,2,3,0,3.34161345671734,0.0,1.673010864580688
4808,10,2,3,0,3.4764873963774754,0.0,1.6207748323759639
4809,10,1,4,0,4.232383511736536,0.0,1.4325356110985894
4810,10,0,5,0,1.8812854793926626,-0.5865972828121002,0.38441134922439135
4811,10,0,5,0,0.7294457808218873,-1.384160108797655,-0.5519029955412883
4812,10,0,5,0,0.0,-2.013898903654706,-1.1329861734065183
4813,10,0,5,0,0.0,-1.6422793202766925,-0.7748774203967003
4814,10,0,5,0,0.22599416524251836,-1.504923002796044,-0.17900952651617957
4815,10,0,5,0,0.22599416524251836,-1.6838931438413596,-0.9336590256317535
4816,10,0,5,0,1.6983373204990784,-2.0214677225089446,0.49109341454586397
4817,10,0,5,0,1.8672755263893102,-1.0704193405822124,0.5671547938745057
4818,10,2,3,0,2.872386673903666,-0.16376380290305192,1.2282744309968705
4819,10,0,5,0,0.15788703973010954,-1.504923002796044,-0.4203398018804975
4820,10,0,5,0,0.1504288258165154,-2.013898903654706,-1.0104572448951188
4821,10,0,5,0,1.8672755263893102,-1.8036082440029304,0.11250260307874527
4822,10,0,5,0,1.3212676714192497,-1.0263499438886896,-0.15806791527385755
4823,10,1,4,0,2.7703104224095085,-0.0212387963743339,0.76942209263227
4824,10,0,5,0,0.8333164428334641,-1.0263499438886896,-0.08641285376564696
4825,10,1,4,0,2.3232527179468896,-0.0212387963743339,0.7800263205661893
4826,10,0,5,0,1.3181415704325339,-1.0920093699951536,0.0879847084141943
4827,10,0,5,0,2.0267076671387443,-0.08689822248079793,0.8297233701053273
4828,10,0,5,0,1.7651992748951528,-1.0920093699951536,-0.16996644331059513
4829,10,1,4,0,2.3263788189336054,-0.08689822248079793,0.5107213848062464
4830,10,0,5,0,1.8365012677171215,0.0,0.9654272233302983
4831,10,0,5,0,2.3087599506394056,0.0,1.387828311132575
4832,10,1,4,0,2.417256689134799,0.0,1.1647232612843503
4833,10,1,4,0,3.4790390832700453,-0.032744553506262264,1.280200768216453
4834,10,1,4,0,2.7849589068800036,0.0,1.5522546251483547
4835,10,3,2,0,3.0898298557942567,0.0,2.120161080489693
4836,10,2,3,0,3.34161345671734,0.0,1.673010864580688
4837,10,1,4,0,4.232383511736536,0.0,1.5660410391401043
4838,10,2,3,0,3.122574409300519,0.0,1.6201311373009326
4839,10,0,5,0,2.0964628395012923,0.0,1.2995716057504645
4840,10,0,5,0,1.1868781347235107,0.0,0.697756665787751
4841,10,1,4,0,2.817703460386266,0.0,0.9531895664495792
4842,10,2,3,0,2.817703460386266,0.0,1.4236415400886742
4843,10,1,4,0,4.2651280652427985,-0.5124975181886064,1.1079660653600143
4844,10,0,5,0,0.1504288258165154,-2.013898903654706,-1.0104572448951188
4845,10,0,5,0,0.22599416524251836,-1.6422793202766925,-0.40500156809443055
4846,10,0,5,0,0.15788703973010954,-1.504923002796044,-0.4203398018804975
4847,10,0,5,0,0.0,-1.6422793202766925,-0.9276423772052013
4848,10,2,3,0,2.872386673903666,-1.0163565749945889,1.2465295661842972
4849,10,1,4,0,2.394409884883949,-0.06530819306785673,1.131400229905052
4850,10,0,5,0,1.389298737369593,-1.1688749504174076,0.1843420310044479
4851,10,0,5,0,0.22599416524251836,-1.504923002796044,-0.17900952651617957
4852,10,0,5,0,0.0,-2.013898903654706,-1.1329861734065183
4853,10,2,3,0,2.394409884883949,-0.7984970964885747,0.9652442874632812
4854,10,1,4,0,2.3232527179468896,-0.0212387963743339,0.7800263205661893
4855,10,0,5,0,0.8333164428334641,-1.0263499438886896,-0.08641285376564696
4856,10,1,4,0,2.7703104224095085,-0.0212387963743339,0.76942209263227
4857,10,0,5,0,1.3212676714192497,-1.0263499438886896,-0.15806791527385755
4858,10,0,5,0,1.5094894196275916,-0.7263031195348582,0.5036830515360649
4859,10,1,4,0,2.8085380651610308,-0.7263031195348582,0.8696212974785282
4860,10,0,5,0,1.9986257864899493,-1.9039176159511442,0.5640839318680122
4861,10,0,5,0,2.218273701530954,-1.6842697009101393,0.48812920188741915
4862,10,1,4,0,2.740430939648622,0.0,1.3659459440514496
4863,10,1,4,0,2.732972725735028,0.0,0.976962225002849
4864,10,0,5,0,1.2773851656049757,-0.48268232087479745,0.30364750033447196
4865,10,0,5,0,1.4970330806459806,-0.26303440583379256,0.709733772081431
4866,10,0,5,0,2.3076643696194346,-0.7496888013583565,0.3368531122301789
4867,10,0,5,0,0.6597625806840881,-0.6842697009101393,-0.15038459725414627
4868,10,0,5,0,1.258946095316194,-0.7496888013583565,0.005772484815791757
4869,10,0,5,0,0.8622032157467956,-0.5300408863173516,0.16382993411746155
4870,10,0,5,0,2.284791306941411,0.0,1.100727994549154
4871,10,3,2,0,3.4811112318204884,0.0,1.945002482434326
4872,10,0,5,0,1.9986257864899493,-0.48268232087479745,0.6219687836843661
4873,10,1,4,0,2.8890806440795913,-0.26303440583379256,0.962721188833968
4874,10,0,5,0,2.284791306941411,-0.7263031195348582,1.121932643962785
4875,10,2,3,0,3.4811112318204884,-0.7263031195348582,1.211285166856893
4876,10,0,5,0,1.2773851656049757,-1.9039176159511442,0.11186796513636495
4877,10,1,4,0,2.8890806440795913,-1.6842697009101393,0.9346613720135188
4878,10,0,5,0,1.2777628839055701,-0.7496888013583565,0.15072129769693418
4879,10,0,5,0,1.4785940103571988,-0.5300408863173516,0.37372451233678844
4880,10,0,5,0,1.2703794800080175,-0.7496888013583565,0.09562460468358935
4881,10,2,3,0,2.540843258955398,-0.5300408863173516,0.8550160502929387
4882,10,0,5,0,1.930594720539606,-0.7496888013583565,0.425200846898467
4883,10,1,4,0,2.594174239056514,-0.5300408863173516,0.5283093340946913
4884,10,0,5,0,1.6309235687447448,-0.7496888013583565,0.3836847553495609
4885,10,0,5,0,2.147116534593895,-0.5300408863173516,0.6555178605263527
4886,10,0,5,0,1.92746861955289,-0.7496888013583565,0.5682342715242761
4887,10,0,5,0,1.6622914069948251,-0.5300408863173516,0.4855914125055058
4888,10,1,4,0,2.374526324015509,-0.7496888013583565,0.5549482538766981
4889,10,0,5,0,2.150242635580611,-0.5300408863173516,0.6410300128384954
4890,10,2,3,0,3.4811112318204884,-0.7263031195348582,1.211285166856893
4891,10,0,5,0,2.284791306941411,-0.7263031195348582,1.121932643962785
4892,10,1,4,0,2.8890806440795913,-1.6842697009101393,0.9346613720135188
4893,10,0,5,0,1.2773851656049757,-1.9039176159511442,0.11186796513636495
4894,10,3,2,0,3.4811112318204884,0.0,1.945002482434326
4895,10,0,5,0,2.284791306941411,0.0,1.100727994549154
4896,10,1,4,0,2.8890806440795913,-0.26303440583379256,0.962721188833968
4897,10,0,5,0,1.9986257864899493,-0.48268232087479745,0.6219687836843661
4898,10,2,3,0,2.540843258955398,-0.5300408863173516,0.8550160502929387
4899,10,0,5,0,1.2703794800080175,-0.7496888013583565,0.09562460468358935
4900,10,0,5,0,1.4785940103571988,-0.5300408863173516,0.37372451233678844
4901,10,0,5,0,1.2777628839055701,-0.7496888013583565,0.15072129769693418
4902,10,1,4,0,2.732972725735028,0.0,0.976962225002849
4903,10,1,4,0,2.740430939648622,0.0,1.3659459440514496
4904,10,0,5,0,1.4970330806459806,-0.26303440583379256,0.709733772081431
4905,10,0,5,0,1.2773851656049757,-0.48268232087479745,0.30364750033447196
4906,10,1,4,0,2.8085380651610308,-0.7263031195348582,0.8696212974785282
4907,10,0,5,0,1.5094894196275916,-0.7263031195348582,0.5036830515360649
4908,10,0,5,0,2.218273701530954,-1.6842697009101393,0.48812920188741915
4909,10,0,5,0,1.9986257864899493,-1.9039176159511442,0.5640839318680122
4910,10,0,5,0,0.8622032157467956,-0.5300408863173516,0.16382993411746155
4911,10,0,5,0,1.258946095316194,-0.7496888013583565,0.005772484815791757
4912,10,0,5,0,0.6597625806840881,-0.6842697009101393,-0.15038459725414627
4913,10,0,5,0,2.3076643696194346,-0.7496888013583565,0.3368531122301789
4914,10,0,5,0,2.150242635580611,-0.5300408863173516,0.6410300128384954
4915,10,1,4,0,2.374526324015509,-0.7496888013583565,0.5549482538766981
4916,10,0,5,0,1.6622914069948251,-0.5300408863173516,0.4855914125055058
4917,10,0,5,0,1.92746861955289,-0.7496888013583565,0.5682342715242761
4918,10,0,5,0,2.147116534593895,-0.5300408863173516,0.6555178605263527
4919,10,0,5,0,1.6309235687447448,-0.7496888013583565,0.3836847553495609
4920,10,1,4,0,2.594174239056514,-0.5300408863173516,0.5283093340946913
4921,10,0,5,0,1.930594720539606,-0.7496888013583565,0.425200846898467
4922,10,0,5,0,0.0,-2.0876644053499867,-1.1928298617530237
4923,10,0,5,0,1.924917007238367,-2.0876644053499867,-0.29480311784919166
4924,10,0,5,0,1.787233002621516,-2.0876644053499867,-0.3420310407396009
4925,10,1,4,0,2.5718019045595817,-1.5958874627874309,-0.07138875575502582
4926,10,0,5,0,0.0,-2.0876644053499867,-0.7423838959481678
4927,10,0,5,0,0.05341727151904152,-2.0876644053499867,-0.6887941869600958
4928,10,0,5,0,0.11612823211502388,-1.3780279842814167,-0.5189515945427345
4929,10,0,5,0,0.9957612287299042,-2.0876644053499867,-0.9115191132502971
4930,10,1,4,0,3.673626268708496,0.0,1.9701107677943726
4931,10,3,2,0,4.1256179146324214,0.0,2.534969623321916
4932,10,3,2,0,5.211258803396188,0.0,3.1677835582951723
4933,10,4,1,0,4.681896379083788,0.0,3.1552285297978506
4934,10,1,4,0,3.8889171618682568,0.0,1.746662658485242
4935,10,4,1,0,6.42524488733854,0.0,4.048765846373756
4936,10,2,3,0,3.4284491457543815,0.0,2.052155109937928
4937,10,2,3,0,4.164712253396576,0.0,2.001072386597014
4938,10,4,1,0,7.091879508468054,0.0,4.076741306420324
4939,10,4,1,0,7.091879508468054,0.0,3.698517363623097
4940,10,3,2,0,5.645163422883435,0.0,2.9871681482342973
4941,10,3,2,0,5.330610666619254,0.0,2.9375253350826185
4942,10,3,2,0,4.228531558433854,0.0,2.9514659570407518
4943,10,4,1,0,5.161977900624972,0.0,3.3368709285238083
4944,10,4,1,0,4.632615476312573,0.0,3.1986581957279987
4945,10,3,2,0,3.88276592080431,0.0,2.6189182600058167
4946,10,3,2,0,3.5819443091582457,0.0,2.1338760485343036
4947,10,2,3,0,3.1608147741272,0.0,1.9386328115436022
4948,10,3,2,0,2.97054763481594,0.0,1.8824326851746966
4949,10,4,1,0,7.042598605696838,0.0,3.4018423494978007
4950,10,4,1,0,7.042598605696838,0.0,3.3688803617645577
4951,10,1,4,0,5.540731720739146,0.0,2.0422779649728384
4952,10,2,3,0,5.350464581427886,0.0,1.987517748793168
4953,10,0,2,3,0.0,-3.867959603012814,-2.2826505257914413
4954,10,0,3,2,0.0,-2.899805711947401,-1.369936753886715
4955,10,0,4,1,0.0,-3.867959603012814,-1.70361683114684
4956,10,0,4,1,0.0,-2.899805711947401,-0.9604838090283039
4957,10,0,4,1,0.0,-3.0743894344472125,-1.420436623017654
4958,10,0,4,1,0.0,-3.0081869518652837,-1.5010881386914612
4959,10,0,5,0,0.8905215232015031,-1.0542770609831997,0.3155684569813452
4960,10,1,4,0,2.412420326412146,-0.6012489770589617,0.6000678243277029
4961,10,4,1,0,4.0481947124695665,0.0,2.835490822604895
4962,10,0,5,0,0.0,-2.0484742341884257,-1.1750111679640618
4963,10,0,5,0,0.061213968333518665,-1.080320343123013,-0.4982970876930352
4964,10,0,5,0,0.8765533176153681,0.0,0.48027608340573946
4965,10,4,1,0,3.9291798668376323,0.0,2.6973631270111356
4966,10,0,4,1,0.0,-2.4454514495056117,-1.592672186772291
4967,10,0,5,0,0.0,-2.040077439375338,-0.9488521054792038
4968,10,0,5,0,0.0,-2.1482687249546935,-1.4358242809509314
4969,10,0,5,0,0.0,-2.0863175042518947,-1.3027931596811022
4970,10,0,5,0,1.8597779997703974,0.0,1.1388413774520578
4971,10,0,5,0,1.2690331464552358,-0.13240761336981066,0.5584710728256234
4972,10,0,5,0,0.9507093462091802,-2.283765515114556,-0.8613690860685438
4973,10,0,5,0,1.9188632372745928,-0.8817699998133826,-0.11931081840399145
4974,10,0,3,2,0.9507093462091802,-3.4224224260338936,-1.4372799460754997
4975,10,0,5,0,1.9188632372745928,-2.040077439375338,-0.665690580694205
4976,10,0,5,0,1.7442795147747816,-2.1482687249546935,-0.7442588018223397
4977,10,0,5,0,1.8104819973567103,-2.0863175042518947,-0.7105639479307662
4978,10,1,4,0,3.7643918882387943,-0.13240761336981066,1.07300774203295
4979,10,1,4,0,3.2591802642008076,0.0,1.3643671751620503
4980,10,0,5,0,1.7742872203719458,-1.3877139751283352,-0.10855320598261856
4981,10,0,5,0,1.510444128955939,-1.088777185609203,-0.1889246475561812
4982,10,0,5,0,1.510444128955939,-0.912560937150765,0.20868261377876393
4983,10,1,4,0,3.9367088836580386,0.0,1.5705894989918932
4984,10,1,4,0,4.331608737365801,0.0,1.6914745053294227
4985,10,0,5,0,1.0135425162070604,-2.0863175042518947,-0.9856031368182997
4986,10,3,2,0,3.307097289961561,0.0,2.0521915227971874
4987,10,3,2,0,4.338437870312092,0.0,2.565740880090174
4988,10,1,4,0,2.661147329426811,0.0,1.537088073866243
4989,10,0,5,0,1.911809810591631,-0.03463188474324497,0.8279958300821064
4990,10,3,2,0,4.6681328810813625,0.0,2.453423816860081
4991,10,4,1,0,5.093215731180852,0.0,3.2407850050156646
4992,10,2,3,0,3.0799993220652233,0.0,1.828330435653053
4993,10,0,5,0,2.243454036864275,0.0,1.3665234349432112
4994,10,2,3,0,3.1735843440279083,0.0,1.6663398996540664
4995,10,1,4,0,2.7500005556632665,0.0,1.813323182392105
4996,10,1,4,0,2.7705318660791143,0.0,1.61401776764016
4997,10,4,1,0,3.278077992842775,0.0,2.3279176495710905
4998,10,4,1,0,5.015034845495332,0.0,3.1798379728090134
4999,10,4,1,0,5.202669058311727,0.0,3.459698127459185
5000,10,3,2,0,3.96019597496025,0.0,2.7668959252610157
5001,10,3,2,0,3.21085845612507,0.0,2.1002224652536734
5002,10,4,1,0,4.208123488403828,0.0,2.6205466769109904
5003,10,4,1,0,5.202669058311727,0.0,3.456715628297077
5004,10,3,2,0,4.7361024801465135,0.0,2.572150248553038
5005,10,1,4,0,3.21085845612507,0.0,1.3965293033879846
5006,10,3,2,0,3.216343995208799,0.0,2.024063725661108
5007,10,3,2,0,4.097299331987561,0.0,2.4676931353097857
5008,10,3,2,0,3.42755886723376,0.0,2.21481003612598
5009,10,4,1,0,4.625376769167069,0.0,3.0268952393226902
5010,10,2,3,0,4.505588522316753,0.0,2.4934037074128197
5011,10,2,3,0,3.7747297745631165,0.0,2.0403449936447773
5012,10,2,3,0,4.302807211742625,0.0,2.0615061630796645
5013,10,2,3,0,3.5840462129540036,0.0,1.9012148139646512
5014,10,2,3,0,3.8511515284479465,0.0,2.1417059621280914
5015,10,3,2,0,3.7952610849789643,0.0,2.2077937829343943
5016,10,3,2,0,4.302807211742625,0.0,2.4675380391414086
5017,10,3,2,0,3.8549628035646535,0.0,2.3120694954860435
5018,10,3,2,0,4.62191363689405,0.0,3.0967974558285114
5019,10,3,2,0,3.8833838427238874,0.0,2.693751059814158
5020,10,4,1,0,6.0095804154032315,0.0,3.9258808890760415
5021,10,2,3,0,2.6355885737911215,0.0,1.6344179834938948
5022,10,2,3,0,2.8262721354002345,0.0,1.8805258044985371
5023,10,2,3,0,4.4660680275276015,0.0,2.0620517396755185
5024,10,3,2,0,4.973614154291262,0.0,2.6766153542281934
5025,10,4,1,0,5.662678450989262,0.0,3.9618776909017916
5026,10,4,1,0,5.892940833481376,0.0,3.8304375341884054
5027,10,3,2,0,4.4660680275276015,0.0,2.5589654427059414
5028,10,4,1,0,4.973614154291262,0.0,3.4701751841692556
5029,10,3,2,0,2.8631833103696245,0.0,2.1247743224684896
5030,10,3,2,0,3.0538668719787374,0.0,2.063244953004278
5031,10,4,1,0,3.8716828388637943,0.0,2.4200000926946634
5032,10,3,2,0,3.5815665908576513,0.0,2.377723831274026
5033,10,3,2,0,3.053489153678143,0.0,1.984629584151019
5034,10,3,2,0,4.117830642403408,0.0,2.401451876863137
5035,10,3,2,0,5.224349521105374,0.0,3.052725477373982
5036,10,4,1,0,4.829047216882742,0.0,2.8785387864942322
5037,10,4,1,0,4.842124969575,0.0,3.52684950908039
5038,10,3,2,0,4.819182265850589,0.0,2.658444432754768
5039,10,3,2,0,4.467709895349206,0.0,2.3691251691906183
5040,10,4,1,0,4.598784834390628,0.0,2.805007717742297
5041,10,4,1,0,5.093215731180852,0.0,3.6182233433745523
5042,10,4,1,0,4.613052403413054,0.0,2.8699775288676728
5043,10,4,1,0,3.2713899704701284,0.0,2.281809199052462
5044,10,4,1,0,5.654402147512478,0.0,3.4854291492079463
5045,10,1,4,0,3.5966688808346774,0.0,1.6202261449096256
5046,10,4,1,0,3.6306472924496944,0.0,2.6670382040594256
5047,10,4,1,0,5.399511035839907,0.0,3.8725662496246485
5048,10,3,2,0,4.945686798804598,0.0,3.162198909354899
5049,10,4,1,0,5.202669058311727,0.0,3.576820429298242
5050,10,4,1,0,4.819182265850589,0.0,3.214644864258664
5051,10,4,1,0,4.467709895349206,0.0,2.9677443844713083
5052,10,3,2,0,4.1387754417130935,0.0,2.5990639100045194
5053,10,4,1,0,5.202669058311727,0.0,3.4610872988672776
5054,10,3,2,0,4.1466090991911315,0.0,2.503796375450545
5055,10,3,2,0,3.795136728689748,0.0,2.441756042042802
5056,10,4,1,0,5.654402147512478,0.0,3.2291917457562556
5057,10,2,3,0,3.5966688808346774,0.0,1.7695417961850737
5058,10,4,1,0,4.3637743588640205,0.0,2.6538692430865134
5059,10,4,1,0,5.752671720679082,0.0,4.066489537734016
5060,10,4,1,0,4.983595204963841,0.0,3.3509715277680563
5061,10,2,3,0,3.00228369217087,0.0,1.9735167027624763
5062,10,4,1,0,6.120373938424287,0.0,4.402872430266868
5063,10,4,1,0,4.62191363689405,0.0,3.4439448553599954
5064,10,4,1,0,6.0095804154032315,0.0,3.7982649257926964
5065,10,4,1,0,3.783018937446343,0.0,2.832259724346342
5066,10,4,1,0,5.399511035839907,0.0,3.9384515025333093
5067,10,4,1,0,4.807898330494055,0.0,2.9945167675003743
5068,10,4,1,0,5.468640917958705,0.0,4.0372208310843005
5069,10,4,1,0,7.041916247787036,0.0,4.483005566857209
5070,10,0,5,0,0.3064603237872028,-1.4375552728126912,-0.3363032413127442
5071,10,0,5,0,1.2322560494204708,-0.8431146851752018,0.26498741322322916
5072,10,3,2,0,3.5915251884936055,0.0,2.339887631926217
5073,10,3,2,0,3.8719608094763203,0.0,2.379763393445285
5074,10,0,5,0,2.1014987179341276,-0.4865068908859591,0.5484098124953448
5075,10,1,4,0,2.630316834741077,0.0,1.079069301712711
5076,10,4,1,0,4.851616153741215,0.0,3.049781096513565
5077,10,3,2,0,4.227306795479443,0.0,2.682567052608171
5078,10,1,4,0,2.349111724591406,-1.4375552728126912,0.7677087175399244
5079,10,1,4,0,3.4494556774306275,-0.8431146851752018,1.2123554114952078
5080,10,3,2,0,4.890573834027045,0.0,3.1207108371146384
5081,10,3,2,0,4.372934358149507,0.0,2.4339983461307737
5082,10,0,5,0,1.605508969320642,-0.4865068908859591,0.2368141024291525
5083,10,0,5,0,2.1999495569581313,0.0,0.6820295223139944
5084,10,4,1,0,4.890573834027045,0.0,2.8542118340305813
5085,10,2,3,0,4.372934358149507,0.0,2.3601692499593154
5086,10,0,5,0,1.0247535479029644,-0.6012489770589617,0.009280362988288004
5087,10,0,5,0,1.6191941355404538,0.0,0.7000207480488762
5088,10,4,1,0,4.309818412609367,0.0,2.69758036806119
5089,10,3,2,0,3.7921789367318297,0.0,2.4490627491656705
5090,10,0,5,0,1.0247535479029644,-1.219695794306677,0.1358171489874181
5091,10,0,5,0,1.7561950656462564,-0.6252552066691877,0.8201155934576725
5092,10,3,2,0,6.140079954499541,0.0,3.280613947070075
5093,10,3,2,0,5.1165371134202715,0.0,2.8335532066011817
5094,10,0,5,0,1.529943629894639,-0.5849625007211543,0.7452681404848654
5095,10,0,5,0,2.160991876672302,0.0,1.1100681378766495
5096,10,4,1,0,5.32094111180999,0.0,3.5082101223076285
5097,10,3,2,0,4.868924106762993,0.0,2.975136586576652
5098,10,0,5,0,1.529943629894639,-1.219695794306677,0.29606032364671864
5099,10,0,5,0,2.1243842175321284,-0.6252552066691877,0.4528823631169736
5100,10,3,2,0,4.815008494601042,0.0,2.547724076142886
5101,10,2,3,0,4.297369018723504,0.0,2.143131222596235
5102,10,4,1,0,5.127103718885724,0.0,3.329754903116373
5103,10,2,3,0,4.063210102287091,0.0,2.196552911204134
5104,10,4,1,0,5.662678450989262,0.0,3.4650387632821165
5105,10,3,2,0,4.063210102287091,0.0,2.605648602232474
5106,10,4,1,0,5.709912069498191,0.0,4.226957030832139
5107,10,4,1,0,4.288209019438018,0.0,2.715212197918033
5108,10,1,4,0,2.4825943811148328,0.0,1.4500534010876671
5109,10,4,1,0,4.540327647792633,0.0,3.0090396180371046
5110,10,3,2,0,3.814035796033153,0.0,2.4313737312376418
5111,10,4,1,0,3.558020020295416,0.0,2.633362457540856
5112,10,0,5,0,2.204999035701661,0.0,1.4046163152676159
5113,10,4,1,0,4.035137565800959,0.0,3.170694781299333
5114,10,4,1,0,4.132558148977825,0.0,2.831996907569337
5115,10,4,1,0,4.132558148977825,0.0,3.128341967328821
5116,10,3,2,0,4.097299331987561,0.0,2.431017191960821
5117,10,2,3,0,3.140778655782796,0.0,2.0867240496903987
5118,10,2,3,0,4.297369018723504,0.0,2.143131222596235
5119,10,3,2,0,4.815008494601042,0.0,2.547724076142886
5120,10,0,5,0,2.1243842175321284,-0.6252552066691877,0.4528823631169736
5121,10,0,5,0,1.529943629894639,-1.219695794306677,0.29606032364671864
5122,10,3,2,0,4.868924106762993,0.0,2.975136586576652
5123,10,4,1,0,5.32094111180999,0.0,3.5082101223076285
5124,10,0,5,0,2.160991876672302,0.0,1.1100681378766495
5125,10,0,5,0,1.529943629894639,-0.5849625007211543,0.7452681404848654
5126,10,3,2,0,5.1165371134202715,0.0,2.8335532066011817
5127,10,3,2,0,6.140079954499541,0.0,3.280613947070075
5128,10,0,5,0,1.7561950656462564,-0.6252552066691877,0.8201155934576725
5129,10,0,5,0,1.0247535479029644,-1.219695794306677,0.1358171489874181
5130,10,3,2,0,3.7921789367318297,0.0,2.4490627491656705
5131,10,4,1,0,4.309818412609367,0.0,2.69758036806119
5132,10,0,5,0,1.6191941355404538,0.0,0.7000207480488762
5133,10,0,5,0,1.0247535479029644,-0.6012489770589617,0.009280362988288004
5134,10,3,2,0,4.148098638989133,0.0,2.735618696726784
5135,10,2,3,0,3.5066954439238955,0.0,1.8109753366103285
5136,10,3,2,0,4.685454868631325,0.0,2.328043313291439
5137,10,3,2,0,5.731699068689213,0.0,2.929342721744571
5138,10,3,2,0,5.024673402793436,0.0,2.50871294771722
5139,10,3,2,0,5.040800854634448,0.0,2.9728290896527816
5140,10,4,1,0,5.979312075346492,0.0,3.626412556005673
5141,10,4,1,0,5.843812245482987,0.0,3.138477396678799
5142,10,1,4,0,2.6526163244299674,0.0,1.2343989387469343
5143,10,4,1,0,4.453301350890186,0.0,2.76241232777342
5144,10,4,1,0,4.875165231339,0.0,3.0468184573180155
5145,10,4,1,0,5.284577900180139,0.0,2.826078000008979
5146,10,1,4,0,2.6452329205324148,0.0,1.377526846667039
5147,10,4,1,0,5.876700192474161,0.0,3.3648361186944022
5148,10,3,2,0,5.090081757405663,0.0,3.3112094326517214
5149,10,3,2,0,4.555348444724661,0.0,2.7434275767613485
5150,10,3,2,0,5.682418165917998,0.0,3.2481216200613985
5151,10,3,2,0,4.875165231339,0.0,3.237186873892076
5152,10,3,2,0,5.284577900180139,0.0,2.7280530361684527
5153,10,3,2,0,5.876700192474161,0.0,3.407346957012309
5154,10,3,2,0,5.876700192474161,0.0,3.407346957012309
5155,10,2,3,0,3.6960487844387906,-0.5290641754267469,1.3305879544603307
5156,10,3,2,0,4.875165231339,0.0,3.237186873892076
5157,10,3,2,0,5.682418165917998,0.0,3.2481216200613985
5158,10,2,3,0,3.4361442870520875,-0.5290641754267469,1.5664692757820249
5159,10,3,2,0,5.090081757405663,0.0,3.3112094326517214
5160,10,4,1,0,5.930031172575276,0.0,3.793086514648965
5161,10,2,3,0,4.255283129741638,0.0,2.044128785070069
5162,10,4,1,0,4.233762036273763,0.0,2.7906038401408617
5163,10,4,1,0,4.875165231339,0.0,3.057594658915325
5164,10,4,1,0,4.453301350890186,0.0,2.7516361261761104
5165,10,0,5,0,2.272649942854816,0.0,1.3787800264315515
5166,10,3,2,0,4.241145440171316,0.0,2.362968530459269
5167,10,4,1,0,4.882548635236553,0.0,3.1981621600511096
5168,10,3,2,0,5.040800854634448,0.0,2.9728290896527816
5169,10,1,4,0,2.9668193289833127,-0.5290641754267469,1.1440246635103861
5170,10,3,2,0,5.731699068689213,0.0,2.929342721744571
5171,10,3,2,0,4.685454868631325,0.0,2.328043313291439
5172,10,0,5,0,1.9181663281825472,-0.5290641754267469,0.6667938331322929
5173,10,3,2,0,4.148098638989133,0.0,2.735618696726784
5174,10,0,4,1,0.0,-4.03743501369183,-1.9519154323494035
5175,10,0,4,1,0.0,-2.6724253419715005,-0.6170549793629476
5176,10,1,4,0,2.8596322009246613,0.0,1.7191812807692393
5177,10,0,5,0,0.21303686677357447,-0.9347539753845631,-0.29712191151804956
5178,10,4,1,0,4.825681569864194,0.0,2.917016011581034
5179,10,0,5,0,0.0,-1.3466709421540664,-0.509940826898687
5180,10,1,4,0,2.5864085217311477,0.0,1.0643821571783434
5181,10,0,4,1,0.0,-2.6703999776349256,-1.2418432932261723
5182,10,0,5,0,2.153256227892694,-0.5487741931058601,0.4816250006876096
5183,10,2,3,0,4.202964147147618,0.0,2.4963520065374154
5184,10,0,5,0,0.9385675658774915,-1.3643524142427843,-0.02239342791503347
5185,10,4,1,0,4.825681569864194,0.0,3.0894811115372276
5186,10,3,2,0,4.4209270438472075,0.0,2.615195929579149
5187,10,0,4,1,2.126802954602436,-3.0846375350907316,-0.5015137382909636
5188,10,0,5,0,1.1065477787162799,-1.4558999276670512,0.32808842711146796
5189,10,3,2,0,5.688574110063925,0.0,2.5053615827699103
5190,10,3,2,0,4.202964147147618,0.0,2.3831587819268565
5191,10,0,5,0,2.126802954602436,-0.9598399160675797,0.6544987285894408
5192,10,1,4,0,3.8965671523397525,-0.3703057281643183,1.2762602100877884
5193,10,3,2,0,3.7981997668021528,-0.21796289669958924,1.9785496532089943
5194,10,2,3,0,4.901977288728826,0.0,2.154730874730498
5195,10,3,2,0,4.264264250064173,0.0,2.457640537839771
5196,10,2,3,0,4.183685535363406,0.0,1.696812130073127
5197,10,0,5,0,1.6113249555270137,-1.0637645425290891,0.2740736863137904
5198,10,2,3,0,4.141532083948459,-0.34620764732456166,1.6656188971463635
5199,10,1,4,0,3.293745008684823,-0.8421331357964483,0.8503927248869779
5200,10,2,3,0,4.599967723596201,0.0,2.655153437116849
5201,10,1,4,0,3.736645670660984,0.0,1.9641656112582146
5202,10,4,1,0,4.643181086795213,0.0,2.762087528606415
5203,10,2,3,0,3.494979563510018,-1.2262040352864716,1.28660157916122
5204,10,3,2,0,2.9857674441809863,0.0,2.0403053784582674
5205,10,0,5,0,2.1284133906169806,0.0,1.054187334463895
5206,10,1,4,0,3.040053662776902,-0.34326029726319973,1.2098500252013025
5207,10,3,2,0,4.978884560327241,0.0,2.6202537328744766
5208,10,2,3,0,4.901977288728826,0.0,2.056392690544827
5209,10,3,2,0,4.264264250064173,0.0,2.2570389700072773
5210,10,1,4,0,2.7593453722708254,0.0,1.1772349624752827
5211,10,0,5,0,1.223828939468568,-1.2410690743370019,0.2449959062921067
5212,10,3,2,0,5.0430038790424625,0.0,2.576055996214042
5213,10,2,3,0,3.1160627267789778,-1.4839049968172233,1.1879961902346323
5214,10,2,3,0,2.46489801380557,0.0,1.4860649806291086
5215,10,3,2,0,3.311627174197316,0.0,1.9831732803623345
5216,10,1,4,0,4.141532083948459,-0.7604452047803676,1.2959474857644593
5217,10,1,4,0,3.293745008684823,-1.7492588703576395,0.8267971258564024
5218,10,1,4,0,2.661136826045862,-1.6031274240183109,0.6539115459889665
5219,10,3,2,0,4.599967723596201,0.0,2.671901187051856
5220,10,2,3,0,5.211440489693167,0.0,2.4286344730416394
5221,10,4,1,0,5.6105715980626485,0.0,3.1837473173750075
5222,10,2,3,0,4.493148736327747,0.0,1.9728733100939841
5223,10,1,4,0,2.9576323035254894,-0.05956455399980598,0.9100383625005385
5224,10,2,3,0,2.662169701213376,0.0,1.6642587164831304
5225,10,0,5,0,1.8143826259497402,0.0,1.0976809977085586
5226,10,3,2,0,4.157449487895253,0.0,2.6524341763899946
5227,10,3,2,0,5.211440489693167,0.0,2.583123796799768
5228,10,3,2,0,5.6105715980626485,-0.07800251200127661,2.4273590707686337
5229,10,1,4,0,4.493148736327747,0.0,1.8989058042478164
5230,10,1,4,0,2.9576323035254894,-1.448739989966679,0.5614479984532579
5231,10,0,5,0,2.3029199801202758,0.0,1.3419589863277508
5232,10,0,5,0,1.8598972852021056,-0.6636646708549065,0.6649679425156101
5233,10,3,2,0,4.202964147147618,-0.21796289669958924,2.39723303287956
5234,10,2,3,0,4.48773973127302,0.0,2.0118265444709253
5235,10,1,4,0,2.88923817689815,-0.8610559418908466,0.6143666937378945
5236,10,2,3,0,2.410653737045699,-2.189313986550502,0.4658394505663466
5237,10,1,4,0,3.6979809730799964,-1.2039963156488298,0.9507345590816684
5238,10,0,4,1,1.408064163186495,-3.6349397158559675,-0.9094042068958601
5239,10,0,4,1,1.706268796943288,-2.557995453120885,-0.10035491528111393
5240,10,1,4,0,2.5502598043412767,-0.565802922437701,0.8044781952943161
5241,10,2,3,0,3.3686916614759426,-0.8913711778265636,1.470633349629945
5242,10,0,5,0,1.7701901071010724,-0.23539813116121167,0.8800116447036721
5243,10,0,5,0,1.9490760648373282,0.0,0.8761602333767776
5244,10,0,5,0,1.5069244491071103,-1.403092613681757,0.07800603371571597
5245,10,1,4,0,2.532649355012154,-1.0465653490986853,0.7108082960403792
5246,10,0,4,1,0.7501368528834007,-2.633177107156701,-0.8789832799543753
5247,10,2,3,0,2.929176641072317,0.0,1.6786284950774815
5248,10,1,4,0,2.6703999776349256,0.0,1.4285566844087534
5249,10,0,4,1,1.4553904534154327,-2.489872732201434,-0.3253141718178618
5250,10,0,5,0,2.013650160597116,-2.189313986550502,0.3070380199869135
5251,10,0,5,0,1.1338381701478966,-0.013952672010240974,0.6236793918562725
5252,10,0,4,1,0.0,-2.5493455163532346,-1.4443000580253398
5253,10,0,4,1,1.309265220494705,-3.5164163493694893,-0.5994003377884554
5254,10,0,5,0,2.153256227892694,-2.2676708159545136,0.15674337333333313
5255,10,0,5,0,0.7907647033862872,-0.3118127507953048,0.11309781857700898
5256,10,0,5,0,0.0,-1.3092405769785813,-0.8587683998144527
5257,10,0,5,0,1.2283325019499536,-1.8345185221160598,0.07699497287435264
5258,10,0,4,1,1.2231256843971572,-2.6471604933869095,-0.22713261999543163
5259,10,1,4,0,3.1904923368701645,0.0,1.4616467578320347
5260,10,1,4,0,2.598852888504595,0.0,1.1201051841746028
5261,10,0,5,0,1.039956781425385,0.0,0.624763793848296
5262,10,0,5,0,1.2231256843971572,-1.5009120746676636,0.11224454237189647
5263,10,0,5,0,2.013650160597116,-0.4917436727609683,0.95355376974331
5264,10,2,3,0,3.1904923368701645,0.0,2.1291801712143537
5265,10,3,2,0,2.719059150330395,0.0,1.8592649097784004
5266,10,1,4,0,2.703760076432708,0.0,1.371870877770545
5267,10,0,5,0,1.4553904534154327,-0.4045068317866729,0.3465992129073001
5268,10,1,4,0,2.4742482293271806,0.0,1.1147474711780716
5269,10,3,2,0,3.86726067361559,0.0,2.4916957759827634
5270,10,1,4,0,3.0866428706700155,-2.0288919060485675,0.48439029201826
5271,10,3,2,0,5.054009523143023,0.0,2.2694968564637934
5272,10,1,4,0,2.5859138327970967,0.0,1.3059514605531504
5273,10,3,2,0,4.350704471307537,-1.3830988927493877,1.5832204074425023
5274,10,0,4,1,1.9575756806445774,-3.1088912281137944,-0.025698768441840512
5275,10,2,3,0,3.924942333117585,0.0,2.088500300819676
5276,10,2,3,0,3.3333028847520154,0.0,1.5101304200770265
5277,10,2,3,0,2.8416708997069478,-0.9161684091965299,1.0192962030940649
5278,10,0,5,0,1.9575756806445774,-1.9759969576164487,0.41773597083404324
5279,10,2,3,0,2.6278938950187367,-1.2827783411322073,1.195855241120966
5280,10,2,3,0,4.968374793126408,0.0,2.6463533778027766
5281,10,3,2,0,4.376735344760839,0.0,2.2773210595458337
5282,10,2,3,0,3.13042228658108,0.0,1.577813026113717
5283,10,0,5,0,2.0622507839395006,0.0,1.3685795234815927
5284,10,2,3,0,4.265069741290922,0.0,1.9528753173089775
5285,10,3,2,0,5.524936868046034,0.0,3.092995315028451
5286,10,2,3,0,3.0866428706700155,0.0,1.915958449869104
5287,10,3,2,0,5.054009523143023,-0.00863030514344132,2.7862625880692042
5288,10,2,3,0,4.376735344760839,-0.5773693513989286,1.7595272350740707
5289,10,3,2,0,4.350704471307537,-1.8448296274762725,2.207202865282622
5290,10,3,2,0,5.1258057596765525,-0.5223628743637576,2.3376023718788175
5291,10,0,4,1,1.3795931107151986,-4.730306258051996,-0.6502330326826928
5292,10,3,2,0,3.6607523383143707,0.0,2.200381309703817
5293,10,4,1,0,5.196847457026831,0.0,3.527260185137314
5294,10,2,3,0,5.266832349990189,0.0,2.2997903309839764
5295,10,1,4,0,2.919035029632518,-2.0579700686373315,0.5184532558287728
5296,10,2,3,0,3.308890751522622,0.0,1.6446531177550674
5297,10,4,1,0,6.075114448822692,0.0,4.073500627336775
5298,10,3,2,0,4.901977288728826,0.0,2.5152386109194405
5299,10,0,4,1,0.11892049273333782,-2.7834769170733296,-0.6213303001499625
5300,10,3,2,0,4.48773973127302,0.0,2.5972668719429306
5301,10,4,1,0,5.035170778268828,0.0,3.449637750272551
5302,10,3,2,0,5.0430038790424625,0.0,2.943502210701754
5303,10,0,5,0,1.658362411650657,-0.5985384500000315,0.4498764438932298
5304,10,2,3,0,4.135878144481271,0.0,1.863988943941638
5305,10,4,1,0,5.439925304285815,0.0,3.4873110186623473
5306,10,3,2,0,5.1258057596765525,0.0,2.585485686215493
5307,10,0,5,0,1.3795931107151986,-1.6488111400612908,-0.3064261109033957
5308,10,4,1,0,3.6607523383143707,0.0,2.459176024864116
5309,10,4,1,0,5.027787374371275,0.0,3.144784972594079
5310,10,3,2,0,5.266832349990189,0.0,2.8308179214878573
5311,10,1,4,0,2.919035029632518,0.0,1.0855854431317866
5312,10,3,2,0,3.308890751522622,-0.5943980807307696,1.5879787072006593
5313,10,3,2,0,5.432541900388262,0.0,3.282319545871155
5314,10,2,3,0,3.702406918092578,0.0,1.777383394248691
5315,10,0,4,1,0.0,-3.8016450397722537,-1.01256972731191
5316,10,2,3,0,3.6681357422119234,0.0,1.6275825908752573
5317,10,3,2,0,5.035170778268828,0.0,3.026265275592867
5318,10,3,2,0,3.843433508406214,0.0,2.291062779825448
5319,10,0,5,0,1.4956361880485431,-0.10936922114397163,0.7551678639550843
5320,10,2,3,0,3.3162741554201745,-1.2884620186113125,1.2224609138889555
5321,10,3,2,0,5.439925304285815,0.0,3.06632030440167
5322,10,3,2,0,4.082373299667729,-0.9840936090906425,2.0339819217901765
5323,10,0,4,1,0.4978373294643781,-4.2685755233251115,-0.7691611888805803
5324,10,3,2,0,3.6681357422119234,0.0,2.213273623232726
5325,10,4,1,0,5.196847457026831,0.0,3.303324191581005
5326,10,3,2,0,3.87767226097462,0.0,2.4601757859217885
5327,10,0,5,0,2.0372792483816973,-1.5828851856885464,0.615648753682094
5328,10,2,3,0,2.970546526413429,-0.8215315350584547,1.4252242975421041
5329,10,3,2,0,5.6016019830438175,0.0,3.255893698944663
5330,10,2,3,0,4.901977288728826,0.0,2.206768809922855
5331,10,0,4,1,0.33616065070637546,-3.5745115854445686,-0.9929900582310388
5332,10,3,2,0,4.48773973127302,0.0,2.609385776889121
5333,10,4,1,0,5.035170778268828,0.0,3.3626395983977515
5334,10,2,3,0,5.0430038790424625,0.0,2.5354831295861935
5335,10,0,5,0,1.658362411650657,-0.30607793023301966,0.8578955250087901
5336,10,3,2,0,4.135878144481271,0.0,2.197062488430311
5337,10,4,1,0,5.222685146312777,0.0,3.5835562560658025
5338,10,3,2,0,4.074989895770177,0.0,2.5981473766285377
5339,10,0,5,0,0.3287772468088228,-2.2469147404705154,-0.5305927275755693
5340,10,3,2,0,3.6607523383143707,0.0,2.0511569437485555
5341,10,4,1,0,5.027787374371275,0.0,3.5528040537096395
5342,10,3,2,0,5.266832349990189,0.0,2.917816073362656
5343,10,1,4,0,2.919035029632518,0.0,1.0734665381855961
5344,10,2,3,0,4.359706615428998,0.0,1.8507315374652358
5345,10,3,2,0,6.483357764294638,0.0,3.481882419051241
5346,10,2,3,0,4.7175624442046065,0.0,2.5949903226408026
5347,10,0,5,0,0.3287772468088228,-2.1708788494379725,-0.7931409070989467
5348,10,2,3,0,3.6607523383143707,-0.2654368960491027,1.639294020838436
5349,10,3,2,0,5.027787374371275,0.0,2.974786748471555
5350,10,2,3,0,5.266832349990189,0.0,2.406091845565257
5351,10,1,4,0,2.919035029632518,-0.7074728215531962,0.6333686226096752
5352,10,2,3,0,4.359706615428998,-1.7501927533381973,1.341389070086843
5353,10,3,2,0,6.483357764294638,0.0,3.369940754490311
5354,10,3,2,0,5.524936868046034,-0.12323176599427654,2.7494388389073934
5355,10,1,4,0,3.1130666478458764,-0.5134412033398377,1.0141116465369115
5356,10,3,2,0,4.266872880504071,0.0,2.5584227084098936
5357,10,2,3,0,2.620510491121184,0.0,1.265763417707492
5358,10,3,2,0,5.524936868046034,0.0,2.9570536652527055
5359,10,3,2,0,4.265069741290922,0.0,2.1184108629080733
5360,10,1,4,0,3.1130666478458764,0.0,1.4409757960807148
5361,10,3,2,0,4.181238150487456,0.0,2.363105538637851
5362,10,4,1,0,3.3259194808544628,0.0,2.4332177020965373
5363,10,3,2,0,4.086619011875587,0.0,2.5999910412263825
5364,10,2,3,0,2.6278938950187367,0.0,1.5150778311987516
5365,10,0,5,0,2.11925235940258,0.0,1.2120741062873974
5366,10,2,3,0,4.101538026462059,0.0,2.0574575252552507
5367,10,0,5,0,2.069634187837053,-1.3888535674751878,0.309550591686336
5368,10,2,3,0,3.1378056904786327,0.0,1.2318578313061068
5369,10,2,3,0,2.6278938950187367,-1.9768422790127502,0.6029019500028638
5370,10,3,2,0,3.7341153560822917,-0.5849625007211614,1.9407640871765195
5371,10,0,5,0,1.3222451358821345,0.0,0.5219496584235884
5372,10,2,3,0,4.266872880504071,0.0,1.8294324132113524
5373,10,0,5,0,1.3524184621090853,-1.5099117954598924,0.43237336803579607
5374,10,2,3,0,4.135776779030465,0.0,2.1435295626138875
5375,10,2,3,0,3.383313960040102,-0.6890349548688448,1.2416968031847646
5376,10,0,5,0,1.7239065588303077,0.0,0.9480403993846729
5377,10,3,2,0,3.2994823692366353,0.0,1.7710530851208197
5378,10,1,4,0,2.98757525574527,0.0,1.411237391522245
5379,10,3,2,0,4.086619011875587,0.0,2.39404889288321
5380,10,0,5,0,2.2821662660119912,0.0,1.2341901462286926
5381,10,0,5,0,2.11925235940258,-0.5526877203740597,0.6943581142321207
5382,10,1,4,0,5.1166935525740875,0.0,2.2611032241886297
5383,10,0,5,0,1.335184191589633,-1.8639384504239729,-0.29269920780921765
5384,10,1,4,0,2.4033556942312124,-0.7728665456723114,0.5664180747260623
5385,10,0,4,1,1.8934438987713165,-2.438573013739635,0.2167758045585188
5386,10,0,5,0,0.0,0.0,0.0
5387,10,0,2,3,0.0,-4.568761782797903,-2.339387635226891
5388,10,0,2,3,0.0,-4.621656731230022,-2.7518360593651656
5389,10,0,1,4,0.0,-5.701656053295249,-3.195056998437463
5390,10,0,2,3,0.0,-4.621656731230022,-2.7729940387380134
5391,10,0,1,4,0.0,-4.621656731230022,-2.69439528657594
5392,10,0,1,4,0.0,-4.621656731230022,-3.2859095918865115
5393,10,0,1,4,0.0,-5.701656053295249,-3.446497292594928
5394,10,0,1,4,0.0,-4.621656731230022,-3.4861334524316563
5395,10,0,5,0,0.0,-0.20423305221760302,-0.06200458981636814
5396,10,0,5,0,1.9486008474933598,-0.05289494843211884,0.955689350988186
5397,10,0,5,0,2.2151049847464286,0.0,0.6542129295016472
5398,11,2,3,0,3.0146598602392345,0.0,1.5943159084354384
5399,11,2,3,0,3.0146598602392345,0.0,1.5943159084354384
5400,11,1,4,0,2.5316170035763292,-0.008050132713464109,1.1894881688253023
5401,11,1,4,0,2.5316170035763292,-0.008050132713464109,1.1894881688253023
5402,11,2,3,0,3.2432523793084087,-0.5389856110000153,1.4111980212536714
5403,11,2,3,0,3.2432523793084087,-0.5389856110000153,1.4111980212536714
5404,11,4,1,0,4.346335931678162,0.0,2.964172868657601
5405,11,4,1,0,4.346335931678162,0.0,2.964172868657601
5406,11,3,2,0,5.37323058358799,0.0,3.3116424334039785
5407,11,3,2,0,5.37323058358799,0.0,3.3116424334039785
5408,11,0,4,1,0.8382225232192582,-3.204469347618737,-0.5046715625564318
5409,11,2,3,0,2.8868982573713424,-1.3088440811248923,0.8369863087794578
5410,11,2,3,0,2.8868982573713424,-0.8810300040266199,1.3875302246096717
5411,11,2,3,0,3.724034896796308,0.0,1.3847786407570866
5412,11,1,4,0,2.9482082109093994,-0.5384051882218053,0.8226301281086457
5413,11,1,4,0,3.25717619521323,-0.5107520661847325,0.9910476752782756
5414,11,2,3,0,3.25717619521323,-0.9385661432830048,1.3704659602691804
5415,11,2,3,0,3.8973987068630045,0.0,1.567562577907181
5416,11,2,3,0,2.8868982573713424,-1.3088440811248923,0.8369863087794578
5417,11,2,3,0,3.724034896796308,0.0,1.3847786407570866
5418,11,2,3,0,2.855606318237502,-0.7753157671555648,1.1066918253994715
5419,11,1,4,0,2.777643416231175,-0.9126720846362133,0.872227606554899
5420,11,2,3,0,3.6514437129633635,-0.6384810645895769,1.47423201768201
5421,11,2,3,0,2.855606318237502,-0.9126720846362133,0.9374448165547584
5422,11,1,4,0,2.777643416231175,-1.0579144491137065,0.6410280365463749
5423,11,2,3,0,3.6514437129633635,0.0,1.802712356676895
5424,11,2,3,0,3.4783698669660517,-0.8115549105868887,1.410973924452118
5425,11,2,3,0,3.7294066149696903,0.0,1.7608584954538926
5426,11,3,2,0,4.155406603876045,0.0,2.2502838386705064
5427,11,2,3,0,3.7127536665014205,0.0,1.6826445017013036
5428,11,2,3,0,3.5396798205041087,-0.1730738459973118,1.5271879456826745
5429,11,1,4,0,2.777643416231175,-1.0579144491137065,0.6410280365463749
5430,11,2,3,0,2.855606318237502,-0.9126720846362133,0.9374448165547584
5431,11,1,4,0,2.777643416231175,-0.9126720846362133,0.872227606554899
5432,11,2,3,0,2.855606318237502,-0.7753157671555648,1.1066918253994715
5433,11,2,3,0,3.4783698669660517,0.0,1.5144458250482487
5434,11,3,2,0,4.155406603876045,0.0,2.2502838386705064
5435,11,2,3,0,3.7294066149696903,0.0,1.7608584954538926
5436,11,3,2,0,4.285025978140105,-0.5800802793414057,2.1450693970296575
5437,11,3,2,0,4.285025978140105,0.0,2.3792009885350205
5438,11,3,2,0,4.285025978140105,0.0,2.504241868966666
5439,11,2,3,0,4.285025978140105,-0.36222080083539154,1.982180362972229
5440,11,0,5,0,2.2215798436967056,-0.718554714527535,0.1568940829283271
5441,11,0,5,0,1.7879846633902794,-2.1704362328583215,0.18811969782888766
5442,11,0,5,0,1.7879846633902794,-2.1704362328583215,0.18811969782888766
5443,11,3,2,0,3.680303352365346,0.0,2.0434891562740978
5444,11,0,2,3,0.0,-4.670884823895715,-2.7644209315754074
5445,11,0,3,2,0.0,-4.670884823895715,-2.4177714122802327
5446,11,0,3,2,0.0,-4.670884823895715,-2.4177714122802327
5447,11,0,5,0,2.292855786110824,-1.839556543754295,0.6678201718471705
5448,11,0,5,0,2.292855786110824,-1.839556543754295,0.6678201718471705
5449,11,0,5,0,0.5145435483974552,-0.10632284297988193,0.16813462167002272
5450,11,1,4,0,3.2529393082278553,-0.43232262907246977,0.7659314643431927
5451,11,1,4,0,3.379394923985963,0.0,1.4201394149765476
5452,11,2,3,0,3.445880239375814,0.0,2.0643454215422627
5453,11,4,1,0,5.782918541381218,0.0,3.693454082703215
5454,11,0,1,4,0.0,-3.5078162098220247,-2.40853306747671
5455,11,0,2,3,0.0,-3.645172527302673,-2.023945049622108
5456,11,0,5,0,0.11390084012747437,-0.5045153986787163,-0.25294467260970566
5457,11,0,5,0,1.8108014749943706,-0.057600266622927165,0.41201677650365837
5458,11,0,1,4,0.0,-4.859615777218519,-2.9201519351591765
5459,11,0,1,4,0.0,-4.950108194755675,-3.4839147726549102
5460,11,0,5,0,1.3638863429385815,-0.4928098980264366,0.1562289858047407
5461,11,0,5,0,0.7382825226381975,-0.045894765970647455,0.3211962337936619
5462,11,0,1,4,0.0,-3.92871755924946,-2.507625706397713
5463,11,0,1,4,0.0,-5.881006412724734,-3.5780878857119234
5464,11,4,1,0,7.623946792493534,0.0,4.379599229711965
5465,11,4,1,0,4.740655968857141,0.0,3.3199437251719566
5466,11,4,1,0,4.1916363297258386,0.0,2.782001439869531
5467,11,3,2,0,4.921870983518687,0.0,2.9801079445662304
5468,11,4,1,0,5.193675598980207,0.0,3.450901307844684
5469,11,4,1,0,5.34620576543124,0.0,3.177426291077551
5470,11,4,1,0,5.494042315324702,0.0,3.994686840294824
5471,11,4,1,0,5.916988001154131,0.0,3.786037022996183
5472,11,4,1,0,5.916988001154131,0.0,3.6543752394919538
5473,11,4,1,0,4.775485580471546,0.0,3.1584785290188373
5474,11,4,1,0,6.0965610201372264,0.0,4.094860025289547
5475,11,3,2,0,4.831961262164565,0.0,2.6982109963778504
5476,11,2,3,0,4.0826237433293855,0.0,2.0551690856085036
5477,11,4,1,0,6.005341822243093,0.0,3.928376605650559
5478,11,4,1,0,6.153178372136555,0.0,3.914269270000699
5479,11,4,1,0,6.576124057965984,0.0,4.278671601844107
5480,11,4,1,0,6.576124057965984,0.0,4.390279627875052
5481,11,3,2,0,5.032667403538593,0.0,3.2162738685145102
5482,11,4,1,0,5.770031150379445,0.0,3.9266437214490266
5483,11,3,2,0,5.018374386395447,0.0,2.9939792764466993
5484,11,3,2,0,4.666902015894063,0.0,2.6931102580785535
5485,11,0,5,0,0.9639508384782083,-0.34294302373747243,0.476440786289686
5486,11,0,5,0,2.2082638780715804,-0.34294302373747243,0.8158039605380282
5487,11,4,1,0,3.464662622115572,0.0,2.2631966523815175
5488,11,4,1,0,7.277466239233213,0.0,5.036736685039054
5489,11,0,5,0,0.8487382512246384,-1.186183010977203,-0.14544788329853517
5490,11,0,5,0,1.2956533832804276,0.0,0.4406504151932829
5491,11,1,4,0,2.6368547883205515,-0.34294302373747243,1.048118363905352
5492,11,1,4,0,2.6368547883205515,-0.34294302373747243,0.6887014321837256
5493,11,3,2,0,4.417251061599828,0.0,2.7934932604932934
5494,11,4,1,0,7.571679726718973,0.0,5.067039092026388
5495,11,0,5,0,1.6580998304243408,-1.3978800580105855,0.2337378297281468
5496,11,0,5,0,2.10501496248013,-0.9552161878339263,0.5232496556815256
5497,11,3,2,0,5.141869893037448,0.0,2.987755347189929
5498,11,4,1,0,8.273795599214264,0.0,5.364657990320384
5499,11,0,5,0,1.8950749462962335,-1.3216979816336831,0.600431078124592
5500,11,0,5,0,1.6698334726219173,-0.874782849577894,0.7950158490671229
5501,11,3,2,0,5.119366934095119,0.0,2.766907913877938
5502,11,4,1,0,8.296298558156593,0.0,5.437091134938115
5503,11,0,5,0,1.2058600853942814,-1.3216979816336831,0.42360890567948106
5504,11,1,4,0,2.3419900783520227,-0.874782849577894,0.902689927016165
5505,11,0,5,0,2.17287106138836,-0.05081888229723219,1.0807844086195622
5506,11,1,4,0,2.7673116490258494,0.0,1.296436269129338
5507,11,4,1,0,5.457935926094763,0.0,3.483550459983931
5508,11,4,1,0,4.940296450217225,0.0,3.260109950483192
5509,11,4,1,0,6.153178372136555,0.0,3.914269270000699
5510,11,4,1,0,6.005341822243093,0.0,3.928376605650559
5511,11,4,1,0,5.494042315324702,0.0,3.994686840294824
5512,11,4,1,0,5.34620576543124,0.0,3.177426291077551
5513,11,1,4,0,2.6368547883205515,-0.34294302373747243,0.6887014321837256
5514,11,1,4,0,2.6368547883205515,-0.34294302373747243,1.048118363905352
5515,11,4,1,0,7.571679726718973,0.0,5.067039092026388
5516,11,3,2,0,4.417251061599828,0.0,2.7934932604932934
5517,11,0,5,0,2.10501496248013,-0.9552161878339263,0.5232496556815256
5518,11,0,5,0,1.6580998304243408,-1.3978800580105855,0.2337378297281468
5519,11,0,5,0,2.2082638780715804,-0.34294302373747243,0.8158039605380282
5520,11,0,5,0,0.9639508384782083,-0.34294302373747243,0.476440786289686
5521,11,4,1,0,7.277466239233213,0.0,5.036736685039054
5522,11,4,1,0,3.464662622115572,0.0,2.2631966523815175
5523,11,0,5,0,1.2956533832804276,0.0,0.4406504151932829
5524,11,0,5,0,0.8487382512246384,-1.186183010977203,-0.14544788329853517
5525,11,4,1,0,5.298976687505533,0.0,3.5790964180772917
5526,11,4,1,0,6.21417191453148,0.0,3.7071375369716435
5527,11,4,1,0,4.664607238330472,0.0,2.8780642205621456
5528,11,4,1,0,6.027468496864277,0.0,3.79611520691824
5529,11,3,2,0,4.128515744088801,0.0,2.083447159920476
5530,11,4,1,0,5.592901434450287,0.0,3.3221257395250907
5531,11,4,1,0,6.21417191453148,0.0,4.0651673020197725
5532,11,4,1,0,6.2957341543421315,0.0,4.052434537896295
5533,11,4,1,0,5.5362228723621705,0.0,3.593042421534926
5534,11,4,1,0,6.195358929174024,0.0,4.011099206766578
5535,11,2,3,0,4.128515744088801,0.0,2.094322406694647
5536,11,4,1,0,5.759645307539813,0.0,3.594062944499362
5537,11,4,1,0,5.566815154010893,0.0,3.6046397141454136
5538,11,4,1,0,5.977713100215642,0.0,3.7348300527846745
5539,11,4,1,0,6.081388326840649,0.0,4.089107406137511
5540,11,3,2,0,5.439985131775412,0.0,3.164519366090756
5541,11,2,3,0,3.8996689710946413,0.0,2.220620757435879
5542,11,4,1,0,6.080320379130011,0.0,4.0042480806711165
5543,11,4,1,0,6.2957341543421315,0.0,4.052434537896295
5544,11,4,1,0,6.21417191453148,0.0,4.0651673020197725
5545,11,4,1,0,6.195358929174024,0.0,4.011099206766578
5546,11,4,1,0,5.5362228723621705,0.0,3.593042421534926
5547,11,4,1,0,5.759645307539813,0.0,3.594062944499362
5548,11,2,3,0,4.128515744088801,0.0,2.094322406694647
5549,11,4,1,0,6.21417191453148,0.0,3.7071375369716435
5550,11,4,1,0,5.298976687505533,0.0,3.5790964180772917
5551,11,4,1,0,6.027468496864277,0.0,3.79611520691824
5552,11,4,1,0,4.664607238330472,0.0,2.8780642205621456
5553,11,4,1,0,5.592901434450287,0.0,3.3221257395250907
5554,11,3,2,0,4.128515744088801,0.0,2.083447159920476
5555,11,2,3,0,3.8996689710946413,0.0,2.220620757435879
5556,11,4,1,0,6.081388326840649,0.0,4.089107406137511
5557,11,0,5,0,1.6465205142442265,-0.3144641076578729,0.18515156638189226
5558,11,0,5,0,1.4223886834244261,-1.0251625935398465,-0.0018144969584625414
5559,11,0,2,3,0.0,-4.819963283916795,-2.8997772056543063
5560,11,0,1,4,0.0,-4.602103805410781,-2.9001625941779876
5561,11,0,5,0,2.243361073265845,-1.0251625935398465,0.13490871751369155
5562,11,1,4,0,2.7957105160485582,-0.3144641076578729,0.3875183032466289
5563,11,0,2,3,0.0,-3.8689149019900633,-2.3430343271516008
5564,11,0,2,3,0.0,-3.9673705118252585,-2.548457692774587
5565,11,0,5,0,1.0698249484061044,-1.4650712114121802,-0.16687033104013552
5566,11,0,5,0,2.1180196608756603,0.0,0.7405725789332962
5567,11,1,4,0,2.5772844887675603,-0.41687649894262435,0.8839093209757714
5568,11,0,5,0,1.8852015091691428,-0.9070757582912954,0.30275554116816605
5569,11,1,4,0,2.7957105160485582,-0.3144641076578729,0.3875183032466289
5570,11,0,5,0,2.243361073265845,-1.0251625935398465,0.13490871751369155
5571,11,0,2,3,0.0,-3.9673705118252585,-2.548457692774587
5572,11,0,2,3,0.0,-3.8689149019900633,-2.3430343271516008
5573,11,0,5,0,1.4223886834244261,-1.0251625935398465,-0.0018144969584625414
5574,11,0,5,0,1.6465205142442265,-0.3144641076578729,0.18515156638189226
5575,11,0,1,4,0.0,-4.602103805410781,-2.9001625941779876
5576,11,0,2,3,0.0,-4.819963283916795,-2.8997772056543063
5577,11,0,5,0,1.8852015091691428,-0.9070757582912954,0.30275554116816605
5578,11,1,4,0,2.5772844887675603,-0.41687649894262435,0.8839093209757714
5579,11,0,5,0,2.1180196608756603,0.0,0.7405725789332962
5580,11,0,5,0,1.0698249484061044,-1.4650712114121802,-0.16687033104013552
5581,11,1,4,0,2.5096100100361234,-0.9289055080880644,0.520520982536592
5582,11,2,3,0,3.087498876644947,0.0,1.2996303525395525
5583,11,2,3,0,3.502824626682173,-0.5914092815004821,1.2059410361711407
5584,11,0,5,0,1.889685413449552,-1.639603993970038,0.28901113524234534
5585,11,0,5,0,1.889685413449552,-1.639603993970038,0.28901113524234534
5586,11,2,3,0,3.502824626682173,-0.5914092815004821,1.2059410361711407
5587,11,2,3,0,3.087498876644947,0.0,1.2996303525395525
5588,11,1,4,0,2.5096100100361234,-0.9289055080880644,0.520520982536592
5589,11,0,4,1,0.0,-2.5948117171172527,-1.1393004361657724
5590,11,0,2,3,0.0,-3.9235146771604157,-2.6915329195716913
5591,11,0,2,3,0.0,-3.9235146771604157,-2.6915329195716913
5592,11,0,4,1,0.0,-2.8788797979465706,-1.5692377584963253
5593,11,0,4,1,0.0,-2.8788797979465706,-1.5692377584963253
5594,11,0,5,0,1.7469812926715989,0.0,1.0521688888286185
5595,11,0,5,0,1.7469812926715989,0.0,1.0521688888286185
5596,11,0,5,0,0.7076276603101164,-1.1046153691844118,-0.5212436894486239
5597,11,1,4,0,4.458476876392631,0.0,2.12579185589574
5598,11,4,1,0,5.562040470745526,0.0,4.000405575703662
5599,11,4,1,0,5.013147224731892,0.0,3.55390998735396
5600,11,0,5,0,0.387745807611104,-1.8117856559165304,-0.7614448272275538
5601,11,1,4,0,3.3691114955460257,0.0,1.50387096402022
5602,11,0,5,0,0.387745807611104,-1.8117856559165304,-0.46218509416400194
5603,11,1,4,0,3.3691114955460257,0.0,1.50387096402022
5604,11,0,5,0,1.2081859288381729,0.0,0.7725131946251835
5605,11,4,1,0,5.960471635813359,0.0,4.566960768666537
5606,11,0,5,0,0.0,-2.0370634517827,-1.131816852214102
5607,11,0,5,0,1.5989308726990856,0.0,0.8845371824925081
5608,11,3,2,0,3.002754812830336,0.0,1.931380684648179
5609,11,4,1,0,6.409482678533259,0.0,4.664143968749313
5610,11,0,5,0,2.289363918396834,0.0,1.110044750512256
5611,11,1,4,0,2.7981188622980433,0.0,1.5170487056332234
5612,11,0,5,0,0.387745807611104,-1.8117856559165304,-0.46218509416400194
5613,11,0,5,0,0.387745807611104,-1.8117856559165304,-0.7614448272275538
5614,11,4,1,0,5.960471635813359,0.0,4.566960768666537
5615,11,0,5,0,1.2081859288381729,0.0,0.7725131946251835
5616,11,0,5,0,1.5989308726990856,0.0,0.8845371824925081
5617,11,0,5,0,0.0,-2.0370634517827,-1.131816852214102
5618,11,4,1,0,4.764239201994101,0.0,2.972283187874494
5619,11,4,1,0,4.764239201994101,0.0,3.142778385845596
5620,11,4,1,0,4.261645537407809,0.0,3.109261219808617
5621,11,4,1,0,5.035273899353076,0.0,3.8438266184734786
5622,11,0,5,0,1.593632715216586,-0.2979294717851424,0.7330656255978909
5623,11,4,1,0,4.854087936785749,0.0,3.521905746407176
5624,11,4,1,0,3.0950629992976992,0.0,2.473133208231494
5625,11,4,1,0,4.548357069426185,0.0,3.3542783836455023
5626,11,4,1,0,4.879623028892883,0.0,3.619291151218861
5627,11,4,1,0,5.759422185696323,0.0,3.7892949062755976
5628,11,4,1,0,5.759422185696323,0.0,3.9180594413680474
5629,11,4,1,0,4.874946541683411,0.0,3.722945723876542
5630,11,4,1,0,5.562040470745526,0.0,4.142196174939995
5631,11,4,1,0,4.944285745757323,0.0,3.536631750677924
5632,11,4,1,0,3.9885736088622004,0.0,2.7064505834208936
5633,11,4,1,0,3.0950629992976992,0.0,2.473133208231494
5634,11,0,5,0,0.884133587473638,-1.8117856559165304,-0.7219156553695661
5635,11,1,4,0,3.4164882326886605,0.0,1.253620256505539
5636,11,0,1,4,0.0,-5.667352088646847,-3.9323585162170254
5637,11,0,2,3,0.0,-5.468444897638786,-3.231113237231411
5638,11,0,5,0,0.8884549055944717,-1.2188429573563972,-0.27282950276438245
5639,11,0,5,0,2.1742509268451045,-0.6437454219877381,0.5339519289939517
5640,11,0,5,0,1.189552352894058,-1.9295414432383708,-0.3562151255976424
5641,11,0,4,1,0.884133587473638,-2.4940052257189045,-0.9908971928731539
5642,11,1,4,0,3.4164882326886605,0.0,1.4169206822513125
5643,11,0,1,4,0.0,-6.3495716584492214,-3.9747777702098253
5644,11,0,2,3,0.0,-4.786225327836412,-2.9239144595632838
5645,11,0,5,0,1.189552352894058,-1.9295414432383708,-0.3562151255976424
5646,11,0,5,0,2.1742509268451045,-0.6437454219877381,0.7117074543413274
5647,11,0,5,0,0.8884549055944717,-1.2188429573563972,-0.27282950276438245
5648,11,0,5,0,0.1394223558749701,-0.52928751494143,-0.1625732428217141
5649,11,1,4,0,2.4236150133968337,0.0,1.531100315031567
5650,11,4,1,0,3.3268191833770295,0.0,2.3783990040016887
5651,11,2,3,0,2.61483191596351,0.0,1.8003435799548384
5652,11,0,5,0,1.857866451582428,-0.3789545753729229,0.9021514797895044
5653,11,0,5,0,1.857866451582428,0.0,0.985068639137561
5654,11,0,5,0,1.532727439587891,0.0,1.0308042021272812
5655,11,2,3,0,3.776852201380006,0.0,2.240944373792216
5656,11,4,1,0,5.342001382046913,0.0,3.582004583202923
5657,11,1,4,0,2.4123601632853706,0.0,1.2401651648506786
5658,11,4,1,0,4.6537448308621805,0.0,3.0105191344013895
5659,11,1,4,0,3.0655220009774418,0.0,1.5701147327342426
5660,11,1,4,0,3.540780582272866,0.0,1.7371234792016559
5661,11,2,3,0,3.511125437615302,0.0,1.8978009398940003
5662,11,4,1,0,5.713037103782565,0.0,3.387275437998968
5663,11,2,3,0,3.6382678800728883,0.0,1.5396360532434528
5664,11,4,1,0,4.6537448308621805,0.0,2.9157876305038415
5665,11,1,4,0,3.0655220009774418,0.0,1.363428241649551
5666,11,1,4,0,3.540780582272866,0.0,1.5964643612994003
5667,11,2,3,0,3.0133237379380233,0.0,1.4372571741532851
5668,11,4,1,0,6.495673361579261,0.0,4.0619850414059355
5669,11,4,1,0,5.422515994741225,0.0,3.631972115924266
5670,11,0,5,0,2.0534838218704436,-1.4743083142111466,0.38662272894945315
5671,11,2,3,0,3.8232480196077603,0.0,1.5726825478442918
5672,11,3,2,0,5.10179738736899,0.0,2.9161794415606233
5673,11,3,2,0,5.359498348899741,0.0,3.2649479586778334
5674,11,3,2,0,3.39766074385307,0.0,2.3848604447659563
5675,11,3,2,0,3.5034643866999637,0.0,2.3174914911801046
5676,11,4,1,0,4.831095245066315,0.0,3.2232072757968098
5677,11,4,1,0,4.9412180592884525,0.0,3.288551762663783
5678,11,4,1,0,4.381199669671538,0.0,2.481173449556124
5679,11,4,1,0,5.028897783035287,0.0,3.1950001299773882
5680,11,1,4,0,2.8880574832500265,0.0,1.3695031684754482
5681,11,0,5,0,1.93306721816759,0.0,0.8676838763183412
5682,11,1,4,0,3.39766074385307,0.0,1.912810223589858
5683,11,1,4,0,3.5034643866999637,0.0,1.9901603863811375
5684,11,3,2,0,6.09390791954781,0.0,3.2963101826456844
5685,11,4,1,0,4.9412180592884525,0.0,2.9674522772223346
5686,11,2,3,0,4.681304804754571,0.0,2.450850278871698
5687,11,2,3,0,4.582648634882915,0.0,2.2347147584718434
5688,11,1,4,0,2.8880574832500265,0.0,1.249739161475167
5689,11,0,5,0,1.93306721816759,-0.6870403688345235,0.40518458200635266
5690,11,4,1,0,5.6471845564879395,0.0,3.783895218436823
5691,11,4,1,0,5.386271648974425,0.0,3.6641057573031928
5692,11,4,1,0,3.985734418424588,0.0,2.6179476832800104
5693,11,4,1,0,4.94814256522265,0.0,2.944929512039675
5694,11,1,4,0,2.924962440944004,0.0,1.5541050693553764
5695,11,0,5,0,1.9699721758615674,0.0,0.956814075683944
5696,11,4,1,0,5.381457792723236,0.0,3.8528894944096796
5697,11,4,1,0,5.757307370710077,0.0,3.88151432197031
5698,11,3,2,0,3.8862724727625277,0.0,2.6460403983298293
5699,11,4,1,0,5.185002458203396,0.0,3.18839776995481
5700,11,1,4,0,2.924962440944004,0.0,1.6417907653274895
5701,11,0,5,0,1.9699721758615674,-0.04855930424494659,0.9114152973355608
5702,11,4,1,0,5.197211243559117,0.0,3.1214419831952656
5703,11,4,1,0,5.537252465330656,0.0,3.3840468037808527
5704,11,2,3,0,4.419829603595755,0.0,2.3950874819986163
5705,11,2,3,0,2.8843131707934972,-0.008745671702570235,1.1123684445903088
5706,11,4,1,0,5.338237833872753,0.0,3.073111423785835
5707,11,2,3,0,4.301996815574064,0.0,2.359276280484617
5708,11,2,3,0,3.5750196974735786,0.0,1.9912342578627396
5709,11,3,2,0,4.421748857865325,0.0,2.6835412334085595
5710,11,2,3,0,4.4367660387787495,0.0,2.4044323512014762
5711,11,2,3,0,3.588978963515114,0.0,1.520331925429717
5712,11,2,3,0,3.8470709148409483,0.0,1.834183016299027
5713,11,4,1,0,5.7859018123912875,0.0,3.551736255966071
5714,11,2,3,0,3.0663947843863717,0.0,2.0677267632658585
5715,11,3,2,0,3.1721984272332655,0.0,2.2053290351453283
5716,11,2,3,0,3.1721984272332655,0.0,1.727711817412453
5717,11,4,1,0,5.136023356176896,0.0,3.2897967186049057
5718,11,4,1,0,4.710703918382322,0.0,3.1283299335971293
5719,11,2,3,0,3.5180672765623484,0.0,2.1394454613487524
5720,11,2,3,0,3.1647665060994825,0.0,1.4138601562996747
5721,11,1,4,0,2.7051699792723696,0.0,1.1687525867220643
5722,11,0,5,0,2.2050700877232714,0.0,0.9158434188692759
5723,11,4,1,0,4.929386479010134,0.0,3.3788447520510467
5724,11,4,1,0,5.063484808618423,0.0,3.3657922557375306
5725,11,3,2,0,3.418605330900288,0.0,2.1875919338718552
5726,11,2,3,0,3.4016263990802287,0.0,1.677382171688094
5727,11,1,4,0,2.7051699792723696,0.0,1.2037305928665056
5728,11,0,5,0,2.2050700877232714,0.0,1.0168487981961534
5729,11,2,3,0,4.782973686103311,0.0,2.829341178046339
5730,11,2,3,0,3.184472131728441,0.0,1.4938398684364451
5731,11,2,3,0,3.5965878258407855,0.0,1.9386900950640538
5732,11,2,3,0,3.9932149279102873,0.0,1.8520007945825647
5733,11,0,5,0,1.7032981180167859,-1.8835839046627463,-0.1225404012248454
5734,11,2,3,0,2.8922028857383744,-0.766394602377833,0.872697925092826
5735,11,2,3,0,3.736193893136363,0.0,1.7776422703062316
5736,11,0,5,0,0.06856531526770482,-0.9551109329154812,-0.4263589306144411
5737,11,0,5,0,2.1322477982984367,0.0,1.4859829025918188
5738,11,0,5,0,1.4073337161658372,0.0,0.8989251147936187
5739,11,0,5,0,2.171456155568354,-0.14307111492835034,0.5559181088279473
5740,11,0,5,0,1.176200593182319,-0.8198338613392906,0.47504286987692623
5741,11,0,3,2,0.0,-2.661475394581938,-1.418432144542659
5742,11,0,5,0,0.45323411241463774,-1.6441914840463099,-0.6210879731565143
5743,11,0,5,0,2.237971547307211,0.0,1.3113076175230298
5744,11,1,4,0,3.985438342091058,0.0,1.1249041166901292
5745,11,0,5,0,0.9751362306892766,-0.8671759231496843,0.14514051996583177
5746,11,0,5,0,0.8832279178341551,0.0,0.4302056186026334
5747,11,0,5,0,0.0,-2.0267421009964153,-1.1314690365723883
5748,11,1,4,0,3.2060735981763564,0.0,1.2268953405320127
5749,11,2,3,0,3.5984518302623307,0.0,2.1654810998169465
5750,11,0,5,0,1.9822157716163176,-0.03159501517877672,0.6405574745210245
5751,11,1,4,0,2.478028772809644,0.0,1.1986040410074459
5752,11,2,3,0,4.134926017801369,0.0,1.963639882101417
5753,11,1,4,0,2.9257953873983347,0.0,1.4943925899942379
5754,11,2,3,0,3.317526078424425,0.0,1.8040996256986688
5755,11,0,5,0,0.644796594986456,-1.5807112388420208,-0.33323370867588054
5756,11,1,4,0,3.578979590940385,0.0,1.9108199562259096
5757,11,1,4,0,2.755432635380192,0.0,1.251982391777755
5758,11,2,3,0,3.4160454204023516,0.0,1.7171618536493143
5759,11,0,5,0,1.8150269250034619,0.0,0.8444047474277447
5760,11,0,5,0,0.19812066979265097,-0.45650871699750795,-0.1481039506285427
5761,11,3,2,0,2.957543200757101,0.0,2.093711660860356
5762,11,0,5,0,2.0466540845925927,0.0,1.4958379195724454
5763,11,0,5,0,0.9751362306892766,-0.8671759231496843,0.32146302873964105
5764,11,0,5,0,1.870069695954868,0.0,0.9420812900764937
5765,11,0,5,0,0.0,-1.92828649116122,-0.761821673670427
5766,11,0,5,0,1.3944405946717282,-0.9593715612354181,-0.13266932288259098
5767,11,3,2,0,3.7893814883173427,0.0,2.1292000460795917
5768,11,3,2,0,3.985438342091058,0.0,2.4899868147091206
5769,11,0,5,0,2.171456155568354,-0.14307111492835034,0.67885533311769
5770,11,0,5,0,1.8626862920573153,-0.6019743828332764,0.6868161102526855
5771,11,0,4,1,0.8540011442150295,-2.879334873087952,-0.7941934220661715
5772,11,3,2,0,3.5652686198573313,0.0,2.2545023382255076
5773,11,3,2,0,4.626049692764354,0.0,2.3617202126433083
5774,11,0,5,0,1.9822157716163176,-0.24329206221215927,0.6416437277566871
5775,11,2,3,0,3.3274081506121576,0.0,1.4328458891664753
5776,11,4,1,0,4.494121039482344,0.0,2.962142493771501
5777,11,1,4,0,3.3150046148741232,0.0,1.6615273167971893
5778,11,2,3,0,3.317526078424425,0.0,2.1174497529634086
5779,11,0,5,0,1.4941759727889696,-1.3690141918086383,0.21327201351222627
5780,11,1,4,0,3.578979590940385,0.0,1.9478602616751743
5781,11,3,2,0,3.0913544232197623,0.0,2.079826722888926
5782,11,1,4,0,2.4117207917417325,0.0,1.4713897073501372
5783,11,1,4,0,2.819351553664081,0.0,1.3894366267904736
5784,11,0,5,0,1.8501841129775194,0.0,1.2225845043353645
5785,11,4,1,0,2.685430524278434,0.0,2.0774042533974018
5786,11,1,4,0,2.3775063363645543,0.0,0.9344474879370843
5787,11,1,4,0,2.8733193375578807,0.0,1.1697017233599851
5788,11,3,2,0,3.1637053297494653,0.0,2.1000324423712726
5789,11,0,5,0,1.5205865354740205,0.0,0.9890129170890575
5790,11,2,3,0,3.4364503594073703,0.0,2.004854719537023
5791,11,0,5,0,0.9707129710196405,-1.3690141918086383,-0.2533266137350644
5792,11,1,4,0,2.3680777618566538,0.0,1.559757387475738
5793,11,0,5,0,1.5445308062964607,0.0,0.578127491964063
5794,11,0,5,0,1.86922180347905,0.0,1.007388616517033
5795,11,0,5,0,1.2725279367407794,-0.25553565796690947,0.36948760997048213
5796,11,1,4,0,3.918523725000931,0.0,1.5220553927281386
5797,11,3,2,0,3.2956339830314754,0.0,2.0986967153375993
5798,11,0,5,0,2.308132147649502,-0.24329206221215927,0.5899952349284441
5799,11,1,4,0,2.596953053792589,0.0,0.9443969644972313
5800,11,3,2,0,4.847376144625944,0.0,2.419557088237331
5801,11,0,5,0,1.5999201079943113,0.0,1.030359136502539
5802,11,2,3,0,3.712816643172662,0.0,1.729550561024452
5803,11,0,5,0,1.0400871597346928,-1.5849625007211507,-0.40948327810174945
5804,11,2,3,0,4.291429717764959,0.0,1.6679071627839086
5805,11,1,4,0,3.4678827622047663,0.0,1.0073690935841022
5806,11,0,5,0,1.86922180347905,0.0,0.8201500611190653
5807,11,0,5,0,1.2725279367407794,-0.2597869198460394,0.5033408808843831
5808,11,1,4,0,2.60140677116852,-0.9263853649130702,0.5831757519301661
5809,11,1,4,0,3.2288868208843553,-0.5167647937032491,0.8554082524078197
5810,11,1,4,0,2.4357339884130695,0.0,0.9983170109025785
5811,11,2,3,0,4.303708564701196,0.0,2.286825906372229
5812,11,2,3,0,4.333053160760176,0.0,2.1528717652271068
5813,11,1,4,0,2.4009958276425536,-0.7694743070164805,0.44073737710623606
5814,11,2,3,0,3.135685600503262,0.0,1.4255008670958973
5815,11,0,5,0,2.2159103299724485,-0.643478965288093,0.5470729027786376
5816,11,4,1,0,4.722966950591282,0.0,2.7911595011000245
5817,11,4,1,0,4.632769141619708,0.0,2.7153903722125334
5818,11,2,3,0,2.9716218121928932,0.0,1.4506046379602657
5819,11,3,2,0,4.440754489783828,0.0,2.9650160601053024
5820,11,0,5,0,2.07165419868889,-1.6616818186140918,0.24893288818781584
5821,11,0,4,1,0.0,-2.661475394581938,-0.8917808324713448
5822,11,4,1,0,3.781760468334191,0.0,2.6499900041229743
5823,11,4,1,0,3.4779292945928297,0.0,2.5942746327087676
5824,11,1,4,0,2.565798707676638,-0.06701026652514486,1.0466273022077714
5825,11,3,2,0,4.677614382764574,0.0,2.5338600687498207
5826,11,0,5,0,0.8991157431518211,-0.7106334366873597,0.1756235248257461
5827,11,0,5,0,0.0,-2.0267421009964153,-0.742196764405351
5828,11,2,3,0,4.383562664334644,0.0,2.3583296538440104
5829,11,3,2,0,4.810474263901778,0.0,2.894271600007375
5830,11,1,4,0,2.84187812268069,-0.021312041916917934,0.9805100938814135
5831,11,0,5,0,0.6078916372924787,-1.2213115484326238,-0.3316574733311555
5832,11,3,2,0,4.861029367886903,0.0,2.733965622555212
5833,11,4,1,0,4.566107152308071,0.0,3.0765254632218855
5834,11,2,3,0,3.331024835988046,0.0,1.4671213702584567
5835,11,1,4,0,2.4411238151156667,0.0,1.0696762615026187
5836,11,2,3,0,3.7743418187465174,0.0,2.149297517808445
5837,11,1,4,0,2.6693441828715088,0.0,1.091362917270788
5838,11,3,2,0,3.5914543147688605,0.0,2.312865944302149
5839,11,3,2,0,3.9671840457644123,0.0,2.1610264348854584
5840,11,3,2,0,3.46232346071751,0.0,2.2380465962187897
5841,11,3,2,0,3.800930854059466,0.0,2.491751245613938
5842,11,1,4,0,2.6652606533386987,-0.06701026652514486,1.2161495578719594
5843,11,2,3,0,4.440754489783828,0.0,1.899193095149863
5844,11,0,5,0,0.7933121003049273,-0.8090890465225549,0.21091700674515082
5845,11,0,5,0,0.0,-1.92828649116122,-0.849131591057845
5846,11,4,1,0,3.5681271035644038,0.0,2.3070407695297646
5847,11,3,2,0,3.800930854059466,0.0,2.580799176398197
5848,11,2,3,0,2.9716218121928932,0.0,1.5803421153596298
5849,11,2,3,0,4.677614382764574,0.0,2.2362069970345457
5850,11,0,5,0,0.8991157431518211,-1.4438223401080776,-0.1817272129829341
5851,11,0,4,1,0.0,-2.879334873087952,-0.9099754515413665
5852,11,2,3,0,4.083457529251611,0.0,2.4559744507163863
5853,11,3,2,0,4.364225115749406,0.0,2.1605485120126184
5854,11,0,5,0,1.955593787184199,-0.23300908895030048,0.6987838953686343
5855,11,0,5,0,0.6078916372924787,-1.5849625007211507,-0.38022807692056804
5856,11,4,1,0,4.56092423280387,0.0,2.8025060334041774
5857,11,2,3,0,4.119858004155699,0.0,2.3136979892037184
5858,11,1,4,0,2.4447405004915552,0.0,1.4976590457747547
5859,11,1,4,0,2.4411238151156667,0.0,1.3333695319422838
5860,11,1,4,0,3.497509917504889,0.0,1.903525371509268
5861,11,2,3,0,2.9461760841131373,0.0,1.6363947966335168
5862,11,1,4,0,3.168478400457893,0.0,1.7842813462545302
5863,11,4,1,0,3.9671840457644123,0.0,2.4232458624997455
5864,11,2,3,0,3.6879922780046606,0.0,2.1090199792391644
5865,11,3,2,0,4.729719046089141,0.0,2.5284053602751193
5866,11,1,4,0,2.387789309626413,-0.23726035082943042,0.8298799321117905
5867,11,0,5,0,1.0400871597346928,-1.5807112388420208,-0.24743153542575982
5868,11,4,1,0,4.16545898155692,0.0,2.62535934441687
5869,11,2,3,0,4.485351934495434,0.0,2.2933563970039943
5870,11,1,4,0,2.6005697391684777,0.0,1.2233562889111282
5871,11,1,4,0,2.8039451488428284,0.0,1.2627116119962913
5872,11,1,4,0,3.102044666257939,0.0,1.5485797390250524
5873,11,0,5,0,2.2738789316245587,-0.12871112751785319,0.7255012381624141
5874,11,1,4,0,3.533972330797628,0.0,1.3206469422321334
5875,11,2,3,0,4.332677976104147,0.0,1.9613119632290008
5876,11,1,4,0,3.5885303323426,0.0,2.0210887284512373
5877,11,4,1,0,4.966578939069887,0.0,2.7718736181902544
5878,11,0,5,0,2.318415120911361,-0.021312041916917934,0.8803554847206613
5879,11,0,5,0,0.7637208759694012,-0.564130087302285,-0.07780848867100261
5880,11,4,1,0,4.06599703589486,0.0,2.557481851102227
5881,11,4,1,0,4.72221182747618,0.0,2.5568784123924133
5882,11,1,4,0,2.8769360229337693,0.0,1.342979936016068
5883,11,1,4,0,2.8733193375578807,0.0,1.5014827532471173
5884,11,1,4,0,3.0025827205958784,0.0,1.3681414367367062
5885,11,0,5,0,2.174416985962498,-0.13296238939698313,0.8661547621859362
5886,11,1,4,0,3.770832223778374,0.0,1.4543982443932877
5887,11,4,1,0,4.569537869084893,0.0,2.4161550917020236
5888,11,2,3,0,4.478919490193697,0.0,1.8635523515977304
5889,11,1,4,0,2.9514740996494524,-0.8532674015360939,0.784203787054944
5890,11,1,4,0,3.2634976246661225,0.0,1.1255390477014182
5891,11,3,2,0,4.48434656127111,0.0,2.2687067186121808
5892,11,2,3,0,4.184472131728441,0.0,1.8123733664491417
5893,11,0,5,0,1.4360580833997503,-1.417635035859064,-0.18048710665296
5894,11,1,4,0,3.1982799652196405,-0.4603175228965668,0.9405874866653974
5895,11,2,3,0,4.169346186974817,0.0,1.9471920033645531
5896,11,0,1,4,0.0,-4.301117366552361,-2.487558182480458
5897,11,0,5,0,1.4571675654356007,0.0,0.6788057012284213
5898,11,0,5,0,0.37503486077224935,-0.37132178390686477,0.0732349044326142
5899,11,0,4,1,0.0,-3.5308544486233693,-1.8197633146135423
5900,11,0,4,1,0.0,-2.480141194183659,-1.3993544988872415
5901,11,1,4,0,2.4041154298492664,-1.3292205874537153,0.4356038330870902
5902,11,0,5,0,1.706478594814694,-0.7581820800758976,0.5515557791044607
5903,11,0,2,3,0.0,-3.1149660506954646,-2.1780787396216135
5904,11,0,5,0,1.950507210109972,0.0,0.755335099564924
5905,11,0,1,4,0.0,-6.357782573898415,-4.441765252776381
5906,11,0,1,4,0.0,-5.061913572871802,-3.277765172780491
5907,11,0,5,0,0.6164568637500984,-0.6402729652294852,0.026313808442143483
5908,11,0,5,0,1.2003302632309136,-0.5086781013875132,0.3547355282344384
5909,11,0,1,4,0.0,-4.754724088781536,-3.0527450953724893
5910,11,0,1,4,0.0,-5.061913572871802,-3.1073368675485304
5911,11,0,4,1,0.0,-2.579806066696637,-1.6380382823770474
5912,11,0,5,0,0.0,-1.8454079005981363,-0.8858291074061831
5913,11,0,5,0,1.5545785337788338,-0.37817220552698316,0.5061928216473746
5914,11,0,5,0,1.9077575626506373,-0.12344878649037483,0.8450381990928086
5915,11,0,3,2,0.0,-2.7481837200238495,-1.9057808931211055
5916,11,0,5,0,1.950507210109972,0.0,0.6545662782767444
5917,11,0,5,0,1.2003302632309136,-1.9242554304353767,0.021016662423917153
5918,11,0,4,1,0.0,-3.312994970117355,-1.3814277907269954
5919,11,0,4,1,1.0353353446133085,-2.6980006726896733,-0.5485534928999662
5920,11,0,5,0,1.5545785337788338,-1.1113611089477011,0.14884208383869435
5921,11,0,5,0,1.9077575626506373,-0.9760415585819118,0.6772595119567931
5922,11,0,1,4,0.0,-4.098331173739027,-2.913917674074675
5923,11,0,1,4,0.0,-4.488056728050687,-3.1370112370813947
5924,11,0,5,0,0.0,-1.1281116934511886,-0.3946124305623414
5925,11,0,5,0,0.9762565400760224,-0.3960405088214749,0.2192866587380969
5926,11,0,5,0,0.07914237289737258,-1.3065048334059384,-0.5182365556565358
5927,11,0,5,0,0.23911115236682434,-0.7052315232960709,-0.1927733209926096
5928,11,0,5,0,0.5653220754975976,-0.8048127274951504,-0.09150747028945574
5929,11,0,5,0,0.0,-1.0088266917669522,-0.4647020056321914
5930,11,0,1,4,0.0,-3.925257327741715,-2.8940418816485787
5931,11,0,1,4,0.0,-4.384069269928688,-3.051108071472863
5932,11,0,5,0,0.5420248832632133,-0.9550378474538768,-0.16302838266787417
5933,11,0,5,0,1.1010222218956152,-0.5691143548187867,0.3177862323120678
5934,11,0,5,0,0.23886606148887068,-1.1334309874086266,-0.35195660555517916
5935,11,0,5,0,0.23911115236682434,-0.857654859983505,-0.15957784521174928
5936,11,0,5,0,1.1386926398616701,-0.9088001856171495,0.08736888777733967
5937,11,0,5,0,0.4882360389501379,-1.181900537764264,-0.21979827438295985
5938,11,4,1,0,3.6097943537010906,0.0,2.4068564605553497
5939,11,4,1,0,4.2752662220340945,0.0,2.814411334834754
5940,11,2,3,0,3.553952532319702,0.0,2.0168816418464544
5941,11,4,1,0,5.618932563527384,0.0,3.3701217700935437
5942,11,2,3,0,3.896305844967351,0.0,2.3235613336270946
5943,11,4,1,0,4.2752662220340945,0.0,2.972113102708845
5944,11,2,3,0,3.553952532319702,0.0,1.9536402723914832
5945,11,4,1,0,5.618932563527384,0.0,3.5478772954409195
5946,11,2,3,0,2.5009031255872998,-0.5144683981435669,0.7945738909774931
5947,11,2,3,0,5.171994979782259,0.0,2.655850033984433
5948,11,2,3,0,4.580355531416689,0.0,2.1192754576237354
5949,11,2,3,0,4.468689927946773,0.0,2.0437413564750884
5950,11,4,1,0,4.915207361805432,0.0,3.5030090088488017
5951,11,4,1,0,4.757672628590004,0.0,3.1506043939417694
5952,11,4,1,0,5.201718853071693,0.0,2.9669779188327468
5953,11,3,2,0,4.2752662220340945,0.0,2.496992034422012
5954,11,4,1,0,5.201718853071693,0.0,3.5618667739159093
5955,11,3,2,0,4.014552608978988,0.0,2.4382946081342602
5956,11,4,1,0,4.978991423756046,0.0,3.0936713855405586
5957,11,4,1,0,4.915207361805432,0.0,3.6050543858975965
5958,11,2,3,0,4.014552608978988,0.0,2.2605390827868845
5959,11,4,1,0,4.978991423756046,0.0,3.15691275499553
5960,11,2,3,0,4.211463187154646,0.0,2.456297501599657
5961,11,4,1,0,5.57849822321155,0.0,3.5105432865111026
5962,11,4,1,0,5.4704525366460395,0.0,3.1623077785369524
5963,11,2,3,0,4.563326802084848,0.0,2.125343596125302
5964,11,4,1,0,6.686977950950489,0.0,3.848145288951978
5965,11,2,3,0,3.896305844967351,0.0,2.3235613336270946
5966,11,4,1,0,3.6097943537010906,0.0,2.4068564605553497
5967,11,2,3,0,3.171221339961459,-0.06200966227542182,1.243684671074415
5968,11,1,4,0,2.8620896439756542,0.0,1.2348416834602332
5969,11,3,2,0,3.488777171952421,0.0,2.282576555052106
5970,11,0,5,0,0.3976831278351298,-1.484890518367333,-0.5325600548949808
5971,11,3,2,0,4.162484577313371,0.0,2.3702481961253916
5972,11,3,2,0,3.0546855333011855,0.0,1.8682621649337583
5973,11,1,4,0,2.7926240214807443,0.0,1.262050454469516
5974,11,2,3,0,3.7262094837546833,0.0,1.832028699753836
5975,11,1,4,0,2.3771056329663125,0.0,1.3912754026830663
5976,11,1,4,0,3.1266745013728467,0.0,1.4120382959645759
5977,11,1,4,0,2.392523576063194,-0.2579441740667008,0.7050206552280528
5978,11,2,3,0,3.6251869783306567,0.0,2.0321947946639893
5979,11,1,4,0,3.8665585015733015,0.0,1.5281447565068753
5980,11,2,3,0,4.103790517707729,0.0,2.2544527000961145
5981,11,0,5,0,0.4498464564334448,-1.2098496308683764,-0.34596329876770116
5982,11,3,2,0,3.6881750033814242,0.0,2.418548328255112
5983,11,3,2,0,5.166953434911019,0.0,2.3976028352748835
5984,11,2,3,0,3.943463160038064,0.0,2.045109535443088
5985,11,1,4,0,2.8447873500790593,0.0,1.3959395207691236
5986,11,3,2,0,3.7783728123529983,0.0,2.380511615974276
5987,11,1,4,0,3.3815744905639598,0.0,1.375758999537703
5988,11,3,2,0,4.131143358970494,0.0,2.186648646644824
5989,11,0,5,0,1.6646603810736984,-0.2579441740667008,0.48989132492618737
5990,11,3,2,0,3.9481396472475367,0.0,2.4982852903712347
5991,11,1,4,0,2.9987048252645785,0.0,1.2601467552032979
5992,11,3,2,0,4.285337432502995,0.0,2.5788989417158903
5993,11,0,5,0,1.7924357477696127,-1.0331732729365335,0.23323919583046687
5994,11,4,1,0,5.682885196316601,0.0,3.4215920309830876
5995,11,3,2,0,4.934889727667137,0.0,2.9538132695293093
5996,11,3,2,0,4.357875980061468,0.0,2.386584995253828
5997,11,2,3,0,2.652053966054936,-0.8842535405331837,1.0634738415991258
5998,11,3,2,0,5.572762382094464,0.0,3.189877401649473
5999,11,3,2,0,2.8661334919838737,0.0,1.8425926652057476
6000,11,2,3,0,3.617635179307957,0.0,2.0463412096464615
6001,11,4,1,0,4.166528425321591,0.0,2.963989890393216
6002,11,2,3,0,3.4573078216382918,0.0,2.088937191412895
6003,11,3,2,0,2.7926240214807443,0.0,1.8828833502845406
6004,11,3,2,0,3.7262094837546833,0.0,2.485526930515179
6005,11,3,2,0,2.551735554354977,0.0,1.6850554011820342
6006,11,3,2,0,3.1266745013728467,0.0,2.132723943277201
6007,11,0,5,0,1.349091116054371,-0.2579441740667008,0.4937463520847885
6008,11,3,2,0,3.252604000653058,0.0,2.1389192125178824
6009,11,2,3,0,4.062453416862951,0.0,2.1388376148948716
6010,11,2,3,0,4.813955104187034,0.0,2.4920788906954234
6011,11,0,5,0,0.4498464564334448,-1.92054811675035,-0.3855003000703114
6012,11,4,1,0,5.362848350200668,0.0,3.465206065547661
6013,11,2,3,0,4.653627746517369,0.0,2.268726438564707
6014,11,2,3,0,2.8447873500790593,0.0,1.787051531979536
6015,11,2,3,0,4.740665559101473,0.0,2.4962701868115738
6016,11,3,2,0,3.3815744905639598,0.0,1.8829958111425427
6017,11,3,2,0,4.344736882770334,0.0,2.9029772514303205
6018,11,0,5,0,1.6646603810736984,-0.8325893838023433,0.38316690707229456
6019,11,3,2,0,4.6760028422370326,0.0,2.7095595935144994
6020,11,2,3,0,2.9987048252645785,0.0,1.49657169667748
6021,11,3,2,0,5.133679832693289,0.0,3.1314429680804414
6022,11,0,5,0,1.7924357477696127,-1.743871758818507,-0.14429709215408337
6023,11,3,2,0,5.827502394784943,0.0,3.4690817557054068
6024,11,4,1,0,4.934889727667137,0.0,3.1891359965554322
6025,11,3,2,0,5.206218380251762,0.0,3.04693373498682
6026,11,1,4,0,2.652053966054936,-0.17355505465121013,0.7937422669830163
6027,11,3,2,0,5.717379580562806,0.0,3.2362649119237323
6028,11,1,4,0,2.8755514627745526,0.0,1.7575962735694362
6029,11,2,3,0,4.1621840700129695,0.0,2.3776933060600207
6030,11,0,5,0,0.9655571835576353,-0.11915639070085149,0.15453125389852715
6031,11,4,1,0,4.856006632104624,0.0,3.237581096399412
6032,11,4,1,0,4.8117363651771115,0.0,3.41133199873664
6033,11,4,1,0,4.2347226175714425,0.0,2.720093321846862
6034,11,0,5,0,1.8251754018429587,-0.3446084840281678,0.6105643406143948
6035,11,4,1,0,4.745883817882486,0.0,2.8982908841012844
6036,11,2,3,0,3.285216316530839,0.0,1.6402950501935678
6037,11,2,3,0,4.571848923769256,0.0,2.5561949074214474
6038,11,0,5,0,0.9655571835576353,-1.1378342653930353,0.1604614025107381
6039,11,4,1,0,4.856006632104624,0.0,3.3402022222459857
6040,11,4,1,0,5.221401218933398,0.0,3.4404349330360326
6041,11,3,2,0,4.644387471327729,0.0,2.845887233380617
6042,11,0,5,0,1.8251754018429587,-0.44859594215016685,0.5637867993989338
6043,11,4,1,0,4.745883817882486,0.0,3.1473161676231185
6044,11,2,3,0,4.653627746517369,0.0,2.268726438564707
6045,11,4,1,0,5.362848350200668,0.0,3.465206065547661
6046,11,2,3,0,4.813955104187034,0.0,2.4920788906954234
6047,11,2,3,0,4.062453416862951,0.0,2.1388376148948716
6048,11,2,3,0,4.6504677501298985,0.0,2.3027697340823194
6049,11,3,2,0,4.344736882770334,0.0,2.9029772514303205
6050,11,3,2,0,3.3815744905639598,0.0,1.8829958111425427
6051,11,2,3,0,3.4573078216382918,0.0,2.088937191412895
6052,11,4,1,0,4.166528425321591,0.0,2.963989890393216
6053,11,2,3,0,3.617635179307957,0.0,2.0463412096464615
6054,11,3,2,0,2.8661334919838737,0.0,1.8425926652057476
6055,11,3,2,0,3.6360116747831093,0.0,2.239318787958253
6056,11,0,5,0,0.4378366252918937,-1.92054811675035,-0.1432643240900461
6057,11,3,2,0,3.1266745013728467,0.0,2.132723943277201
6058,11,3,2,0,2.551735554354977,0.0,1.6850554011820342
6059,11,3,2,0,5.717379580562806,0.0,3.2362649119237323
6060,11,1,4,0,2.652053966054936,-0.17355505465121013,0.7937422669830163
6061,11,3,2,0,5.206218380251762,0.0,3.04693373498682
6062,11,4,1,0,4.934889727667137,0.0,3.1891359965554322
6063,11,3,2,0,5.827502394784943,0.0,3.4690817557054068
6064,11,0,5,0,1.7924357477696127,-1.743871758818507,-0.14429709215408337
6065,11,3,2,0,5.133679832693289,0.0,3.1314429680804414
6066,11,2,3,0,2.9987048252645785,0.0,1.49657169667748
6067,11,2,3,0,3.943463160038064,0.0,2.045109535443088
6068,11,3,2,0,5.166953434911019,0.0,2.3976028352748835
6069,11,2,3,0,4.103790517707729,0.0,2.2544527000961145
6070,11,1,4,0,3.8665585015733015,0.0,1.5281447565068753
6071,11,3,2,0,4.131143358970494,0.0,2.186648646644824
6072,11,1,4,0,3.3815744905639598,0.0,1.375758999537703
6073,11,3,2,0,3.0546855333011855,0.0,1.8682621649337583
6074,11,3,2,0,4.162484577313371,0.0,2.3702481961253916
6075,11,3,2,0,3.488777171952421,0.0,2.282576555052106
6076,11,1,4,0,2.8620896439756542,0.0,1.2348416834602332
6077,11,2,3,0,3.6360116747831093,0.0,2.0164695697099324
6078,11,1,4,0,3.1266745013728467,0.0,1.4120382959645759
6079,11,1,4,0,2.3771056329663125,0.0,1.3912754026830663
6080,11,3,2,0,5.572762382094464,0.0,3.189877401649473
6081,11,2,3,0,2.652053966054936,-0.8842535405331837,1.0634738415991258
6082,11,3,2,0,4.357875980061468,0.0,2.386584995253828
6083,11,3,2,0,4.934889727667137,0.0,2.9538132695293093
6084,11,4,1,0,5.682885196316601,0.0,3.4215920309830876
6085,11,0,5,0,1.7924357477696127,-1.0331732729365335,0.23323919583046687
6086,11,3,2,0,4.285337432502995,0.0,2.5788989417158903
6087,11,1,4,0,2.9987048252645785,0.0,1.2601467552032979
6088,11,4,1,0,4.745883817882486,0.0,3.1473161676231185
6089,11,0,5,0,1.8251754018429587,-0.44859594215016685,0.5637867993989338
6090,11,3,2,0,4.644387471327729,0.0,2.845887233380617
6091,11,4,1,0,5.221401218933398,0.0,3.4404349330360326
6092,11,4,1,0,4.856006632104624,0.0,3.3402022222459857
6093,11,0,5,0,0.9655571835576353,-1.1378342653930353,0.1604614025107381
6094,11,2,3,0,4.571848923769256,0.0,2.5561949074214474
6095,11,2,3,0,3.285216316530839,0.0,1.6402950501935678
6096,11,4,1,0,4.745883817882486,0.0,2.8982908841012844
6097,11,0,5,0,1.8251754018429587,-0.3446084840281678,0.6105643406143948
6098,11,4,1,0,4.2347226175714425,0.0,2.720093321846862
6099,11,4,1,0,4.8117363651771115,0.0,3.41133199873664
6100,11,4,1,0,4.856006632104624,0.0,3.237581096399412
6101,11,0,5,0,0.9655571835576353,-0.11915639070085149,0.15453125389852715
6102,11,2,3,0,4.1621840700129695,0.0,2.3776933060600207
6103,11,1,4,0,2.8755514627745526,0.0,1.7575962735694362
6104,11,0,1,4,0.0,-3.841791253423267,-2.5074384701965498
6105,11,0,5,0,1.8662536104788963,-0.4779223178085168,0.38889650753534893
6106,11,0,5,0,1.687624641452416,-0.9460961160937309,-0.014877356643481221
6107,11,0,5,0,0.0,-1.3551724971664214,-0.7180882440456273
6108,11,0,1,4,0.0,-3.2387164573175724,-2.241035925031673
6109,11,0,5,0,0.7204873257061166,-0.9545237997957088,-0.19608830261564236
6110,11,1,4,0,3.0315852285467386,0.0,0.9543122047106586
6111,11,0,5,0,1.3087078047213758,-0.3113628225082081,0.17842563190381
6112,11,0,5,0,0.8661895690204275,-0.7633068972290324,-0.17466628762213005
6113,11,0,5,0,1.5522228458116558,-0.07727362043780417,0.3544692118438135
6114,11,0,5,0,0.9890034311209916,-0.9545237997957088,-0.12269395956562831
6115,11,0,2,3,0.0,-3.2387164573175724,-1.8682583459972086
6116,11,0,2,3,0.1796055926313116,-3.421505676182271,-1.9438665996372209
6117,11,0,5,0,0.6334248654441694,-0.2600628393025026,0.14148056378799795
6118,11,0,5,0,0.911704228272793,-1.163955594599745,-0.21363333498060869
6119,11,0,5,0,0.0,-1.5575985959014034,-0.6365124484778562
6120,11,1,4,0,2.3744359032150584,0.0,1.2507063369846363
6121,11,1,4,0,2.417256689134799,0.0,1.2396237620648272
6122,11,0,5,0,0.5936963829877229,-1.504923002796044,-0.04000656201469468
6123,11,0,5,0,1.07167317200744,-1.6422793202766925,-0.17534574699162137
6124,11,0,5,0,1.07167317200744,-1.504923002796044,-0.08865932838774597
6125,11,0,5,0,2.0411209878442556,-1.8219522982705598,-0.31669860527154087
6126,11,0,5,0,1.1503509328250594,-1.8219522982705598,-0.3602220782494747
6127,11,0,5,0,0.0,-1.4413874431675389,-0.8998396956918547
6128,11,0,5,0,1.1503509328250594,-1.8876117243770238,-0.24817477238998506
6129,11,0,5,0,2.0411209878442556,-1.8876117243770238,-0.45199822320292143
6130,11,0,5,0,0.0,-1.4413874431675389,-0.7250812366315692
6131,11,0,5,0,1.07167317200744,-1.504923002796044,-0.08865932838774597
6132,11,0,5,0,0.5936963829877229,-1.6422793202766925,-0.4151892289725595
6133,11,0,5,0,0.5936963829877229,-1.504923002796044,-0.04000656201469468
6134,11,0,5,0,1.1503509328250594,-1.8219522982705598,-0.3602220782494747
6135,11,0,5,0,2.0411209878442556,-1.8219522982705598,-0.31669860527154087
6136,11,0,5,0,1.0051111475143557,-0.43627629565318315,0.10527145182250094
6137,11,1,4,0,3.1762402829062353,-0.7263031195348582,0.8707777886269653
6138,11,1,4,0,2.4549996620212617,0.0,1.0173256341664925
6139,11,1,4,0,2.7000413266656373,0.0,1.0110285169390607
6140,11,0,5,0,1.6827249302419354,0.0,0.6496123907887608
6141,11,0,5,0,0.9738965675900992,-0.7496888013583565,-0.14902579003352373
6142,11,2,3,0,3.870320459296277,0.0,1.6265548587540466
6143,11,2,3,0,3.870320459296277,-0.7263031195348582,1.19151076486053
6144,11,0,5,0,2.284791306941411,0.0,1.0312067067778456
6145,11,2,3,0,3.4811112318204884,0.0,1.4608020858171087
6146,11,0,5,0,0.6924226648838214,-0.7496888013583565,-0.1613909875665783
6147,11,1,4,0,2.8890806440795913,-0.5300408863173516,0.36579977428897764
6148,11,1,4,0,4.623664887762768,0.0,1.660952365117231
6149,11,2,3,0,3.732894832743572,0.0,1.6685524956517022
6150,11,0,5,0,1.9986257864899493,-0.7496888013583565,0.1894183822493268
6151,11,0,5,0,2.218273701530954,-0.6173112784190131,0.3799793001911901
6152,11,1,4,0,3.732894832743572,0.0,1.626456998936544
6153,11,2,3,0,4.623664887762768,0.0,1.8315934387703408
6154,11,0,5,0,1.2773851656049757,-0.7496888013583565,0.24619248757520323
6155,11,0,5,0,1.4970330806459806,-0.6173112784190131,0.03470894651132426
6156,11,0,5,0,1.413548708868369,-1.6558097543554524,-0.009212109631127419
6157,11,0,5,0,2.2925205925016243,-1.4361618393144475,0.13697485058836634
6158,11,0,5,0,2.0728726774606194,-1.6558097543554524,-0.09421477607240689
6159,11,0,5,0,1.6331966239093738,-1.4361618393144475,-0.051211490133879066
6160,11,2,3,0,3.870320459296277,-0.7263031195348582,1.19151076486053
6161,11,2,3,0,3.870320459296277,0.0,1.6265548587540466
6162,11,2,3,0,3.4811112318204884,0.0,1.4608020858171087
6163,11,0,5,0,2.284791306941411,0.0,1.0312067067778456
6164,11,1,4,0,2.4549996620212617,0.0,1.0173256341664925
6165,11,1,4,0,3.1762402829062353,-0.7263031195348582,0.8707777886269653
6166,11,0,5,0,1.6827249302419354,0.0,0.6496123907887608
6167,11,1,4,0,2.7000413266656373,0.0,1.0110285169390607
6168,11,0,5,0,1.1935444826311041,-0.5300408863173516,0.07062212500748118
6169,11,2,3,0,4.623664887762768,0.0,1.8315934387703408
6170,11,1,4,0,3.732894832743572,0.0,1.626456998936544
6171,11,0,5,0,1.4970330806459806,-0.6173112784190131,0.03470894651132426
6172,11,0,5,0,1.2773851656049757,-0.7496888013583565,0.24619248757520323
6173,11,2,3,0,3.732894832743572,0.0,1.6685524956517022
6174,11,1,4,0,4.623664887762768,0.0,1.660952365117231
6175,11,0,5,0,2.218273701530954,-0.6173112784190131,0.3799793001911901
6176,11,0,5,0,1.9986257864899493,-0.7496888013583565,0.1894183822493268
6177,11,0,5,0,2.2925205925016243,-1.4361618393144475,0.13697485058836634
6178,11,0,5,0,1.413548708868369,-1.6558097543554524,-0.009212109631127419
6179,11,0,1,4,0.0,-5.825113638488503,-4.040316484299604
6180,11,0,1,4,0.0,-5.825113638488503,-3.532591210300422
6181,11,0,1,4,0.0,-4.403878343412156,-3.0374651775921024
6182,11,0,1,4,0.0,-5.825113638488503,-3.69438427390617
6183,11,0,5,0,2.123917580220592,-1.5958874627874309,-0.26776821281624735
6184,11,0,5,0,1.0751993059173515,-0.933435590757199,-0.28730219129154905
6185,11,0,5,0,0.4588085113069482,-0.933435590757199,-0.43027147218066875
6186,11,0,1,4,0.0,-4.403878343412156,-3.0374651775921024
6187,11,0,1,4,0.0,-5.825113638488503,-4.040316484299604
6188,11,0,5,0,0.25636787624424073,-1.3780279842814167,-0.5977062579103147
6189,11,0,5,0,1.7468479311407634,-2.0876644053499867,-0.33129539664714114
6190,11,0,5,0,2.1907795346166665,-2.0876644053499867,-0.20789430675249818
6191,11,0,5,0,1.2588967025549778,-0.933435590757199,-0.11002381414956659
6192,11,0,5,0,1.7437218301540476,-0.933435590757199,-0.04767355782921499
6193,11,0,5,0,1.7437218301540476,-0.933435590757199,-0.04767355782921499
6194,11,0,5,0,1.2588967025549778,-0.933435590757199,-0.11002381414956659
6195,11,0,5,0,2.1907795346166665,-2.0876644053499867,-0.20789430675249818
6196,11,0,5,0,1.7468479311407634,-2.0876644053499867,-0.33129539664714114
6197,11,4,1,0,5.908282486735185,0.0,3.6583912316572684
6198,11,4,1,0,7.091879508468054,0.0,4.400293369706132
6199,11,4,1,0,4.6626816590848925,0.0,3.234881562820214
6200,11,4,1,0,7.042598605696838,0.0,3.1454158160019445
6201,11,0,5,0,0.3495094380480168,-1.9596872100370852,-0.36398796690314017
6202,11,0,5,0,0.7341782351949497,-1.9596872100370852,-0.11972211885958188
6203,11,0,2,3,0.0,-3.867959603012814,-2.3806059487210467
6204,11,0,3,2,0.0,-2.899805711947401,-1.4365228894153474
6205,11,0,5,0,0.9783610341130426,-0.14020184121269708,0.2623286814780542
6206,11,0,5,0,0.7341782351949497,-0.3609628080714451,0.13640243914229017
6207,11,0,5,0,0.47872769095336665,-0.21917203498312432,0.17848520454823885
6208,11,4,1,0,3.3552341815045423,0.0,2.537416587933521
6209,11,0,3,2,0.0,-2.941838893520295,-1.9231553715587437
6210,11,0,5,0,0.0,-1.9779362643340122,-1.159086202193084
6211,11,1,4,0,2.858981739184909,-0.10727985465072365,0.5999302874836004
6212,11,1,4,0,2.858981739184909,-0.5592715005746491,0.3155569244934739
6213,11,0,2,3,0.9507093462091802,-3.293792305291152,-1.525103374930093
6214,11,0,4,1,1.9188632372745928,-2.3664573188337847,-0.759594295375198
6215,11,0,5,0,1.7742872203719458,-1.3255728000870093,-0.2708021985142679
6216,11,0,5,0,1.510444128955939,-1.5851646296238862,-0.4714227281604032
6217,11,3,2,0,3.175391832693485,0.0,2.022165059520541
6218,11,3,2,0,3.364349072783618,0.0,2.204972690232439
6219,11,4,1,0,3.5510964872491826,0.0,2.392345805206157
6220,11,4,1,0,4.6527570526596875,0.0,3.3325468954139077
6221,11,2,3,0,2.6970728670426993,0.0,1.662924118795614
6222,11,0,5,0,2.1232477750384753,0.0,1.3610639853709379
6223,11,4,1,0,4.474440478226924,0.0,3.115750505363151
6224,11,3,2,0,4.474440478226924,0.0,2.721144252050183
6225,11,4,1,0,4.880696655063286,0.0,3.14425176815057
6226,11,4,1,0,5.875242224971185,0.0,3.923483130867319
6227,11,3,2,0,3.96019597496025,0.0,2.493486179898236
6228,11,2,3,0,3.9011302312947187,0.0,2.094575646500523
6229,11,3,2,0,4.3278981927054545,0.0,2.7414610228845957
6230,11,2,3,0,3.5785606738702747,0.0,1.7443706652172666
6231,11,4,1,0,4.700124409421466,0.0,2.9399573231530605
6232,11,4,1,0,5.570371276056932,0.0,3.7972891401503097
6233,11,3,2,0,4.3278981927054545,0.0,2.4150809294502524
6234,11,2,3,0,3.5785606738702747,0.0,1.6278539546271233
6235,11,4,1,0,3.6273680669861506,0.0,2.4924953560168674
6236,11,4,1,0,6.241178218605569,0.0,3.6999389179837103
6237,11,4,1,0,6.241178218605569,0.0,4.2346916087430015
6238,11,4,1,0,5.694669979329365,0.0,3.9125419143931772
6239,11,4,1,0,6.418329991322789,0.0,4.199859235884764
6240,11,2,3,0,2.9362677540100464,0.0,1.6936111338016864
6241,11,2,3,0,3.053489153678143,0.0,1.4558981656281837
6242,11,3,2,0,4.4660680275276015,0.0,2.1699679559976714
6243,11,3,2,0,4.973614154291262,0.0,2.47867430461375
6244,11,4,1,0,5.806149701698235,0.0,3.538628568867748
6245,11,4,1,0,4.609829776819158,0.0,3.328704494417617
6246,11,4,1,0,5.177284602006935,0.0,2.8996160692667923
6247,11,4,1,0,4.678922300092108,0.0,3.4998935839961773
6248,11,3,2,0,5.208391493326378,0.0,2.637378542247191
6249,11,3,2,0,4.856919122824994,0.0,2.4403577030827237
6250,11,4,1,0,5.806149701698235,0.0,3.788227687559199
6251,11,4,1,0,5.133576535038777,0.0,3.4718093884466747
6252,11,3,2,0,5.177284602006935,0.0,2.820154147344072
6253,11,4,1,0,5.202669058311727,0.0,3.2594619345824554
6254,11,4,1,0,5.208391493326378,0.0,2.853979373891081
6255,11,3,2,0,4.856919122824994,0.0,2.6688150625700766
6256,11,4,1,0,4.514311316936336,0.0,3.083689569531385
6257,11,4,1,0,4.1628389464349524,0.0,2.7955422028358035
6258,11,4,1,0,4.678922300092108,0.0,3.5844731548175384
6259,11,3,2,0,4.0102359557242515,0.0,2.726470897696326
6260,11,4,1,0,5.399133317539313,0.0,3.7641390080876898
6261,11,2,3,0,2.7443471117574845,0.0,1.5388311398309191
6262,11,4,1,0,5.898775776876629,0.0,4.113304969715964
6263,11,0,5,0,0.0,-1.5682599530530403,-0.9303164453832273
6264,11,0,5,0,0.11771961784469198,-1.431548458468395,-0.43459368068619997
6265,11,2,3,0,3.8576586171795846,0.0,2.0781816938696123
6266,11,4,1,0,6.44262456249032,0.0,4.468140960036207
6267,11,0,5,0,0.0,-1.2297754921926476,-0.45568777366414254
6268,11,0,5,0,0.6416586340704775,-0.7828603601368584,-0.12954575875330504
6269,11,0,5,0,1.5627493181397512,-0.8623737928841209,0.15753276281194176
6270,11,0,5,0,1.1822493803131664,-0.26793320524663145,0.49947173118258303
6271,11,4,1,0,3.7413440346767786,0.0,2.7504702685370006
6272,11,4,1,0,3.3552341815045423,0.0,2.5161717331648745
6273,11,3,2,0,4.2045605815935545,0.0,2.0951214477231397
6274,11,4,1,0,6.552077889621195,0.0,4.435906074965369
6275,11,0,5,0,0.6384979933265633,-1.0924191747119991,0.07323556778596227
6276,11,0,5,0,1.0854131253823525,-0.64550404265621,0.33295864084929006
6277,11,2,3,0,3.39764922450205,0.0,1.8811702054464596
6278,11,4,1,0,6.552077889621195,0.0,4.319937234843557
6279,11,0,5,0,0.6384979933265633,-1.2297754921926476,-0.4488304739477833
6280,11,0,5,0,1.0854131253823525,-1.0173573628752521,-0.22200139986239478
6281,11,0,5,0,1.605508969320642,-0.8623737928841209,0.03805776022047454
6282,11,0,5,0,2.1999495569581313,-0.26793320524663145,0.5936793655347522
6283,11,4,1,0,4.890573834027045,0.0,2.8740637084243117
6284,11,4,1,0,4.372934358149507,0.0,2.654987004350963
6285,11,1,4,0,2.8947534964285957,-1.4375552728126912,1.1240677454483916
6286,11,2,3,0,2.784369904197696,-0.8431146851752018,1.2418275402714385
6287,11,3,2,0,5.474994181266609,0.0,3.3602207622166356
6288,11,3,2,0,4.957354705389072,0.0,2.9119325973388817
6289,11,0,5,0,2.1205551278451544,-0.4865068908859591,0.9308781979319661
6290,11,3,2,0,2.644073528588166,0.0,1.5655325240950873
6291,11,4,1,0,5.405619992551557,0.0,3.5712287628888775
6292,11,3,2,0,4.740636575894712,0.0,3.081982094159913
6293,11,3,2,0,2.8168938030843726,0.0,1.8223376676885983
6294,11,4,1,0,5.9713224682035175,0.0,4.430656502482132
6295,11,0,5,0,0.057742571908885765,-1.5682599530530403,-0.7164820814149614
6296,11,0,5,0,0.5046577039646749,-0.7828603601368584,-0.09299003262972647
6297,11,3,2,0,3.1290159089044174,0.0,1.918252750337126
6298,11,4,1,0,7.358989246712699,0.0,4.624553987285529
6299,11,0,5,0,0.6370189127778154,-1.0924191747119991,-0.10881435087560476
6300,11,0,5,0,0.9125469617648498,-0.64550404265621,0.28267185142875845
6301,11,0,5,0,1.0247535479029644,-0.21917203498312432,0.3680852707868375
6302,11,0,5,0,1.6191941355404538,0.0,0.8091487774240825
6303,11,4,1,0,4.309818412609367,0.0,2.67321736468885
6304,11,3,2,0,3.7921789367318297,0.0,2.3395825619384683
6305,11,3,2,0,3.3220838850760472,0.0,2.0672539974117705
6306,11,4,1,0,7.0120872822987295,0.0,4.724380595435807
6307,11,2,3,0,3.3220838850760472,0.0,1.6923642496182432
6308,11,4,1,0,6.476512550195192,0.0,4.16497628392383
6309,11,0,5,0,1.529943629894639,-0.43086908201650687,0.34319250838483273
6310,11,0,5,0,2.1243842175321284,0.0,0.7994778463208547
6311,11,4,1,0,4.815008494601042,0.0,2.692932239120764
6312,11,3,2,0,4.3301747069686165,0.0,2.5729800733140187
6313,11,0,5,0,2.1899293165602067,-0.5849625007211543,0.7790669156728847
6314,11,1,4,0,2.784369904197696,0.0,1.2883560547997626
6315,11,4,1,0,5.474994181266609,0.0,3.6290570783262814
6316,11,3,2,0,4.957354705389072,0.0,3.0144452225610743
6317,11,0,5,0,2.1205551278451544,-1.219695794306677,0.5398693243557844
6318,11,1,4,0,2.5080036204324045,-0.6252552066691877,1.0081999596314517
6319,11,3,2,0,5.405619992551557,0.0,3.236204000006564
6320,11,3,2,0,5.662178885257461,0.0,3.1384866755814307
6321,11,4,1,0,5.127103718885724,0.0,3.2878579607096965
6322,11,3,2,0,4.063210102287091,0.0,2.581307701712221
6323,11,4,1,0,3.615028683493474,0.0,2.7169531683290606
6324,11,4,1,0,4.880696655063286,0.0,3.188217774267161
6325,11,4,1,0,6.476512550195192,0.0,4.16497628392383
6326,11,2,3,0,3.3220838850760472,0.0,1.6923642496182432
6327,11,0,5,0,1.0098477859563495,-1.0173573628752521,-0.30729018689270904
6328,11,0,5,0,0.5629326539005604,-1.8784635905241842,-0.661888545066305
6329,11,4,1,0,7.0120872822987295,0.0,4.724380595435807
6330,11,3,2,0,3.3220838850760472,0.0,2.0672539974117705
6331,11,0,5,0,1.0098477859563495,-0.7828603601368584,0.11463079499870403
6332,11,0,5,0,0.5629326539005604,-1.2297754921926476,-0.2104364654581495
6333,11,3,2,0,4.3301747069686165,0.0,2.5729800733140187
6334,11,4,1,0,4.815008494601042,0.0,2.692932239120764
6335,11,0,5,0,2.1243842175321284,0.0,0.7994778463208547
6336,11,0,5,0,1.529943629894639,-0.43086908201650687,0.34319250838483273
6337,11,4,1,0,7.358989246712699,0.0,4.624553987285529
6338,11,3,2,0,3.1290159089044174,0.0,1.918252750337126
6339,11,4,1,0,5.9713224682035175,0.0,4.430656502482132
6340,11,3,2,0,2.8168938030843726,0.0,1.8223376676885983
6341,11,3,2,0,3.7921789367318297,0.0,2.3395825619384683
6342,11,4,1,0,4.309818412609367,0.0,2.67321736468885
6343,11,0,5,0,1.6191941355404538,0.0,0.8091487774240825
6344,11,0,5,0,1.0247535479029644,-0.21917203498312432,0.3680852707868375
6345,11,0,5,0,2.169139775797891,-0.27809072781140287,0.9587490835294858
6346,11,1,4,0,3.079182043408725,0.0,1.7311893063808228
6347,11,1,4,0,2.3765538039894594,-0.27809072781140287,0.9234537920279244
6348,11,3,2,0,3.620586410451878,0.0,2.1009580165007824
6349,11,3,2,0,5.192949668894837,0.0,3.210236488423368
6350,11,3,2,0,3.937279123855845,0.0,2.4021042651000677
6351,11,3,2,0,4.529401416149867,0.0,2.967934616370664
6352,11,4,1,0,5.2813518353184286,0.0,2.995941988214689
6353,11,4,1,0,4.808836889358837,0.0,3.0074745323880236
6354,11,2,3,0,3.0838842932669834,0.0,1.7490829971248956
6355,11,4,1,0,4.7196570666972235,0.0,2.8788756897128045
6356,11,4,1,0,5.147013644886382,0.0,2.8198274840987025
6357,11,4,1,0,5.806149701698235,0.0,3.3876688250079523
6358,11,1,4,0,2.896206368147759,0.0,1.3593825373839201
6359,11,4,1,0,5.41140792241562,0.0,2.7229072070821685
6360,11,4,1,0,4.578682318921082,0.0,3.1012434446059034
6361,11,4,1,0,5.632815285304332,0.0,3.0644422889647784
6362,11,1,4,0,2.3487500081144965,0.0,1.3390720088055381
6363,11,4,1,0,6.224937577598354,0.0,3.674880277069294
6364,11,2,3,0,2.9035897720453114,-0.27809072781140287,1.4473897053703701
6365,11,3,2,0,4.197389389026352,0.0,2.642526585351805
6366,11,2,3,0,3.9293236235439437,-0.27809072781140287,1.4574456273828076
6367,11,3,2,0,5.41140792241562,0.0,2.9487395811692636
6368,11,3,2,0,4.297208416214804,0.0,2.8947697775051253
6369,11,3,2,0,5.632815285304332,0.0,2.758632354485745
6370,11,3,2,0,6.224937577598354,0.0,3.8490262307857903
6371,11,4,1,0,5.0648415800134465,0.0,3.2572092624811937
6372,11,2,3,0,3.5766059483655255,0.0,2.175435600112415
6373,11,1,4,0,2.420149109947115,0.0,1.2289152164522157
6374,11,4,1,0,5.31504814851078,0.0,2.826839768264312
6375,11,4,1,0,3.678855009101465,0.0,2.6680712860279145
6376,11,3,2,0,3.8278693199001737,0.0,2.4186495073394605
6377,11,1,4,0,2.4560814132838864,0.0,1.0847069280046213
6378,11,4,1,0,4.877341369925823,0.0,2.9829670403451773
6379,11,1,4,0,2.6526163244299674,0.0,1.3396434345440418
6380,11,4,1,0,4.453301350890186,0.0,2.8500877834845184
6381,11,1,4,0,2.6452329205324148,0.0,1.134885899396906
6382,11,4,1,0,5.876700192474161,0.0,3.3687752042012074
6383,11,3,2,0,5.41140792241562,0.0,2.9487395811692636
6384,11,2,3,0,3.9293236235439437,-0.27809072781140287,1.4574456273828076
6385,11,3,2,0,4.197389389026352,0.0,2.642526585351805
6386,11,2,3,0,2.9035897720453114,-0.27809072781140287,1.4473897053703701
6387,11,3,2,0,6.224937577598354,0.0,3.8490262307857903
6388,11,1,4,0,4.044286169562984,-0.5290641754267469,1.4140934242554308
6389,11,3,2,0,4.297208416214804,0.0,2.8947697775051253
6390,11,4,1,0,5.940487892130282,0.0,3.510364894147628
6391,11,3,2,0,4.1497008325469835,0.0,2.546562675362581
6392,11,4,1,0,5.393709313905429,0.0,3.234019193122441
6393,11,2,3,0,3.9293236235439437,0.0,1.991170781256057
6394,11,4,1,0,4.404620883333504,0.0,3.063332685715744
6395,11,4,1,0,4.12127979338775,0.0,2.546932335850113
6396,11,3,2,0,4.197389389026352,0.0,2.4644941012490684
6397,11,1,4,0,2.7330036986648665,0.0,1.5642845943095238
6398,11,4,1,0,6.224937577598354,0.0,3.4572207352198836
6399,11,2,3,0,4.044286169562984,0.0,1.7936189963716997
6400,11,4,1,0,3.937279123855845,0.0,2.609895301398617
6401,11,4,1,0,4.596520766684495,0.0,3.3189029864553135
6402,11,3,2,0,3.620586410451878,0.0,2.1009580165007824
6403,11,1,4,0,2.3765538039894594,-0.27809072781140287,0.9234537920279244
6404,11,1,4,0,3.079182043408725,0.0,1.7311893063808228
6405,11,0,5,0,2.169139775797891,-0.27809072781140287,0.9587490835294858
6406,11,3,2,0,4.529401416149867,0.0,2.967934616370664
6407,11,2,3,0,2.3487500081144965,-0.5290641754267469,1.2049966101442244
6408,11,3,2,0,5.192949668894837,0.0,3.210236488423368
6409,11,3,2,0,5.284577900180139,0.0,2.8129755908898666
6410,11,4,1,0,5.364329051281995,0.0,3.25878450026644
6411,11,3,2,0,4.044610529025235,0.0,2.7392178581788627
6412,11,4,1,0,4.926622272697038,0.0,3.376455400267396
6413,11,0,4,1,0.0,-2.5320296339033064,-1.4328809431184275
6414,11,0,5,0,0.0,-1.4838349214337505,-0.6728279807839869
6415,11,0,4,1,0.5018380021193956,-2.5320296339033064,-1.1349956114906767
6416,11,0,4,1,1.4988012994060682,-2.5320296339033064,-0.6423273906650551
6417,11,1,4,0,2.481373541045084,-1.4838349214337505,0.1634127631774426
6418,11,0,4,1,0.8571839881225181,-2.5320296339033064,-0.8100330968558431
6419,11,0,5,0,1.7464143060633468,-2.0402526913407506,-0.5184585286707154
6420,11,1,4,0,3.3005123837346346,-0.9920579788711947,0.4409690363123147
6421,11,0,5,0,1.2015006790748473,-0.7741985003651806,0.045047469114521024
6422,11,0,5,0,0.0,-1.8223932128347364,-0.9143316399808648
6423,11,0,5,0,0.0,-1.8223932128347364,-0.9251078415781742
6424,11,0,5,0,0.8561419954637906,-0.9920579788711947,-0.04790504134185412
6425,11,0,5,0,0.490232174671128,-0.7741985003651806,-0.09720623176622283
6426,11,0,5,0,0.0,-2.0402526913407506,-0.9467089246252783
6427,11,0,4,1,0.8571839881225181,-2.5320296339033064,-0.8100330968558431
6428,11,0,5,0,2.012048582976309,-1.4838349214337505,0.06954777156368763
6429,11,0,4,1,1.4988012994060682,-2.5320296339033064,-0.6423273906650551
6430,11,0,4,1,0.5018380021193956,-2.5320296339033064,-1.1349956114906767
6431,11,0,5,0,0.5191604423254077,-1.4838349214337505,-0.5461861916689437
6432,11,0,4,1,0.0,-2.5320296339033064,-1.4328809431184275
6433,11,0,5,0,0.0,-1.8683307490774759,-0.6104692127243198
6434,11,0,5,0,0.7108385664508532,-0.43695227570728434,0.2480635535760868
6435,11,0,5,0,0.7786927197759361,-1.291317001471807,-0.03950363407588142
6436,11,1,4,0,2.384246380520743,-0.7435198726179095,0.5924955588377315
6437,11,0,5,0,0.851061581187782,-1.3962920298252826,-0.07005933936965647
6438,11,3,2,0,3.4972106291100573,0.0,1.8908144174012271
6439,11,1,4,0,3.652298723672377,-1.8024782017828507,0.6814411922882797
6440,11,1,4,0,3.652298723672377,0.0,1.3457199429514333
6441,11,2,3,0,3.7209735613983064,0.0,2.2002504935982414
6442,11,1,4,0,3.202275962674598,-1.431876561505245,0.6000634089273944
6443,11,0,5,0,1.210441550558027,-2.3143282790292083,-0.356789923033687
6444,11,2,3,0,3.1076288473464544,0.0,1.78566358286186
6445,11,1,4,0,3.775631382818869,0.0,1.4787618241693807
6446,11,0,5,0,2.0832278928775203,0.0,1.0843890573565544
6447,11,3,2,0,3.7209735613983064,0.0,2.1540450307907313
6448,11,4,1,0,3.8310963756204437,0.0,2.6704259535505073
6449,11,1,4,0,4.085965714841247,0.0,1.4259223077319085
6450,11,1,4,0,3.3967145460878285,0.0,1.427109265293511
6451,11,0,5,0,1.7779357995820178,-1.9430377618162886,0.21100726897444275
6452,11,0,4,1,0.8229455344995813,-3.0081508411208624,-0.337724887570355
6453,11,4,1,0,5.454776925455228,0.0,2.5911924437316274
6454,11,0,5,0,1.7229135799395152,-1.359338013946772,0.44435634619056047
6455,11,0,4,1,0.7679233148570788,-2.3868668265876813,-0.3341435753870833
6456,11,3,2,0,5.454776925455228,0.0,2.4839193940711306
6457,11,0,5,0,1.3636638588464152,-0.07270540670835501,0.502219351848909
6458,11,0,4,1,0.8134379741094442,-2.9638805741933503,-0.4117252223319731
6459,11,1,4,0,3.6182985729790076,-0.4676671418622398,1.0425188590386412
6460,11,0,5,0,1.6133384869646612,-1.7833760591231673,-0.00886131720849832
6461,11,0,5,0,1.5950482956043608,-2.1259252657939456,0.07432522780429593
6462,11,2,3,0,3.515104454382765,0.0,2.1060154553849357
6463,11,0,5,0,1.8540568406290987,0.0,0.8550717334121665
6464,11,0,5,0,1.8613612568447486,-0.18844508941311133,0.38454903806877283
6465,11,0,5,0,1.0541557700469077,-0.13199554580998907,0.5697625739736715
6466,11,0,5,0,1.2163349105160783,-2.280875718593979,-0.41572249236028114
6467,11,0,5,0,0.4552456557648412,-0.6925451863932963,-0.007529357109925172
6468,11,0,5,0,0.0,-1.947532580105861,-1.3208293352269862
6469,11,2,3,0,2.332016912510948,-1.7507409728108705,0.6098139262482988
6470,11,1,4,0,2.997488780843952,0.0,1.262686904043828
6471,11,1,4,0,3.3741441522857123,0.0,1.839146554686503
6472,11,0,4,1,1.1356196997074477,-3.16510108231396,-0.49409301314479775
6473,11,0,4,1,1.0961286486902786,-3.609346659348116,-0.6066367591619304
6474,11,0,5,0,2.302224473785632,0.0,0.9726924611544512
6475,11,1,4,0,2.3251612850627943,0.0,1.227087912142992
6476,11,1,4,0,2.332016912510948,0.0,1.1266052815972998
6477,11,2,3,0,2.997488780843952,0.0,1.9555736582751642
6478,11,0,5,0,1.4158755446354903,-0.14447815296116318,0.35169668399424553
6479,11,2,3,0,2.5369203389120294,0.0,1.4026956602097123
6480,11,0,5,0,1.71843971152963,0.0,0.687488924371469
6481,11,2,3,0,3.6244908649077914,0.0,2.009282267890778
6482,11,0,5,0,1.7339301901588158,0.0,0.9952437036713903
6483,11,1,4,0,2.7812874505057366,0.0,1.3200327029241556
6484,11,0,5,0,0.5945942630452166,-1.7980660462570555,-0.11055852730993791
6485,11,0,5,0,1.2163349105160783,-1.4856955104824756,0.16550556760025542
6486,11,1,4,0,2.843628840828785,0.0,1.6915176172190514
6487,11,3,2,0,2.9997109696392457,0.0,1.8354997431700233
6488,11,0,5,0,2.0474587939912823,-0.2554611861289935,1.0747961119119445
6489,11,3,2,0,2.9845497251364534,0.0,1.8015011049429865
6490,11,3,2,0,3.6244908649077914,-0.4453279647065287,2.0313051134409355
6491,11,1,4,0,2.999136885980306,-2.2123036037128614,0.24771980280962466
6492,11,0,4,1,0.5551032120280475,-2.392821245043667,-0.3700822307915324
6493,11,2,3,0,4.720085082809142,-0.8904865152535066,1.6502694147897436
6494,11,1,4,0,2.8665656521059475,0.0,1.3402552937438181
6495,11,0,5,0,1.6537093643291065,0.0,0.8697776947633763
6496,11,1,4,0,2.324027578703266,-1.2884694532100625,0.7406597315485655
6497,11,3,2,0,3.621076016802114,0.0,2.250888384650112
6498,11,1,4,0,3.0294365684365445,0.0,1.3641857395409076
6499,11,0,5,0,1.6537093643291065,-1.4065058656577314,0.3400099009135175
6500,11,1,4,0,2.324027578703266,-0.4417402928183165,0.8225979679188683
6501,11,3,2,0,3.621076016802114,0.0,2.233376069574517
6502,11,2,3,0,3.0294365684365445,0.0,1.66055206658433
6503,11,1,4,0,2.8339393741631618,0.0,1.5896829868896105
6504,11,0,5,0,1.7657678715215823,0.0,0.9256730118392597
6505,11,2,3,0,2.9177709649666284,-0.2940153491669619,1.426562240785131
6506,11,3,2,0,4.1776380917217395,0.0,2.3849000408614507
6507,11,2,3,0,3.0664669087583682,-1.7507409728108705,0.9035939247472669
6508,11,2,3,0,3.731938777091372,0.0,1.8285915154877421
6509,11,2,3,0,3.9919135352875585,0.0,2.094993735937055
6510,11,0,5,0,1.870069695954868,-1.4632331887971475,0.21681203393157417
6511,11,0,4,1,1.8305786449376988,-2.6509257630995116,-0.0444211115392001
6512,11,2,3,0,3.420431819403259,-0.6323819971976619,1.3395579140337426
6513,11,2,3,0,3.443368630680421,-0.46841859560686316,1.3861126811181996
6514,11,2,3,0,3.0664669087583682,-1.4930400112801188,1.1908876994452862
6515,11,2,3,0,4.775371237100195,0.0,2.384323287101009
6516,11,1,4,0,3.176059392381543,0.0,1.1555960833680174
6517,11,3,2,0,4.176897924832282,0.0,2.053561205276149
6518,11,0,5,0,2.2995164817574754,0.0,1.3014501538302015
6519,11,3,2,0,5.415312376871533,0.0,2.7864611824779564
6520,11,3,2,0,4.104911812006556,0.0,2.1681184692394595
6521,11,3,2,0,4.421265036425989,0.0,2.355402463890645
6522,11,0,5,0,1.8626862920573153,-2.054872637162717,0.31534002943487494
6523,11,0,5,0,1.8231952410401462,-1.3910586363444004,0.6616928173538156
6524,11,2,3,0,4.634450352792527,0.0,2.3121297123779967
6525,11,4,1,0,4.657387164069689,0.0,2.8756521635487693
6526,11,2,3,0,3.0590835048608156,0.0,2.0468713895788566
6527,11,3,2,0,4.775371237100195,-0.8275681429471149,2.0770578259342374
6528,11,3,2,0,5.415312376871533,-0.4453279647065287,2.7476337182264325
6529,11,2,3,0,2.999136885980306,-0.08750598468970949,1.5340241481602823
6530,11,1,4,0,2.856312496436331,-1.3072270455409338,0.7083814306550416
6531,11,3,2,0,4.720085082809142,-1.8489074115021111,2.424475953676379
6532,11,2,3,0,4.657387164069689,-1.4212160742079618,1.9657724331768116
6533,11,0,5,0,1.9575756806445774,-1.2430765755081907,0.6859554849410614
6534,11,1,4,0,2.6278938950187367,-0.8877587354303245,0.9113970938127416
6535,11,4,1,0,3.6037221936092223,0.0,2.759741953933318
6536,11,2,3,0,2.953336503176864,0.0,1.7355343042225335
6537,11,3,2,0,4.529475535611649,0.0,2.219754749990294
6538,11,1,4,0,3.4613040329700695,-0.22516950600702046,1.1043611282193453
6539,11,3,2,0,4.6133071264151155,0.0,2.0428171156301445
6540,11,3,2,0,5.873174253170227,0.0,2.744008457572794
6541,11,0,5,0,1.9501922767470248,0.0,0.9010180926601287
6542,11,1,4,0,2.620510491121184,-0.6494112084479937,0.978387410054097
6543,11,3,2,0,4.968374793126408,0.0,2.58452857580669
6544,11,2,3,0,4.376735344760839,0.0,1.8586707185091682
6545,11,2,3,0,4.529475535611649,0.0,2.115108103415159
6546,11,1,4,0,3.4613040329700695,0.0,1.3135931237632277
6547,11,2,3,0,4.6133071264151155,-0.6947260669466999,2.043691631911629
6548,11,4,1,0,5.873174253170227,0.0,3.35658900407444
6549,11,0,5,0,1.2930361888387871,-0.9347539753845631,0.15160480680136246
6550,11,3,2,0,3.433118741865801,0.0,2.0359112547838065
6551,11,2,3,0,3.3830431175581097,0.0,1.6709124609029267
6552,11,0,5,0,1.7501169618175076,0.0,0.9879448933276784
6553,11,0,5,0,1.2930361888387871,-0.87569205182076,0.1697222611119386
6554,11,0,5,0,2.013650160597116,-1.3525997906297746,0.7138162603402101
6555,11,2,3,0,3.8353535389048865,0.0,2.2915011183650464
6556,11,3,2,0,4.621298035029401,0.0,2.3309909669361866
6557,11,0,5,0,1.666285371014041,0.0,0.9179525715279802
6558,11,0,5,0,1.4553904534154327,-0.9364212042254962,0.30069998778029544
6559,11,1,4,0,2.7298136900303156,0.0,1.4870139519570806
6560,11,4,1,0,4.531244640843305,0.0,2.8405050365383238
6561,11,2,3,0,4.364351668488201,0.0,1.5999422334902846
6562,11,1,4,0,5.054009523143023,0.0,2.1249765590310723
6563,11,0,5,0,1.6723507011539809,-0.6471908008964959,0.8642159349772875
6564,11,1,4,0,4.350704471307537,0.0,1.5579618018937702
6565,11,2,3,0,3.88209345124438,-1.978546890333682,1.309394893279682
6566,11,3,2,0,4.364496512965157,0.0,2.7357484448511142
6567,11,2,3,0,3.994353436858855,-0.5470330450888383,1.6608763874472594
6568,11,1,4,0,2.9257953873983347,-1.3005907202530658,0.9705108842910513
6569,11,2,3,0,3.8109324223231376,-1.7920069577241726,1.0145601617269797
6570,11,3,2,0,3.7245553731938195,0.0,2.2883022718596484
6571,11,2,3,0,4.471820140411115,0.0,1.8010731549636745
6572,11,2,3,0,4.236840465288566,0.0,2.060899554336916
6573,11,2,3,0,4.309794185788974,-1.7688090524886775,1.487837507371156
6574,11,0,4,1,1.2021653384425193,-5.281192425852119,-0.9777356141564553
6575,11,2,3,0,2.791311180020358,-0.33911110656072196,1.2830136386581281
6576,11,3,2,0,4.27313104228968,0.0,2.670748325868902
6577,11,1,4,0,2.458694609660405,-0.03971599278334281,1.3514228858138544
6578,11,4,1,0,4.37187991686271,0.0,2.8449649084511224
6579,11,2,3,0,3.7882235744213197,0.0,1.8988485134060098
6580,11,0,5,0,1.7294754625192574,-0.32952449849788934,0.849676776320063
6581,11,1,4,0,2.387533580739163,0.0,1.463031323933702
6582,11,2,3,0,3.731938777091372,0.0,1.8747676944325953
6583,11,2,3,0,4.2656902779735795,0.0,2.181286960224952
6584,11,2,3,0,3.0405205404094886,0.0,1.6203561920717255
6585,11,2,3,0,4.085965714841247,-0.4017740164317729,1.7096310698793105
6586,11,0,4,1,0.0,-3.1575412769864784,-0.9134685200463302
6587,11,2,3,0,3.6182985729790076,0.0,1.731190943579523
6588,11,3,2,0,4.111454363531678,0.0,2.462377996427373
6589,11,1,4,0,3.88209345124438,0.0,1.352066060983563
6590,11,4,1,0,4.364496512965157,0.0,2.7456141978036763
6591,11,1,4,0,3.994353436858855,0.0,1.8256684421195644
6592,11,1,4,0,2.9257953873983347,0.0,1.2739052058010885
6593,11,1,4,0,3.8109324223231376,0.0,1.434576254162608
6594,11,2,3,0,3.7245553731938195,-0.8275681429471149,1.5450692129949346
6595,11,3,2,0,4.471820140411115,0.0,2.1309182354977585
6596,11,3,2,0,4.236840465288566,0.0,2.0829248178177577
6597,11,3,2,0,4.309794185788974,0.0,2.2200124183059318
6598,11,0,5,0,1.2021653384425193,-1.8541653487857097,-0.5739790433546957
6599,11,1,4,0,2.791311180020358,-0.42294269736418855,1.0586202059197198
6600,11,2,3,0,4.104070959634125,0.0,1.9681670192436365
6601,11,1,4,0,2.458694609660405,-0.48326710365180503,0.9265470483398118
6602,11,3,2,0,4.37187991686271,0.0,2.317825687330257
6603,11,1,4,0,2.798033511979778,-0.39546196094208597,1.0527336925197943
6604,11,0,5,0,1.7294754625192574,-1.1695726519373508,0.4940613430100079
6605,11,1,4,0,2.387533580739163,0.0,1.1447929164464916
6606,11,2,3,0,3.731938777091372,-1.0852691044778666,1.5237238721940656
6607,11,2,3,0,3.2755002155320376,0.0,1.847427618113
6608,11,3,2,0,3.0405205404094886,-0.7052567344388656,1.47916884943479
6609,11,1,4,0,2.886395344204999,-0.8160115738875788,0.9579084336817602
6610,11,0,4,1,0.0,-4.0646670115476695,-1.3191153438925518
6611,11,1,4,0,2.7986945839179107,-1.6828098241192997,0.5799417748331024
6612,11,2,3,0,4.111454363531678,0.0,2.097074521546734
6613,11,3,2,0,5.474043144800746,0.0,2.2175677756633805
6614,11,0,4,1,1.7278304958393917,-3.88723923927499,-0.7019903853774835
6615,11,3,2,0,3.0827955231901747,0.0,1.5736232283589437
6616,11,3,2,0,4.449830559247079,0.0,2.8432408507537636
6617,11,4,1,0,5.615069735114382,0.0,3.1852488538975066
6618,11,1,4,0,3.267272414756711,0.0,1.1047398900188525
6619,11,2,3,0,2.7309339363984257,-1.7188966228486535,1.1243442279051101
6620,11,3,2,0,4.854585085264066,0.0,2.8479315179851716
6621,11,3,2,0,3.7785069833522584,0.0,2.369965516327574
6622,11,0,4,1,0.24556684423367514,-2.7334735371306778,-0.4998836178749748
6623,11,3,2,0,3.6681357422119234,0.0,2.328424317169607
6624,11,4,1,0,5.035170778268828,0.0,3.5033273911779097
6625,11,2,3,0,2.8386609912355567,-1.978546890333682,1.0981205901364177
6626,11,3,2,0,4.37187991686271,0.0,2.6876918268362964
6627,11,2,3,0,2.968619585360223,-0.9477437628685763,1.1198978273971882
6628,11,0,5,0,2.061738214657705,-0.11283669131970342,0.784091896327471
6629,11,2,3,0,2.4680558815783336,-0.11087702170458513,1.3529646701944613
6630,11,3,2,0,3.4324946963553913,0.0,1.9301882236514687
6631,11,2,3,0,3.100358659905737,0.0,1.5952237460023149
6632,11,2,3,0,3.372783292547936,-0.15297493251237526,1.4498313957641742
6633,11,3,2,0,3.0957756523997055,-0.06694115897186492,1.6936882528052954
6634,11,0,4,1,0.3204095571916987,-4.322771529603514,-0.9205742681759574
6635,11,2,3,0,2.6281085105374657,-1.424705306063455,1.035917862078687
6636,11,3,2,0,4.27313104228968,0.0,2.2158118653853776
6637,11,1,4,0,2.8386609912355567,-1.7208459288029303,0.8017440742031084
6638,11,3,2,0,4.37187991686271,0.0,2.7686602356347345
6639,11,2,3,0,3.7882235744213197,0.0,1.871380027912649
6640,11,0,5,0,1.9000615358997024,-0.8482788481311623,0.669174436519367
6641,11,1,4,0,2.387533580739163,0.0,1.463031323933702
6642,11,3,2,0,3.3519723955162206,0.0,2.1468923073775414
6643,11,3,2,0,4.2656902779735795,0.0,2.522793840925888
6644,11,2,3,0,2.993866455816896,0.0,1.8243580681710818
6645,11,2,3,0,4.085965714841247,-0.6585806073374343,1.521568397165391
6646,11,0,4,1,0.0,-3.062904402848403,-1.0312424997515024
6647,11,2,3,0,3.6182985729790076,0.0,1.8467487370962359
6648,11,4,1,0,3.940868290151233,0.0,2.9974761151638867
6649,11,3,2,0,4.082373299667729,-1.3575520046180856,2.041147039298896
6650,11,0,4,1,0.33616065070637546,-4.6990101275624525,-0.7988788983517594
6651,11,3,2,0,3.6681357422119234,0.0,2.4226215402666753
6652,11,3,2,0,3.9195335736658947,0.0,2.502705265007903
6653,11,1,4,0,2.831277587338004,0.0,1.1888483758551167
6654,11,4,1,0,4.364496512965157,0.0,2.7456141978036763
6655,11,1,4,0,2.96123618146267,0.0,1.4042599106118074
6656,11,0,5,0,1.8926781320021497,-0.11283669131970342,0.7149916696917515
6657,11,1,4,0,3.8109324223231376,0.0,1.5108809269789958
6658,11,2,3,0,4.775371237100195,0.0,1.9858410967891806
6659,11,2,3,0,4.489518748921306,0.0,1.985106992073554
6660,11,2,3,0,4.254539073798757,0.0,1.7840797200862184
6661,11,3,2,0,4.292095577278783,0.0,2.0112278827943184
6662,11,0,5,0,1.1844667299323284,-1.9109013094033571,-0.3632232536465082
6663,11,1,4,0,3.824428435416543,-0.5175795715022637,1.3938008410332927
6664,11,3,2,0,5.13718821503031,0.0,2.3736363473659567
6665,11,1,4,0,2.831277587338004,0.0,1.2846610965479919
6666,11,3,2,0,4.364496512965157,-0.18762700317577696,2.0883281066792754
6667,11,1,4,0,2.96123618146267,0.0,1.4463951956841357
6668,11,0,5,0,1.8926781320021497,-1.377243567567028,0.48250409656296683
6669,11,1,4,0,3.8109324223231376,0.0,1.08394260664481
6670,11,2,3,0,4.775371237100195,-1.0852691044778666,1.73499817533733
6671,11,1,4,0,4.489518748921306,0.0,1.7075330228516798
6672,11,2,3,0,4.254539073798757,-0.3045460166591276,1.6938338262599608
6673,11,1,4,0,4.292095577278783,0.0,1.6302515495736856
6674,11,0,4,1,1.1844667299323284,-2.9790728120449366,-0.8546129119047101
6675,11,1,3,1,3.824428435416543,-2.641230720367904,0.849094012077505
6676,11,3,2,0,5.13718821503031,-0.9237164147371502,2.217537359337495
6677,11,3,2,0,4.074989895770177,0.0,2.557038472980733
6678,11,0,4,1,0.3287772468088228,-2.801645039772257,-0.5703603719642146
6679,11,3,2,0,3.6607523383143707,-0.2568065909056614,1.8321750965214867
6680,11,3,2,0,5.027787374371275,0.0,3.172081411925054
6681,11,3,2,0,5.266832349990189,0.0,2.7459592751380852
6682,11,1,4,0,2.919035029632518,-0.19403161821335857,1.0849906364792319
6683,11,2,3,0,4.359706615428998,-0.017028729331840964,1.8791768895424767
6684,11,3,2,0,6.483357764294638,0.0,3.4540747801688965
6685,11,3,2,0,3.6506219268276148,0.0,2.317012478615453
6686,11,0,4,1,0.24556684423367514,-2.941144452760355,-0.9580554051984784
6687,11,3,2,0,3.236384369371809,0.0,2.1745225217595476
6688,11,3,2,0,4.944576971796128,0.0,3.1963917414605154
6689,11,2,3,0,5.615069735114382,0.0,2.699739753754148
6690,11,1,4,0,3.267272414756711,-0.30607793023301966,1.0553116093898545
6691,11,3,2,0,4.707944000553191,-0.6000891928086247,1.914840349899476
6692,11,4,1,0,6.831595149418831,0.0,4.09955242921122
6693,11,3,2,0,4.901977288728826,0.0,2.435953928799259
6694,11,0,4,1,0.11892049273333782,-3.644333034942136,-0.9978302104132858
6695,11,4,1,0,4.48773973127302,0.0,2.8146958360169023
6696,11,4,1,0,6.323165928546214,0.0,3.9764718243536157
6697,11,3,2,0,5.0430038790424625,0.0,2.3528215035989652
6698,11,0,5,0,1.658362411650657,-1.1304528224388548,0.26721481790600166
6699,11,3,2,0,4.135878144481271,0.0,2.291363441643926
6700,11,4,1,0,5.489665537091909,0.0,3.891228296141187
6701,11,4,1,0,4.132113532473824,0.0,2.4697578085855896
6702,11,1,4,0,3.0083773485379375,0.0,1.528058890023042
6703,11,3,2,0,4.375412384594842,0.0,2.6216869188685656
6704,11,1,4,0,2.6565157617461885,-0.6642195302283369,1.0508317094966244
6705,11,3,2,0,6.489149287511353,0.0,2.756172934860492
6706,11,0,5,0,0.0,-1.775293712825306,-0.9071586362180731
6707,11,1,4,0,3.003596250406133,0.0,1.5381703103658153
6708,11,3,2,0,4.4209270438472075,0.0,2.6396377669402833
6709,11,4,1,0,4.27314012278746,0.0,2.396736803728069
6710,11,0,5,0,1.383778978371911,0.0,0.6474708009959358
6711,11,1,4,0,2.651734663614384,0.0,1.2523103252635024
6712,11,4,1,0,4.825681569864194,0.0,3.1885158627215935
6713,11,3,2,0,5.415312376871533,-0.4453279647065287,2.7476337182264325
6714,11,1,4,0,3.350332345663851,-0.4606000766592864,1.2954281043299964
6715,11,2,3,0,3.0590835048608156,0.0,2.0468713895788566
6716,11,2,3,0,4.657387164069689,-1.4212160742079618,1.9657724331768116
6717,11,3,2,0,4.720085082809142,-1.8489074115021111,2.424475953676379
6718,11,1,4,0,2.856312496436331,-1.3072270455409338,0.7083814306550416
6719,11,2,3,0,2.999136885980306,-0.08750598468970949,1.5340241481602823
6720,11,3,2,0,5.415312376871533,0.0,2.9946329362259263
6721,11,1,4,0,3.350332345663851,0.0,1.6096157933953257
6722,11,3,2,0,4.43896364493618,0.0,2.3628879606973974
6723,11,3,2,0,4.122610420516747,0.0,2.2243297746040964
6724,11,4,1,0,3.7245553731938195,0.0,2.7305002136062813
6725,11,3,2,0,3.0664669087583682,0.0,1.838308037617125
6726,11,3,2,0,3.1437806694360972,0.0,2.1471422833401497
6727,11,0,5,0,2.312002219640913,-0.022813222707998904,1.2823741202841474
6728,11,3,2,0,4.639688555559498,-0.05418103815105724,2.2175445829896554
6729,11,3,2,0,4.616751744282336,0.0,2.371048312879225
6730,11,1,4,0,2.856312496436331,-0.23905554289935438,1.1865373228811258
6731,11,1,4,0,2.8958035474535,-0.7578241990638688,1.207959083811474
6732,11,2,3,0,3.9919135352875585,0.0,2.094993735937055
6733,11,0,5,0,2.306899885655028,-0.6237902440728718,0.6077132094596323
6734,11,2,3,0,3.0664669087583682,-1.7507409728108705,0.9035939247472669
6735,11,2,3,0,3.443368630680421,-0.46841859560686316,1.3861126811181996
6736,11,2,3,0,3.420431819403259,-0.6323819971976619,1.3395579140337426
6737,11,0,4,1,1.8305786449376988,-2.6509257630995116,-0.0444211115392001
6738,11,0,5,0,1.870069695954868,-1.4632331887971475,0.21681203393157417
6739,11,3,2,0,3.6244908649077914,-0.4453279647065287,2.0313051134409355
6740,11,0,5,0,1.5595108337001093,-0.1672411339686981,0.7423171846729459
6741,11,0,5,0,2.0474587939912823,-0.2554611861289935,1.0747961119119445
6742,11,1,4,0,2.8665656521059475,0.0,1.3402552937438181
6743,11,2,3,0,4.720085082809142,-0.8904865152535066,1.6502694147897436
6744,11,0,4,1,0.5551032120280475,-2.392821245043667,-0.3700822307915324
6745,11,1,4,0,2.999136885980306,-2.2123036037128614,0.24771980280962466
6746,11,2,3,0,4.072435836126729,-0.18762700317577696,1.9398998229729478
6747,11,0,5,0,2.007455804919047,0.0,1.0282568189367054
6748,11,2,3,0,3.0498035559206116,0.0,1.830365173561804
6749,11,2,3,0,3.240854639265926,0.0,1.5387731331611683
6750,11,3,2,0,3.4324946963553913,0.0,2.1165389841475486
6751,11,2,3,0,2.7670228280223874,0.0,1.496471421103339
6752,11,2,3,0,2.8299439338252874,0.0,1.8746879345823537
6753,11,0,5,0,2.312002219640913,0.0,0.8724147669247714
6754,11,1,4,0,3.2682270750541207,-0.3109876290567186,1.198114025408603
6755,11,1,4,0,3.7526945715417064,0.0,1.4219064483069197
6756,11,0,5,0,1.4848510159309534,-0.18231958228170697,0.47072723153070584
6757,11,0,5,0,2.0317463747128706,-0.14282853126453787,0.9116893176808546
6758,11,1,4,0,3.3741441522857123,0.0,1.839146554686503
6759,11,0,5,0,1.5724498894076078,-2.252607034383459,-0.23574560065008185
6760,11,2,3,0,2.332016912510948,-1.7507409728108705,0.6098139262482988
6761,11,1,4,0,2.3251612850627943,0.0,1.227087912142992
6762,11,0,5,0,2.302224473785632,0.0,0.9726924611544512
6763,11,0,4,1,1.0961286486902786,-3.609346659348116,-0.6066367591619304
6764,11,0,4,1,1.1356196997074477,-3.16510108231396,-0.49409301314479775
6765,11,3,2,0,4.1776380917217395,0.0,2.408242968112231
6766,11,2,3,0,2.9177709649666284,-0.05566782218463118,1.301832876558199
6767,11,0,5,0,1.7657678715215823,0.0,0.667646881060844
6768,11,3,2,0,2.8339393741631618,0.0,1.6300066485244578
6769,11,3,2,0,6.888280395880834,0.0,2.8994846650068284
6770,11,0,5,0,1.405094696031263,-0.8226954681920873,0.0833759103166706
6771,11,1,4,0,2.4732661986728424,-0.8426879951698787,0.7084679217932994
6772,11,0,5,0,1.9633544032129464,-0.2644357610104038,0.6878593783006899
6773,11,0,5,0,1.720927384074436,-2.149358793709631,0.21159395949338772
6774,11,1,4,0,3.007559991312853,-1.3244569211980988,0.8591077976168855
6775,11,0,5,0,0.0,-2.1445204561892197,-1.2015154080310857
6776,11,1,4,0,2.511607083650155,0.0,1.75316803511967
6777,11,0,5,0,1.1799019474122048,-1.003110374990385,0.22443346857234445
6778,11,2,3,0,2.9946209356053544,0.0,1.4271268680605318
6779,11,0,5,0,0.0,-2.1445204561892197,-0.860519647937138
6780,11,3,2,0,3.6884434976970084,0.0,2.3235688659823226
6781,11,1,4,0,2.455377380321856,-0.054886020696780946,0.9675881897307882
6782,11,2,3,0,3.3620436059851215,0.0,2.0259593212566855
6783,11,0,5,0,0.5453831011049388,-1.6362973987517755,-0.434609776970062
6784,11,2,3,0,4.055866168076776,0.0,2.193737424436938
6785,11,3,2,0,4.391562282724415,0.0,2.5237386765163046
6786,11,2,3,0,3.4345821535435945,0.0,2.1191397800468055
6787,11,0,4,1,1.4050013193902622,-2.505670916760682,-0.46193164872984627
6788,11,2,3,0,3.9457433538546383,0.0,1.794061727364729
6789,11,1,4,0,2.4479939764243035,-1.5310902063712888,0.5626655844839299
6790,11,2,3,0,4.785442447569096,-0.3957957029183561,1.7718672222988416
6791,11,0,4,1,0.5379996972073862,-2.9131046542073022,-0.7541165964224767
6792,11,3,2,0,5.47926500966075,0.0,2.6361761727028963
6793,11,3,2,0,4.384178878826862,0.0,2.3871632215738394
6794,11,2,3,0,4.857980995127569,0.0,2.2407737183207734
6795,11,0,4,1,1.3976179154927095,-3.1997348546412248,-0.31536282750510625
6796,11,3,2,0,5.369142195438613,-0.740757173328582,2.139020931162414
6797,11,2,3,0,2.455377380321856,-0.01666669846628821,1.0850479952995016
6798,11,2,3,0,3.742009987560273,0.0,1.906590819740181
6799,11,0,5,0,0.5453831011049388,-1.9287579185187873,-0.6289238151134533
6800,11,3,2,0,4.055866168076776,0.0,2.8154615485246675
6801,11,3,2,0,3.0905665248587333,-0.01666669846628821,1.5939775558482103
6802,11,2,3,0,4.785442447569096,0.0,2.205001085483974
6803,11,0,4,1,1.588815561113762,-3.3881895371560873,-0.6376070513036289
6804,11,2,3,0,5.47926500966075,0.0,2.689495760737253
6805,11,2,3,0,5.369142195438613,-0.2790264386016972,2.419012826082232
6806,11,1,3,1,2.4484337793990854,-3.6614655893681096,-0.2200632264760422
6807,11,2,3,0,4.857980995127569,0.0,2.204252849623041
6808,11,3,2,0,4.384178878826862,0.0,2.587470659961325
6809,11,2,3,0,3.9457433538546383,0.0,2.0789029731924913
6810,11,0,5,0,1.4050013193902622,-1.7146362483894428,-0.11390044581759326
6811,11,2,3,0,3.814548535118746,0.0,2.0833923199317916
6812,11,3,2,0,4.391562282724415,0.0,2.58710827322228
6813,11,3,2,0,5.369142195438613,0.0,2.6699527546774
6814,11,1,4,0,2.4484337793990854,-0.5799704713774041,0.33282706770502557
6815,11,3,2,0,3.8071651312211934,0.0,2.4661041790418325
6816,11,3,2,0,4.384178878826862,0.0,2.414078819819861
6817,11,3,2,0,5.47926500966075,0.0,2.765253570918579
6818,11,0,5,0,1.588815561113762,-1.2919276840976828,-0.3197178861798918
6819,11,2,3,0,3.7346265836627204,-0.16866224859067103,1.693056894607011
6820,11,1,4,0,2.4479939764243035,-1.47819525793917,0.5535534522033145
6821,11,2,3,0,3.9457433538546383,0.0,1.8031738596453444
6822,11,0,4,1,1.0250349378151107,-2.732804371088367,-0.2742143932215157
6823,11,1,4,0,3.814548535118746,0.0,1.5758341419877204
6824,11,3,2,0,4.391562282724415,0.0,2.394661278300622
6825,11,2,3,0,4.055866168076776,0.0,2.1668218261909167
6826,11,0,5,0,0.16541671952978731,-1.4395886896627275,-0.5510333098746208
6827,11,1,4,0,3.742009987560273,-0.8627261864712139,1.2688624982300538
6828,11,1,3,1,2.455377380321856,-2.6110895284365156,0.43665636621580217
6829,11,3,2,0,3.578320683474871,0.0,2.282358258603881
6830,11,0,5,0,0.6576122674353435,-1.1780740717866287,-0.2915957354537113
6831,11,2,3,0,3.0671594831638274,0.0,1.6578289114397087
6832,11,3,2,0,3.9575166686784904,0.0,2.4218417144488575
6833,11,1,4,0,4.960898879966667,0.0,2.220524601550893
6834,11,0,5,0,0.6705513231428419,-1.1020381807540858,-0.4550417594951156
6835,11,1,4,0,3.080098538871326,-0.11902410314228007,1.1872893854643358
6836,11,2,3,0,3.6571122864769947,0.0,1.9429265646927463
6837,11,2,3,0,2.5927648251814546,0.0,1.0371059300725818
6838,11,0,5,0,0.0,-1.9759969576164487,-0.9244624259214114
6839,11,1,4,0,2.5927648251814546,-2.0288919060485675,-0.6741720771626255
6840,11,0,5,0,0.0333502146428053,-1.9673666524730073,-0.7724862724623399
6841,11,0,5,0,0.0,-1.9759969576164487,-1.3640005777729116
6842,11,0,3,2,0.0,-3.1088912281137944,-1.701501225943116
6843,11,1,4,0,4.560131477654462,0.0,1.1459782214590581
6844,11,0,5,0,2.1535797311708684,-0.00863030514344132,0.6879787852456964
6845,11,0,5,0,1.341866941940694,-1.141524575640787,0.047083947949170125
6846,11,0,5,0,1.3924986772599155,-0.5773693513989286,0.1853589858661806
6847,11,1,4,0,3.8568264258189764,-1.3830988927493877,0.49474550661391775
6848,11,0,5,0,0.6385618901052084,-1.2598671267551111,-0.26664811872576594
6849,11,0,5,0,0.0,-2.0288919060485675,-1.4957807870463653
6850,11,0,4,1,0.0,-3.0775950976242505,-1.1787061199879432
6851,11,0,4,1,0.0,-3.0775950976242505,-1.5579958617053848
6852,11,0,1,4,0.0,-3.0775950976242505,-2.289902236404464
6853,11,0,5,0,0.0,-0.29845755686378084,-0.10520881642658537
6854,11,1,4,0,3.5887816824112093,-0.29845755686378084,1.1941905918509186
6855,11,1,4,0,3.5887816824112093,-0.6797938409139022,1.379659629468223
6856,11,1,4,0,2.99714223404564,-0.8900970052293502,0.655643692734904
6857,11,0,5,0,0.6086681776974103,-0.06152525357556016,0.25408081856657105
6858,11,1,4,0,3.49089671907166,-1.51498297116823,0.7294798541816079
6859,11,0,5,0,2.1535797311708684,-1.1102284451512432,0.42369480830447587
6860,11,0,5,0,1.341866941940694,-1.51498297116823,-0.3926276630585363
6861,11,0,5,0,0.2136653169723104,-0.8045028057266137,-0.18172832337647407
6862,11,0,5,0,1.3483310939843491,-2.1066224195337995,-0.046792463576213805
6863,11,0,5,0,1.3924986772599155,-1.7018678935168126,-0.01573503399054914
6864,11,0,5,0,1.4090774187502433,-2.1066224195337995,-0.826515383661345
6865,11,0,5,0,0.0,-1.8448296274762725,-0.9226370300571702
6866,11,0,5,0,1.3460347116584046,-1.0017626086992664,0.2315291393449989
6867,11,0,5,0,1.3460347116584046,-1.0017626086992664,0.2688174238886859
6868,11,0,5,0,1.3460347116584046,-1.3830988927493877,0.07856042427417834
6869,11,0,5,0,0.0,-1.3830988927493877,-0.46744058928731674
6870,11,0,5,0,0.7113738802634622,-2.2182880230037156,-0.4581171943494347
6871,11,0,5,0,0.6385618901052084,-2.2182880230037156,-0.38224269621334483
6872,11,0,5,0,0.7145977811377513,-2.2182880230037156,-1.0210154315238136
6873,11,0,5,0,1.0402418471931867,0.0,0.29190756419851027
6874,11,0,5,0,1.896773140265207,-1.3670350360569046,0.6933506183333392
6875,11,0,5,0,1.710560061567346,-1.3670350360569046,0.5027291455161013
6876,11,3,2,0,3.094366570776728,0.0,1.7192020049607095
6877,11,0,5,0,2.1537657021443124,0.0,1.1077880120674712
6878,11,1,4,0,3.789354275935441,0.0,1.525935826622927
6879,11,2,3,0,3.789354275935441,-1.2165254143044493,1.4357263703619907
6880,11,0,5,0,1.6403244988044747,-1.2165254143044493,0.36442418756663597
6881,11,0,5,0,0.6883802604014377,-1.2884620186113125,-0.14845907162038827
6882,11,0,5,0,1.544911553473458,-2.1236511488656404,0.1685678858505078
6883,11,0,5,0,1.358698474775597,-2.1236511488656404,0.15549614908581333
6884,11,3,2,0,3.5156998382840428,0.0,1.9653704688689673
6885,11,0,5,0,0.0,-1.9768422790127502,-0.7907369116051001
6886,11,0,5,0,0.6703182143741593,0.0,0.1519910444115702
6887,12,2,3,0,3.3045623328464657,0.0,1.7790257073234457
6888,12,3,2,0,6.532067552289028,0.0,3.3744476272523785
6889,12,1,4,0,2.777643416231175,-1.4180989222650595,0.6883740635957374
6890,12,1,4,0,2.777643416231175,-0.9902848451667872,0.7739368790153918
6891,12,2,3,0,2.855606318237502,0.0,1.1673909885892584
6892,12,1,4,0,2.838953369769232,-0.6476600293619725,0.890404064635446
6893,12,1,4,0,2.777643416231175,-1.4180989222650595,0.6883740635957374
6894,12,2,3,0,2.855606318237502,0.0,1.1673909885892584
6895,12,2,3,0,3.2432523793084087,-0.3097068040783313,1.2434021946131089
6896,12,2,3,0,3.2432523793084087,-0.44706312155897976,1.4798078667204622
6897,12,2,3,0,3.2432523793084087,-0.3097068040783313,1.2434021946131089
6898,12,2,3,0,4.346335931678162,0.0,2.208102521676993
6899,12,3,2,0,4.346335931678162,0.0,2.394589246399856
6900,12,3,2,0,4.346335931678162,0.0,2.394589246399856
6901,12,2,3,0,4.346335931678162,0.0,2.208102521676993
6902,12,0,5,0,1.7879846633902794,0.0,0.35759693267805587
6903,12,0,3,2,0.0,-5.577005776892811,-2.3490884553494853
6904,12,0,3,2,0.0,-2.919912433788742,-2.0756999819033433
6905,12,0,4,1,0.0,-2.908206933136462,-1.9165234240511182
6906,12,4,1,0,5.506833484239841,0.0,3.800662719814752
6907,12,4,1,0,5.34620576543124,0.0,3.429330275087966
6908,12,4,1,0,6.005341822243093,0.0,3.929167857041319
6909,12,0,5,0,1.8274932091208491,0.0,0.8747908359757993
6910,12,1,4,0,2.6368547883205515,0.0,1.155090343525354
6911,12,2,3,0,3.0598004741499807,-0.34294302373747243,1.49740791622895
6912,12,1,4,0,3.0598004741499807,-0.34294302373747243,1.4232007718818196
6913,12,4,1,0,3.9650113165697682,0.0,2.6405315988305227
6914,12,4,1,0,7.119439981688913,0.0,5.164074530925839
6915,12,0,5,0,1.2058600853942814,-1.0178298582913108,0.1423229876115421
6916,12,0,5,0,1.6527752174500705,-0.7439885722328334,0.46524032405671106
6917,12,1,4,0,2.6368547883205515,0.0,1.155090343525354
6918,12,0,5,0,1.8274932091208491,0.0,0.8747908359757993
6919,12,4,1,0,6.494926274886989,0.0,3.940626163707691
6920,12,4,1,0,6.68494338181792,0.0,4.405607264118251
6921,12,2,3,0,4.128515744088801,0.0,2.4487620087350033
6922,12,3,2,0,5.592901434450287,0.0,3.4340909174303795
6923,12,4,1,0,6.68494338181792,0.0,4.405607264118251
6924,12,4,1,0,6.494926274886989,0.0,3.940626163707691
6925,12,2,3,0,4.128515744088801,0.0,2.4487620087350033
6926,12,0,2,3,0.0,-2.5887923278730547,-1.7673044021959783
6927,12,0,2,3,0.0,-2.5887923278730547,-1.5323462508731525
6928,12,0,5,0,1.684266348836296,-0.2926343578611039,0.5940465697737303
6929,12,1,4,0,2.342641300834792,-0.2926343578611039,0.8440436703359516
6930,12,0,2,3,0.0,-4.244781803988225,-2.437948597085154
6931,12,0,2,3,0.0,-3.68678635086734,-2.184598926175916
6932,12,0,2,3,0.0,-2.5887923278730547,-1.5323462508731525
6933,12,0,2,3,0.0,-2.5887923278730547,-1.7673044021959783
6934,12,1,4,0,2.342641300834792,-0.2926343578611039,0.8440436703359516
6935,12,0,5,0,1.684266348836296,-0.2926343578611039,0.5940465697737303
6936,12,0,2,3,0.0,-3.68678635086734,-2.184598926175916
6937,12,0,2,3,0.0,-4.244781803988225,-2.437948597085154
6938,12,2,3,0,3.361473619758172,-0.3144641076578729,1.2343186040855543
6939,12,2,3,0,3.3389706608158427,-1.0251625935398465,1.0876783151206937
6940,12,0,3,2,0.0,-3.7370950167437087,-1.7589875759949378
6941,12,0,3,2,0.0,-3.7370950167437087,-1.887320141497576
6942,12,2,3,0,3.361473619758172,-0.3144641076578729,1.2343186040855543
6943,12,0,3,2,0.0,-3.7370950167437087,-1.887320141497576
6944,12,0,3,2,0.0,-3.7370950167437087,-1.7589875759949378
6945,12,0,5,0,1.8484905575575041,-1.4601724119993449,0.4929586345017448
6946,12,1,4,0,2.89668527002706,-0.411977699529789,1.1062285640766363
6947,12,1,4,0,2.89668527002706,-0.411977699529789,1.1062285640766363
6948,12,0,5,0,1.8484905575575041,-1.4601724119993449,0.4929586345017448
6949,12,0,5,0,0.0,-1.7877378981299472,-1.1552191466605073
6950,12,0,5,0,0.387745807611104,-0.3599041375857439,0.005317621876281464
6951,12,2,3,0,3.3691114955460257,0.0,2.1210035465922794
6952,12,0,5,0,0.387745807611104,-0.3599041375857439,0.005317621876281464
6953,12,4,1,0,4.900281220768495,0.0,3.617000624093162
6954,12,4,1,0,5.895464204470716,0.0,4.41314701105494
6955,12,0,1,4,0.0,-5.440720177606689,-3.689353591007246
6956,12,0,1,4,0.0,-5.557962892153984,-4.007823391485254
6957,12,0,1,4,0.0,-6.240182461956358,-4.292102785838043
6958,12,0,1,4,0.0,-5.440720177606689,-3.53972372447547
6959,12,0,1,4,0.0,-6.240182461956358,-4.292102785838043
6960,12,0,1,4,0.0,-5.557962892153984,-4.007823391485254
6961,12,0,5,0,0.884133587473638,0.0,0.3591495965215422
6962,12,4,1,0,3.4164882326886605,0.0,2.377652321154765
6963,12,0,1,4,0.0,-4.726953013484014,-2.9670888861204596
6964,12,0,2,3,0.0,-3.5586650381410223,-2.2047552345656003
6965,12,0,5,0,0.9030408616277974,0.0,0.6702541530995625
6966,12,1,4,0,2.8925620846003817,0.0,1.839636010444459
6967,12,0,5,0,0.9030408616277974,0.0,0.6702541530995625
6968,12,1,4,0,3.0940260216854796,0.0,1.8305562876057295
6969,12,1,4,0,3.0940260216854796,0.0,1.5616199980546441
6970,12,2,3,0,2.925817753248314,0.0,1.3844827237460415
6971,12,4,1,0,4.6537448308621805,0.0,3.0439098896432797
6972,12,2,3,0,3.0655220009774418,0.0,1.319127942501573
6973,12,4,1,0,4.137955891864735,0.0,2.6786129311765086
6974,12,2,3,0,4.137955891864735,0.0,2.1833086600815235
6975,12,4,1,0,4.174860849558712,0.0,2.7419091104625757
6976,12,4,1,0,4.174860849558712,0.0,2.885110530782563
6977,12,4,1,0,5.381457792723236,0.0,3.3492837983850543
6978,12,4,1,0,4.9412180592884525,0.0,3.303701481598554
6979,12,3,2,0,4.381199669671538,0.0,2.4858630614297264
6980,12,3,2,0,4.582648634882915,0.0,2.734708641440431
6981,12,2,3,0,2.924962440944004,0.0,1.3459370836201707
6982,12,0,5,0,1.9699721758615674,-0.6821415694216881,0.5622537495871824
6983,12,3,2,0,3.8066899323980365,0.0,2.3725278344477507
6984,12,4,1,0,3.8066899323980365,0.0,2.535783012241022
6985,12,2,3,0,3.9135325278092985,0.0,2.1318196198972688
6986,12,2,3,0,2.7992725757597476,0.0,1.3280980660992312
6987,12,2,3,0,2.7051699792723696,-0.49011908765831436,1.0020364125139032
6988,12,0,5,0,0.07491725734513821,-0.6089701230817006,-0.25442306852399454
6989,12,0,5,0,0.0,-1.2441118671017186,-0.553557133991584
6990,12,0,5,0,0.9109972105035986,-0.9551109329154812,-0.18567164326561142
6991,12,1,4,0,3.305938104149213,0.0,1.7947090515961635
6992,12,1,4,0,3.2729882152664835,0.0,1.4235884129816263
6993,12,1,4,0,2.5606653830441424,0.0,0.8976746621053231
6994,12,1,4,0,2.4123601632853706,-0.2446523814107202,0.9234278158696405
6995,12,0,5,0,0.352859151536709,-1.373255175190323,-0.537993349935477
6996,12,0,5,0,0.5982002867372422,-0.7463264405623491,0.09137700363517709
6997,12,0,5,0,1.7945202116163195,-0.6089701230817006,0.2312704117799292
6998,12,0,5,0,1.7836498221475168,-0.7132667518527818,0.3049743127601651
6999,12,3,2,0,4.178590715793131,0.0,2.498804820066833
7000,12,3,2,0,3.6321832369474585,0.0,2.503180480334521
7001,12,1,4,0,2.5606653830441424,0.0,1.047304528637099
7002,12,1,4,0,2.4123601632853706,0.0,1.2029425454539726
7003,12,0,5,0,1.2022385293392226,-2.304153393159382,-0.2354358947078154
7004,12,0,5,0,1.6901815642312457,-0.3429888140108943,0.14482018376715117
7005,12,2,3,0,3.7140867361412084,0.0,2.043997997243024
7006,12,0,5,0,2.0620863861827523,0.0,1.296101860785337
7007,12,0,5,0,0.9905685322794362,0.0,0.41613381315194714
7008,12,0,5,0,1.7149159241645826,0.0,0.8980950809349671
7009,12,0,5,0,0.0,-1.6609516352583853,-0.87628712479626
7010,12,0,5,0,1.319145842495594,-0.9593715612354181,-0.13028438847554966
7011,12,2,3,0,4.08512245787686,0.0,1.9173077136945835
7012,12,1,4,0,3.985438342091058,0.0,1.663611610833626
7013,12,0,5,0,0.9905685322794362,0.0,0.3894411709099138
7014,12,0,5,0,1.7149159241645826,0.0,0.6021324348687997
7015,12,0,5,0,0.0,-1.8768999441708978,-1.080933396105418
7016,12,1,4,0,3.2060735981763564,0.0,1.3669020632307274
7017,12,3,2,0,3.5984518302623307,0.0,2.0543750898960065
7018,12,0,5,0,1.9822157716163176,0.0,0.629672888668059
7019,12,1,4,0,2.478028772809644,-0.17898377188644687,0.805528876829446
7020,12,2,3,0,4.134926017801369,0.0,2.139944978341119
7021,12,0,5,0,2.2874067523720996,0.0,1.0904425339864623
7022,12,2,3,0,3.317526078424425,0.0,1.720738607821594
7023,12,0,5,0,0.644796594986456,-2.012215949709635,-0.5690098533231307
7024,12,2,3,0,3.578979590940385,0.0,1.7251745402595717
7025,12,1,4,0,2.755432635380192,-0.41503749927884215,0.6939776886237936
7026,12,1,4,0,2.4117207917417325,-0.09034650209625283,1.0062295617994672
7027,12,0,5,0,1.8150269250034619,-0.6870403688345235,0.5288744684088507
7028,12,1,4,0,3.320537545342706,0.0,1.5210881454359373
7029,12,0,5,0,2.165697698315828,0.0,1.275513625533371
7030,12,4,1,0,5.11217617806707,0.0,2.9347495503417953
7031,12,4,1,0,5.021978369095496,0.0,2.927019283109819
7032,12,2,3,0,3.360831039668682,0.0,1.6833057328887526
7033,12,3,2,0,4.521509707596465,0.0,3.0476009650276707
7034,12,1,4,0,2.419891583813083,-1.0865003386855214,0.5816756908007015
7035,12,0,5,0,0.3159541938427317,-1.373255175190323,-0.601669122015528
7036,12,0,5,0,2.0598940554689342,0.0,1.035520332727976
7037,12,0,5,0,2.165697698315828,0.0,1.2289732864377512
7038,12,4,1,0,4.202618608729175,0.0,2.4954333055464533
7039,12,4,1,0,4.112420799757601,0.0,2.70115285075937
7040,12,2,3,0,3.360831039668682,0.0,1.8329355994205287
7041,12,2,3,0,4.075260559444093,0.0,2.267268630738328
7042,12,0,5,0,1.5336072483165921,-0.15560212071646262,0.5783779686365917
7043,12,0,5,0,0.3159541938427317,-2.304153393159382,-0.5819241185363083
7044,12,4,1,0,5.018707920150799,0.0,2.825377573813898
7045,12,4,1,0,4.557474389443573,0.0,2.7364444251960203
7046,12,1,4,0,2.6652606533386987,0.0,1.3108203422842657
7047,12,2,3,0,4.440754489783828,0.0,2.2882707227615837
7048,12,0,5,0,0.8730679668897814,-0.6592468896970374,0.11182278068034535
7049,12,0,5,0,0.0,-1.8726486822917678,-0.8268346413234546
7050,12,4,1,0,4.6476721984151474,0.0,2.846386745604524
7051,12,4,1,0,4.928510111179225,0.0,2.9058678856809066
7052,12,1,4,0,2.565798707676638,0.0,1.2909279531518536
7053,12,4,1,0,4.677614382764574,0.0,2.483753876494488
7054,12,0,5,0,0.8991157431518211,-0.4432985807845249,0.21078794023168895
7055,12,0,5,0,0.0,-1.665672328569805,-0.6365531070151015
7056,12,1,4,0,4.083457529251611,0.0,2.0333552761321654
7057,12,3,2,0,4.364225115749406,0.0,2.3181844896758754
7058,12,0,5,0,1.955593787184199,-0.6645137998179145,0.44433863214493885
7059,12,0,5,0,0.6078916372924787,-1.373734885120058,-0.48225821337408803
7060,12,3,2,0,4.56092423280387,0.0,2.445289618384355
7061,12,3,2,0,4.119858004155699,0.0,2.207594306803551
7062,12,1,4,0,2.4447405004915552,-0.17536708651055832,0.8584734764978726
7063,12,1,4,0,2.4411238151156667,0.0,1.076374540990436
7064,12,1,4,0,3.497509917504889,0.0,1.438365225958598
7065,12,1,4,0,2.6693441828715088,-0.5602158383854672,0.7758326382518937
7066,12,1,4,0,3.168478400457893,0.0,1.0766467765687928
7067,12,2,3,0,3.9671840457644123,0.0,2.087970580001632
7068,12,0,1,4,0.0,-3.1452892687165352,-2.4094680996950677
7069,12,0,5,0,2.2798826916470567,-0.12360764305096339,0.6092662224503911
7070,12,0,1,4,0.0,-6.424762109664126,-4.458584976061923
7071,12,0,1,4,0.0,-5.575429599205812,-3.8468725494184013
7072,12,0,1,4,0.0,-4.694302838395377,-3.125528265007001
7073,12,0,1,4,0.0,-3.7804310127365532,-2.4820398816518696
7074,12,0,5,0,1.448044404086815,-0.26096396053161186,0.5075900544701788
7075,12,0,1,4,0.0,-5.473713727737394,-3.928535756759454
7076,12,0,1,4,0.0,-3.9954379810784104,-2.706532915498189
7077,12,0,3,2,0.0,-3.1452892687165352,-1.6972123358803564
7078,12,0,5,0,1.448044404086815,-0.12360764305096339,0.4610497153745591
7079,12,0,1,4,0.0,-6.206902631158112,-4.072181451595965
7080,12,0,4,1,0.0,-2.694244912913039,-1.6749489964587752
7081,12,0,5,0,1.2309355566600821,0.0,0.9200587451304983
7082,12,0,1,4,0.0,-6.095168411307,-4.133569513580036
7083,12,0,2,3,0.0,-4.52776995444788,-2.983495055691127
7084,12,0,5,0,1.332384071511914,-0.07596097381820499,0.5540441571529897
7085,12,0,5,0,0.6269596988668411,-0.004178974732329976,0.2803619136310921
7086,12,0,1,4,0.0,-4.492109926190121,-2.8489637393330796
7087,12,0,1,4,0.0,-4.52776995444788,-2.939937650527626
7088,12,0,5,0,0.0,-2.317191904105222,-1.3967111035555013
7089,12,0,5,0,0.0,-1.4796174348601063,-0.8572094791408424
7090,12,0,5,0,1.205529198050158,-0.32678565853666086,0.29849372557961973
7091,12,0,5,0,1.5587082269219614,0.0,0.6165019702523509
7092,12,0,4,1,0.0,-2.3810409108493147,-1.7173230024990729
7093,12,0,5,0,1.950507210109972,0.0,1.2071585173728394
7094,12,0,1,4,0.0,-5.922094565309688,-3.963199715591808
7095,12,0,1,4,0.0,-4.700843800445192,-2.9237532151118715
7096,12,0,5,0,0.8683817018446902,0.0,0.5317239085859761
7097,12,0,5,0,1.2003302632309136,0.0,0.5875154433467173
7098,12,0,2,3,0.0,-4.319036080192809,-2.609445846848783
7099,12,0,2,3,0.0,-4.700843800445192,-2.8110477154523017
7100,12,0,4,1,0.0,-2.524168257827185,-1.4661114661108812
7101,12,0,5,0,0.0,-1.6955657437726188,-0.8352934669392127
7102,12,0,5,0,1.5545785337788338,-0.11083734962414837,0.5413572370533174
7103,12,0,5,0,1.9077575626506373,0.0,0.9506818564830581
7104,12,0,1,4,0.0,-5.09413423975116,-3.280700086101887
7105,12,0,5,0,0.0,-1.76169395862793,-0.7004544782809617
7106,12,0,5,0,0.5276516575315426,-1.2026966199955282,-0.2729477293420793
7107,12,0,5,0,0.5653220754975976,-1.745106481370879,-0.3558977064810314
7108,12,2,3,0,3.6097943537010906,0.0,2.1194019117040286
7109,12,3,2,0,4.978991423756046,0.0,2.765053183218692
7110,12,4,1,0,5.618932563527384,0.0,3.4452223988762825
7111,12,4,1,0,4.915207361805432,0.0,3.1087897911952425
7112,12,2,3,0,4.014552608978988,0.0,2.1067759082453064
7113,12,3,2,0,4.978991423756046,0.0,2.765053183218692
7114,12,2,3,0,3.6097943537010906,0.0,2.1194019117040286
7115,12,3,2,0,3.7043316333870386,0.0,2.3125812317234233
7116,12,4,1,0,4.69951461708926,0.0,2.8244934722849138
7117,12,1,4,0,2.681699717939896,0.0,1.4132133015616724
7118,12,2,3,0,3.9335689283460447,0.0,1.8376074176103174
7119,12,2,3,0,3.7598826179665465,0.0,2.2551266952282063
7120,12,4,1,0,4.751677945687575,0.0,2.7870926932629807
7121,12,1,4,0,3.6861685755375433,0.0,1.3244651497926683
7122,12,2,3,0,3.2234043418667397,0.0,1.631277996337611
7123,12,1,4,0,3.580047010307041,0.0,1.7825786980564153
7124,12,3,2,0,5.035273899353076,0.0,2.7481665573835974
7125,12,3,2,0,4.880441943644758,0.0,2.5359339859059276
7126,12,3,2,0,4.874946541683411,0.0,2.717028959047286
7127,12,2,3,0,3.9885736088622004,0.0,1.599785342940462
7128,12,2,3,0,4.922159071136139,0.0,2.3475039651354392
7129,12,1,4,0,3.0950629992976992,0.0,1.7071003479221232
7130,12,3,2,0,3.8446318677042335,0.0,2.3067554426473507
7131,12,2,3,0,2.7407609611873873,-0.2579441740667008,1.2248370699157263
7132,12,3,2,0,4.879623028892883,0.0,2.656218470023844
7133,12,4,1,0,4.755065601668768,0.0,3.409302847238113
7134,12,3,2,0,2.6857435659481155,0.0,1.860496239808723
7135,12,2,3,0,2.7372490034669674,0.0,1.4535224709902352
7136,12,3,2,0,4.701089100223637,0.0,2.5016852051421403
7137,12,4,1,0,5.696272083925859,0.0,3.5820657385042045
7138,12,3,2,0,3.8820634908271927,0.0,2.5399179812798836
7139,12,2,3,0,3.9335689283460447,0.0,2.015362942957693
7140,12,3,2,0,4.4516626443387395,0.0,2.568325555389921
7141,12,2,3,0,5.203164331662823,0.0,2.70254552984997
7142,12,4,1,0,5.752057577676457,0.0,3.5115172142606736
7143,12,3,2,0,5.042836973993158,0.0,2.8612443025348995
7144,12,1,4,0,3.9885736088622004,0.0,1.890216086889864
7145,12,2,3,0,5.088902944225666,0.0,2.871090304008208
7146,12,1,4,0,3.0950629992976992,0.0,1.5945107868396122
7147,12,3,2,0,4.692974267894527,0.0,2.9849699072267457
7148,12,1,4,0,2.596143762719045,-0.2579441740667008,0.8294350570847733
7149,12,3,2,0,5.024240227361226,0.0,3.051620482854797
7150,12,4,1,0,3.456893647817015,0.0,2.276117087486385
7151,12,4,1,0,4.208395335141098,0.0,2.7524958169586524
7152,12,0,5,0,1.3062877752518354,-0.2958327486326944,0.43940379601601265
7153,12,3,2,0,4.544616322199815,0.0,2.868670468042636
7154,12,4,1,0,4.757288581154732,0.0,3.3933667935859453
7155,12,4,1,0,4.048067977471433,0.0,2.52724641392025
7156,12,3,2,0,3.4248623851321582,0.0,2.300083254179446
7157,12,3,2,0,4.5654399424563366,0.0,2.9269538774768846
7158,12,2,3,0,3.1151364970922266,0.0,1.8533268510313825
7159,12,2,3,0,3.864705365498761,0.0,2.1301896146930894
7160,12,0,5,0,1.9124920587916208,-0.33837751232273305,0.6069097850108577
7161,12,2,3,0,4.195971324965459,0.0,2.273147284793994
7162,12,2,3,0,3.8665585015733015,0.0,2.260860822213645
7163,12,4,1,0,4.208395335141098,0.0,2.978236446488259
7164,12,0,5,0,1.236913586536783,-1.3145106233248782,0.23222604905422842
7165,12,3,2,0,4.268250038434523,0.0,2.780640215226738
7166,12,4,1,0,5.166953434911019,0.0,3.398164285786489
7167,12,4,1,0,4.048067977471433,0.0,2.77304080092314
7168,12,3,2,0,3.70122866889745,0.0,2.1620536017137306
7169,12,3,2,0,4.634814131171389,0.0,2.9080717191570558
7170,12,2,3,0,3.3815744905639598,0.0,1.6467494726740384
7171,12,2,3,0,4.131143358970494,0.0,2.244704062647614
7172,12,0,5,0,1.9124920587916208,-0.3341262504436031,0.6241193972022991
7173,12,3,2,0,4.195971324965459,0.0,2.611448723297304
7174,12,2,3,0,2.9987048252645785,-0.01666669846628821,1.425828622099634
7175,12,2,3,0,4.285337432502995,0.0,2.2253831685953527
7176,12,0,5,0,1.7924357477696127,-1.1934720742624876,0.18521601975463398
7177,12,3,2,0,5.682885196316601,0.0,3.091704813031374
7178,12,4,1,0,4.934889727667137,0.0,3.1017232027387855
7179,12,2,3,0,4.357875980061468,0.0,2.4736236830274776
7180,12,1,4,0,2.652053966054936,-1.2849022379038963,0.6827009179975463
7181,12,2,3,0,5.572762382094464,0.0,2.8766599029365594
7182,12,3,2,0,4.701089100223637,0.0,2.5016852051421403
7183,12,3,2,0,3.8820634908271927,0.0,2.5399179812798836
7184,12,3,2,0,3.7043316333870386,0.0,2.3489760713493326
7185,12,3,2,0,2.6857435659481155,0.0,1.860496239808723
7186,12,3,2,0,5.042836973993158,0.0,2.8612443025348995
7187,12,4,1,0,5.752057577676457,0.0,3.5115172142606736
7188,12,2,3,0,5.203164331662823,0.0,2.70254552984997
7189,12,3,2,0,4.4516626443387395,0.0,2.568325555389921
7190,12,3,2,0,4.692974267894527,0.0,2.9849699072267457
7191,12,1,4,0,3.0950629992976992,0.0,1.5945107868396122
7192,12,1,4,0,3.6861685755375433,0.0,1.3244651497926683
7193,12,3,2,0,3.7043316333870386,0.0,2.3125812317234233
7194,12,1,4,0,2.681699717939896,0.0,1.4132133015616724
7195,12,3,2,0,4.874946541683411,0.0,2.717028959047286
7196,12,3,2,0,4.880441943644758,0.0,2.5359339859059276
7197,12,3,2,0,5.035273899353076,0.0,2.7481665573835974
7198,12,1,4,0,3.580047010307041,0.0,1.7825786980564153
7199,12,3,2,0,3.8446318677042335,0.0,2.3067554426473507
7200,12,1,4,0,3.0950629992976992,0.0,1.7071003479221232
7201,12,4,1,0,4.048067977471433,0.0,2.77304080092314
7202,12,4,1,0,5.166953434911019,0.0,3.398164285786489
7203,12,4,1,0,4.208395335141098,0.0,2.978236446488259
7204,12,2,3,0,3.8665585015733015,0.0,2.260860822213645
7205,12,3,2,0,4.268250038434523,0.0,2.780640215226738
7206,12,0,5,0,1.236913586536783,-1.3145106233248782,0.23222604905422842
7207,12,2,3,0,4.131143358970494,0.0,2.244704062647614
7208,12,2,3,0,3.3815744905639598,0.0,1.6467494726740384
7209,12,4,1,0,4.048067977471433,0.0,2.52724641392025
7210,12,4,1,0,4.757288581154732,0.0,3.3933667935859453
7211,12,4,1,0,4.208395335141098,0.0,2.7524958169586524
7212,12,4,1,0,3.456893647817015,0.0,2.276117087486385
7213,12,3,2,0,4.544616322199815,0.0,2.868670468042636
7214,12,0,5,0,1.3062877752518354,-0.2958327486326944,0.43940379601601265
7215,12,2,3,0,3.864705365498761,0.0,2.1301896146930894
7216,12,2,3,0,3.1151364970922266,0.0,1.8533268510313825
7217,12,2,3,0,5.572762382094464,0.0,2.8766599029365594
7218,12,1,4,0,2.652053966054936,-1.2849022379038963,0.6827009179975463
7219,12,2,3,0,4.357875980061468,0.0,2.4736236830274776
7220,12,4,1,0,4.934889727667137,0.0,3.1017232027387855
7221,12,3,2,0,5.682885196316601,0.0,3.091704813031374
7222,12,0,5,0,1.7924357477696127,-1.1934720742624876,0.18521601975463398
7223,12,2,3,0,4.285337432502995,0.0,2.2253831685953527
7224,12,2,3,0,2.9987048252645785,-0.01666669846628821,1.425828622099634
7225,12,0,4,1,0.0,-3.1354404955233584,-1.6569121648384133
7226,12,0,5,0,2.028160198683583,0.0,0.7530810639555938
7227,12,0,3,2,0.0,-2.4940052257189045,-1.55885515619904
7228,12,0,4,1,0.0,-2.3301901406090835,-1.0342183101927644
7229,12,0,5,0,0.0669530638942355,-0.8265346408524366,-0.2514556982129143
7230,12,1,4,0,2.688941897944531,-1.0443941193584507,0.20785530088259563
7231,12,0,5,0,0.3523300127875224,-2.1123306621030693,-0.9873727931979829
7232,12,0,4,1,0.0,-2.4940052257189045,-1.5892928623395584
7233,12,0,5,0,1.7228681053880806,0.0,0.8066910789767583
7234,12,0,1,4,0.0,-5.799171973893202,-4.319493081294637
7235,12,0,1,4,0.0,-5.016500822917962,-3.5660512813398455
7236,12,0,5,0,0.8124914787395277,0.0,0.26573298593029404
7237,12,0,4,1,0.0,-2.4940052257189045,-1.300273915712554
7238,12,0,1,4,0.0,-5.468444897638786,-3.788641568025956
7239,12,0,1,4,0.0,-6.3495716584492214,-4.381147649446289
7240,12,0,5,0,0.0,-1.9295414432383708,-1.094353418316259
7241,12,0,5,0,0.8981203859807891,-0.6437454219877381,0.020209552908154647
7242,12,0,5,0,1.2655430563605563,-0.09334573743171859,0.25552490612754186
7243,12,0,5,0,0.35971341668507506,-1.4775973685175465,-0.7168097565249731
7244,12,0,3,2,0.0,-2.4940052257189045,-1.55885515619904
7245,12,0,5,0,0.9498477962201761,0.0,0.4640621173285894
7246,12,0,4,1,0.0,-3.1354404955233584,-1.6569121648384133
7247,12,0,5,0,0.3523300127875224,-2.1123306621030693,-0.9873727931979829
7248,12,1,4,0,2.688941897944531,-1.0443941193584507,0.20785530088259563
7249,12,0,5,0,0.0669530638942355,-0.8265346408524366,-0.2514556982129143
7250,12,0,4,1,0.0,-2.3301901406090835,-1.0342183101927644
7251,12,0,3,2,0.0,-2.528017971435599,-1.4094005033279557
7252,12,0,5,0,1.7549051425804336,-0.5188662014126919,0.20475550412060883
7253,12,1,4,0,2.6321553219383382,-0.07727362043780417,0.9822601607678664
7254,12,0,5,0,1.94612204514711,-0.7633068972290324,0.6001347577294005
7255,12,0,5,0,1.94612204514711,-0.05260841134705885,0.6757149479880333
7256,12,1,4,0,2.6321553219383382,0.0,1.1909248253469955
7257,12,0,5,0,1.7549051425804336,-0.9545237997957088,0.048798529369151564
7258,12,0,4,1,0.0,-3.2387164573175724,-1.6313848512618492
7259,12,0,4,1,0.0,-3.2387164573175724,-1.6313848512618492
7260,12,0,5,0,1.7549051425804336,-0.9545237997957088,0.048798529369151564
7261,12,1,4,0,2.6321553219383382,0.0,1.1909248253469955
7262,12,0,5,0,1.94612204514711,-0.05260841134705885,0.6757149479880333
7263,12,0,5,0,1.94612204514711,-0.7633068972290324,0.6001347577294005
7264,12,1,4,0,2.6321553219383382,-0.07727362043780417,0.9822601607678664
7265,12,0,5,0,1.7549051425804336,-0.5188662014126919,0.20475550412060883
7266,12,0,3,2,0.0,-2.528017971435599,-1.4094005033279557
7267,12,0,5,0,0.0,-1.8219522982705598,-0.9678241590517664
7268,12,0,5,0,0.0,-1.8876117243770238,-0.9940879294943521
7269,12,0,5,0,0.0,-1.8219522982705598,-0.9678241590517664
7270,12,0,5,0,1.54541495724348,0.0,0.48025326947186786
7271,12,1,4,0,3.870320459296277,0.0,0.9452343698824273
7272,12,2,3,0,3.1762402829062353,0.0,1.5727880103381415
7273,12,2,3,0,2.5825438999185124,0.0,1.428539886161147
7274,12,1,4,0,5.71202450572099,-0.4781952579391664,1.5476205345135283
7275,12,1,4,0,5.71202450572099,-0.4781952579391664,1.4604330617238581
7276,12,0,5,0,1.54541495724348,0.0,0.48025326947186786
7277,12,2,3,0,2.5825438999185124,0.0,1.428539886161147
7278,12,2,3,0,3.1762402829062353,0.0,1.5727880103381415
7279,12,1,4,0,5.71202450572099,-0.4781952579391664,1.5476205345135283
7280,12,0,1,4,0.0,-4.670884823895715,-3.1523456923821227
7281,12,0,1,4,0.0,-4.670884823895715,-3.383280235162993
7282,12,0,1,4,0.0,-4.670884823895715,-3.1523456923821227
7283,12,0,2,3,0.0,-5.825113638488503,-2.8434035896501415
7284,12,0,2,3,0.0,-4.670884823895715,-2.737310541638711
7285,12,0,5,0,0.0,-1.0158071834460252,-0.692441850550653
7286,12,0,2,3,0.0,-4.670884823895715,-2.737310541638711
7287,12,0,2,3,0.0,-5.825113638488503,-2.8434035896501415
7288,12,0,5,0,0.4255802597215137,-1.0158071834460252,-0.49141962104778186
7289,12,0,5,0,1.2298019194695264,-1.839556543754295,-0.3850830266622502
7290,12,0,5,0,1.889125888061777,-1.839556543754295,-0.21860346374433776
7291,12,0,5,0,1.889125888061777,-1.839556543754295,-0.21860346374433776
7292,12,0,5,0,1.2298019194695264,-1.839556543754295,-0.3850830266622502
7293,12,0,5,0,0.0,-1.9596872100370852,-0.6447303990378316
7294,12,0,5,0,0.46432475795908346,-0.43232262907246977,-0.03404888071133314
7295,12,1,4,0,2.858981739184909,-1.1398754026909081,0.17089221566981222
7296,12,1,4,0,3.1102369705048147,0.0,1.1709001215455253
7297,12,4,1,0,3.2113173703093736,0.0,2.310189820427194
7298,12,4,1,0,5.147013644886382,0.0,3.353745035763221
7299,12,4,1,0,4.842142695972129,0.0,3.2620528274693408
7300,12,3,2,0,4.842142695972129,0.0,2.946736031941594
7301,12,4,1,0,3.854585085264059,0.0,2.485708026628577
7302,12,4,1,0,6.241178218605569,0.0,3.940623430989332
7303,12,4,1,0,6.195358929174024,0.0,3.5261212354107614
7304,12,4,1,0,6.195358929174024,0.0,3.738308565879655
7305,12,4,1,0,5.501278752783982,0.0,4.061535516812148
7306,12,4,1,0,5.141056390895969,0.0,3.574044935203505
7307,12,0,5,0,0.9639508384782083,-0.11366421681578842,0.24473216544145943
7308,12,0,5,0,1.3486196356251412,-0.2510205342964369,0.3845929905595014
7309,12,1,4,0,2.3327929824788853,0.0,1.4972148142375274
7310,12,4,1,0,6.002165883969155,0.0,4.351502024208086
7311,12,0,5,0,0.0,-1.790652374389488,-0.8260391871200007
7312,12,0,5,0,0.06771294873738753,-1.3029183377256537,-0.29894713502200004
7313,12,0,5,0,1.617252951222774,-0.11366421681578842,0.766961469164464
7314,12,0,5,0,1.617252951222774,-0.2510205342964369,0.5366302039031836
7315,12,1,4,0,3.39764922450205,0.0,1.7121597355142222
7316,12,4,1,0,6.552077889621195,0.0,4.405477217993779
7317,12,0,5,0,0.6384979933265633,-1.3978800580105855,-0.4726759546158874
7318,12,0,5,0,1.0854131253823525,-0.9552161878339263,-0.12559779245792627
7319,12,3,2,0,4.613310157513112,0.0,2.619841988570022
7320,12,4,1,0,7.52039202584017,0.0,4.791841969089208
7321,12,0,5,0,1.2229183405661281,-1.0924191747119991,0.3767327956928284
7322,12,0,5,0,1.6698334726219173,-0.64550404265621,0.5844574465066629
7323,12,3,2,0,3.9949276389853736,0.0,2.5911125182095534
7324,12,4,1,0,7.1493563041045185,0.0,5.0510424132178136
7325,12,0,5,0,1.1535441518510758,-1.2297754921926476,0.26828698262057243
7326,12,0,5,0,1.453115343127557,-0.7828603601368584,0.5092196856871987
7327,12,0,5,0,1.9732111870658464,-0.8623737928841209,0.33531450265269314
7328,12,1,4,0,2.567651774703336,-0.26793320524663145,0.8300108606568692
7329,12,4,1,0,4.740636575894712,0.0,2.842595433458718
7330,12,0,5,0,1.0634400102308348,-0.2510205342964369,0.5625735688435405
7331,12,0,5,0,1.5928024345432341,-0.11366421681578842,0.7728510766315366
7332,12,2,3,0,2.8168938030843726,0.0,1.8398387891833052
7333,12,4,1,0,5.9713224682035175,0.0,4.19360717089438
7334,12,0,5,0,0.057742571908885765,-1.186183010977203,-0.5560913206035906
7335,12,0,5,0,0.5046577039646749,-0.6642726783131891,-0.02755935831635483
7336,12,2,3,0,3.3220838850760472,0.0,1.9986001657658803
7337,12,4,1,0,6.476512550195192,0.0,4.191398819985953
7338,12,3,2,0,4.365963360721025,0.0,2.4574585012926335
7339,12,4,1,0,7.52039202584017,0.0,5.044614470475005
7340,12,0,5,0,1.2229183405661281,-1.2297754921926476,0.06271271261863091
7341,12,0,5,0,1.6698334726219173,-0.7828603601368584,0.4954458018312195
7342,12,3,2,0,3.9949276389853736,0.0,2.049843768469767
7343,12,4,1,0,7.767738822632257,0.0,4.924929652141213
7344,12,0,5,0,1.3934671888566257,-0.64550404265621,0.5347435204074067
7345,12,0,5,0,1.3254327281218892,-0.05081888229723219,0.5190217674180936
7346,12,0,5,0,1.8464111538183623,0.0,0.6132715465690325
7347,12,4,1,0,4.537035430887276,0.0,2.8728769273344676
7348,12,3,2,0,4.019395955009738,0.0,2.3703919203393284
7349,12,0,5,0,1.541687611796771,-0.11366421681578842,0.34733437743905426
7350,12,0,5,0,1.541687611796771,-0.2510205342964369,0.5072489600303804
7351,12,4,1,0,6.476512550195192,0.0,4.191398819985953
7352,12,2,3,0,3.3220838850760472,0.0,1.9986001657658803
7353,12,0,5,0,1.0098477859563495,-1.3437372423336988,-0.2670000820363846
7354,12,0,5,0,0.5629326539005604,-1.7498334697814428,-0.6155181543835809
7355,12,4,1,0,5.9713224682035175,0.0,4.19360717089438
7356,12,2,3,0,2.8168938030843726,0.0,1.8398387891833052
7357,12,3,2,0,4.061077936315442,0.0,2.8223623013986163
7358,12,3,2,0,4.513069582239368,0.0,2.623118707294868
7359,12,1,4,0,2.5997234557298405,-0.27809072781140287,1.0285720332107615
7360,12,3,2,0,4.064109146091326,0.0,2.208244366421559
7361,12,4,1,0,5.598710471003134,0.0,3.6377773364749495
7362,12,4,1,0,6.2957341543421315,0.0,3.626347874944018
7363,12,4,1,0,5.5362228723621705,0.0,3.012426027580296
7364,12,4,1,0,6.195358929174024,0.0,3.523329779820208
7365,12,0,5,0,2.3182495530235627,0.0,1.3924172244888773
7366,12,4,1,0,5.759645307539813,0.0,2.9497240984981743
7367,12,3,2,0,5.099414229463054,0.0,3.360043568830452
7368,12,3,2,0,6.2957341543421315,0.0,3.748173209597298
7369,12,1,4,0,4.318532851019732,-0.27809072781140287,1.4454221340016744
7370,12,2,3,0,5.782918541381218,0.0,3.0041689182002065
7371,12,3,2,0,3.4567403015819593,0.0,2.1580945157541924
7372,12,4,1,0,4.2322742491321,0.0,2.757151275200864
7373,12,2,3,0,4.129376908783264,0.0,2.1539298019930415
7374,12,4,1,0,4.715727484967356,0.0,2.6658312989411455
7375,12,4,1,0,4.578682318921082,0.0,2.7803930769391285
7376,12,3,2,0,3.937279123855845,0.0,2.3737251572977898
7377,12,1,4,0,2.3487500081144965,0.0,1.0210118732783322
7378,12,4,1,0,4.529401416149867,0.0,2.7669462548169172
7379,12,4,1,0,4.7885129655951175,0.0,3.0920404876169925
7380,12,4,1,0,5.806149701698235,0.0,2.943722987988753
7381,12,0,5,0,2.0672761054082187,0.0,0.8604274405696437
7382,12,4,1,0,6.224937577598354,0.0,2.893895943418042
7383,12,3,2,0,4.768439818258894,0.0,3.03068682041919
7384,12,3,2,0,4.245858593794345,0.0,2.3799324929553776
7385,12,3,2,0,7.685507169562683,0.0,3.261739417953698
7386,12,3,2,0,4.157772143900932,0.0,2.115389966255756
7387,12,3,2,0,4.719158915487679,0.0,2.582090443573692
7388,12,3,2,0,6.2957341543421315,0.0,3.748173209597298
7389,12,3,2,0,5.099414229463054,0.0,3.360043568830452
7390,12,2,3,0,5.782918541381218,0.0,3.0041689182002065
7391,12,1,4,0,4.318532851019732,-0.27809072781140287,1.4454221340016744
7392,12,4,1,0,6.2957341543421315,0.0,3.7322203598064982
7393,12,4,1,0,5.099414229463054,0.0,3.5319048516124694
7394,12,4,1,0,6.172085695332619,0.0,3.4138610049089166
7395,12,4,1,0,3.535939574366001,0.0,2.4747450534189106
7396,12,4,1,0,5.782918541381218,0.0,3.0852016577298804
7397,12,2,3,0,4.318532851019732,0.0,1.9040894143298481
7398,12,3,2,0,4.513069582239368,0.0,2.623118707294868
7399,12,3,2,0,4.061077936315442,0.0,2.8223623013986163
7400,12,3,2,0,4.064109146091326,0.0,2.208244366421559
7401,12,1,4,0,2.5997234557298405,-0.27809072781140287,1.0285720332107615
7402,12,3,2,0,5.147013644886382,0.0,2.6504084744440455
7403,12,3,2,0,4.056591428155503,0.0,2.711570711573718
7404,12,3,2,0,5.632815285304332,0.0,2.81712204175492
7405,12,4,1,0,4.297208416214804,0.0,2.936255840086446
7406,12,3,2,0,4.768439818258894,0.0,3.03068682041919
7407,12,0,1,4,0.0,-5.311740226479351,-3.4770538404544835
7408,12,0,1,4,0.0,-5.311740226479351,-3.543104173469273
7409,12,0,1,4,0.0,-5.311740226479351,-3.0965846700901154
7410,12,0,1,4,0.0,-5.311740226479351,-3.215897396064431
7411,12,0,4,1,0.9600518996116918,-2.5320296339033064,-0.900424031423195
7412,12,0,5,0,0.5331982757256952,-1.4838349214337505,-0.17069828512484903
7413,12,0,4,1,0.0,-2.5320296339033064,-0.730941894071303
7414,12,1,4,0,2.4241643083142783,-1.4258112909105591,0.05019590894210282
7415,12,0,5,0,1.2925133055428333,-1.207951812404545,-0.13256239591098334
7416,12,0,2,3,0.0,-3.9673705118252585,-2.6630913716902507
7417,12,0,2,3,0.0,-3.8905049314030045,-2.6091228331094607
7418,12,0,5,0,0.8882972995175002,-0.4963529383967682,-0.03929655293577668
7419,12,0,5,0,0.5628733958616046,-0.5732185188190222,-0.12407245563399485
7420,12,0,1,4,0.0,-4.602103805410781,-3.060912111220683
7421,12,0,1,4,0.0,-4.819963283916795,-3.1226310622941007
7422,12,0,5,0,0.0,-1.4650712114121802,-0.7669426511055925
7423,12,0,5,0,0.7281169385244155,-0.41687649894262435,-0.0336471371436474
7424,12,0,5,0,0.5140217190264345,-0.06259962635740379,0.27956717530876746
7425,12,0,5,0,0.3636229974013503,-1.4650712114121802,-0.5492831092561822
7426,12,0,1,4,0.0,-5.311740226479351,-3.215897396064431
7427,12,0,1,4,0.0,-5.311740226479351,-3.0965846700901154
7428,12,0,1,4,0.0,-5.311740226479351,-3.543104173469273
7429,12,0,1,4,0.0,-5.311740226479351,-3.4770538404544835
7430,12,0,4,1,0.0,-2.5320296339033064,-0.730941894071303
7431,12,0,5,0,0.9017764639118724,-1.4838349214337505,-0.09698264748761361
7432,12,0,4,1,0.9600518996116918,-2.5320296339033064,-0.900424031423195
7433,12,0,5,0,0.8319438107303014,-2.0402526913407506,-0.6825399693487142
7434,12,0,5,0,0.4841134952262074,-0.7741985003651806,-0.07961730926659669
7435,12,0,5,0,1.4653783639401112,-0.9920579788711947,0.1076785379744436
7436,12,0,5,0,1.1314312819988501,-1.8223932128347364,-0.5444558101943393
7437,12,0,5,0,0.0,-1.3778008193105187,-0.7349128379463018
7438,12,0,5,0,1.2845694581518217,-0.3296061068409628,0.2420353112350931
7439,12,0,5,0,1.5013106672768828,-0.3296061068409628,0.270459905827682
7440,12,0,5,0,0.6937245034138932,-1.3778008193105187,-0.5396652763936884
7441,12,0,5,0,0.6937245034138932,-1.3778008193105187,-0.5396652763936884
7442,12,0,5,0,1.5013106672768828,-0.3296061068409628,0.270459905827682
7443,12,0,5,0,1.2845694581518217,-0.3296061068409628,0.2420353112350931
7444,12,0,5,0,0.0,-1.3778008193105187,-0.7349128379463018
7445,12,0,5,0,1.1314312819988501,-1.8223932128347364,-0.5444558101943393
7446,12,0,5,0,1.4653783639401112,-0.9920579788711947,0.1076785379744436
7447,12,0,5,0,0.4841134952262074,-0.7741985003651806,-0.07961730926659669
7448,12,0,5,0,0.8319438107303014,-2.0402526913407506,-0.6825399693487142
7449,12,0,5,0,0.0,-0.3789545753729229,-0.22737274522375372
7450,12,0,5,0,0.8071967404839739,-0.7495688684065342,0.09717400743769815
7451,12,0,5,0,1.532727439587891,-1.0808348278732325,0.41325721853652125
7452,12,0,5,0,1.532727439587891,0.0,0.9196364637527346
7453,12,2,3,0,3.027834208196726,0.0,1.417762925672092
7454,12,1,4,0,3.3331263014922285,0.0,1.8498155701503252
7455,12,1,4,0,3.027834208196726,0.0,1.3607794689822277
7456,12,1,4,0,2.6135622674611234,0.0,1.286741931276905
7457,12,1,4,0,2.6135622674611234,0.0,1.4940920464097538
7458,12,2,3,0,2.6965682487300278,-0.33126595946669823,1.0864969662053938
7459,12,1,4,0,3.0018603420255303,0.0,1.5848028025769665
7460,12,0,5,0,1.5567656088905082,0.0,0.8467428758442324
7461,12,0,5,0,0.0,-1.9242554304353767,-1.2984629660779674
7462,12,0,4,1,0.9530186321296839,-2.4239857351545737,-0.46310267899933066
7463,12,0,5,0,2.0125110037634393,0.0,0.9867967893016981
7464,12,0,5,0,0.9284467389749658,-2.1743221247513773,-0.19850362897150972
7465,12,0,5,0,2.3022695691168984,0.0,1.0910413508967203
7466,12,3,2,0,2.63742992061529,0.0,1.941931175154855
7467,12,0,5,0,0.4119931954674527,-1.1112259555408066,-0.07152554723764411
7468,12,1,4,0,2.5539153708065925,0.0,1.5187835522568705
7469,12,0,5,0,0.9284467389749658,-1.5973083771457084,-0.009589275138717568
7470,12,1,4,0,2.4923228942004236,-0.6354433589382289,0.9536642292577611
7471,12,0,5,0,0.6684605136100181,-1.5788930974030464,-0.16477379743357545
7472,12,1,4,0,2.5539153708065925,-0.312650281299355,1.1623935186087535
7473,12,1,4,0,3.3463073479984757,-2.108469577456752,0.32930432640979745
7474,12,3,2,0,2.766325480852977,0.0,1.8999456372068253
7475,12,2,3,0,3.431797349185981,0.0,2.0884764572402332
7476,12,0,5,0,2.047819413226957,0.0,1.258320695572732
7477,12,1,4,0,2.847297757018179,0.0,1.4445321982002972
7478,12,0,5,0,1.255536873256382,-0.029991839944834453,0.6642544011790974
7479,12,0,5,0,1.0961286486902786,-1.3805279688522347,0.12263965701892729
7480,12,1,4,0,2.70399228098249,0.0,1.472050618177007
7481,12,1,4,0,2.7626005924428974,0.0,1.4586480476339994
7482,12,3,2,0,3.428072460775901,0.0,2.13322031928688
7483,12,0,5,0,1.8464592245674396,0.0,0.7294998839931601
7484,12,1,4,0,2.847297757018179,0.0,1.3197853911052526
7485,12,0,5,0,2.003033569339557,0.0,1.0166275760780032
7486,12,3,2,0,4.068013600547239,0.0,2.4854321020426466
7487,12,2,3,0,2.97667183285197,0.0,1.7421222496715145
7488,12,1,4,0,3.091664868611886,0.0,1.516002417455396
7489,12,0,5,0,0.9601072728764919,-1.098549889405355,0.22787828399758608
7490,12,0,5,0,0.9206162218593228,-1.6155076439747837,-0.011763873713628924
7491,12,3,2,0,2.843628840828785,0.0,1.6248717977381744
7492,12,2,3,0,2.8665656521059475,0.0,1.579538692891618
7493,12,0,5,0,1.687468628377104,-1.926486075683762,0.006928721267841098
7494,12,2,3,0,3.130718349381066,0.0,1.2915226761164795
7495,12,0,5,0,2.0466540845925927,-2.2185923916788894,0.2399252558900386
7496,12,2,3,0,4.062453416862951,0.0,1.8807395447631137
7497,12,4,1,0,5.362848350200668,0.0,2.9390360823761
7498,12,0,5,0,1.6800852244795514,-1.9035492644065997,0.2472696659151424
7499,12,3,2,0,4.344736882770334,0.0,2.4349584770739447
7500,12,1,4,0,3.24297400947167,0.0,1.475611696531177
7501,12,3,2,0,4.132300480120676,0.0,2.2524338477588963
7502,12,1,4,0,2.7132024798757364,-0.18260106757776384,0.9758294300775084
7503,12,2,3,0,4.344736882770334,-0.8101499407701667,2.028784304850947
7504,12,3,2,0,3.3463073479984757,-0.2381372223488185,1.9188236289185994
7505,12,3,2,0,3.0664669087583682,0.0,1.6763791746327938
7506,12,3,2,0,3.431797349185981,0.0,2.4215601681766152
7507,12,0,5,0,1.9797394675024655,0.0,1.0590209485903643
7508,12,3,2,0,3.0486579456776965,0.0,1.9785253223472048
7509,12,1,4,0,3.6985697307880443,0.0,1.6238686980423787
7510,12,3,2,0,5.763549761995726,0.0,3.1632819458979626
7511,12,3,2,0,4.47084780564094,0.0,2.19678156004615
7512,12,2,3,0,4.787201030060373,0.0,2.2998805944747795
7513,12,1,4,0,3.285012774929289,-1.281094377378782,1.0259049933523514
7514,12,1,4,0,3.2455217239121197,-1.5649525399896582,0.6976258424514861
7515,12,3,2,0,5.005960971758125,0.0,2.267685831384623
7516,12,2,3,0,5.028897783035287,0.0,2.1337157333484162
7517,12,2,3,0,3.0590835048608156,0.0,1.627859760888476
7518,12,3,2,0,4.775371237100195,0.0,2.470171620011675
7519,12,1,4,0,3.176059392381543,0.0,1.282988113847884
7520,12,2,3,0,4.176897924832282,0.0,1.7040409022598262
7521,12,1,4,0,3.6985697307880443,0.0,1.5803175463487953
7522,12,4,1,0,5.763549761995726,0.0,3.4968653180073526
7523,12,2,3,0,4.47084780564094,0.0,2.322309462140182
7524,12,3,2,0,4.787201030060373,0.0,2.829482501053339
7525,12,1,4,0,3.285012774929289,-0.28025584492804256,1.1101365991060277
7526,12,1,4,0,3.2455217239121197,-1.2485993155702246,0.780217298180262
7527,12,3,2,0,5.005960971758125,0.0,2.4849021147689667
7528,12,2,3,0,5.028897783035287,0.0,2.652904603181715
7529,12,2,3,0,2.401927416952578,-1.9749090190371668,0.5929445187796916
7530,12,2,3,0,3.067399285285582,0.0,1.814947845577295
7531,12,3,2,0,4.077539441850963,0.0,2.263889684756402
7532,12,0,4,1,1.2055302041490776,-3.0292872269682434,-0.3375285688245121
7533,12,0,4,1,1.1660391531319085,-2.4394216579058075,-0.2432500856223264
7534,12,1,4,0,2.8793223355997135,0.0,1.4483397249876355
7535,12,2,3,0,5.030242689335708,0.0,2.1593122537681166
7536,12,1,4,0,2.401927416952578,-1.4753380095466575,0.726353408910736
7537,12,2,3,0,4.913066311235831,0.0,2.40246714169121
7538,12,0,5,0,1.8021962215580878,0.0,0.9411986062251273
7539,12,2,3,0,2.5369203389120294,0.0,1.8598204992316063
7540,12,0,5,0,0.8353795661904364,0.0,0.45300329498430114
7541,12,4,1,0,3.5856139773819784,0.0,2.359545193251482
7542,12,1,4,0,2.460591807715417,0.0,1.4687930096998407
7543,12,2,3,0,6.029990651437615,0.0,2.609769331461519
7544,12,0,4,1,1.1583741387708777,-2.7861132434952864,-0.27429678111243233
7545,12,0,4,1,1.2163349105160783,-2.9343519577644877,-0.0903545362109952
7546,12,1,4,0,2.8793223355997135,0.0,1.7480220828286719
7547,12,3,2,0,2.9997109696392457,0.0,2.0314607402054086
7548,12,1,4,0,2.772126433746621,0.0,1.5172168624517384
7549,12,1,4,0,2.712930662324286,-0.8098661412136536,1.1992512160836597
7550,12,3,2,0,3.352871802095624,-0.669496010932825,1.6104396736268023
7551,12,2,3,0,3.2863576812297097,0.0,1.45208861951918
7552,12,0,5,0,0.7486051499118211,-0.21624876858121667,0.1698688242219987
7553,12,2,3,0,4.720085082809142,-0.6789824100598025,1.690739266982753
7554,12,1,4,0,2.5319812090349885,-1.2854022188622451,1.0252135172638674
7555,12,3,2,0,4.653627746517369,0.0,2.300985047929563
7556,12,2,3,0,4.813955104187034,0.0,2.234852549602521
7557,12,1,4,0,3.031397395088476,-2.123489428452025,0.6591200674123406
7558,12,2,3,0,3.2939210188639585,0.0,1.9479054182919142
7559,12,1,3,1,2.9716218121928932,-2.445674322030154,0.5566404727092887
7560,12,0,5,0,2.171456155568354,-1.3096550762521346,0.4052257894431186
7561,12,3,2,0,3.4573078216382918,0.0,2.160403773355951
7562,12,2,3,0,3.617635179307957,0.0,2.0992395370796437
7563,12,0,5,0,1.6079985535045012,-0.810729648838258,0.5759338363591986
7564,12,2,3,0,3.301304422761511,0.0,1.8962218906157582
7565,12,1,4,0,2.765491949755358,-1.868660574424485,0.6658455608681756
7566,12,0,4,1,0.9751362306892766,-2.5962876834905515,-0.1671480843265883
7567,12,2,3,0,4.653627746517369,0.0,2.16383961843679
7568,12,2,3,0,4.813955104187034,0.0,2.303744913505626
7569,12,1,4,0,3.031397395088476,-0.02493329213975315,0.9871062854348949
7570,12,1,4,0,3.2939210188639585,-0.2897134700221926,1.141157699929105
7571,12,1,4,0,2.9716218121928932,-0.06701026652514486,0.9463255507984044
7572,12,0,5,0,2.171456155568354,-0.8671759231496843,0.47811666915583756
7573,12,2,3,0,3.4573078216382918,0.0,1.7876606572600693
7574,12,3,2,0,3.617635179307957,0.0,2.212537872603235
7575,12,0,5,0,1.6079985535045012,-1.2783967907004978,0.10961891837457997
7576,12,1,4,0,3.301304422761511,-0.312650281299355,1.1667651891789539
7577,12,0,4,1,1.775301887313816,-2.379821774735529,-0.10526180390042228
7578,12,0,4,1,0.9751362306892766,-3.2901102455822056,-0.5301342736789024
7579,12,1,4,0,4.230330836368573,-0.4277007345445938,1.238315684833207
7580,12,3,2,0,3.7865396978409613,0.0,2.163022240876425
7581,12,1,4,0,4.383562664334644,0.0,1.5539701938471573
7582,12,1,4,0,3.3150046148741232,-1.5460247530127802,0.7092476897592356
7583,12,2,3,0,4.159169807447331,0.0,1.9085299073564506
7584,12,2,3,0,3.1465985580696234,-0.3795155864403057,1.4941346493275476
7585,12,2,3,0,4.861029367886903,0.0,2.2552724427720157
7586,12,3,2,0,4.626049692764354,0.0,1.9106969632868769
7587,12,1,4,0,4.658031570913167,0.0,1.6660164193778009
7588,12,0,4,1,1.5504027235667124,-2.6087670838806183,-0.7002371765241676
7589,12,0,5,0,2.213354364896162,-1.5731853329447993,0.5898369079316254
7590,12,2,3,0,3.526114144509929,0.0,1.8736502357678533
7591,12,3,2,0,2.9231883604770985,0.0,1.674533332535929
7592,12,3,2,0,4.456407286104252,0.0,3.0136792501482135
7593,12,3,2,0,2.798033511979778,0.0,1.9036132602714375
7594,12,0,5,0,1.809467729427002,-0.039293454955327434,1.0191689913150328
7595,12,3,2,0,2.886395344204999,0.0,1.6750294280533473
7596,12,0,4,1,0.06813907196099578,-3.2873534104787865,-0.8383354772607852
7597,12,3,2,0,4.111454363531678,0.0,2.458819430248397
7598,12,2,3,0,3.6278938950187367,0.0,2.154310312717699
7599,12,2,3,0,3.488777171952421,0.0,2.0155808695219135
7600,12,0,5,0,1.8173788616992077,-1.6259897689812135,0.62409716603728
7601,12,2,3,0,3.130718349381066,0.0,1.6386700756479633
7602,12,0,4,1,1.775301887313816,-2.489944588957666,0.1637014727037041
7603,12,0,4,1,1.3073989828277242,-3.1799874313600682,-0.35292562819855033
7604,12,3,2,0,3.6278938950187367,0.0,2.1187340823552114
7605,12,3,2,0,3.4082548711132503,0.0,2.264976559433756
7606,12,0,5,0,1.8173788616992077,-1.603052957704051,0.28076782005325285
7607,12,4,1,0,3.142571544327815,0.0,2.3073425137906
7608,12,1,4,0,2.765491949755358,0.0,1.319678647670937
7609,12,0,5,0,0.9751362306892766,-0.25927901532054065,0.3002536493074139
7610,12,2,3,0,2.968619585360223,-0.2424870284297107,1.4746885845994862
7611,12,0,5,0,1.9000615358997024,0.0,0.9580444369241462
7612,12,3,2,0,3.066119907337331,0.0,1.7336727361017537
7613,12,3,2,0,3.0957756523997055,-0.4655770513112216,1.6958178709516325
7614,12,0,4,1,0.1587328784336961,-4.213147038429014,-0.8422801585647683
7615,12,3,2,0,2.6281085105374657,0.0,1.5145719204172523
7616,12,3,2,0,4.111454363531678,0.0,2.6265408146390476
7617,12,1,4,0,3.620510491121184,0.0,1.780695940674277
7618,12,1,4,0,4.831653712697225,0.0,2.0191010212814646
7619,12,1,4,0,3.013698786578285,0.0,0.9022992454849537
7620,12,1,4,0,4.327038274260143,0.0,1.6537303716434515
7621,12,1,4,0,2.9716218121928932,-1.796122026866012,0.47892381716440224
7622,12,0,4,1,2.171456155568354,-2.6688262310490245,-0.17571641764692386
7623,12,2,3,0,3.620510491121184,0.0,1.789525681932276
7624,12,2,3,0,4.831653712697225,0.0,2.0328990245901983
7625,12,1,4,0,3.013698786578285,-0.19371556477706164,0.6362609164269315
7626,12,2,3,0,4.327038274260143,-0.8101499407701667,1.5281016737789153
7627,12,1,4,0,2.9716218121928932,-0.5094894196275952,0.6528896137412467
7628,12,0,4,1,2.171456155568354,-3.2458399786546934,-0.1371952736733178
7629,12,2,3,0,2.831277587338004,0.0,1.4320852643109858
7630,12,3,2,0,4.364496512965157,0.0,2.3144707654469414
7631,12,1,4,0,2.96123618146267,0.0,1.5062663081344803
7632,12,0,5,0,1.8926781320021497,-1.179116424608221,0.5712666608320077
7633,12,2,3,0,3.8109324223231376,0.0,1.593217824158701
7634,12,2,3,0,4.775371237100195,0.0,2.0080936641557137
7635,12,2,3,0,4.489518748921306,0.0,1.8982351372674153
7636,12,2,3,0,4.254539073798757,-0.1844245711374235,1.7669952510415812
7637,12,2,3,0,4.292095577278783,0.0,1.8890744193271487
7638,12,0,5,0,1.1844667299323284,-2.148167007221332,-0.3394979777384002
7639,12,2,3,0,3.824428435416543,-0.9332441931734614,1.3818463321707561
7640,12,3,2,0,5.13718821503031,-0.26042555333103223,2.4096832040984486
7641,12,1,4,0,2.9231883604770985,0.0,1.2297838163316732
7642,12,4,1,0,4.456407286104252,0.0,2.8455762492307755
7643,12,2,3,0,2.5368682125201083,0.0,1.6257336052590283
7644,12,0,5,0,1.809467729427002,-0.8751740751942201,0.5720566176024733
7645,12,2,3,0,4.159169807447331,0.0,1.732966397137671
7646,12,3,2,0,5.123608622224388,0.0,2.8483641235923125
7647,12,2,3,0,4.837756134045499,0.0,2.303946380693124
7648,12,3,2,0,4.60277645892295,0.0,2.550840589433205
7649,12,2,3,0,4.681304804754571,0.0,1.9433265137030566
7650,12,0,4,1,1.573675957408117,-2.9204450820742274,-0.6603155348256265
7651,12,2,3,0,4.2136376628923315,-0.41241202987202286,1.646482686353719
7652,12,3,2,0,5.526397442506099,0.0,3.027131038896262
7653,12,0,5,0,2.2339248172040733,-1.703143927069469,0.8144086122670672
7654,12,4,1,0,5.5530074510071685,0.0,3.346966408790447
7655,12,2,3,0,3.7882235744213197,0.0,2.193943592437477
7656,12,0,5,0,1.6828213779266648,0.0,1.0123947721425424
7657,12,0,5,0,2.162763788282831,0.0,1.0917832936863108
7658,12,3,2,0,3.1272026030598887,0.0,2.280138636716578
7659,12,3,2,0,4.2656902779735795,0.0,2.3604294230539877
7660,12,3,2,0,5.845566080300191,0.0,2.6156859774096746
7661,12,2,3,0,4.085965714841247,-1.3898212136700039,1.4091304152165924
7662,12,0,4,1,0.0,-4.60619772426849,-1.3060910247178044
7663,12,1,4,0,3.6182985729790076,0.0,1.8428034261124224
7664,12,4,1,0,3.89421420555864,0.0,2.7134470103860373
7665,12,0,5,0,2.052395051754825,0.0,1.061912472617312
7666,12,3,2,0,2.688662550364736,0.0,2.0339297398179994
7667,12,0,5,0,2.048721410593398,-0.8098661412136536,1.0254269055371055
7668,12,1,4,0,2.6066033321061646,0.0,1.6702278381619855
7669,12,0,5,0,0.0,-1.528735749943408,-0.843679829704606
7670,12,0,5,0,2.138936190243925,-1.9662360187842758,0.6009796955543237
7671,12,3,2,0,3.451695969857692,-0.5447285759184766,1.6729370518957438
7672,12,1,4,0,2.5443205162238094,0.0,1.2322053980193821
7673,12,3,2,0,3.7073404250569197,-0.1699250014423157,1.7706838153942095
7674,12,1,4,0,5.590709746323238,0.0,2.0601977504944857
7675,12,0,5,0,1.7303253565296295,0.0,0.8842706612250304
7676,12,0,5,0,1.9812340228335827,0.0,1.0760412296127655
7677,12,1,4,0,3.067399285285582,-1.3094371507041629,1.1579664493032111
7678,12,2,3,0,3.1517458139007353,0.0,1.8580347337655148
7679,12,2,3,0,2.596862879368313,0.0,1.784778375443959
7680,12,1,4,0,4.682649711054992,0.0,2.025514849531092
7681,12,0,5,0,0.0,-1.8880945350852194,-0.9159266897392442
7682,12,0,5,0,2.1341550921121204,-1.4713057189255956,0.6755196439493908
7683,12,3,2,0,3.4972106291100573,-0.7879025593914335,1.8371407619900624
7684,12,2,3,0,4.344736882770334,-0.8101499407701667,2.028784304850947
7685,12,1,4,0,2.7132024798757364,-0.18260106757776384,0.9758294300775084
7686,12,2,3,0,4.132300480120676,-1.2849956541023708,1.6850439502325982
7687,12,3,2,0,5.380546958710859,0.0,3.1444151662129394
7688,12,3,2,0,3.029336161466766,0.0,1.99395602507131
7689,12,3,2,0,4.327038274260143,0.0,2.1505692992631267
7690,12,1,4,0,2.7132024798757364,-0.14311001656059474,1.1291171278666738
7691,12,3,2,0,4.132300480120676,-0.7079819064967019,1.8242276256961745
7692,12,2,3,0,3.24297400947167,-1.5247698295872354,1.2287550202416135
7693,12,2,3,0,3.130718349381066,0.0,1.2915226761164795
7694,12,0,5,0,1.687468628377104,-1.926486075683762,0.006928721267841098
7695,12,2,3,0,2.935980555241599,-1.2191431068077456,0.9734109952536713
7696,12,1,4,0,2.5539153708065925,-0.312650281299355,1.1623935186087535
7697,12,0,5,0,0.6684605136100181,-1.5788930974030464,-0.16477379743357545
7698,12,0,5,0,1.4456144450240096,-1.329265921029883,0.4607370653598807
7699,12,3,2,0,4.037670417966055,0.0,2.5976911735699675
7700,12,1,4,0,2.737275484628338,0.0,1.54573181796669
7701,12,1,4,0,3.0018603420255303,-0.2897134700221926,1.024035398090048
7702,12,0,5,0,1.528735749943408,-0.3254295988423017,0.7088698661743826
7703,12,2,3,0,2.7608389996152987,0.0,1.646692827631803
7704,12,1,4,0,2.3789168367310403,0.0,0.8647888690084826
7705,12,0,5,0,2.0125110037634393,0.0,0.9867967893016981
7706,12,0,4,1,0.9530186321296839,-2.4239857351545737,-0.46310267899933066
7707,12,0,5,0,1.8177732096239723,0.0,0.9001945280282072
7708,12,2,3,0,4.071738488957319,0.0,2.435719977945265
7709,12,0,5,0,2.006758457749637,0.0,1.1729532453764988
7710,12,1,4,0,3.091664868611886,0.0,1.7391884877139283
7711,12,2,3,0,2.7753116441924526,0.0,1.4668567345851486
7712,12,1,4,0,2.70399228098249,0.0,1.472050618177007
7713,12,2,3,0,2.976485070085218,0.0,1.515743572998663
7714,12,0,5,0,1.255536873256382,-0.029991839944834453,0.6642544011790974
7715,12,3,2,0,4.077539441850963,0.0,2.263889684756402
7716,12,0,5,0,1.6423603938492377,-2.2349050326499977,-0.07619106333663908
7717,12,2,3,0,2.401927416952578,-1.9749090190371668,0.5929445187796916
7718,12,2,3,0,5.030242689335708,0.0,2.1593122537681166
7719,12,1,4,0,2.8793223355997135,0.0,1.4483397249876355
7720,12,0,4,1,1.1660391531319085,-2.4394216579058075,-0.2432500856223264
7721,12,0,4,1,1.2055302041490776,-3.0292872269682434,-0.3375285688245121
7722,12,0,5,0,2.3022695691168984,-1.78048831620492,0.523304681469677
7723,12,1,4,0,2.49942783369033,0.0,1.2450015144580697
7724,12,0,4,1,0.0,-3.1469458872759652,-1.3507945260592655
7725,12,0,5,0,2.3182418711230035,0.0,1.0134222856365178
7726,12,0,4,1,1.8172855581075567,-2.483435223913851,0.46502299269137026
7727,12,1,4,0,2.566854426514091,-2.1386208815243037,0.6942810814913415
7728,12,0,5,0,2.2548138990288216,0.0,1.3663176730710886
7729,12,0,5,0,1.7612441324546673,0.0,0.6580448120030319
7730,12,1,4,0,3.040832200733483,0.0,1.5558370438737597
7731,12,0,5,0,0.0,-2.3211968141210626,-1.359650787714981
7732,12,1,4,0,2.8596462381661567,0.0,1.3496728579236454
7733,12,0,5,0,1.2762601214453255,-1.1164001878569465,0.5220198252378587
7734,12,1,4,0,2.5539153708065925,-0.014969732658663304,1.2976645135123825
7735,12,2,3,0,2.8851813302732907,0.0,1.8059706093569752
7736,12,0,5,0,2.1515110640063853,-2.0261270277153542,0.40847378466502277
7737,12,2,3,0,3.438143671244802,0.0,1.6674201751127953
7738,12,0,5,0,0.24151678478946792,-2.1445204561892197,-0.6371475946684797
7739,12,2,3,0,4.131966233336456,0.0,2.3635600227327744
7740,12,1,4,0,2.8661334919838737,0.0,1.4057691993676513
7741,12,2,3,0,3.617635179307957,0.0,2.094660617604725
7742,12,0,5,0,0.36870674317309593,-1.4679294125849687,-0.6778915554862358
7743,12,2,3,0,3.285815150612713,0.0,2.1398612090070577
7744,12,3,2,0,4.166528425321591,0.0,2.4602157641958784
7745,12,1,4,0,3.4573078216382918,-0.9316130250197503,1.1524982603193359
7746,12,1,4,0,2.7636476368187104,0.0,1.0360291918086566
7747,12,2,3,0,3.317266717517498,0.0,1.8468946077308162
7748,12,1,4,0,2.551735554354977,0.0,1.5242437539572151
7749,12,2,3,0,2.9213380411863596,0.0,1.7400171885839484
7750,12,0,5,0,1.349091116054371,-1.8725461652277282,-0.3044132235202731
7751,12,1,4,0,3.252604000653058,-0.2923719508893754,1.30571590273667
7752,12,1,4,0,4.062453416862951,-0.2852085295230431,1.3672706819582934
7753,12,2,3,0,4.813955104187034,0.0,2.162799530182199
7754,12,0,4,1,0.3613233392755433,-2.995374803129213,-1.129678276018862
7755,12,1,4,0,4.6504677501298985,0.0,1.7300372060138478
7756,12,3,2,0,5.362848350200668,0.0,2.5574529217141553
7757,12,2,3,0,4.653627746517369,-1.189313986550502,1.62708034256936
7758,12,1,4,0,2.7562642329211577,0.0,1.073686603491042
7759,12,1,4,0,4.740665559101473,-0.21913024913614976,1.6131584991457188
7760,12,1,4,0,2.5443521504574242,-1.5306377453127524,0.6653194560529876
7761,12,1,4,0,4.344736882770334,-0.9220954672198545,1.446932405496763
7762,12,0,4,1,1.3417077121568184,-3.1324132919828394,-0.2710050400704468
7763,12,2,3,0,4.6760028422370326,0.0,1.995581850306938
7764,12,0,5,0,2.1515110640063853,-1.6269959193458732,0.6222149021830099
7765,12,2,3,0,5.133679832693289,-0.4813899024210926,2.0187176827419693
7766,12,0,4,1,0.24151678478946792,-3.1227526411069846,-0.8229330096993628
7767,12,3,2,0,5.827502394784943,0.0,2.7552008793275307
7768,12,4,1,0,4.087695966408944,0.0,2.9007142319302885
7769,12,2,3,0,5.206218380251762,0.0,2.526616862893243
7770,12,0,4,1,1.1011350030747913,-3.630169458878566,-0.4283365642495241
7771,12,3,2,0,5.717379580562806,-1.1142155688560251,2.2226812762096535
7772,12,2,3,0,3.0367195653643186,0.0,1.3473496293948741
7773,12,3,2,0,3.617635179307957,0.0,2.308365660576894
7774,12,0,5,0,0.36870674317309593,-2.1033373356150484,-0.668188388613423
7775,12,2,3,0,3.4364492167406304,0.0,2.0120593712782906
7776,12,2,3,0,2.551735554354977,-0.07615834066375982,1.2402583678403567
7777,12,2,3,0,3.301304422761511,0.0,1.8755721276868904
7778,12,2,3,0,3.252604000653058,-0.03556535998371402,1.7448913080702446
7779,12,2,3,0,4.062453416862951,0.0,1.9390897731386425
7780,12,2,3,0,4.831653712697225,-0.7712856673500852,2.038100064686886
7781,12,0,5,0,1.3944405946717282,-2.1033373356150484,-0.30490507447395104
7782,12,2,3,0,4.6504677501298985,0.0,2.1495916579473766
7783,12,2,3,0,2.5443521504574242,0.0,1.3713686491561674
7784,12,2,3,0,4.344736882770334,0.0,1.945140914695859
7785,12,2,3,0,4.6760028422370326,-1.4026003960406186,2.040843837492454
7786,12,0,5,0,1.8700371613001074,-0.01666669846628821,0.8442418647622411
7787,12,2,3,0,5.133679832693289,0.0,2.0329039614171167
7788,12,0,4,1,1.937052946237955,-3.379559232012646,-0.6818248762749413
7789,12,2,3,0,5.827502394784943,0.0,2.9665977057606994
7790,12,0,5,0,1.7908378885160658,-0.3954926686089202,0.8190817943054853
7791,12,1,4,0,3.0774704957544827,0.0,1.55894177937436
7792,12,0,5,0,0.05355950985315516,-0.9308579116710725,-0.3985005030640103
7793,12,3,2,0,4.485572782458021,0.0,2.532725719863297
7794,12,3,2,0,3.7270227909186247,0.0,2.176719758083448
7795,12,2,3,0,3.1500090433129557,0.0,1.6551078499136884
7796,12,0,5,0,0.6705513231428419,-0.7064530441414192,-0.00011731369226879451
7797,12,3,2,0,6.732485723273413,0.0,2.9506493886925553
7798,12,0,5,0,1.1799019474122048,-0.3778903521434813,0.5106615953276901
7799,12,1,4,0,2.9946209356053544,-0.23848369808823833,1.4161397666727353
7800,12,0,5,0,0.45579430689224054,-1.1420855272721653,-0.469448292771142
7801,12,4,1,0,5.723827699929313,0.0,3.024045331155412
7802,12,3,2,0,3.1160868498147636,0.0,2.059666754529757
7803,12,2,3,0,3.0671594831638274,0.0,1.7036730326361684
7804,12,0,5,0,0.9131777281384785,-0.2824673089868419,0.17241409164876204
7805,12,4,1,0,4.375449968235884,0.0,2.7229108654829064
7806,12,2,3,0,2.5051176131279504,0.0,1.5807086191018058
7807,12,4,1,0,3.3620436059851215,0.0,2.4257086637659335
7808,12,0,4,1,0.5453831011049388,-2.4606722909576106,-0.7198420947772171
7809,12,3,2,0,4.055866168076776,0.0,2.316524187745343
7810,12,4,1,0,5.679557433001801,0.0,3.342692755318649
7811,12,4,1,0,3.7249597409060478,0.0,2.5295716920210665
7812,12,0,4,1,1.4050013193902622,-2.575492366258249,-0.2616499480656131
7813,12,3,2,0,3.9457433538546383,0.0,2.2283686990876133
7814,12,2,3,0,4.86215336816548,0.0,1.8469035143913644
7815,12,2,3,0,4.785442447569096,0.0,2.182726702688312
7816,12,0,5,0,0.5379996972073862,-2.2878846313603987,-0.7299509054197877
7817,12,3,2,0,5.47926500966075,0.0,2.3631266355624434
7818,12,4,1,0,4.441302515530509,0.0,2.889829516106443
7819,12,3,2,0,4.857980995127569,0.0,2.530068925991608
7820,12,0,5,0,1.3976179154927095,-1.4458687295405142,-0.08039156328407912
7821,12,3,2,0,5.369142195438613,0.0,2.466338342328818
7822,12,2,3,0,4.67132635502756,-1.189313986550502,1.814726090543801
7823,12,2,3,0,5.362848350200668,0.0,2.58188098456015
7824,12,2,3,0,4.740665559101473,0.0,2.1305085040269667
7825,12,2,3,0,3.7893814883173427,-0.43700461933405776,1.2364770362857989
7826,12,2,3,0,4.6760028422370326,-1.4026003960406186,2.040843837492454
7827,12,1,3,1,2.392523576063194,-4.090834188231444,-0.0770536534312896
7828,12,2,3,0,2.5443521504574242,0.0,1.3713686491561674
7829,12,2,3,0,3.4573078216382918,0.0,1.6785485167612584
7830,12,3,2,0,4.337114498702036,0.0,2.512891881843443
7831,12,2,3,0,3.5266470257122045,0.0,1.8507345380553537
7832,12,2,3,0,2.7636476368187104,0.0,1.1929029764405292
7833,12,2,3,0,3.252604000653058,-0.03556535998371402,1.7448913080702446
7834,12,0,5,0,1.349091116054371,-1.9671830393658034,0.06447348880455409
7835,12,2,3,0,2.551735554354977,-0.07615834066375982,1.2402583678403567
7836,12,2,3,0,5.717379580562806,-0.15579467260742064,2.5829541333307646
7837,12,1,4,0,2.7966711645232785,-1.9283015653617532,0.08062569232522847
7838,12,2,3,0,5.206218380251762,0.0,2.260997204291008
7839,12,2,3,0,3.8062220637026662,0.0,2.2155542481082535
7840,12,1,4,0,4.67132635502756,0.0,1.8658227235746423
7841,12,4,1,0,4.329731094804483,0.0,2.600172202839672
7842,12,2,3,0,4.722966950591282,0.0,2.298357172957764
7843,12,2,3,0,3.7893814883173427,0.0,1.7489547301976067
7844,12,1,4,0,4.831653712697225,0.0,2.0082152278684275
7845,12,1,4,0,3.029336161466766,-1.5227873546741684,0.7459557850198415
7846,12,2,3,0,4.632769141619708,0.0,2.0241669581589057
7847,12,0,5,0,1.3944405946717282,-1.6796820287675764,-0.5321228331723858
7848,12,3,2,0,4.6760028422370326,0.0,2.5950102971160662
7849,12,1,4,0,2.392523576063194,-0.5265114535693236,0.354721224202585
7850,12,2,3,0,3.2939210188639585,0.0,1.5427390306462876
7851,12,1,4,0,2.5443521504574242,-1.3732067787626079,0.6968056493630165
7852,12,2,3,0,3.247927513443585,0.0,1.5564065018493871
7853,12,3,2,0,4.337114498702036,0.0,2.288486483284749
7854,12,1,4,0,3.5266470257122045,0.0,1.4667458202927406
7855,12,1,4,0,2.5930615634382654,-0.3059865510183428,1.0682130228884994
7856,12,2,3,0,3.4082548711132503,0.0,1.8345346810708072
7857,12,1,4,0,3.0367195653643186,-1.78048831620492,0.8407132351374684
7858,12,1,4,0,3.4364492167406304,0.0,1.6819997377088938
7859,12,0,4,1,0.19812066979265097,-3.5476566050557032,-1.0367766460733805
7860,12,1,4,0,3.252604000653058,-0.44980291743951994,1.2742297094266413
7861,12,0,4,1,0.9691247344792195,-2.8743087739269946,-0.2913129208532979
7862,12,1,4,0,3.301304422761511,-1.1801999852756992,1.0053839964944167
7863,12,1,4,0,2.551735554354977,-0.7815673303970385,0.9248153071480871
7864,12,3,2,0,5.717379580562806,0.0,2.5138827991003097
7865,12,1,3,1,2.7966711645232785,-2.8183985705911034,0.14911074820596043
7866,12,2,3,0,3.510682218803275,0.0,1.792399337511683
7867,12,3,2,0,4.087695966408944,0.0,2.3243826529545677
7868,12,4,1,0,5.827502394784943,0.0,3.3315324583032515
7869,12,0,5,0,1.937052946237955,-1.3302194685187558,-0.08871548431780311
7870,12,2,3,0,3.438143671244802,-1.293160790708555,1.4412703702864846
7871,12,0,4,1,2.1515110640063853,-2.9845479239639587,0.3310133792923537
7872,12,1,4,0,2.880504843063818,0.0,1.3023488519596327
7873,12,3,2,0,3.7486543245766377,0.0,2.1999160163531086
7874,12,1,4,0,2.9498440471377307,0.0,1.476692454963444
7875,12,0,5,0,1.488172203909059,0.0,0.7897850076017064
7876,12,2,3,0,2.8851813302732907,0.0,1.8059706093569752
7877,12,0,5,0,0.6017020640994524,-0.7205430717826822,-0.014778138336705382
7878,12,0,5,0,1.2762601214453255,-1.1164001878569465,0.5220198252378587
7879,12,2,3,0,2.630158130441739,0.0,1.5142643635710038
7880,12,2,3,0,3.6026645024546156,-0.2223924213364512,1.6587327161472039
7881,12,1,4,0,2.4084396800945775,0.0,1.4601511369705187
7882,12,0,5,0,2.02919764057129,-0.51365746664802,0.6563995899548949
7883,12,0,5,0,2.2548138990288216,0.0,1.3663176730710886
7884,12,0,5,0,0.6146411198069508,-1.7887145744242616,-0.4070656411129342
7885,12,0,4,1,1.8172855581075567,-2.483435223913851,0.46502299269137026
7886,12,3,2,0,4.021843419114319,0.0,2.453097309931099
7887,12,0,5,0,1.1011350030747913,-1.7328043710883705,-0.11951542486733402
7888,12,2,3,0,3.510682218803275,-0.11039379799883875,1.6506950191876626
7889,12,2,3,0,4.087695966408944,0.0,2.252967027639295
7890,12,3,2,0,5.369142195438613,0.0,2.466338342328818
7891,12,0,5,0,1.3976179154927095,-1.4458687295405142,-0.08039156328407912
7892,12,3,2,0,4.857980995127569,0.0,2.530068925991608
7893,12,4,1,0,4.441302515530509,0.0,2.889829516106443
7894,12,3,2,0,5.47926500966075,0.0,2.3631266355624434
7895,12,0,5,0,0.5379996972073862,-2.2878846313603987,-0.7299509054197877
7896,12,2,3,0,4.785442447569096,0.0,2.182726702688312
7897,12,2,3,0,4.86215336816548,0.0,1.8469035143913644
7898,12,3,2,0,3.9457433538546383,0.0,2.2283686990876133
7899,12,0,4,1,1.4050013193902622,-2.575492366258249,-0.2616499480656131
7900,12,4,1,0,3.7249597409060478,0.0,2.5295716920210665
7901,12,4,1,0,5.679557433001801,0.0,3.342692755318649
7902,12,3,2,0,4.055866168076776,0.0,2.316524187745343
7903,12,0,4,1,0.5453831011049388,-2.4606722909576106,-0.7198420947772171
7904,12,4,1,0,3.3620436059851215,0.0,2.4257086637659335
7905,12,2,3,0,2.5051176131279504,0.0,1.5807086191018058
7906,12,4,1,0,4.375449968235884,0.0,2.7229108654829064
7907,12,0,5,0,0.9131777281384785,-0.2824673089868419,0.17241409164876204
7908,12,2,3,0,3.0671594831638274,0.0,1.7036730326361684
7909,12,3,2,0,3.1160868498147636,0.0,2.059666754529757
7910,12,4,1,0,5.723827699929313,0.0,3.024045331155412
7911,12,0,5,0,0.45579430689224054,-1.1420855272721653,-0.469448292771142
7912,12,1,4,0,2.9946209356053544,-0.23848369808823833,1.4161397666727353
7913,12,0,5,0,1.1799019474122048,-0.3778903521434813,0.5106615953276901
7914,12,3,2,0,6.732485723273413,0.0,2.9506493886925553
7915,12,0,5,0,0.6705513231428419,-0.7064530441414192,-0.00011731369226879451
7916,12,2,3,0,3.1500090433129557,0.0,1.6551078499136884
7917,12,3,2,0,3.7270227909186247,0.0,2.176719758083448
7918,12,3,2,0,4.485572782458021,0.0,2.532725719863297
7919,12,0,5,0,0.05355950985315516,-0.9308579116710725,-0.3985005030640103
7920,12,1,4,0,3.0774704957544827,0.0,1.55894177937436
7921,12,0,5,0,1.7908378885160658,-0.3954926686089202,0.8190817943054853
7922,12,0,1,4,0.0,-5.554197771425613,-3.294458647098094
7923,12,0,5,0,0.0,-0.4779223178085168,-0.31740032532215706
7924,12,0,1,4,0.0,-4.407949352706368,-2.6847896105835516
7925,12,0,5,0,0.0,-1.784906507651968,-0.8093565690265926
7926,12,0,5,0,0.47312606411821534,-0.4779223178085168,0.16209856762632882
7927,12,0,5,0,0.0,-1.163955594599745,-0.44030749688276954
7928,12,0,1,4,0.0,-4.935929184087271,-2.7468136811585295
7929,12,0,5,0,0.47312606411821534,-1.2465065158265993,-0.13175456734557328
7930,12,0,5,0,0.0,-1.5936896050852916,-0.6563830469732516
7931,12,0,4,1,0.0,-3.27000511390375,-1.0824955165427852
7932,12,0,2,3,0.0,-3.421505676182271,-2.1157578962808126
7933,12,0,5,0,0.0,-1.7215913987753844,-0.5439278790377813
7934,12,0,5,0,2.0687311441813705,0.0,1.2710489489180645
7935,12,0,5,0,1.1088912281137908,0.0,0.42907962694830604
7936,12,0,5,0,0.43857301373963153,-1.7507409728108705,-0.5248671836284956
7937,12,0,5,0,0.0,-2.124797619023152,-1.1733054735885908
7938,12,0,3,2,0.0,-3.4823496236412375,-1.8312737303176205
7939,12,0,5,0,0.4119169667695033,-1.9673666524730073,-0.947263729561606
7940,12,0,5,0,0.12901056714452608,-1.7743630964467947,-0.8528312617835795
7941,12,0,5,0,2.0687311441813705,-0.8584754243592165,0.019263821866788787
7942,12,0,5,0,0.5923258891346421,-0.8584754243592165,-0.04680371295483354
7943,12,0,5,0,0.0,-1.7507409728108705,-0.807030779521807
7944,12,0,5,0,1.9673666524730073,-0.44693758374512527,0.3554471319267087
7945,12,0,5,0,1.8553081452805316,-1.51498297116823,0.09700540774654912
7946,12,0,5,0,0.7054089897332787,-1.7018678935168126,-0.4070071871788457
7947,12,1,4,0,2.7342030125143744,-0.19300355602621266,0.7810125490739814
7948,12,1,4,0,3.143478602965974,-0.7495656309458383,0.6330696461541961
7949,12,0,5,0,1.8084298221750466,-0.8275681429471149,0.37795981347531227
7950,12,0,5,0,0.9644388147770577,-1.0852691044778666,-0.0943520056614581
7951,12,1,4,0,3.3741441522857123,-0.4453279647065287,1.045860291748081
7952,12,0,5,0,1.6043799545483957,-0.18762700317577696,0.49147421915574585
7953,12,1,4,0,3.3741441522857123,-0.4453279647065287,0.5419134410460366
7954,12,0,4,1,0.0,-2.4143042362181326,-1.6748919071663564
7955,12,0,4,1,0.0,-2.4143042362181326,-1.3875752058201882
7956,12,0,5,0,0.0,-0.6016688334535552,-0.34285200783301945
7957,12,0,5,0,0.5923258891346421,-1.9687038695104597,-0.2771441849389461
7958,12,0,5,0,0.0,-1.9687038695104597,-1.487777936928532
7959,12,0,5,0,1.1574423708032704,-0.15743096655014455,0.16851608754059627
7960,12,1,4,0,3.5887816824112093,-0.5565620749196256,1.247800348357749
7961,12,2,3,0,2.99714223404564,0.0,1.3120174781057963
7962,12,0,5,0,0.4100106822040104,-0.8275681429471149,-0.25189061924189105
7963,12,1,4,0,3.143478602965974,-0.3504345225763572,1.181435609064988
7964,12,1,4,0,3.3957781263849967,-0.4914611128899935,1.0369570529321166
7965,12,1,4,0,3.3957781263849967,-1.0852691044778666,1.0849285973684908
7966,12,0,5,0,1.630138639273511,-0.44693758374512527,0.47054600400821445
7967,12,0,5,0,1.1037168503544237,-1.0385770321106946,0.06916744889810644
7968,12,0,5,0,0.8535617930724726,0.0,0.34860802636542587
7969,12,1,4,0,3.143478602965974,-1.7079865271944428,0.5514185736237252
7970,12,0,5,0,1.8084298221750466,-1.3032320011774559,0.3548848471482522
7971,12,0,5,0,0.9644388147770577,-1.7079865271944428,-0.6264097636145415
7972,12,0,5,0,0.45413731896778486,-1.0017626086992664,-0.30400538231740554
7973,12,0,5,0,0.45413731896778486,-1.0017626086992664,-0.2769591243396782
7974,12,2,3,0,2.4962773472390154,-0.4453279647065287,1.1194357103493702
7975,12,1,4,0,3.3741441522857123,-1.0680453874231048,0.15854508254659477
7976,12,0,4,1,0.0,-2.6724253419715005,-0.9669476055719983
7977,12,1,4,0,3.0905665248587333,0.0,0.8172339848426582
7978,12,0,5,0,0.4978016996772787,-1.47819525793917,-0.7473182236592073
7979,12,0,4,1,0.0,-2.6110895284365156,-0.9896328309603944
7980,12,0,5,0,1.7844343069156956,-0.16866224859067103,0.42722895292063967
7981,12,0,5,0,1.9099942792169173,-1.5310902063712888,-0.11857183605456427
7982,12,0,5,0,1.9099942792169173,-0.8779255044301593,0.16093324787861932
7983,12,0,5,0,0.0,-1.980455169330071,-1.1845390899823827
7984,12,0,5,0,0.0,-2.149358793709631,-1.177132994380004
7985,12,1,4,0,3.196626886455334,-0.3957957029183561,0.6444206270122613
7986,12,1,4,0,3.196626886455334,0.0,1.4069495971558836
7987,12,0,5,0,0.622372419780568,-0.693822562091654,0.0531980436819552
7988,12,0,5,0,0.4087071028082576,-1.3244569211980988,-0.4698133601916865
7989,12,0,3,2,0.0,-2.9131046542073022,-1.4003102827848202
7990,12,0,2,3,0.0,-3.8904494485469883,-2.2344484723157145
7991,12,0,2,3,0.0,-3.9361213069322716,-2.5304365658396577
7992,12,1,4,0,2.495028342159827,0.0,0.9846837757798965
7993,12,1,4,0,3.0905665248587333,-1.8703323551079336,-0.40675153378818935
7994,12,0,5,0,2.1192167296154807,-1.8703323551079336,0.5798506036886224
7995,12,0,5,0,1.050376060931594,-1.6269959193458732,-0.6535146956487032
7996,12,0,3,2,2.1192167296154807,-2.6110895284365156,-0.40425802716728254
7997,12,0,5,0,1.234970487415925,-0.5836997478695167,-0.034096494996428105
7998,12,1,4,0,3.4058493368538976,-0.5836997478695167,1.1694983206608682
7999,12,1,4,0,2.337008668170011,-0.3403633121074563,0.45074378792239644
8000,12,2,3,0,3.4058493368538976,-1.6979153167255419,0.6364433003654305
8001,12,0,5,0,0.0,-1.6269959193458732,-1.1460031284808239
8002,12,0,4,1,2.1192167296154807,-2.579793397946972,-0.3749267687650324
8003,12,0,5,0,0.0,-1.9361849024025588,-1.0729624002346156
8004,12,0,3,2,0.0,-2.579793397946972,-1.8490260984012266
8005,12,0,5,0,0.07387424534834963,-0.4813899024210926,-0.17516998150991442
8006,12,0,5,0,1.8664074179365784,-1.293160790708555,0.45154925529243145
8007,12,0,5,0,0.622372419780568,-0.6495522951641419,0.09448604042097486
8008,12,0,5,0,0.0,-1.6979153167255419,-0.9930170647592675
8009,12,0,1,4,0.0,-3.780326634324851,-2.876704631784031
8010,12,0,4,1,0.20922245039856335,-3.780326634324851,-1.3660163141927661
8011,12,0,3,2,0.0,-3.678016788876427,-1.765154524875912
8012,12,0,4,1,0.0,-4.489787677163889,-1.6238428107261391
8013,12,0,5,0,0.525160313500983,0.0,0.21202968941284867
8014,12,3,2,0,4.0017869356060025,0.0,1.846473941976921
8015,12,1,4,0,3.030831230261665,0.0,1.284571973389962
8016,12,2,3,0,3.030831230261665,-1.0040927546338878,1.3025075208578598
8017,12,0,1,4,0.0,-3.5369901985627905,-2.498030268219827
8018,12,0,3,2,0.20922245039856335,-4.894542203180876,-1.568629539947421
8019,12,0,2,3,0.0,-3.846179181619476,-2.1931604755766947
8020,12,0,2,3,0.0,-4.894542203180876,-3.0536402704072385
8021,12,0,5,0,1.316194981872222,0.0,0.6538940100615435
8022,12,1,4,0,2.5602299800282324,-1.0040927546338878,0.8278225539911453
8023,12,1,4,0,2.495028342159827,0.0,0.955683079510169
8024,12,1,4,0,2.511607083650155,-1.0040927546338878,0.1095383682619783
8025,12,1,4,0,4.960898879966667,-0.15579467260742064,0.9298619069503651
8026,12,1,4,0,2.9207084160395276,-0.15579467260742064,1.0826252776387215
8027,12,1,4,0,2.9207084160395276,-0.740757173328582,0.8943855483619586
8028,12,0,3,2,0.0,-3.076503088646948,-1.3610133162072209
8029,12,0,5,0,2.2560755475927365,-0.15579467260742064,0.5901368448066009
8030,12,0,5,0,1.8154463344111527,0.0,0.9237168067642088
8031,12,0,5,0,2.2560755475927365,-0.0658525472946252,1.0627041056016793
8032,12,0,5,0,1.187904044951157,-0.2790264386016972,0.40618582080119836
8033,12,0,3,2,0.0,-2.732804371088367,-1.547057204125079
8034,12,0,3,2,0.0,-2.5199410137273226,-1.4484526143843162
8035,12,0,4,1,0.0,-2.9865609633341528,-1.3177445311597722
8036,12,0,3,2,0.0,-3.6614655893681096,-1.7866810570089897
8037,12,0,5,0,1.1866546401000093,-0.6669558729184644,0.17515190939761
8038,12,0,5,0,2.0431859331720297,-0.5770137476056689,0.8795482345896126
8039,12,0,5,0,1.8569728544741686,-0.5770137476056689,0.6376350190900937
8040,12,1,4,0,2.450758075232315,0.0,1.1956189701287343
8041,13,2,3,0,3.3045623328464657,0.0,1.5066663506571323
8042,13,2,3,0,3.3045623328464657,0.0,1.5066663506571323
8043,13,3,2,0,4.54948122327972,0.0,2.6484306173272087
8044,13,0,5,0,2.184615043290492,0.0,1.1663384010545108
8045,13,0,4,1,0.0,-2.538483661996686,-1.1667216713170325
8046,13,0,4,1,0.0,-2.538483661996686,-1.1667216713170325
8047,13,1,4,0,2.4629319579876956,0.0,1.1787561705310956
8048,13,1,4,0,2.4629319579876956,0.0,1.1787561705310956
8049,13,0,3,2,0.0,-4.23988300457539,-1.8956624797718482
8050,13,0,3,2,0.0,-4.23988300457539,-1.8956624797718482
8051,13,0,1,4,0.0,-7.135744055581849,-5.281439888659386
8052,13,0,1,4,0.0,-7.135744055581849,-5.281439888659386
8053,13,0,1,4,0.0,-3.9888386592759026,-2.6548414965978315
8054,13,0,1,4,0.0,-3.530753519580216,-2.7742439623159223
8055,13,0,1,4,0.0,-3.530753519580216,-2.7742439623159223
8056,13,2,3,0,3.0940260216854796,0.0,1.7691433979520936
8057,13,3,2,0,4.174860849558712,0.0,2.5989590052157547
8058,13,2,3,0,3.8066899323980365,0.0,2.35403650959973
8059,13,0,5,0,1.3110768274481899,-0.21805541800302564,0.18849690001766745
8060,13,0,5,0,2.183729439092108,-0.0093608463961381,0.8031078669600028
8061,13,0,5,0,0.6136325883274019,0.0,0.18239725853602023
8062,13,0,5,0,0.6136325883274019,-0.5592919442908268,-0.018500169359550254
8063,13,0,5,0,0.9109972105035986,-0.40944046334072937,-0.006021339498600042
8064,13,2,3,0,3.305938104149213,0.0,1.9673636183244028
8065,13,1,4,0,3.2729882152664835,0.0,1.6426521008735322
8066,13,0,5,0,1.5330675205421187,0.0,0.6517572495866695
8067,13,1,4,0,2.4123601632853706,-0.23975358199788488,0.9147536684020814
8068,13,0,5,0,0.352859151536709,-2.304153393159382,-0.9190267845906597
8069,13,2,3,0,3.7097467728184945,0.0,1.8669108758705406
8070,13,1,4,0,2.800189203480599,0.0,1.5515596419917572
8071,13,0,5,0,2.1396499220537883,0.0,1.420947430828234
8072,13,0,5,0,2.165697698315828,0.0,1.51616374696599
8073,13,4,1,0,4.202618608729175,0.0,2.649418753698247
8074,13,4,1,0,4.112420799757601,0.0,2.6346927494274994
8075,13,1,4,0,3.0607259045856487,0.0,1.4373883203700992
8076,13,4,1,0,4.075260559444093,0.0,2.336702452098458
8077,13,0,5,0,1.5336072483165921,-1.0865003386855214,0.047714667449633194
8078,13,0,5,0,0.3159541938427317,-2.2992545937465465,-0.7402281325356433
8079,13,0,1,4,0.0,-5.3286840852323,-4.10658138615437
8080,13,0,1,4,0.0,-5.466040402712949,-4.011894046614854
8081,13,0,1,4,0.0,-5.3286840852323,-3.8073216530908183
8082,13,0,1,4,0.0,-5.047158576646488,-3.4351422164335452
8083,13,0,2,3,0.0,-4.166031815836053,-2.747015709225816
8084,13,0,2,3,0.0,-3.0913504616057246,-1.972647772635053
8085,13,0,5,0,1.098995068358139,0.0,0.5091255078426876
8086,13,0,1,4,0.0,-5.211099565145979,-3.8067823569885784
8087,13,0,2,3,0.0,-3.4612943626544883,-2.4761677333943104
8088,13,0,1,4,0.0,-4.726953013484014,-3.3597194942488997
8089,13,0,2,3,0.0,-3.7816307537591634,-2.5231786983469098
8090,13,0,2,3,0.0,-2.849506280543025,-1.9469829170198358
8091,13,0,5,0,1.448044404086815,0.0,0.7482401759027979
8092,13,0,1,4,0.0,-5.038025719148667,-3.5879229520578777
8093,13,0,2,3,0.0,-3.6343682086518,-2.3957674052614593
8094,13,0,3,2,0.0,-2.7481837200238495,-1.8521575079069534
8095,13,0,5,0,1.3771366457458996,0.0,0.6794345779002626
8096,13,0,5,0,0.6269596988668411,-0.37132178390686477,0.1641965267996568
8097,13,0,4,1,0.0,-2.9507741692819636,-1.4958481378829298
8098,13,0,5,0,0.0,-2.122819192761103,-1.0157447607297847
8099,13,0,5,0,1.205529198050158,-0.7540391075251449,0.13671155036549293
8100,13,0,5,0,1.5587082269219614,-0.39596127924050606,0.6054344170567475
8101,13,4,1,0,5.895464204470716,0.0,3.125177624744939
8102,13,1,4,0,3.3996570842712828,0.0,1.7083371731958281
8103,13,2,3,0,4.322778155821833,0.0,2.355267663965859
8104,13,4,1,0,6.085481311401647,0.0,3.8063540099002706
8105,13,3,2,0,4.271272718302981,0.0,2.6382993740169467
8106,13,2,3,0,4.322778155821833,0.0,2.355267663965859
8107,13,4,1,0,4.9968300697831545,0.0,3.152070145177782
8108,13,4,1,0,5.6209773317497245,0.0,3.874009387792429
8109,13,2,3,0,3.41973058206581,0.0,2.0781396928589695
8110,13,2,3,0,3.471236019584662,0.0,1.965572767239896
8111,13,4,1,0,4.625794348047503,0.0,3.014240078981937
8112,13,4,1,0,5.992013053485376,0.0,3.8845936102908447
8113,13,2,3,0,3.6861685755375433,0.0,2.130922289241744
8114,13,2,3,0,3.471236019584662,0.0,2.1433282925872716
8115,13,2,3,0,3.580047010307041,0.0,2.190895219827896
8116,13,3,2,0,5.035273899353076,0.0,2.905370346535423
8117,13,0,5,0,1.593632715216586,-0.9344604236056036,0.12658720020266828
8118,13,4,1,0,4.880441943644758,0.0,3.20373990300194
8119,13,3,2,0,4.874946541683411,0.0,2.804579723895821
8120,13,2,3,0,3.9885736088622004,0.0,2.0079251459196974
8121,13,3,2,0,4.922159071136139,0.0,2.6032286413444994
8122,13,2,3,0,3.1151364970922266,0.0,1.7892045772613643
8123,13,2,3,0,3.864705365498761,0.0,2.016500384798968
8124,13,1,4,0,2.596143762719045,-0.7656309613112171,0.7816544233714581
8125,13,3,2,0,4.879623028892883,0.0,2.6084378363105287
8126,13,3,2,0,4.271272718302981,0.0,2.6382993740169467
8127,13,1,4,0,3.3996570842712828,0.0,1.7083371731958281
8128,13,4,1,0,4.625794348047503,0.0,3.014240078981937
8129,13,2,3,0,3.6861685755375433,0.0,2.130922289241744
8130,13,4,1,0,4.9968300697831545,0.0,3.152070145177782
8131,13,2,3,0,3.41973058206581,0.0,2.0781396928589695
8132,13,3,2,0,4.874946541683411,0.0,2.804579723895821
8133,13,4,1,0,4.880441943644758,0.0,3.20373990300194
8134,13,3,2,0,5.035273899353076,0.0,2.905370346535423
8135,13,2,3,0,3.580047010307041,0.0,2.190895219827896
8136,13,2,3,0,4.831961262164565,0.0,2.4964556249677776
8137,13,2,3,0,3.864705365498761,0.0,2.016500384798968
8138,13,2,3,0,3.1151364970922266,0.0,1.7892045772613643
8139,13,0,5,0,0.0,-2.1899821495211427,-1.6367858007920575
8140,13,0,4,1,0.4427869920985614,-2.8722017193235168,-1.3160200438691114
8141,13,0,1,4,0.0,-6.640831159327071,-4.879517620592422
8142,13,0,1,4,0.0,-5.440720177606689,-3.9901833291087017
8143,13,0,1,4,0.0,-6.122939747409063,-4.254363718035704
8144,13,0,3,2,0.0,-2.8722017193235168,-1.9512177231088486
8145,13,0,5,0,0.0,-2.1899821495211427,-1.4406155951646618
8146,13,0,1,4,0.0,-5.689782777400339,-4.499098267821729
8147,13,0,1,4,0.0,-5.788238387235534,-4.538480511755807
8148,13,0,4,1,0.4427869920985614,-2.8722017193235168,-1.3160200438691114
8149,13,0,5,0,0.0,-2.1899821495211427,-1.6367858007920575
8150,13,0,1,4,0.0,-6.422971680821057,-4.792373829190017
8151,13,0,5,0,0.21542371665723792,-1.7833067398369309,-0.5759931797439648
8152,13,1,4,0,2.7477783618722604,0.0,1.2626439069304367
8153,13,0,1,4,0.0,-5.667352088646847,-3.59335767649375
8154,13,0,2,3,0.0,-4.786225327836412,-2.8538414986459393
8155,13,2,3,0,2.7477783618722604,0.0,1.5268242958574398
8156,13,0,4,1,0.21542371665723792,-2.4940052257189045,-0.8602273261442519
8157,13,0,1,4,0.0,-4.786225327836412,-2.94372952459846
8158,13,0,1,4,0.0,-5.667352088646847,-3.572617745037298
8159,13,0,5,0,0.9231143594223248,-1.2188429573563972,-0.34341645382914476
8160,13,0,5,0,2.2089103806729575,0.0,0.5584389668390635
8161,13,0,5,0,2.2089103806729575,-0.6437454219877381,0.33849483868070396
8162,13,0,5,0,0.9231143594223248,-1.9295414432383708,-0.6546769567445139
8163,13,0,4,1,0.21542371665723792,-2.4940052257189045,-0.8602273261442519
8164,13,2,3,0,2.7477783618722604,0.0,1.5268242958574398
8165,13,0,1,4,0.0,-5.667352088646847,-3.572617745037298
8166,13,0,1,4,0.0,-4.786225327836412,-2.94372952459846
8167,13,1,4,0,2.7477783618722604,0.0,1.2626439069304367
8168,13,0,5,0,0.21542371665723792,-1.7833067398369309,-0.5759931797439648
8169,13,0,2,3,0.0,-4.786225327836412,-2.8538414986459393
8170,13,0,1,4,0.0,-5.667352088646847,-3.59335767649375
8171,13,0,5,0,0.9231143594223248,-1.9295414432383708,-0.6546769567445139
8172,13,0,5,0,2.2089103806729575,-0.6437454219877381,0.33849483868070396
8173,13,0,5,0,2.2089103806729575,0.0,0.5584389668390635
8174,13,0,5,0,0.9231143594223248,-1.2188429573563972,-0.34341645382914476
8175,13,0,3,2,0.0,-3.421505676182271,-1.507873116282402
8176,13,2,3,0,2.6321553219383382,0.0,1.1679189339055562
8177,13,0,5,0,1.94612204514711,-0.5838753152583394,0.5994011905055345
8178,13,0,5,0,1.7549051425804336,-1.3551724971664214,0.275909114033886
8179,13,0,1,4,0.0,-4.670884823895715,-3.1139038169158817
8180,13,0,1,4,0.0,-4.670884823895715,-3.1139038169158817
8181,13,0,2,3,0.6132139867673452,-5.577005776892811,-2.5761100937393584
8182,13,0,2,3,0.6132139867673452,-5.577005776892811,-2.5761100937393584
8183,13,0,5,0,0.0,-1.839556543754295,-0.938984054190923
8184,13,0,5,0,0.5523967091996091,-0.5254340022607167,0.1662224144996003
8185,13,0,5,0,1.617252951222774,0.0,0.6728165881679089
8186,13,1,4,0,2.585567087441749,-0.11366421681578842,1.2828334428184653
8187,13,0,5,0,2.2145313657060974,-0.2510205342964369,1.1527536503156177
8188,13,0,5,0,1.0062002110717678,-1.3073882527232215,-0.3623655595938402
8189,13,0,5,0,1.453115343127557,-1.2882871977657047,-0.1250110385683257
8190,13,0,5,0,1.078766158389275,0.0,0.6307210914527509
8191,13,2,3,0,3.044110821362281,0.0,1.8726950408633116
8192,13,4,1,0,6.490465222205437,0.0,4.473935264968299
8193,13,0,5,0,0.2849595901867943,-1.7352023298214938,-0.5921764991904894
8194,13,0,5,0,0.7318747222425834,-0.8604731206674323,-0.18369634732566595
8195,13,0,5,0,1.541687611796771,-0.5254340022607167,0.33686348815271006
8196,13,3,2,0,4.360037879765123,0.0,2.8577739193432428
8197,13,4,1,0,6.68494338181792,0.0,3.92784211089907
8198,13,3,2,0,6.68494338181792,0.0,3.787736120164362
8199,13,3,2,0,3.335013853907018,0.0,2.315523053266287
8200,13,4,1,0,3.8704534271212268,0.0,2.5538306526406997
8201,13,4,1,0,6.195358929174024,0.0,3.1216333555325173
8202,13,3,2,0,6.68494338181792,0.0,3.787736120164362
8203,13,4,1,0,6.68494338181792,0.0,3.92784211089907
8204,13,3,2,0,4.360037879765123,0.0,2.8577739193432428
8205,13,3,2,0,5.5362228723621705,0.0,2.6776825511955886
8206,13,0,2,3,0.0,-4.163437537608697,-2.2146287967582956
8207,13,0,2,3,0.0,-4.163437537608697,-2.17917299456577
8208,13,0,1,4,0.0,-5.311740226479351,-3.3341556746207104
8209,13,0,1,4,0.0,-5.311740226479351,-3.1398122501052894
8210,13,0,2,3,0.0,-2.7422022425323505,-1.6503264943016176
8211,13,0,2,3,0.0,-2.7422022425323505,-1.7561989791640975
8212,13,0,5,0,0.49047167285549875,-0.8506298109819888,-0.07411320333069682
8213,13,0,5,0,0.4859450598697741,-0.4963529383967682,0.09566134705354443
8214,13,0,1,4,0.0,-3.8905049314030045,-2.7278360592075273
8215,13,0,1,4,0.0,-4.244781803988225,-2.9236193939121833
8216,13,0,2,3,0.0,-4.163437537608697,-2.17917299456577
8217,13,0,2,3,0.0,-4.163437537608697,-2.2146287967582956
8218,13,0,1,4,0.0,-5.311740226479351,-3.1398122501052894
8219,13,0,1,4,0.0,-5.311740226479351,-3.3341556746207104
8220,13,0,5,0,0.0,-0.7633594188803272,-0.307788422883435
8221,13,0,5,0,0.7159506653160967,-0.7633594188803272,-0.0400295741550238
8222,13,0,2,3,0.0,-4.819963283916795,-2.673768118748245
8223,13,0,2,3,0.0,-4.602103805410781,-2.4682313812762793
8224,13,0,5,0,1.2721893817791141,-0.7633594188803272,0.043746905641449986
8225,13,0,5,0,1.1994039011513529,-0.7633594188803272,-0.005424959683564623
8226,13,0,2,3,0.0,-4.1575114118865635,-2.437593170596198
8227,13,0,2,3,0.0,-4.1575114118865635,-2.4979318419376852
8228,13,0,5,0,0.0,-1.4650712114121802,-1.1532961744086556
8229,13,0,5,0,0.5140217190264345,-0.411977699529789,-0.022106124428348296
8230,13,0,5,0,0.6384797260397406,-0.41687649894262435,-0.10399611585472712
8231,13,0,5,0,0.0,-1.4601724119993449,-0.7549589871262711
8232,13,0,5,0,1.1994039011513529,-0.7633594188803272,-0.005424959683564623
8233,13,0,5,0,1.2721893817791141,-0.7633594188803272,0.043746905641449986
8234,13,0,5,0,0.7159506653160967,-0.7633594188803272,-0.0400295741550238
8235,13,0,5,0,0.0,-0.7633594188803272,-0.307788422883435
8236,13,0,5,0,0.0,-1.4601724119993449,-0.7549589871262711
8237,13,0,5,0,0.6384797260397406,-0.41687649894262435,-0.10399611585472712
8238,13,0,5,0,0.5140217190264345,-0.411977699529789,-0.022106124428348296
8239,13,0,5,0,0.0,-1.4650712114121802,-1.1532961744086556
8240,13,0,5,0,0.5355420489757492,-2.2839217723076146,-0.6803120033954144
8241,13,0,5,0,1.7025587320459934,-1.2357270598380588,0.21662292989983029
8242,13,1,4,0,3.5018903030507538,-2.2839217723076146,-0.01781281418148879
8243,13,1,4,0,3.5018903030507538,-2.2839217723076146,-0.01781281418148879
8244,13,0,5,0,1.6144722821525797,-1.2357270598380588,0.19900563992114756
8245,13,0,5,0,0.5355420489757492,-2.2839217723076146,-0.6803120033954144
8246,13,0,5,0,1.5675362203304886,-0.07436049039933934,0.6730612070470443
8247,13,0,5,0,1.5675362203304886,-0.4449747834329507,0.61555673489285
8248,13,0,5,0,1.8373215245614745,-0.776240742899649,0.549588721176027
8249,13,3,2,0,3.2261508811581123,0.0,2.088701682806427
8250,13,0,5,0,1.6027073352745518,-0.5464074788456728,0.6584048660597013
8251,13,1,4,0,2.737859885448948,0.0,1.6010413335396407
8252,13,1,4,0,2.7328532490488477,0.0,1.5582556610434957
8253,13,4,1,0,4.5265458144958295,0.0,2.8421022186084413
8254,13,0,5,0,0.777506205298728,-0.25841933231715686,0.321587004560255
8255,13,2,3,0,2.5539153708065925,0.0,1.4861371826731706
8256,13,0,5,0,1.3072777348946616,-1.4799929411196118,0.21240739200368566
8257,13,0,5,0,2.196604205543668,-0.5004686614990312,0.8293521541301778
8258,13,2,3,0,2.6857435659481155,-0.776240742899649,0.9041771797194486
8259,13,2,3,0,3.8820634908271927,0.0,1.837367281101411
8260,13,2,3,0,3.8820634908271927,0.0,1.9812085182378887
8261,13,4,1,0,3.2261508811581123,0.0,2.2560483713886965
8262,13,4,1,0,5.728784343835052,0.0,3.4482357199950515
8263,13,1,4,0,3.102411707351525,-1.41909800024494,0.9516219071910804
8264,13,3,2,0,4.716247501735932,0.0,2.3988329999691325
8265,13,1,4,0,3.6321832369474585,-1.3897951321480377,1.178349904933313
8266,13,2,3,0,4.521509707596465,-0.5906664704706053,1.6239586318898147
8267,13,2,3,0,4.062453416862951,0.0,1.9413177047908874
8268,13,4,1,0,5.728784343835052,0.0,3.7889358666417463
8269,13,1,4,0,3.102411707351525,-0.5297715295959335,0.9859160713174788
8270,13,2,3,0,4.716247501735932,0.0,2.701451450386943
8271,13,2,3,0,3.6321832369474585,0.0,1.9508201793417634
8272,13,2,3,0,4.521509707596465,0.0,2.070737200944818
8273,13,0,4,1,1.0229291365713138,-3.7772600669092853,-0.6043558720991307
8274,13,2,3,0,4.35405169511192,0.0,1.8288117914039943
8275,13,0,5,0,1.5055446007890474,-0.6750894980561029,0.6054583797601232
8276,13,1,4,0,2.3721800735585283,0.0,1.459028698182832
8277,13,4,1,0,4.3452116140975505,0.0,2.611704496368437
8278,13,0,4,1,0.9757730711931139,-2.70806255655026,-0.35702168179438304
8279,13,1,4,0,2.589608865577521,0.0,1.580809208285217
8280,13,0,5,0,1.5055446007890474,0.0,0.6125287027894253
8281,13,2,3,0,2.4923228942004236,0.0,1.7367245335457902
8282,13,1,4,0,2.740215900727513,0.0,0.8036845619135775
8283,13,0,5,0,2.282296307994425,-2.1634242725248782,0.7904077515179175
8284,13,2,3,0,3.3463073479984757,0.0,1.756708485851992
8285,13,2,3,0,3.9335689283460447,0.0,1.7034202209598504
8286,13,1,4,0,2.7372490034669674,-0.39346934591409877,1.2531840436436277
8287,13,1,4,0,3.9335689283460447,0.0,1.4813910296229296
8288,13,1,4,0,2.7372490034669674,-0.724735305380797,0.8141493621381173
8289,13,2,3,0,5.042836973993158,0.0,2.13845140764521
8290,13,3,2,0,5.203164331662823,0.0,2.5323637012967963
8291,13,1,4,0,3.379634780212669,-0.02493329213975315,0.6659536391866325
8292,13,1,4,0,2.7159642037397624,0.0,1.0585553189647947
8293,13,1,4,0,3.360831039668682,-1.6820059343244758,0.45644547332073415
8294,13,1,3,1,2.5606653830441424,-2.6424989486186803,-0.11013524732188387
8295,13,4,1,0,3.7124212642602785,0.0,2.6186857641881014
8296,13,0,5,0,1.775301887313816,-1.7513451383983885,0.5148037748770917
8297,13,0,4,1,1.0551284975970212,-2.461312986051354,-0.03905767535474212
8298,13,2,3,0,2.7372490034669674,-0.724735305380797,1.1031683087651216
8299,13,1,4,0,2.7372490034669674,0.0,1.6436267049850557
8300,13,0,5,0,1.8173788616992077,-1.3133394876818585,0.8011033708961477
8301,13,0,5,0,1.775301887313816,-1.8423332919941409,0.5069631424109339
8302,13,0,4,1,1.1457223040697215,-2.482171590949015,-0.02511063503973432
8303,13,1,4,0,3.9335689283460447,-0.39346934591409877,1.0909483682815015
8304,13,1,4,0,3.9335689283460447,0.0,1.414401274332846
8305,13,2,3,0,3.620510491121184,0.0,1.872818273581315
8306,13,2,3,0,4.831653712697225,0.0,2.0333780383685207
8307,13,1,4,0,3.013698786578285,-0.02493329213975315,0.9946720839810524
8308,13,2,3,0,4.327038274260143,0.0,1.7225765152496577
8309,13,1,4,0,2.9716218121928932,-1.0908316046700577,0.717425654584666
8310,13,0,4,1,2.171456155568354,-3.1913921946323143,-0.07716858119156242
8311,13,3,2,0,3.7124212642602785,0.0,2.17037992306836
8312,13,4,1,0,5.179891097821418,0.0,3.1059440243847773
8313,13,1,4,0,3.4029080140540735,-0.22927522289338498,1.0104819061409642
8314,13,3,2,0,4.716247501735932,0.0,2.564903167788973
8315,13,1,4,0,3.360831039668682,0.0,1.4218486773480365
8316,13,1,4,0,2.5606653830441424,-1.6179253327489889,0.3709594865927649
8317,13,3,2,0,3.0231577209872533,0.0,2.233984277442648
8318,13,3,2,0,3.7963183680839165,0.0,2.474606015093811
8319,13,0,4,1,1.3832287610481693,-2.4075662498477115,0.15367530094223625
8320,13,3,2,0,2.6965682487300278,0.0,2.0133555635673837
8321,13,1,4,0,2.765491949755358,-0.2660932787913808,0.9935566955969037
8322,13,0,5,0,0.9284821460966839,-0.1890087560580156,0.3215053767620262
8323,13,0,5,0,0.905991440053775,0.0,0.42736385984558184
8324,13,0,5,0,2.2193309277356335,-1.094226762165853,0.8312731954189942
8325,13,0,5,0,1.286129567020275,0.0,0.725023079784713
8326,13,2,3,0,4.4688447863479475,0.0,2.242614946770238
8327,13,1,4,0,3.0765256955044116,0.0,1.8590640025218526
8328,13,1,4,0,3.0407122074300617,0.0,0.9413148768615095
8329,13,1,4,0,2.636764930955721,-2.1634242725248782,0.8498874390113969
8330,13,1,4,0,2.8953495580883875,0.0,1.0277355123423575
8331,13,0,5,0,0.531478569648101,-0.38022565862469193,0.12980569339059683
8332,13,2,3,0,3.8820634908271927,0.0,1.9812085182378887
8333,13,3,2,0,3.8820634908271927,-0.4449747834329507,1.7359435663869873
8334,13,2,3,0,2.6857435659481155,-0.776240742899649,0.9041771797194486
8335,13,0,5,0,1.8373215245614745,-0.776240742899649,0.549588721176027
8336,13,1,4,0,2.5568855585925796,0.0,1.2950183428612825
8337,13,0,5,0,1.5675362203304886,-0.07436049039933934,0.6730612070470443
8338,13,4,1,0,4.036973070796645,0.0,2.717117427126868
8339,13,1,4,0,2.737859885448948,0.0,1.6010413335396407
8340,13,0,5,0,1.6027073352745518,-0.5464074788456728,0.6584048660597013
8341,13,2,3,0,4.35405169511192,0.0,1.8288117914039943
8342,13,0,4,1,1.0229291365713138,-3.7772600669092853,-0.6043558720991307
8343,13,3,2,0,4.056028226016171,0.0,1.8120014682970365
8344,13,2,3,0,2.386561829726933,0.0,1.2870880969334706
8345,13,0,4,1,0.03433636387026695,-3.6227759226067278,-0.9434833481397092
8346,13,0,5,0,1.0060102748460018,-0.16057368647778247,0.3751213986000529
8347,13,0,5,0,1.662457021505599,0.0,1.157187302706241
8348,13,0,4,1,0.0,-3.045762175001059,-1.0811066475952884
8349,13,0,5,0,1.547414641889155,-1.4472062937161994,0.2598322050884619
8350,13,1,4,0,2.7328532490488477,-0.5772351386965475,0.9258382521416806
8351,13,2,3,0,3.484354936372931,0.0,1.8837148138255806
8352,13,0,4,1,0.06484042685762503,-3.026824441754261,-1.1648873017845958
8353,13,2,3,0,3.3031689738056045,0.0,1.4746489580925293
8354,13,0,5,0,2.247869238039506,-1.8201443625077331,0.7699146369453735
8355,13,2,3,0,2.9974381064460403,-0.43063435432986097,1.4975579596248685
8356,13,2,3,0,3.3287040659127385,0.0,1.895665100864828
8357,13,2,3,0,3.50476917534456,0.0,1.989736017634791
8358,13,4,1,0,4.4999521590467815,0.0,2.6722174153716862
8359,13,2,3,0,2.6975967608948643,0.0,1.7692873617145288
8360,13,1,4,0,2.7372490034669674,-0.6831828159362914,0.83458860813775
8361,13,0,5,0,0.7687863601176872,-0.7463264405623491,-0.2267524197195243
8362,13,0,5,0,1.9148373122689222,0.0,1.0899918146036192
8363,13,1,4,0,4.701089100223637,0.0,1.9185458940396636
8364,13,4,1,0,5.696272083925859,0.0,2.8859992120508893
8365,13,1,4,0,3.8820634908271927,-0.41003208645159006,1.278820489888607
8366,13,1,4,0,3.9335689283460447,-0.7061196272134538,1.356123520438492
8367,13,0,4,1,0.7614029562201345,-3.5569233753121026,-0.9571917453512071
8368,13,1,4,0,3.338236153852897,-2.1410288558078534,0.45176073156674973
8369,13,2,3,0,4.4516626443387395,-0.22964216041583185,1.6505476245937296
8370,13,2,3,0,5.203164331662823,0.0,2.345282402825444
8371,13,0,4,1,0.0,-2.599912842187127,-0.9455900860270781
8372,13,2,3,0,4.998705135254092,0.0,1.9449814236518066
8373,13,4,1,0,5.752057577676457,0.0,3.292698218766155
8374,13,2,3,0,5.042836973993158,-0.4835604685129411,1.9347774387999195
8375,13,0,5,0,2.1783074177969617,0.0,1.1643831168144785
8376,13,2,3,0,5.088902944225666,0.0,2.0444444838865365
8377,13,0,5,0,2.247869238039506,-0.2869254368805798,0.992792378033419
8378,13,2,3,0,4.692974267894527,0.0,2.002081691373848
8379,13,0,4,1,1.0452247997389001,-3.022788800808339,-0.27596695773249635
8380,13,2,3,0,5.024240227361226,-0.09936839486316273,2.074206695991795
8381,13,2,3,0,3.50476917534456,0.0,2.0377040382528477
8382,13,0,4,1,0.7687863601176872,-2.973223627442586,-0.4430414207338714
8383,13,0,5,0,2.1242176204636287,-1.5197448412746724,0.6872714604205129
8384,13,2,3,0,4.701089100223637,0.0,2.35152261709244
8385,13,0,5,0,1.7945202116163195,-1.686591020204169,0.05207240491011689
8386,13,2,3,0,3.338236153852897,-2.0967585888803413,1.0958124641919895
8387,13,2,3,0,4.4516626443387395,0.0,1.726873469333387
8388,13,2,3,0,5.203164331662823,0.0,2.379287192657839
8389,13,0,5,0,1.7836498221475168,-2.1033373356150484,-0.4635879574051998
8390,13,2,3,0,5.021978369095496,0.0,2.336706409059134
8391,13,0,5,0,1.9663953353332282,-0.5147313544033914,0.9184076774837309
8392,13,2,3,0,4.692974267894527,0.0,2.065378189660579
8393,13,2,3,0,5.024240227361226,-0.7393095346345007,2.3127969638233545
8394,13,1,4,0,2.3721800735585283,-2.0046563624312164,0.7351856820163732
8395,13,2,3,0,3.00195531320767,0.0,2.02601286400684
8396,13,0,5,0,0.0,-1.1075342696029153,-0.47093725029445255
8397,13,2,3,0,3.312694815109328,0.0,1.9528367231311676
8398,13,3,2,0,3.6725750068962455,-0.20469041960298995,1.9100305997841112
8399,13,3,2,0,3.3335534200069894,0.0,2.0307508399643672
8400,13,1,4,0,2.5939114574486375,0.0,1.6271083295389317
8401,13,3,2,0,6.319323260055665,0.0,2.6428958667028417
8402,13,0,4,1,1.949294838311154,-2.3476213685681344,0.6612310180799525
8403,13,2,3,0,2.698863706717688,-0.9686958800819951,1.0973113360992421
8404,13,0,5,0,0.746650400010548,-0.6977362974645445,0.10822520378854676
8405,13,2,3,0,5.048858367503051,0.0,2.33818559576451
8406,13,0,5,0,1.5604785525883074,-1.505085352940707,0.4865433473317715
8407,13,1,4,0,4.96934878683286,0.0,2.231480935305109
8408,13,0,5,0,0.020577423848273213,-1.1075342696029153,-0.5413984574687959
8409,13,3,2,0,2.8596462381661567,0.0,2.035548104960843
8410,13,3,2,0,3.0339473319233363,0.0,2.0571737332894053
8411,13,2,3,0,2.841627955538005,0.0,1.744355123643801
8412,13,0,5,0,2.145061484026204,0.0,1.3550776599536214
8413,13,4,1,0,6.331692565602907,0.0,2.858172429824272
8414,13,0,5,0,1.949294838311154,-2.1044473850951775,0.39792515250366095
8415,13,2,3,0,2.698863706717688,-1.4636261799406753,1.0814479907694285
8416,13,0,5,0,0.746650400010548,-0.33837751232273305,0.08136990834121179
8417,13,3,2,0,3.0301296661843864,0.0,2.041575187460657
8418,13,0,5,0,2.1515110640063853,-1.8146229225216501,0.5175156059911814
8419,13,0,5,0,0.24151678478946792,-1.5693389762606493,-0.6274854294436324
8420,13,3,2,0,4.131966233336456,0.0,2.5126787193833864
8421,13,0,5,0,1.1011350030747913,-0.709720757975326,-0.02971553928352506
8422,13,2,3,0,2.8661334919838737,0.0,1.8444639180023217
8423,13,2,3,0,3.617635179307957,0.0,2.028860976652967
8424,13,1,4,0,3.0031662096833536,-0.9344604236056036,0.41888474304799034
8425,13,3,2,0,3.227068908545924,0.0,2.282945180430791
8426,13,4,1,0,5.518242032846494,0.0,3.243643790198071
8427,13,1,4,0,3.4573078216382918,-0.913911023286289,1.3702846512297746
8428,13,1,4,0,2.7636476368187104,0.0,1.5843713802783121
8429,13,3,2,0,3.3491037797678267,0.0,2.3745800251021243
8430,13,1,4,0,2.551735554354977,0.0,1.5309709628673176
8431,13,3,2,0,2.9213380411863596,0.0,2.0268281912880868
8432,13,0,4,1,1.349091116054371,-3.4158394866478154,-0.2885054347986234
8433,13,2,3,0,3.252604000653058,-1.023612557221945,1.4840342344758235
8434,13,2,3,0,4.062453416862951,0.0,1.9783774209334972
8435,13,2,3,0,4.813955104187034,-0.7535836656166239,1.729235629758282
8436,13,1,4,0,2.9907969041361113,-0.9344604236056036,0.34087861359065386
8437,13,3,2,0,4.6504677501298985,0.0,2.583339355863695
8438,13,4,1,0,5.362848350200668,0.0,2.8856935055104116
8439,13,1,4,0,4.653627746517369,-1.4134820327767983,1.4664447725249858
8440,13,2,3,0,2.7562642329211577,0.0,1.6389304321127305
8441,13,3,2,0,4.740665559101473,0.0,2.4734047381240614
8442,13,2,3,0,3.9680235396298187,0.0,1.86603774325108
8443,13,2,3,0,4.344736882770334,0.0,1.983232930998831
8444,13,0,4,1,1.3417077121568184,-2.9209091867891352,-0.23418571738890037
8445,13,2,3,0,4.6760028422370326,-1.266786540694902,1.6768895443155245
8446,13,1,4,0,3.871665365596698,0.0,1.6330932522730577
8447,13,3,2,0,5.133679832693289,0.0,2.365178271135993
8448,13,0,4,1,0.0,-4.110799838345216,-1.295575999639287
8449,13,2,3,0,5.827502394784943,-0.3290980530502594,2.19043603937885
8450,13,4,1,0,3.8062220637026662,0.0,2.6071473688939326
8451,13,4,1,0,5.206218380251762,0.0,2.5131337936509226
8452,13,0,4,1,0.8196611003685135,-3.494355603532849,-0.6911309909050821
8453,13,2,3,0,5.717379580562806,0.0,2.166709078773414
8454,13,0,5,0,2.161036905310109,0.0,1.2176533569422687
8455,13,2,3,0,3.0774704957544827,0.0,1.9630060406121466
8456,13,0,5,0,0.0,-1.564440176847814,-0.5365873675191771
8457,13,4,1,0,7.070292016162185,0.0,3.064985149647206
8458,13,1,4,0,5.0774675412848715,0.0,1.3934683342603478
8459,13,1,4,0,3.5722738081902,0.0,1.8635588996086376
8460,13,0,5,0,0.1972537817801161,-1.564440176847814,-0.7294212375465797
8461,13,4,1,0,3.4910354737286475,0.0,2.2627545175954937
8462,13,2,3,0,5.696272083925859,0.0,3.0090453920939297
8463,13,2,3,0,3.338236153852897,-2.0967585888803413,1.0958124641919895
8464,13,0,5,0,1.7945202116163195,-1.686591020204169,0.05207240491011689
8465,13,3,2,0,4.4999521590467815,0.0,2.690258551203603
8466,13,0,5,0,2.1242176204636287,-1.5197448412746724,0.6872714604205129
8467,13,0,4,1,0.7687863601176872,-2.973223627442586,-0.4430414207338714
8468,13,2,3,0,5.042836973993158,0.0,2.202866048565472
8469,13,3,2,0,5.752057577676457,0.0,2.7315157305057918
8470,13,2,3,0,5.11217617806707,0.0,2.3020221156513037
8471,13,1,4,0,4.178590715793131,-0.3875164365149395,1.208625155319941
8472,13,2,3,0,5.024240227361226,-0.7393095346345007,2.3127969638233545
8473,13,1,3,1,2.7407609611873873,-2.382847661037001,0.21859976600759837
8474,13,0,5,0,1.9663953353332282,-0.5147313544033914,0.9184076774837309
8475,13,4,1,0,5.696272083925859,0.0,2.880325427928117
8476,13,1,4,0,4.701089100223637,0.0,1.9705140517414577
8477,13,2,3,0,3.9512675368562356,0.0,1.797605772213067
8478,13,1,4,0,2.848946235431008,-0.7346882534551433,0.8597812465467086
8479,13,1,4,0,3.320537545342706,0.0,1.307489090969942
8480,13,0,5,0,1.7945202116163195,-0.7463264405623491,0.1529815914549509
8481,13,3,2,0,4.4999521590467815,0.0,2.6202492576698924
8482,13,2,3,0,3.50476917534456,0.0,1.9954098017575632
8483,13,1,4,0,2.527868695272261,-0.3585266489327381,1.036221196071248
8484,13,1,4,0,2.8563296393285604,-0.7576250647323057,1.0014915267150535
8485,13,0,5,0,2.1242176204636287,-2.030906041585716,0.19722513320586188
8486,13,0,4,1,0.5982002867372422,-3.66704618953424,-0.756167195897816
8487,13,2,3,0,5.019563740151753,0.0,1.997613220196402
8488,13,3,2,0,3.751774279680287,0.0,2.2631211186845364
8489,13,2,3,0,5.11217617806707,0.0,2.2385068796603798
8490,13,2,3,0,4.178590715793131,-0.6824386520937722,1.3961451691307765
8491,13,3,2,0,5.179891097821418,0.0,2.727709753834386
8492,13,1,4,0,2.45137934634257,-1.0747347981673592,0.94056209412457
8493,13,2,3,0,5.021978369095496,0.0,2.3603691204081856
8494,13,0,4,1,1.7836498221475168,-2.8423998706168376,-0.4925027327282443
8495,13,2,3,0,5.024240227361226,0.0,2.252862253162958
8496,13,1,4,0,2.7407609611873873,-1.4184088462599433,0.44031104600813575
8497,13,2,3,0,2.9974381064460403,-1.070575494101199,1.2858036876332157
8498,13,0,5,0,2.247869238039506,-1.1802032227363952,0.8141368208622559
8499,13,3,2,0,2.9708536543404804,0.0,2.096925563679041
8500,13,0,5,0,1.547414641889155,-1.4472062937161994,0.2598322050884619
8501,13,0,4,1,0.0,-3.045762175001059,-1.0811066475952884
8502,13,2,3,0,3.3817448134291546,0.0,2.2218580958555356
8503,13,0,5,0,1.0060102748460018,-0.16057368647778247,0.3751213986000529
8504,13,0,4,1,0.03433636387026695,-3.6227759226067278,-0.9434833481397092
8505,13,2,3,0,3.324027578703266,0.0,1.7911266131876176
8506,13,2,3,0,4.033248182386565,0.0,2.0143134567684897
8507,13,2,3,0,3.3933667827771785,0.0,1.7905468074611393
8508,13,1,4,0,2.4597813205032395,-0.3155303236892131,0.8579079537169854
8509,13,2,3,0,3.3287040659127385,0.0,1.895665100864828
8510,13,0,5,0,1.0452247997389001,-0.957808769600657,0.22079509254642532
8511,13,0,5,0,2.247869238039506,-1.8201443625077331,0.7699146369453735
8512,13,1,4,0,4.653627746517369,-1.4134820327767983,1.4664447725249858
8513,13,4,1,0,5.362848350200668,0.0,2.8856935055104116
8514,13,3,2,0,4.740665559101473,0.0,2.4734047381240614
8515,13,2,3,0,2.7562642329211577,0.0,1.6389304321127305
8516,13,2,3,0,4.813955104187034,-0.7535836656166239,1.729235629758282
8517,13,2,3,0,4.062453416862951,0.0,1.9783774209334972
8518,13,3,2,0,4.6504677501298985,0.0,2.583339355863695
8519,13,1,4,0,2.9907969041361113,-0.9344604236056036,0.34087861359065386
8520,13,2,3,0,4.6760028422370326,-1.266786540694902,1.6768895443155245
8521,13,0,4,1,1.3417077121568184,-2.9209091867891352,-0.23418571738890037
8522,13,2,3,0,4.344736882770334,0.0,1.983232930998831
8523,13,2,3,0,3.9680235396298187,0.0,1.86603774325108
8524,13,1,4,0,3.4573078216382918,-0.913911023286289,1.3702846512297746
8525,13,4,1,0,5.518242032846494,0.0,3.243643790198071
8526,13,3,2,0,3.3491037797678267,0.0,2.3745800251021243
8527,13,1,4,0,2.7636476368187104,0.0,1.5843713802783121
8528,13,2,3,0,3.617635179307957,0.0,2.028860976652967
8529,13,2,3,0,2.8661334919838737,0.0,1.8444639180023217
8530,13,3,2,0,3.227068908545924,0.0,2.282945180430791
8531,13,1,4,0,3.0031662096833536,-0.9344604236056036,0.41888474304799034
8532,13,2,3,0,3.252604000653058,-1.023612557221945,1.4840342344758235
8533,13,0,4,1,1.349091116054371,-3.4158394866478154,-0.2885054347986234
8534,13,3,2,0,2.9213380411863596,0.0,2.0268281912880868
8535,13,1,4,0,2.551735554354977,0.0,1.5309709628673176
8536,13,2,3,0,2.841627955538005,0.0,1.744355123643801
8537,13,3,2,0,3.0339473319233363,0.0,2.0571737332894053
8538,13,4,1,0,6.331692565602907,0.0,2.858172429824272
8539,13,0,5,0,2.145061484026204,0.0,1.3550776599536214
8540,13,1,4,0,4.96934878683286,0.0,2.231480935305109
8541,13,0,5,0,1.5604785525883074,-1.505085352940707,0.4865433473317715
8542,13,3,2,0,2.8596462381661567,0.0,2.035548104960843
8543,13,0,5,0,0.020577423848273213,-1.1075342696029153,-0.5413984574687959
8544,13,3,2,0,3.0301296661843864,0.0,2.041575187460657
8545,13,0,5,0,0.746650400010548,-0.33837751232273305,0.08136990834121179
8546,13,2,3,0,2.698863706717688,-1.4636261799406753,1.0814479907694285
8547,13,0,5,0,1.949294838311154,-2.1044473850951775,0.39792515250366095
8548,13,3,2,0,3.3335534200069894,0.0,2.0307508399643672
8549,13,3,2,0,3.6725750068962455,-0.20469041960298995,1.9100305997841112
8550,13,3,2,0,6.319323260055665,0.0,2.6428958667028417
8551,13,1,4,0,2.5939114574486375,0.0,1.6271083295389317
8552,13,2,3,0,3.00195531320767,0.0,2.02601286400684
8553,13,1,4,0,2.3721800735585283,-2.0046563624312164,0.7351856820163732
8554,13,2,3,0,3.312694815109328,0.0,1.9528367231311676
8555,13,0,5,0,0.0,-1.1075342696029153,-0.47093725029445255
8556,13,2,3,0,5.048858367503051,0.0,2.33818559576451
8557,13,0,5,0,0.746650400010548,-0.6977362974645445,0.10822520378854676
8558,13,2,3,0,2.698863706717688,-0.9686958800819951,1.0973113360992421
8559,13,0,4,1,1.949294838311154,-2.3476213685681344,0.6612310180799525
8560,13,3,2,0,5.7419977207046315,0.0,2.9994742733068485
8561,13,3,2,0,3.510682218803275,-0.8416344043314083,1.562230771706826
8562,13,3,2,0,4.087695966408944,-0.37336831997777153,2.0020922371409546
8563,13,2,3,0,3.438143671244802,-1.1573469353628383,1.4209503677659938
8564,13,3,2,0,6.947799896392805,0.0,2.9744130371600477
8565,13,0,5,0,1.2352651400201893,-0.7048219585624906,0.24087720179356822
8566,13,3,2,0,3.4664192157939233,0.0,2.1328363463854054
8567,13,3,2,0,3.7270227909186247,0.0,2.6365099586820095
8568,13,0,2,3,0.0,-4.675457361583753,-2.0707761418632464
8569,13,0,4,1,0.26775295473632,-3.794415866350107,-1.0795183343649348
8570,13,0,5,0,0.0,-2.1123306621030693,-1.3681133309359907
8571,13,0,3,2,0.0,-3.083127349814358,-1.928249996108471
8572,13,0,5,0,0.8124914787395277,-0.3622992778745946,0.26891620391702276
8573,13,0,1,4,0.0,-6.750220355819934,-4.895988484257759
8574,13,0,1,4,0.0,-5.869093595009499,-4.197734665687154
8575,13,0,4,1,0.0,-3.3084223255268483,-1.4169497818811727
8576,13,0,5,0,0.26775295473632,-1.6707647174844666,-0.3376317694893558
8577,13,0,5,0,0.0,-2.2681804783336617,-1.2482836563766135
8578,13,0,4,1,0.0,-3.5266784606828203,-1.7992792784006872
8579,13,0,5,0,0.9498477962201761,-0.5507727045993356,0.2956235379779841
8580,13,0,4,1,0.0,-5.021958247364697,-2.137717479671141
8581,13,0,4,1,0.0,-3.7226598829826543,-1.6739063375526073
8582,13,0,4,1,0.13039663725567152,-2.577890452045658,-0.7170467343160312
8583,13,0,4,1,0.13039663725567152,-2.8359949701015026,-0.7447868641930363
8584,13,0,3,2,0.0,-2.9735894680669404,-1.5873552722377062
8585,13,0,5,0,0.0,-2.1123306621030693,-1.3681133309359907
8586,13,0,5,0,0.26775295473632,-1.4922962525429249,-0.6190944116034984
8587,13,0,2,3,0.0,-4.675457361583753,-2.0707761418632464
8588,13,0,1,4,0.0,-3.800331646324903,-2.4582204042706928
8589,13,0,5,0,1.720157648233858,-0.4779223178085168,0.5773579259683828
8590,13,0,5,0,1.5756881955005078,-0.9460961160937309,0.1804159650481786
8591,13,0,5,0,0.03156389334903764,-1.3551724971664214,-0.41375360277445805
8592,13,0,2,3,0.0,-3.782729329859464,-2.229875495392796
8593,13,0,4,1,0.03156389334903764,-2.6457626255207742,-0.651657681978979
8594,13,0,5,0,2.1223924452729435,0.0,0.813399792562084
8595,13,1,4,0,2.813943112971799,-0.3113628225082081,0.520398838060079
8596,13,0,5,0,0.22278079591571398,-1.480107429368136,-0.2494906100419442
8597,13,0,5,0,0.9088140727069423,-0.7940741525769077,0.2796448894239994
8598,13,0,5,0,0.8429074688759535,-0.4041241152396893,0.06576745886740554
8599,13,0,3,2,0.0,-2.786772382596748,-1.6729650243055487
8600,13,0,4,1,1.457314390449497,-3.421505676182271,-1.2938897628156851
8601,13,0,5,0,0.9088140727069423,-0.6212864929796957,0.15264099342687487
8602,13,0,4,1,0.22278079591571398,-2.454545722954098,-0.6692027143439454
8603,13,0,5,0,0.0,-1.5161389888030392,-0.587294382551999
8604,13,0,5,0,0.4978016996772787,-0.6110895284365121,-0.14487547143914908
8605,13,0,4,1,0.0,-2.9845479239639587,-1.2317662912816807
8606,13,0,5,0,0.6755430788019048,-1.293160790708555,-0.24949752824181742
8607,13,0,5,0,2.038983800787321,0.0,0.973223947991795
8608,13,0,5,0,1.2061409204266198,0.0,0.4931056757729337
8609,13,0,5,0,1.0791438847197412,-1.5227873546741684,-0.3406464439139533
8610,13,0,5,0,0.4088256703455819,-1.78048831620492,-0.530837641350368
8611,13,0,5,0,1.9099942792169173,-1.6269959193458732,-0.32093051306699677
8612,13,0,5,0,0.0,-2.0261270277153542,-1.3119409981168915
8613,13,0,5,0,0.30505183943894565,-1.4695649527957286,-0.6812122303407563
8614,13,0,5,0,0.6268122668218048,-1.3328438723665457,-0.4559487605973388
8615,13,1,4,0,3.196626886455334,-0.4813899024210926,0.8320836592816775
8616,13,0,5,0,0.4087071028082576,-0.693822562091654,-0.18098283562338652
8617,13,0,5,0,0.6723757997232198,-0.18293234555731175,0.22121284321802576
8618,13,0,5,0,0.4087071028082576,-0.17435336066852614,0.10692425592890373
8619,13,1,4,0,2.49133646425938,-0.8882227677532661,0.49691100727850424
8620,13,1,4,0,2.49133646425938,-0.2965833193876968,0.792694522207779
8621,13,0,5,0,0.15834258134541912,-1.3991129842876084,-0.5366582996229681
8622,13,0,5,0,0.0,-1.78048831620492,-0.8106839517153546
8623,13,0,2,3,0.0,-3.8264968157577712,-1.894066652903637
8624,13,0,2,3,0.0,-3.8904494485469883,-2.4855506054046614
8625,13,0,5,0,1.8079386546331904,0.0,0.3871687840423249
8626,13,1,4,0,3.242838151583463,0.0,1.3274835896785604
8627,13,2,3,0,3.242838151583463,-0.6932831553488086,1.5413917365096723
8628,13,0,5,0,1.8647122977720763,-0.6476112969635253,0.39617766642391034
8629,13,0,5,0,1.0207212903740874,-0.6932831553488086,-0.02918132266214215
8630,13,0,5,0,0.0,-2.08667063714876,-1.2707708996207985
8631,13,0,5,0,0.0,-2.259187151845641,-1.5224323422353634
8632,13,0,3,2,0.0,-3.556235589944489,-2.0221167631762027
8633,13,0,2,3,0.0,-3.5476566050557032,-2.2694855785572807
8634,13,0,3,2,0.0,-3.222311149610608,-1.596646249628629
8635,13,0,4,1,0.0,-3.2452479608877702,-1.4298081766500446
8636,13,0,2,3,0.0,-4.067125806478831,-2.554353899340981
8637,13,0,1,4,0.0,-4.067125806478831,-2.6847831592442972
8638,13,1,4,0,3.0616521890161366,0.0,0.8168600576559946
8639,13,2,3,0,3.285815150612713,-0.006919413939790786,1.5755898055946163
8640,13,0,5,0,1.3774492557234836,-0.8287972595308517,0.19001348047379593
8641,13,0,5,0,0.4063830339683072,-0.874469117916135,-0.26076055148369404
8642,13,0,5,0,0.5941598737103995,0.0,0.35649592422623966
8643,13,0,5,0,0.5941598737103995,-1.3732067787626079,-0.5803645104442701
8644,13,0,5,0,0.0,-0.7815673303970385,-0.4777723739728742
8645,13,0,5,0,1.3437287421169337,0.0,0.3006126050151515
8646,13,0,5,0,0.0,-1.3732067787626079,-0.988729714651079
8647,13,0,4,1,0.0,-2.483435223913851,-1.0254809425162321
8648,13,0,5,0,1.95221330670714,-0.9220954672198545,0.11399573228281809
8649,13,0,5,0,0.0796671414794119,-0.6236379103560736,-0.17804129220040465
8650,13,0,5,0,0.0,-2.1386208815243037,-0.736417057651441
8651,13,0,5,0,1.0046764872094727,0.0,0.36530853782033856
8652,13,0,5,0,0.4978016996772787,-1.8703323551079336,-0.4278195754516112
8653,13,0,4,1,1.050376060931594,-2.9845479239639587,-0.8467916020973838
8654,13,0,5,0,0.909718666446782,-1.6269959193458732,-0.4806071945268677
8655,13,0,5,0,2.1192167296154807,-1.1725165146968806,0.15134823670196837
8656,13,0,5,0,0.9745100252459586,-0.5836997478695167,0.37967271415655973
8657,13,1,4,0,2.337008668170011,-1.293160790708555,0.39145361685101465
8658,13,0,5,0,0.4647048840935426,-0.3403633121074563,0.10687627263508262
8659,13,1,4,0,3.4058493368538976,0.0,0.855445232055397
8660,13,0,5,0,2.038983800787321,-1.2889901700654711,-0.10506045279947855
8661,13,2,3,0,2.8779866869306225,-1.2889901700654711,0.9117550069146197
8662,13,0,5,0,1.6317182459740565,-1.5227873546741684,-0.13973957231142292
8663,13,1,4,0,2.700558914657943,-1.78048831620492,0.2954108092519441
8664,13,0,5,0,0.0,-1.916502536540854,-1.0571906443194634
8665,13,0,5,0,0.0,-2.0261270277153542,-1.5590634006399242
8666,13,0,5,0,0.0,-1.8817371183801797,-0.9032883702578133
8667,13,0,5,0,0.9745100252459586,-0.629869929302437,-0.04185767080720879
8668,13,0,5,0,0.4087071028082576,-0.6495522951641419,-0.17212878223788408
8669,13,0,5,0,0.6723757997232198,-0.5951045111417628,0.08941384651551942
8670,13,0,5,0,0.5309033737703395,-1.293160790708555,-0.3063430577497009
8671,13,0,5,0,0.0,-0.7778289697544274,-0.38481916730818144
8672,13,1,4,0,2.8779866869306225,-1.9984512129045093,0.13285701000245567
8673,13,0,5,0,0.23802498144640793,-1.3548427173600963,-0.3179782662831748
8674,13,0,5,0,0.0,-1.9984512129045093,-1.241703408927377
8675,13,0,3,2,0.0,-3.780326634324851,-2.335056123535498
8676,13,0,4,1,0.0,-3.8264968157577712,-1.6476902727542453
8677,13,0,2,3,0.0,-3.678016788876427,-2.1373539475762486
8678,13,0,5,0,1.6683325873376127,0.0,0.9321966514534381
8679,13,2,3,0,4.099671898945552,0.0,1.9005458978210767
8680,13,0,5,0,1.6874921656210624,0.0,0.7395219481328518
8681,13,2,3,0,2.5991963938938625,0.0,1.4384181928834558
8682,13,1,4,0,2.3832199332981396,-0.4351786372929638,0.8841513796931608
8683,13,1,4,0,2.3832199332981396,-0.323233110843276,1.0573371477168494
8684,13,0,2,3,0.0,-3.269165434013807,-2.3743503282475684
8685,13,0,2,3,0.0,-3.846179181619476,-2.476696552019159
8686,13,0,5,0,1.6683325873376127,0.0,0.8226137537326202
8687,13,0,5,0,1.8079386546331904,0.0,0.6519992933363625
8688,13,0,5,0,2.2062465152543353,0.0,0.8828538442350847
8689,13,0,5,0,2.2626937860610177,-1.0040927546338878,0.516409003647803
8690,13,0,5,0,1.8647122977720763,-0.6033410300360131,0.5445690067549563
8691,13,0,5,0,1.0207212903740874,-1.651704051597413,-0.31151138042052295
8692,13,0,2,3,0.0,-3.5369901985627905,-2.3754856031436886
8693,13,0,2,3,0.20922245039856335,-3.1518499979877106,-1.6138046702463504
8694,13,0,5,0,0.9897462607394445,0.0,0.4792234469945399
8695,13,1,4,0,2.5602299800282324,0.0,1.1906665048077762
8696,13,0,1,4,0.0,-3.7136665564946334,-2.5169741984628624
8697,13,0,3,2,0.032546092466720467,-3.742747620358582,-1.724794546484496
8698,13,0,2,3,0.0,-4.022855539551319,-2.335673866001188
8699,13,0,1,4,0.0,-4.666464035095732,-3.1158026164563197
8700,13,0,5,0,0.0,-1.1164001878569465,-0.6698401127141679
8701,13,0,2,3,0.0,-2.483435223913851,-1.4900611343483106
8702,13,0,5,0,0.0,-0.9220954672198545,-0.4422044507780242
8703,13,0,5,0,1.4257018531378165,-1.7338663555073168,0.22350747015366323
8704,13,0,5,0,0.7495688684065342,-0.36683131945041225,0.07055961672775908
8705,13,0,5,0,0.7495688684065342,-2.1386208815243037,-1.052307850029878
8706,13,1,4,0,3.296409731521834,-0.5908295077531562,1.06107114335011
8707,13,0,5,0,1.0808348278732325,0.0,0.543620753739755
8708,13,0,5,0,1.674994701583632,-1.8073549220576055,-0.1717760629316693
8709,13,1,4,0,2.3681340547852123,-0.04617018143292029,0.45515873838387433
8710,13,1,4,0,2.9207084160395276,-1.1142155688560251,0.7558265031050688
8711,13,0,3,2,0.0,-3.630169458878566,-1.651702729143824
8712,13,0,5,0,2.2228925756284745,-0.9316130250197503,0.44699685753425766
8713,13,0,5,0,2.2228925756284745,-1.189313986550502,0.6395318803756957
8714,13,0,5,0,2.0188098497747617,-0.04617018143292029,0.5454274608829891
8715,13,0,5,0,2.0188098497747617,-0.15579467260742064,0.7631944959294955
8716,13,0,2,3,0.0,-2.8183985705911034,-1.6913563620570926
8717,13,0,4,1,0.0,-2.9865609633341528,-1.4956453368657556
8718,13,0,5,0,1.7973152500810379,-0.7636683877056782,0.6682846961113761
8719,13,0,5,0,1.7578241990638688,-1.189313986550502,0.05898600586955851
8720,13,0,5,0,0.7480816263603778,-0.557331381743964,0.06743260750464727
8721,13,0,5,0,1.7449143472816928,-0.5770137476056689,0.684726175100024
8722,13,0,5,0,1.7636683877056782,0.0,0.8827718271275543
8723,13,0,5,0,0.0,-0.07615834066375982,-0.04569500439825589
8724,13,0,2,3,0.0,-3.4048389777159827,-2.1057578772010395
8725,13,0,1,4,0.0,-4.6914715849543995,-3.132293842204136
8726,13,0,2,3,0.0,-4.883034235655153,-2.89483789936492
8727,13,0,1,4,0.0,-6.015928506152498,-4.15683316462147
8728,13,0,3,2,0.0,-4.935929184087271,-2.266091511760277
8729,13,0,2,3,0.0,-5.385294147046054,-3.0062670857824565
8730,13,0,3,2,0.0,-5.385294147046054,-2.5565865793501104
8731,13,0,1,4,0.0,-5.554197771425613,-4.342016042512755
8732,13,0,5,0,0.0,-2.179581043238773,-0.8775929447373173
8733,13,0,5,0,0.0,-1.6025672956331043,-0.7276303929364069
8734,13,0,5,0,0.22700944871797546,-2.2238513101662853,-1.0258875810312091
8735,13,0,5,0,0.0,-2.2238513101662853,-1.3865050535935937
8736,13,0,2,3,0.0,-5.275171332823916,-3.2279572902658
8737,13,0,1,4,0.0,-5.275171332823916,-2.5715568459577183
8738,13,0,1,4,0.0,-5.275171332823916,-3.455335723555266
8739,13,0,1,4,0.0,-6.015928506152498,-3.2131756439679635
8740,13,0,1,4,0.0,-5.275171332823916,-3.9478241563873864
8741,13,0,1,4,0.0,-5.3410238801185415,-3.1838443855657133
8742,13,0,1,4,0.0,-5.3410238801185415,-3.855398699570131
8743,13,0,1,4,0.0,-5.554197771425613,-4.315453882356247
8744,13,0,5,0,0.0,-2.2238513101662853,-1.634579940165993
8745,13,0,5,0,1.666598138380703,-2.113728495944148,0.019537956478770012
8746,13,0,5,0,1.666598138380703,-2.179581043238773,0.10420129279105694
8747,13,0,5,0,0.0,-2.179581043238773,-0.994730475801002
8748,14,3,2,0,3.3845290661604004,0.0,1.9987307463706663
8749,14,0,5,0,0.21708265385211334,-2.0498067168730394,-0.6677994519299609
8750,14,0,1,4,0.0,-4.999967276551381,-3.979178148944393
8751,14,0,5,0,1.3110768274481899,-0.29926331900336933,0.32321705007521684
8752,14,1,4,0,2.800189203480599,0.0,1.5366499255175305
8753,14,0,1,4,0.0,-4.937769380153625,-3.630117478026059
8754,14,0,1,4,0.0,-4.5533683180767355,-3.480487611494283
8755,14,0,2,3,0.0,-2.835582464638204,-1.947623602890399
8756,14,0,5,0,1.098995068358139,0.0,0.5271539405485697
8757,14,0,1,4,0.0,-5.84468183032272,-3.8938776617931894
8758,14,4,1,0,4.900281220768495,0.0,2.9931866253677115
8759,14,4,1,0,5.895464204470716,0.0,3.7893330123294886
8760,14,2,3,0,3.41973058206581,0.0,2.1951505063933126
8761,14,2,3,0,4.154887723512086,0.0,2.3770998967527843
8762,14,4,1,0,4.900281220768495,0.0,2.9931866253677115
8763,14,2,3,0,3.41973058206581,0.0,2.1951505063933126
8764,14,0,1,4,0.0,-7.135744055581849,-5.616883721696806
8765,14,0,1,4,0.0,-7.135744055581849,-5.671826248689065
8766,14,0,1,4,0.0,-7.135744055581849,-5.616883721696806
8767,14,0,1,4,0.0,-5.440720177606689,-3.1605133305193034
8768,14,0,1,4,0.0,-5.440720177606689,-3.234720474866434
8769,14,0,5,0,0.0,-2.161503233441543,-0.9322158284264639
8770,14,0,4,1,0.0,-2.8722017193235168,-1.148411113171236
8771,14,0,1,4,0.0,-5.557962892153984,-3.959965356213499
8772,14,0,1,4,0.0,-5.557962892153984,-3.890735817814574
8773,14,0,1,4,0.0,-5.440720177606689,-3.234720474866434
8774,14,0,1,4,0.0,-5.440720177606689,-3.1605133305193034
8775,14,0,4,1,0.0,-2.8722017193235168,-1.148411113171236
8776,14,0,5,0,0.0,-2.161503233441543,-0.9322158284264639
8777,14,0,1,4,0.0,-5.557962892153984,-3.890735817814574
8778,14,0,1,4,0.0,-5.557962892153984,-3.959965356213499
8779,14,0,5,0,0.21542371665723792,-1.5825068489948464,-0.4848918921193771
8780,14,2,3,0,2.7477783618722604,0.0,1.5135205605565112
8781,14,0,5,0,0.21542371665723792,-1.5825068489948464,-0.4848918921193771
8782,14,0,5,0,0.9231143594223248,-1.7501098612676778,-0.17424368908380714
8783,14,0,5,0,2.2089103806729575,-0.46921263942988034,0.6682134843228873
8784,14,0,5,0,2.2089103806729575,-0.46921263942988034,0.6682134843228873
8785,14,0,5,0,0.9231143594223248,-1.7501098612676778,-0.17424368908380714
8786,14,0,2,3,0.0,-5.577005776892811,-2.9730988743076936
8787,14,0,5,0,1.9849551689679785,0.0,0.7623740733824427
8788,14,0,5,0,1.263714548083005,0.0,0.6181259492054479
8789,14,0,3,2,0.0,-4.163437537608697,-2.0909058665073226
8790,14,0,4,1,0.0,-2.7422022425323505,-1.4858187753620549
8791,14,0,3,2,0.0,-4.163437537608697,-2.0909058665073226
8792,14,0,3,2,0.0,-3.0092087230159095,-1.653786376015573
8793,14,0,3,2,0.09168637454938633,-3.0092087230159095,-1.3997179881388697
8794,14,0,5,0,0.4859450598697741,-0.8457310115691534,-0.12906380873536777
8795,14,0,5,0,0.4859450598697741,-0.8457310115691534,-0.23188541121662568
8796,14,0,2,3,0.0,-4.244781803988225,-2.76622899446748
8797,14,0,2,3,0.0,-4.1575114118865635,-2.4409881098249473
8798,14,0,5,0,0.4859450598697741,-0.8457310115691534,-0.23188541121662568
8799,14,0,5,0,0.4859450598697741,-0.8457310115691534,-0.12906380873536777
8800,14,0,2,3,0.8451325162562107,-5.063632364883659,-2.1114602061385113
8801,14,0,2,3,1.1273182423405714,-5.063632364883659,-2.020408291722177
8802,14,0,2,3,0.8451325162562107,-5.063632364883659,-2.1114602061385113
8803,14,0,5,0,0.1896054048491429,-2.2839217723076146,-1.0029322382914323
8804,14,0,5,0,0.4477448330171683,-1.2357270598380588,-0.3223875251760937
8805,14,0,5,0,0.1896054048491429,-2.2839217723076146,-1.0029322382914323
8806,14,1,4,0,2.5561882114231693,0.0,1.631526985442943
8807,14,0,5,0,1.9463672162501844,0.0,1.0394081078295065
8808,14,3,2,0,4.271272718302981,0.0,2.0149460882317505
8809,14,2,3,0,4.271272718302981,0.0,2.417319090728951
8810,14,1,4,0,2.4966162226434854,-0.07436049039933934,1.3423047793066574
8811,14,0,5,0,2.14463408214457,0.0,1.2483202506595326
8812,14,1,4,0,2.4966162226434854,0.0,1.5765300071620652
8813,14,1,4,0,4.322778155821833,0.0,1.2225303710155693
8814,14,2,3,0,2.992362446088954,0.0,1.6681030972656594
8815,14,2,3,0,2.7372490034669674,0.0,1.4944741321405943
8816,14,1,4,0,3.9335689283460447,0.0,1.3755767738523879
8817,14,2,3,0,4.322778155821833,0.0,2.214646195297971
8818,14,0,5,0,2.303098902815929,0.0,1.5915407162108957
8819,14,0,5,0,1.8258615818215347,0.0,1.1867508423804658
8820,14,1,4,0,2.5481216601623373,0.0,1.5466838049247407
8821,14,1,4,0,2.5561882114231693,0.0,1.631526985442943
8822,14,1,4,0,2.4966162226434854,-0.07436049039933934,1.3423047793066574
8823,14,0,5,0,1.5993362485017855,0.0,1.009087958889784
8824,14,0,5,0,1.5103731843004695,-0.4131747552616538,0.5695322619199438
8825,14,2,3,0,2.7653928256466287,0.0,1.4170051925654128
8826,14,0,4,1,0.4649200438022163,-3.5683281385843486,-0.7707108561649043
8827,14,0,5,0,1.9909373775286028,-0.741915871520245,0.7101819974837482
8828,14,1,4,0,2.7175435941194124,0.0,1.445787052177301
8829,14,1,4,0,3.9138635189984896,-0.744440714728352,1.083534222274082
8830,14,2,3,0,5.090298327699426,0.0,2.3043317029468753
8831,14,4,1,0,6.085481311401647,0.0,3.2408200992665215
8832,14,2,3,0,4.271272718302981,0.0,1.8066635168427005
8833,14,2,3,0,4.322778155821833,-0.39346934591409877,1.5851999693214105
8834,14,0,4,1,0.1834461410959385,-2.8591075349010495,-0.7126327794656298
8835,14,1,4,0,3.68647353897709,-1.4934175588443281,0.8715176288124994
8836,14,2,3,0,2.7175435941194124,-0.4131747552616538,1.306457123455528
8837,14,2,3,0,3.9138635189984896,0.0,1.934898867088466
8838,14,2,3,0,5.090298327699426,0.0,2.5684045832175357
8839,14,0,5,0,2.183729439092108,-2.2679332052466314,-0.1019455496280571
8840,14,2,3,0,3.7097467728184945,-2.042310804857962,1.2541913435164616
8841,14,2,3,0,2.9636596915410145,0.0,1.9021658014459397
8842,14,4,1,0,5.511489123756437,0.0,3.243889535615471
8843,14,0,4,1,2.2538889232847374,-2.608399055957829,0.6809632470360334
8844,14,1,4,0,3.9605823491978214,0.0,1.8642666250467144
8845,14,0,5,0,0.1663456440738642,-0.7571616025767263,-0.09987775833977963
8846,14,1,4,0,3.2442652912382,0.0,1.3265719199371788
8847,14,1,4,0,2.593381753699127,0.0,1.7539250580076562
8848,14,4,1,0,4.678635347822741,0.0,2.8584422312160873
8849,14,0,5,0,2.2538889232847374,-1.5392015455988037,0.5462462125251349
8850,14,0,5,0,2.3053943608035894,0.0,1.2342128171122908
8851,14,0,5,0,0.1663456440738642,-1.4431948793679545,-0.419345088598849
8852,14,0,5,0,1.6923629778002507,0.0,1.0825360904447876
8853,14,0,4,1,2.1267571422859426,-2.4280091299220707,0.6224244541839937
8854,14,2,3,0,2.8782588296100258,0.0,1.8988981694691538
8855,14,3,2,0,4.680641167369146,0.0,2.2472942370405384
8856,14,0,4,1,2.247869238039506,-2.81623990805182,0.5497671726514575
8857,14,2,3,0,2.9974381064460403,-2.0666710396452856,1.149422267376685
8858,14,0,5,0,1.0452247997389001,-0.7656309613112171,0.08281755155774562
8859,14,3,2,0,3.3287040659127385,0.0,2.178712532751269
8860,14,4,1,0,3.6834523641205195,0.0,2.50481386259048
8861,14,4,1,0,4.4999521590467815,0.0,2.9925894633056034
8862,14,1,4,0,2.6857435659481155,0.0,1.7660567251792643
8863,14,1,4,0,2.7372490034669674,-1.4876961080799518,0.9982524027146852
8864,14,0,5,0,0.7687863601176872,-0.5659447000100499,0.08525562142303969
8865,14,0,5,0,1.9148373122689222,0.0,1.0546261762175377
8866,14,4,1,0,4.701089100223637,0.0,2.836593015184657
8867,14,4,1,0,5.696272083925859,0.0,3.0871620549386805
8868,14,2,3,0,3.9090769116789694,0.0,2.243628319724297
8869,14,1,3,1,3.9335689283460447,-2.556893618438977,0.980487223836193
8870,14,0,5,0,1.7182479575118137,-0.3131871349081905,0.4665618845795244
8871,14,1,4,0,3.338236153852897,0.0,1.4024570123242008
8872,14,2,3,0,4.4516626443387395,0.0,2.425515517321375
8873,14,2,3,0,5.203164331662823,-0.6073099322389623,1.7508815321312752
8874,14,0,5,0,1.7391339799975576,-0.9344604236056036,0.035719923440514376
8875,14,3,2,0,4.998705135254092,0.0,2.4981279860108843
8876,14,4,1,0,5.752057577676457,0.0,2.989173510284432
8877,14,1,4,0,5.042836973993158,-1.8368348002676527,1.3741653747242757
8878,14,0,5,0,2.1783074177969617,0.0,1.4416854819341467
8879,14,2,3,0,5.088902944225666,0.0,2.4339204752084393
8880,14,0,5,0,1.9663953353332282,0.0,1.4439295335052393
8881,14,2,3,0,4.692974267894527,0.0,2.169875072806967
8882,14,0,4,1,0.7637508970326223,-4.018884346352426,-0.6548228021240945
8883,14,2,3,0,5.024240227361226,-1.7354050801785874,1.5673626236459293
8884,14,2,3,0,2.3721800735585283,0.0,1.389391587160499
8885,14,2,3,0,3.7963183680839165,0.0,2.1735885943095576
8886,14,1,4,0,3.5933095308422764,-1.7411165347796569,0.24267428668380617
8887,14,2,3,0,6.831638077790256,0.0,2.6719409587104295
8888,14,0,5,0,1.8871960625491866,0.0,1.3606757710789494
8889,14,1,4,0,2.636764930955721,0.0,1.648899310896605
8890,14,2,3,0,5.002997619052671,0.0,2.377923689537412
8891,14,1,4,0,3.8776704566935294,0.0,1.6225630026619762
8892,14,2,3,0,2.706247757662524,0.0,1.7825873279114859
8893,14,1,4,0,4.987634141704085,-1.7411165347796569,0.2437480463493536
8894,14,2,3,0,6.622904203535185,0.0,2.512948934508535
8895,14,1,4,0,3.9221627911794386,0.0,1.428577008425473
8896,14,0,5,0,2.2332547436404546,0.0,1.5037250629559076
8897,14,2,3,0,2.6261356829356863,0.0,1.81617197874901
8898,14,2,3,0,3.9138635189984896,0.0,1.934898867088466
8899,14,2,3,0,2.7175435941194124,-0.4131747552616538,1.306457123455528
8900,14,2,3,0,6.085481311401647,0.0,3.143113780348309
8901,14,2,3,0,3.7097467728184945,-2.042310804857962,1.2541913435164616
8902,14,0,5,0,2.183729439092108,-2.2679332052466314,-0.1019455496280571
8903,14,1,4,0,3.9138635189984896,0.0,1.5402300755088496
8904,14,1,4,0,2.7175435941194124,-0.744440714728352,0.9890911989425334
8905,14,4,1,0,6.085481311401647,0.0,3.100478089908653
8906,14,3,2,0,5.090298327699426,0.0,2.444673712304744
8907,14,1,4,0,4.299504921980429,0.0,1.7219939987369202
8908,14,0,5,0,2.2709894203068117,-0.4449747834329507,1.022719738354514
8909,14,1,4,0,3.7097467728184945,-1.333090201174663,1.0294569684672943
8910,14,0,4,1,2.183729439092108,-3.0194348925707146,-0.22342237004774787
8911,14,0,5,0,1.5103731843004695,-0.4131747552616538,0.5695322619199438
8912,14,0,5,0,1.5993362485017855,0.0,1.009087958889784
8913,14,3,2,0,3.7605758093488504,0.0,2.4345887693581942
8914,14,0,5,0,1.9909373775286028,-0.741915871520245,0.7101819974837482
8915,14,0,4,1,0.4649200438022163,-3.5683281385843486,-0.7707108561649043
8916,14,4,1,0,5.696272083925859,0.0,3.0871620549386805
8917,14,4,1,0,4.701089100223637,0.0,2.836593015184657
8918,14,1,3,1,3.9335689283460447,-2.556893618438977,0.980487223836193
8919,14,2,3,0,3.9090769116789694,0.0,2.243628319724297
8920,14,1,4,0,3.338236153852897,0.0,1.4024570123242008
8921,14,0,5,0,1.7182479575118137,-0.3131871349081905,0.4665618845795244
8922,14,4,1,0,4.4999521590467815,0.0,2.9925894633056034
8923,14,4,1,0,3.6834523641205195,0.0,2.50481386259048
8924,14,1,4,0,2.7372490034669674,-1.4876961080799518,0.9982524027146852
8925,14,1,4,0,2.6857435659481155,0.0,1.7660567251792643
8926,14,0,5,0,1.9148373122689222,0.0,1.0546261762175377
8927,14,0,5,0,0.7687863601176872,-0.5659447000100499,0.08525562142303969
8928,14,4,1,0,4.678635347822741,0.0,2.8584422312160873
8929,14,1,4,0,2.593381753699127,0.0,1.7539250580076562
8930,14,0,5,0,2.3053943608035894,0.0,1.2342128171122908
8931,14,0,5,0,2.2538889232847374,-1.5392015455988037,0.5462462125251349
8932,14,0,5,0,1.6923629778002507,0.0,1.0825360904447876
8933,14,0,5,0,0.1663456440738642,-1.4431948793679545,-0.419345088598849
8934,14,4,1,0,5.511489123756437,0.0,3.243889535615471
8935,14,2,3,0,2.9636596915410145,0.0,1.9021658014459397
8936,14,1,4,0,3.9605823491978214,0.0,1.8642666250467144
8937,14,0,4,1,2.2538889232847374,-2.608399055957829,0.6809632470360334
8938,14,1,4,0,3.2442652912382,0.0,1.3265719199371788
8939,14,0,5,0,0.1663456440738642,-0.7571616025767263,-0.09987775833977963
8940,14,3,2,0,4.680641167369146,0.0,2.2472942370405384
8941,14,3,2,0,3.4271520756236598,-0.05841668622532836,1.911194672125435
8942,14,0,4,1,2.1267571422859426,-2.4280091299220707,0.6224244541839937
8943,14,3,2,0,3.3287040659127385,0.0,2.178712532751269
8944,14,0,5,0,1.0452247997389001,-0.7656309613112171,0.08281755155774562
8945,14,2,3,0,2.9974381064460403,-2.0666710396452856,1.149422267376685
8946,14,0,4,1,2.247869238039506,-2.81623990805182,0.5497671726514575
8947,14,2,3,0,4.4688447863479475,0.0,2.2118974633605646
8948,14,3,2,0,3.6725750068962455,0.0,2.5003433396050334
8949,14,2,3,0,8.316160497623638,0.0,3.0229641280600505
8950,14,1,4,0,5.77951655023282,0.0,2.1168802267492834
8951,14,2,3,0,5.002997619052671,0.0,2.377923689537412
8952,14,0,5,0,0.6845516242485807,-0.12242920341022057,0.1888796543111347
8953,14,0,5,0,1.8871960625491866,0.0,1.3606757710789494
8954,14,0,1,4,0.0,-8.342489884757327,-5.1281378429097995
8955,14,0,1,4,0.0,-6.523588444779776,-4.6509306356465085
8956,14,0,1,4,0.0,-7.7654761371516585,-4.84999668049945
8957,14,0,1,4,0.0,-7.6929375895931855,-4.855180092954794
8958,14,0,4,1,0.0,-3.8493085851802213,-2.0459747245254567
8959,14,0,3,2,0.0,-4.196901563460937,-2.1351844421486392
8960,14,0,1,4,0.0,-8.276637337462702,-5.126337964741931
8961,14,0,1,4,0.0,-6.422971680821057,-4.697328966728085
8962,14,0,4,1,0.0,-5.246126293590994,-2.0381231799457558
8963,14,0,5,0,1.5413383399388323,0.0,0.8733973030886851
8964,14,0,5,0,0.0,-1.5825068489948464,-1.0194865509900737
8965,14,0,3,2,0.0,-4.539643506238036,-1.6458177084593608
8966,14,0,4,1,1.0430687218918848,-2.6244908649077985,-0.44773767174173074
8967,14,0,5,0,1.0430687218918848,-1.0443941193584507,-0.012060220378553055
8968,14,0,5,0,1.7760014019599168,-2.1123306621030693,-0.30450206191910495
8969,14,0,4,1,0.0,-4.746555284100484,-1.9310654723443215
8970,14,1,4,0,3.5087318135640224,0.0,1.204789965118131
8971,14,0,1,4,0.0,-5.799171973893202,-4.0813866835230375
8972,14,0,1,4,0.0,-5.016500822917962,-3.5155099481614194
8973,14,0,5,0,1.0244371126408645,0.0,0.6251326831151566
8974,14,0,5,0,0.0,-1.7198631664754949,-1.1799576765794626
8975,14,0,1,4,0.0,-4.918045213082767,-3.3959618723687632
8976,14,0,2,3,0.0,-5.897627583728397,-3.4699452791235976
8977,14,0,4,1,0.0,-4.296469522765079,-1.3723584661799606
8978,14,0,4,1,1.0430687218918848,-3.1194211647664787,-0.38516230379689986
8979,14,0,5,0,1.0430687218918848,-0.09334573743171859,0.26807414047494477
8980,14,0,5,0,0.0,-1.4775973685175465,-0.7524492085031724
8981,14,0,5,0,0.0,-1.5825068489948464,-1.0194865509900737
8982,14,0,5,0,1.0244371126408645,-2.214200638885462,0.12228950732382629
8983,14,0,4,1,0.0,-5.246126293590994,-2.0381231799457558
8984,14,0,5,0,1.7760014019599168,-2.1123306621030693,-0.30450206191910495
8985,14,0,5,0,1.0430687218918848,-1.0443941193584507,-0.012060220378553055
8986,14,0,4,1,1.0430687218918848,-2.6244908649077985,-0.44773767174173074
8987,14,0,3,2,0.0,-4.539643506238036,-1.6458177084593608
8988,14,0,2,3,0.0,-3.0592848753468793,-1.8308984336186058
8989,14,0,5,0,0.42760440217051254,-0.7750922178250157,-0.09148677499074793
8990,14,0,5,0,1.5933950866931355,0.0,0.6680214695285194
8991,14,1,4,0,4.160407429204671,-0.5838753152583394,0.8044187411555519
8992,14,0,4,1,1.672628563568889,-3.0592848753468793,-1.1783827680247285
8993,14,0,5,0,1.1649948807576642,-0.7750922178250157,0.055991320726682406
8994,14,0,5,0,1.863851920160819,0.0,0.7221128362220561
8995,14,0,5,0,0.5811508867711339,-0.5838753152583394,0.019337894269919786
8996,14,0,5,0,1.3492509369872145,-0.029747343394049608,0.6134991296090156
8997,14,0,5,0,0.0,-1.0747347981673592,-0.41487148423091114
8998,14,0,5,0,0.0,-1.8703323551079336,-1.0122159618572915
8999,14,0,5,0,0.010071210468900915,-0.693822562091654,-0.2650134255785289
9000,14,1,4,0,2.49133646425938,-0.6952192117270535,0.5831452058207418
9001,14,0,5,0,0.0,-1.3991129842876084,-0.5872304384216804
9002,14,1,4,0,3.242838151583463,-0.5836586641743082,1.1498917560981887
9003,14,0,5,0,1.957642607750703,-0.6476112969635253,0.24265789530795204
9004,14,0,4,1,0.0,-2.6977601655852723,-1.5769622971295711
9005,14,0,2,3,0.0,-3.373303244387177,-2.17953940682526
9006,14,0,4,1,0.0,-2.6680128221912227,-1.4044426267591057
9007,14,0,3,2,0.0,-2.782457330160554,-1.695874723284485
9008,14,0,5,0,1.8052855527701368,0.0,1.1965345378042975
9009,14,0,5,0,1.9756706706382587,0.0,1.3770403493232037
9010,14,0,5,0,2.24767354019394,-0.06665473883526829,0.8174391899620232
9011,14,0,2,3,0.0,-2.932597679588415,-1.6813894090585315
9012,14,0,1,4,0.0,-4.067125806478831,-2.6779559923479566
9013,14,0,3,2,0.0,-3.419514509515306,-1.9009891982420613
9014,14,0,2,3,0.2662006155171426,-3.419514509515306,-1.8362038370092975
9015,14,1,4,0,3.0616521890161366,0.0,0.9656934924100682
9016,14,0,5,0,0.4558712167874255,-0.8287972595308517,-0.16640796042509934
9017,14,0,5,0,1.6676802992660456,-0.18118596256732644,0.40607381272984855
9018,14,0,5,0,1.671296984641934,-0.18118596256732644,0.338939142665707
9019,14,1,4,0,3.129972147620066,0.0,1.2624556662886015
9020,14,1,4,0,3.129972147620066,0.0,1.4313996611632789
9021,14,0,5,0,1.4755707790891606,-0.7604773009269223,0.17675363800896804
9022,14,0,5,0,0.6768651337826412,-0.7604773009269223,0.007837784436799212
9023,14,0,5,0,0.0,-0.5147313544033914,-0.30883881264203483
9024,14,0,5,0,0.0,-1.1802032227363952,-0.7249413336565432
9025,14,0,5,0,0.2348375140031429,-1.070575494101199,-0.381262694839851
9026,14,0,5,0,0.0,-1.8201443625077331,-1.0522771271707512
9027,14,0,5,0,1.95221330670714,-0.43063435432986097,0.6099575899861918
9028,14,0,5,0,0.0,-1.070575494101199,-0.4526220324455238
9029,14,0,5,0,0.5661034734698411,-0.7393095346345007,-0.18250311915983203
9030,14,0,5,0,0.9033489963247163,-0.6495522951641419,0.06434030571479639
9031,14,0,5,0,1.1666498694094507,-1.2889901700654711,0.2248945807514815
9032,14,0,5,0,1.6317182459740565,-1.0747347981673592,0.09809143290765335
9033,14,0,5,0,1.048754630284666,-1.3351603514983914,-0.2587753702767969
9034,14,0,5,0,0.0,-1.3548427173600963,-0.7063646129904455
9035,14,2,3,0,3.6294883742547057,0.0,1.5040692855707647
9036,14,0,5,0,0.5218595269082513,-0.7535836656166239,0.04027979573265981
9037,14,1,4,0,3.6294883742547057,0.0,1.2045011703144581
9038,14,0,1,4,0.0,-3.44584179194565,-2.2896613123567304
9039,14,0,1,4,0.0,-4.022855539551319,-2.797090166916722
9040,14,0,2,3,0.0,-3.96840775552894,-2.0159619945670917
9041,14,0,3,2,0.2662006155171426,-3.96840775552894,-1.7952619106193972
9042,14,0,5,0,1.2926832751115036,-0.1391932863937413,0.4878288352939421
9043,14,1,4,0,3.5166223702913086,-0.43609911480667307,1.0124357957671557
9044,14,0,5,0,0.6768651337826412,-0.7162070339994102,-0.18230802596602302
9045,14,0,5,0,0.0,-1.8201443625077331,-1.09208661750464
9046,14,0,5,0,0.5338044604471968,-1.070575494101199,-0.0005933146413610757
9047,14,0,5,0,0.7495688684065342,-1.070575494101199,-0.2364550668708773
9048,14,0,5,0,2.2834792661738383,-0.09936839486316273,0.7686181364434447
9049,14,0,5,0,1.0808348278732325,-0.09936839486316273,0.28964030232334964
9050,14,0,5,0,0.0,-0.5147313544033914,-0.30883881264203483
9051,14,0,1,4,0.0,-3.986181162758445,-2.8568477162543156
9052,14,0,1,4,0.0,-6.389386901679941,-3.9609444998950627
9053,14,0,2,3,0.0,-3.986181162758445,-2.24086175846217
9054,14,0,1,4,0.0,-4.6914715849543995,-3.476852697754988
9055,14,0,2,3,0.0,-5.031834897061856,-3.050108721680379
9056,14,0,1,4,0.0,-5.430966005431337,-4.058325170528489
9057,14,0,3,2,0.0,-4.737682850082528,-2.3728478065690504
9058,14,0,1,4,0.0,-5.385294147046054,-3.4915001191075925
9059,14,0,4,1,1.457314390449497,-3.4048389777159827,-0.9167722536801861
9060,14,0,3,2,0.0,-4.6914715849543995,-2.2931716355249714
9061,14,0,3,2,0.0,-4.556496887515202,-2.230447851288191
9062,14,0,1,4,0.0,-5.385294147046054,-3.659723913680272
9063,14,0,5,0,1.8432744963125458,-0.6212864929796957,0.0853850930327134
9064,14,0,5,0,1.8432744963125458,-1.5300287480746313,-0.3932160527892002
9065,14,0,5,0,2.1223924452729435,-1.3950540506354336,0.3684540271370288
9066,14,0,5,0,1.720157648233858,-2.2238513101662853,-0.6767999144349737
9067,14,0,5,0,0.0,-2.192022137669902,-1.5962424657805934
9068,14,0,3,2,0.0,-3.382296570875198,-2.244959151550792
9069,14,0,3,2,0.0,-3.5652289164325097,-1.7576307141131182
9070,14,0,1,4,0.0,-4.076119132966852,-2.6747192355970855
9071,14,0,4,1,0.0,-2.746052844788707,-1.1908886312274098
9072,14,0,5,0,0.0,-2.1690390971830382,-1.1191781026256435
9073,14,0,5,0,0.24050811854544563,-1.6557949848258033,-0.7602565304025795
9074,14,0,3,2,0.0,-2.8359949701015026,-1.8536981604091907
9075,14,0,3,2,0.0,-3.3084223255268483,-1.3905237319819421
9076,14,0,1,4,0.0,-4.675457361583753,-3.220110518612118
9077,14,0,3,2,1.100126336830769,-2.746052844788707,-0.7854797276244518
9078,14,0,4,1,0.29641832188133677,-2.7903231117162193,-0.9786074037411815
9079,14,0,5,0,1.100126336830769,-1.9870609442925016,-0.4634382412801507
9080,14,0,2,3,0.0,-3.794415866350107,-2.250400043970582
9081,14,0,2,3,0.0,-4.675457361583753,-2.986235446266467
9082,14,0,2,3,0.0,-3.454835118433671,-2.4820229400128184
9083,14,0,3,2,0.023552765978699597,-4.03184886603934,-1.5990350017684527
9084,14,0,1,4,0.0,-3.9659963187447147,-2.8170164652474954
9085,14,0,4,1,0.0,-3.2728569655431343,-1.526322649857434
9086,14,0,2,3,0.0,-3.9659963187447147,-2.5605423733984134
9087,14,0,1,4,0.0,-5.275171332823916,-3.4673839191376694
9088,14,0,1,4,0.0,-6.389386901679941,-3.721556281394671
9089,14,0,1,4,0.0,-5.275171332823916,-3.3988683665985513
9090,14,0,1,4,0.0,-4.577355492412863,-2.959008299391397
9091,14,0,1,4,0.0,-5.286576096096162,-3.9319553236167506
9092,14,0,1,4,0.0,-5.430966005431337,-4.269028415548441
9093,14,0,1,4,0.0,-5.286576096096162,-3.8021648137584494
9094,14,0,1,4,0.0,-5.3410238801185415,-3.423747184264344
9095,14,0,2,3,1.457314390449497,-5.275171332823916,-2.622249267069594
9096,14,0,2,3,0.0,-4.646694696486776,-2.3227976424144066
9097,14,0,1,4,0.0,-4.7640101325128725,-3.3813086786143898
9098,14,0,1,4,0.0,-5.3410238801185415,-3.3135147989738236
9099,14,0,5,0,0.0,-2.113728495944148,-1.123064179833257
9100,14,0,5,0,1.8432744963125458,-1.4852518596070077,0.074185680844802
9101,14,0,5,0,2.1223924452729435,-1.6025672956331043,-0.2853790596657326
9102,14,0,5,0,1.8432744963125458,-2.179581043238773,0.1664369407949124
9103,14,0,2,3,0.0,-3.9659963187447147,-2.5605423733984134
9104,14,0,4,1,0.0,-3.2728569655431343,-1.526322649857434
9105,14,0,2,3,0.0,-3.9659963187447147,-2.3950876105960384
9106,14,0,3,2,0.0,-4.03184886603934,-1.8080207872361527
9107,14,0,3,2,0.0,-2.7903231117162193,-1.7899761212091456
9108,14,0,5,0,1.100126336830769,-1.9870609442925016,-0.21411024776352647
9109,14,0,4,1,0.29641832188133677,-2.680200297494082,-1.2112820737167405
9110,14,0,4,1,0.29641832188133677,-2.8359949701015026,-0.6217872944121737
9111,14,0,2,3,0.0,-3.454835118433671,-2.4820229400128184
9112,14,0,2,3,0.0,-4.675457361583753,-2.986235446266467
9113,14,0,3,2,0.0,-2.7903231117162193,-1.8386095291541438
9114,14,0,4,1,1.100126336830769,-2.746052844788707,-0.7063629248943457
9115,14,0,5,0,0.0,-2.1690390971830382,-1.368506096142268
9116,14,0,3,2,0.0,-3.794415866350107,-1.6513125539888462
9117,14,0,1,4,0.0,-4.675457361583753,-3.220110518612118
9118,14,0,3,2,0.0,-3.3084223255268483,-1.3905237319819421
9119,14,0,3,2,0.023552765978699597,-4.076119132966852,-1.6848481274465292
9120,14,0,4,1,0.0,-3.7226598829826543,-1.398674246081719
9121,14,0,3,2,0.0,-3.382296570875198,-2.244959151550792
9122,14,0,5,0,0.0,-2.192022137669902,-1.5962424657805934
9123,14,0,5,0,0.0,-0.31427245285724936,-0.06285449057144987
9124,14,0,3,2,0.0,-4.883034235655153,-2.065733946011357
9125,14,0,2,3,0.0,-4.935929184087271,-2.2517629715693617
9126,14,0,2,3,0.0,-3.4597249984127636,-2.276154010580587
9127,15,0,1,4,0.0,-5.018977281153969,-3.650023461990867
9128,15,0,1,4,0.0,-7.135744055581849,-4.872670168262916
9129,15,0,1,4,0.0,-7.135744055581849,-4.872670168262916
9130,15,0,5,0,0.0,-1.6509965385211274,-0.6388818596090438
9131,15,0,5,0,0.0,-1.6509965385211274,-0.6388818596090438
9132,15,0,1,4,0.0,-6.060750879985665,-3.779311015712531
9133,15,0,4,1,0.0,-3.0092087230159095,-1.5730730174277974
9134,15,0,2,3,0.476084800759196,-5.063632364883659,-2.4051079948887093
9135,15,0,2,3,0.476084800759196,-5.063632364883659,-2.4051079948887093
9136,15,0,5,0,1.9781672444214813,0.0,1.0997015402629458
9137,15,1,4,0,4.303072746474278,-0.019705409347555047,1.526910289673605
9138,15,2,3,0,4.303072746474278,0.0,2.0296637410840646
9139,15,1,4,0,2.5284162508147823,0.0,1.7179751122176938
9140,15,0,5,0,2.2856889514560343,0.0,1.241939358754923
9141,15,0,5,0,2.2538889232847374,-2.2101372694298114,0.7325249300074284
9142,15,1,4,0,4.628927105937613,0.0,1.9450614239984128
9143,15,0,5,0,0.4649200438022163,-1.5588179193018767,-0.18738261556438687
9144,15,1,4,0,2.7175435941194124,0.0,1.6844573770910927
9145,15,2,3,0,3.9138635189984896,0.0,2.1068249787486573
9146,15,4,1,0,5.442888034242152,0.0,3.1605164972198123
9147,15,4,1,0,6.085481311401647,0.0,3.317711789849013
9148,15,2,3,0,4.577421668418761,0.0,2.5550178179877023
9149,15,1,4,0,4.322778155821833,-2.1586318319109594,1.0525307368392576
9150,15,0,5,0,0.9735367259131458,-0.0093608463961381,0.2627935329373621
9151,15,1,4,0,3.68647353897709,-0.03280058557549026,1.3725384837064198
9152,15,3,2,0,5.833482444600794,0.0,2.665266759691015
9153,15,1,4,0,3.9479763978330276,-0.29926331900336933,0.7620101500150505
9154,15,1,4,0,6.355120492369849,0.0,1.9976532036264865
9155,15,3,2,0,7.410213801094972,0.0,2.8325018558530957
9156,15,1,4,0,4.829103158643463,-0.914431006380287,0.6604443396703232
9157,15,1,4,0,5.473993731559414,0.0,1.7041826021135194
9158,15,2,3,0,4.303072746474278,0.0,2.0296637410840646
9159,15,1,4,0,4.303072746474278,-0.019705409347555047,1.526910289673605
9160,15,0,5,0,1.9781672444214813,0.0,1.0997015402629458
9161,15,2,3,0,3.9138635189984896,0.0,2.1068249787486573
9162,15,1,4,0,2.7175435941194124,0.0,1.6844573770910927
9163,15,0,5,0,2.2856889514560343,0.0,1.241939358754923
9164,15,1,4,0,2.5284162508147823,0.0,1.7179751122176938
9165,15,1,4,0,4.628927105937613,0.0,1.9450614239984128
9166,15,0,5,0,2.2538889232847374,-2.2101372694298114,0.7325249300074284
9167,15,1,4,0,2.4995540596395323,0.0,1.5399021804597268
9168,15,4,1,0,8.405396784797194,0.0,3.776759417951628
9169,15,1,4,0,6.355120492369849,0.0,1.9976532036264865
9170,15,1,4,0,3.9479763978330276,-0.29926331900336933,0.7620101500150505
9171,15,0,1,4,0.0,-8.080444319815754,-5.75996801315925
9172,15,0,1,4,0.0,-8.830013188222289,-5.964824313832816
9173,15,0,1,4,0.0,-9.161279147688987,-6.031077505726156
9174,15,0,1,4,0.0,-8.080444319815754,-5.75996801315925
9175,15,0,4,1,0.0,-6.04767555468646,-2.250590868981179
9176,15,0,5,0,0.46980041295033814,-1.9607033425994587,-0.912480906254357
9177,15,0,1,4,0.0,-6.640831159327071,-4.244888672041574
9178,15,0,1,4,0.0,-5.348797688165654,-4.057843409856557
9179,15,0,1,4,0.0,-5.348797688165654,-3.7494726236099027
9180,15,0,4,1,0.0,-4.978478044327435,-2.029607861206041
9181,15,0,5,0,0.0,-2.098059660080107,-1.4166101234576032
9182,15,0,1,4,0.0,-6.162908841518554,-4.191885651014473
9183,15,0,1,4,0.0,-5.788238387235534,-4.036126737109931
9184,15,0,5,0,0.46980041295033814,-1.9607033425994587,-0.912480906254357
9185,15,0,4,1,0.0,-6.04767555468646,-2.250590868981179
9186,15,0,1,4,0.0,-6.422971680821057,-3.7062348643226626
9187,15,0,5,0,0.0,-2.3145736437482114,-1.3442736937333337
9188,15,1,4,0,2.3357013948150787,0.0,1.0606166144596991
9189,15,0,2,3,0.0,-6.170140076478528,-3.441033882641302
9190,15,0,2,3,0.04541274995384015,-5.289013315668093,-2.701517704793491
9191,15,0,5,0,0.0,-1.1165275960909362,-0.7176225474450604
9192,15,0,5,0,0.5774597588146513,-0.11110220823587369,0.19559364937909648
9193,15,0,5,0,1.7301406535095367,-0.9434537500936244,-0.17302062182273872
9194,15,0,5,0,0.6362005255337522,-2.3145736437482114,-0.7986963465255797
9195,15,0,5,0,1.725163563375741,0.0,0.7522458282130451
9196,15,0,2,3,0.5586106000052133,-6.170140076478528,-3.1275541912694775
9197,15,0,2,3,0.0,-5.289013315668093,-2.7778792488439676
9198,15,0,5,0,1.7301406535095367,-0.9434537500936244,-0.17302062182273872
9199,15,0,5,0,0.5774597588146513,0.0,0.29734463815933837
9200,15,0,5,0,0.0,-1.1165275960909362,-0.7176225474450604
9201,15,0,2,3,0.0,-3.0592848753468793,-1.8355709252081276
9202,15,0,5,0,0.10215796153288892,0.0,0.061294776919733354
9203,15,0,3,2,0.0,-2.6680128221912227,-1.3309575059172907
9204,15,0,1,4,0.0,-3.419514509515306,-2.4697302734428996
9205,15,0,5,0,0.30573086735956423,-0.7300792085809604,-0.12110686075774453
9206,15,0,5,0,1.8002563176087492,-0.6073099322389623,0.25678690779310787
9207,15,0,1,4,0.0,-4.624816846119131,-3.200403629870401
9208,15,0,1,4,0.0,-5.275171332823916,-3.8750707758216207
9209,15,0,3,2,0.4668263878807153,-4.624816846119131,-1.8924679923128167
9210,15,0,1,4,0.0,-5.219461900237633,-3.827691696790899
9211,15,0,4,1,1.672628563568889,-4.624816846119131,-1.1177049927369374
9212,15,0,2,3,0.0,-4.624816846119131,-2.9963225387110817
9213,15,0,5,0,1.863851920160819,-1.463374009239363,0.33841720198018665
9214,15,0,5,0,1.5933950866931355,-1.4852518596070077,-0.5500569665577337
9215,15,0,2,3,0.0,-2.706753492073293,-2.0505575854203366
9216,15,0,1,4,0.0,-3.4285078360033268,-2.4838660702330606
9217,15,0,4,1,0.0,-2.691605060766328,-1.1300863504667056
9218,15,0,4,1,0.0,-2.7263704789270022,-1.551152009652889
9219,15,0,5,0,0.0,-1.4336685225722157,-0.9144989730468438
9220,15,0,5,0,0.0,-2.0965005496245652,-1.4218132318332017
9221,15,0,1,4,0.0,-4.012166500177635,-2.8284078275454845
9222,15,0,4,1,0.29641832188133677,-2.691605060766328,-1.1319778156032583
9223,15,0,5,0,0.0,-2.142711814752694,-1.6397173110567778
9224,15,0,5,0,1.100126336830769,-1.8005768509767748,-0.6161828703881426
9225,15,0,4,1,0.0,-2.7903231117162193,-1.5339939175278183
9226,15,0,5,0,1.7760014019599168,-2.095663963636781,-0.14754576631949945
9227,15,0,4,1,0.0,-4.296469522765079,-1.2852445621663926
9228,15,0,2,3,0.0,-4.539643506238036,-2.7596349579599773
9229,15,0,4,1,1.2768026947626119,-3.1194211647664787,-0.4502809214733574
9230,15,0,2,3,0.0,-4.012166500177635,-2.831798160376292
9231,15,0,1,4,0.0,-3.9774010820169607,-2.533224028195508
9232,15,0,1,4,0.0,-3.2728569655431343,-2.50319428285675
9233,15,0,2,3,0.0,-4.539643506238036,-2.276899907168725
9234,15,0,2,3,0.0,-4.296469522765079,-2.2995794534077874
9235,15,0,4,1,0.0,-2.4039342201336353,-1.2619412357092905
9236,15,0,3,2,1.7760014019599168,-3.9659963187447147,-1.4925209752702742
9237,15,0,1,4,0.0,-6.502663156387889,-5.163587255497063
9238,15,0,1,4,0.0,-7.6929375895931855,-5.828154072073737
9239,15,0,1,4,0.0,-7.252232024794424,-4.549503317491603
9240,15,0,1,4,0.0,-8.38676015168484,-6.255596870591705
9241,15,0,1,4,0.0,-8.276637337462702,-5.056595951198408
9242,15,0,1,4,0.0,-7.6929375895931855,-5.186476642672953
9243,15,0,1,4,0.0,-7.7654761371516585,-5.029060708527583
9244,15,0,1,4,0.0,-8.38676015168484,-6.3792492009928825
9245,15,0,1,4,0.0,-5.619999829821353,-3.6359099584726122
9246,15,0,1,4,0.0,-5.619999829821353,-4.293664670967519
9247,15,0,2,3,0.4668263878807153,-5.619999829821353,-2.8754447261680554
9248,15,0,1,4,0.0,-5.619999829821353,-3.967829412073597
9249,15,0,2,3,1.672628563568889,-5.619999829821353,-2.6481521318452033
9250,15,0,2,3,0.0,-5.619999829821353,-2.85800407413058
9251,15,0,4,1,1.863851920160819,-2.4585569929415847,-0.6950021966046414
9252,15,0,4,1,1.8432744963125458,-2.4585569929415847,0.08528923854620558
9253,15,0,1,4,0.0,-3.2728569655431343,-2.50319428285675
9254,15,0,2,3,0.0,-3.9774010820169607,-2.3214369240252433
9255,15,0,5,0,0.0,-2.142711814752694,-1.354709532769509
9256,15,0,4,1,0.29641832188133677,-2.7263704789270022,-1.160709348311461
9257,15,0,4,1,0.0,-2.680200297494082,-1.4675440622326739
9258,15,0,2,3,0.0,-4.012166500177635,-2.831798160376292
9259,15,0,4,1,0.0,-2.691605060766328,-1.5224204769446863
9260,15,0,4,1,0.0,-2.691605060766328,-1.4150941287539744
9261,15,0,5,0,0.0,-2.1690390971830382,-1.4283924003476067
9262,15,0,4,1,1.2768026947626119,-2.746052844788707,-0.8491335054546347
9263,15,0,1,4,0.0,-4.012166500177635,-2.8284078275454845
9264,15,0,2,3,0.0,-3.4285078360033268,-1.9147678517204696
9265,15,0,2,3,0.0,-2.706753492073293,-2.0505575854203366
9266,15,0,3,2,0.0,-3.382296570875198,-1.5928170332584883
9267,15,0,1,4,0.0,-8.276637337462702,-6.21154774490285
9268,15,0,1,4,0.0,-7.252232024794424,-4.8933506048057325
9269,15,0,1,4,0.0,-7.7654761371516585,-5.857169491097126
9270,15,0,1,4,0.0,-8.342489884757327,-5.938061216458086
9271,15,0,5,0,1.3091750140792016,-1.5978622639595024,0.20409755283978015
9272,15,0,4,1,1.3091750140792016,-3.5652289164325097,-1.0788235492809015
9273,15,0,4,1,0.0,-2.9735894680669404,-1.2801275357539148
9274,15,1,4,0,2.5949710353298343,-1.5761278433463914,0.2659243139582827
9275,15,0,4,1,0.0,-3.3084223255268483,-1.4025915942255964
9276,15,0,4,1,0.0,-4.675457361583753,-1.401585290720486
9277,15,0,4,1,0.11956147524129435,-2.577890452045658,-0.6049601556708595
9278,15,0,5,0,1.2857960212506327,-1.6707647174844666,-0.12813242399515942
9279,15,1,3,1,2.5949710353298343,-3.794415866350107,0.04118253309433086
9280,15,0,5,0,0.0,-2.2681804783336617,-0.8436431530437971
9281,16,0,1,4,0.0,-6.596758444581834,-4.624826506922145
9282,16,0,4,1,1.334722349287361,-3.9153296760130054,-1.3360441520943447
9283,16,1,4,0,3.471076526899928,0.0,1.9689830367526953
9284,16,2,3,0,4.303072746474278,0.0,2.4339641371632545
9285,16,1,4,0,6.83905726953277,0.0,2.602401095708661
9286,16,1,4,0,6.83905726953277,0.0,2.454289920571906
9287,16,1,4,0,3.471076526899928,0.0,1.9689830367526953
9288,16,1,4,0,6.83905726953277,0.0,2.602401095708661
9289,16,0,1,4,0.0,-6.906465248660165,-5.011437278763044
9290,16,0,1,4,0.0,-7.174218203396485,-5.2960677465093
9291,16,0,1,4,0.0,-6.906465248660165,-5.011437278763044
9292,16,0,2,3,0.0,-5.94350816543837,-3.2982634128214157
9293,16,0,2,3,0.0,-5.427168614808924,-3.15425035567144
9294,16,0,2,3,0.10938919649286305,-5.254094768811612,-2.9434102343098907
9295,16,0,2,3,0.0,-5.94350816543837,-2.98291714152258
9296,16,0,2,3,0.10938919649286305,-5.254094768811612,-2.9434102343098907
9297,16,0,2,3,0.0,-5.427168614808924,-3.15425035567144
9298,16,0,5,0,0.5644637824805336,-1.7501098612676778,-0.7288184404981607
9299,16,0,5,0,0.5774597588146513,-0.6820948414838561,-0.20665255254065898
9300,16,0,5,0,0.5644637824805336,-1.7501098612676778,-0.7288184404981607
9301,16,0,2,3,0.0,-4.624816846119131,-2.774890107671479
9302,16,0,4,1,0.0,-2.4585569929415847,-1.077061002284062
9303,16,0,3,2,0.0,-3.0250287944915186,-1.663732836815862
9304,16,0,4,1,0.0,-3.0250287944915186,-1.7145556125817223
9305,16,0,3,2,0.0,-3.3156418320399297,-1.3315394525796642
9306,16,0,2,3,0.0,-5.008262045721722,-2.737500398184795
9307,16,0,4,1,0.0,-3.722466024471089,-1.6767981096503561
9308,16,0,2,3,0.0,-5.008262045721722,-2.741112177382689
9309,16,0,3,2,0.0,-4.310824815742151,-1.9540143819962694
9310,16,0,2,3,0.0,-2.5284162508147823,-1.5966011947379002
9311,16,0,2,3,1.7301406535095367,-3.3375196824075744,-1.4946629924240789
9312,16,0,1,4,0.0,-6.987647167397231,-5.457042946508765
9313,16,0,1,4,0.0,-7.739148854721314,-5.907557395119705
9314,16,0,1,4,0.0,-6.807257241361473,-4.389837817632276
9315,16,0,1,4,0.0,-7.557962892153988,-5.835083010092775
9316,16,0,1,4,0.0,-8.080444319815754,-6.464355455852603
9317,16,0,1,4,0.0,-8.830013188222289,-6.914096776896524
9318,16,0,1,4,0.0,-9.161279147688987,-7.19651693436451
9319,16,0,1,4,0.0,-7.578821497051649,-5.345050012283298
9320,16,0,1,4,0.0,-8.288042100734948,-6.093890323719542
9321,16,0,1,4,0.0,-7.648160701125562,-4.825315288659835
9322,16,0,1,4,0.0,-7.583497984261122,-5.742959758829412
9323,16,0,1,4,0.0,-9.161279147688987,-7.112856352576543
9324,16,0,4,1,0.0,-2.691605060766328,-1.5932321935100717
9325,16,0,4,1,0.0,-2.691605060766328,-1.6149965775402344
9326,16,0,3,2,0.0,-3.3156418320399297,-1.3315394525796642
9327,16,0,1,4,0.0,-7.578821497051649,-5.843426452051839
9328,16,0,1,4,0.0,-8.288042100734948,-5.977200919843852
9329,16,0,1,4,0.0,-8.080444319815754,-6.464355455852603
9330,16,0,4,1,0.5644637824805336,-2.706753492073293,-0.31556518542244516
9331,16,0,4,1,0.5644637824805336,-3.372225360406297,-1.212289692382177
9332,16,0,4,1,1.8502598037311664,-2.7263704789270022,0.1948298257070661
9333,16,0,5,0,0.0,-1.1219905243786066,-0.49723604146926376
9334,16,0,1,4,0.0,-6.406304982354769,-3.6058106048859058
9335,16,0,1,4,0.0,-7.6929375895931855,-4.577134862088089
9336,16,0,1,4,0.0,-6.162908841518554,-4.113259520668603
9337,16,0,1,4,0.0,-8.38676015168484,-5.011301959269881
9338,16,0,1,4,0.0,-8.276637337462702,-4.494195484407745
9339,16,0,1,4,0.0,-5.59643703996862,-4.109733128454087
9340,16,0,1,4,0.0,-7.7654761371516585,-4.767092607471364
9341,16,0,1,4,0.0,-8.342489884757327,-4.488129497384126
9342,17,0,2,3,0.0,-6.596758444581834,-4.08736771420378
9343,17,0,2,3,0.0,-6.596758444581834,-4.08736771420378
9344,17,0,2,3,0.0,-6.060750879985665,-3.2431896313681796
9345,17,0,2,3,0.5644637824805336,-4.310824815742151,-2.1171204199637104
9346,17,0,1,4,0.0,-7.626282850757917,-5.773416036847756
9347,17,0,1,4,0.0,-8.621465834460139,-5.993054808595741
9348,17,0,1,4,0.0,-6.987647167397231,-3.682489232997103
9349,17,0,1,4,0.0,-7.739148854721314,-4.596419703755051
9350,17,0,2,3,0.10938919649286305,-4.319634345206008,-2.377773382012795
9351,17,0,1,4,0.0,-8.080444319815754,-5.149142173250662
9352,17,0,1,4,0.0,-8.830013188222289,-5.813374355432222
9353,17,0,1,4,0.0,-9.161279147688987,-5.879627547325562
9354,17,0,1,4,0.0,-7.578821497051649,-4.057883303178113
9355,17,0,1,4,0.0,-8.080444319815754,-5.149142173250662
9356,17,0,3,2,0.0,-3.001466004638786,-1.2005864018555144
9357,17,0,3,2,0.0,-6.162908841518554,-2.4651635366074216
9358,18,0,2,3,0.0,-6.596758444581834,-3.9580550667491003
9359,18,0,2,3,0.0,-7.626282850757917,-2.8958974101141792
9360,18,0,3,2,0.0,-5.8884221821458524,-2.986481338229487
9361,18,0,3,2,0.0,-7.174218203396485,-3.50079974672974
9362,18,0,3,2,0.0,-5.8884221821458524,-2.986481338229487
9363,19,0,5,0,0.0,-1.577781163427865,-0.9466686980567189
9364,20,0,5,0,0.0,0.0,0.0
