graph_id,num_edges,edges
1,4,"[(0, 4), (1, 4), (2, 4), (3, 4)]"
2,4,"[(0, 4), (1, 4), (2, 4), (4, 3)]"
3,4,"[(0, 4), (1, 4), (4, 2), (4, 3)]"
4,4,"[(0, 4), (4, 1), (4, 2), (4, 3)]"
5,4,"[(4, 0), (4, 1), (4, 2), (4, 3)]"
6,4,"[(0, 3), (0, 4), (1, 4), (2, 4)]"
7,4,"[(0, 3), (0, 4), (1, 4), (4, 2)]"
8,4,"[(0, 3), (0, 4), (4, 1), (4, 2)]"
9,4,"[(0, 3), (4, 0), (1, 4), (2, 4)]"
10,4,"[(0, 3), (4, 0), (1, 4), (4, 2)]"
11,4,"[(0, 3), (4, 0), (4, 1), (4, 2)]"
12,4,"[(3, 0), (0, 4), (1, 4), (2, 4)]"
13,4,"[(3, 0), (0, 4), (1, 4), (4, 2)]"
14,4,"[(3, 0), (0, 4), (4, 1), (4, 2)]"
15,4,"[(3, 0), (4, 0), (1, 4), (2, 4)]"
16,4,"[(3, 0), (4, 0), (1, 4), (4, 2)]"
17,4,"[(3, 0), (4, 0), (4, 1), (4, 2)]"
18,4,"[(0, 2), (0, 4), (1, 3), (1, 4)]"
19,4,"[(0, 2), (0, 4), (1, 3), (4, 1)]"
20,4,"[(0, 2), (0, 4), (3, 1), (1, 4)]"
21,4,"[(0, 2), (0, 4), (3, 1), (4, 1)]"
22,4,"[(0, 2), (4, 0), (1, 3), (4, 1)]"
23,4,"[(0, 2), (4, 0), (3, 1), (1, 4)]"
24,4,"[(0, 2), (4, 0), (3, 1), (4, 1)]"
25,4,"[(2, 0), (0, 4), (3, 1), (1, 4)]"
26,4,"[(2, 0), (0, 4), (3, 1), (4, 1)]"
27,4,"[(2, 0), (4, 0), (3, 1), (4, 1)]"
28,5,"[(0, 4), (4, 0), (1, 4), (2, 4), (3, 4)]"
29,5,"[(0, 4), (4, 0), (1, 4), (2, 4), (4, 3)]"
30,5,"[(0, 4), (4, 0), (1, 4), (4, 2), (4, 3)]"
31,5,"[(0, 4), (4, 0), (4, 1), (4, 2), (4, 3)]"
32,5,"[(0, 3), (0, 4), (1, 4), (4, 1), (2, 4)]"
33,5,"[(0, 3), (0, 4), (1, 4), (4, 1), (4, 2)]"
34,5,"[(0, 3), (4, 0), (1, 4), (4, 1), (2, 4)]"
35,5,"[(0, 3), (4, 0), (1, 4), (4, 1), (4, 2)]"
36,5,"[(0, 3), (0, 4), (4, 0), (1, 4), (2, 4)]"
37,5,"[(0, 3), (0, 4), (4, 0), (1, 4), (4, 2)]"
38,5,"[(0, 3), (0, 4), (4, 0), (4, 1), (4, 2)]"
39,5,"[(3, 0), (0, 4), (1, 4), (4, 1), (2, 4)]"
40,5,"[(3, 0), (0, 4), (1, 4), (4, 1), (4, 2)]"
41,5,"[(3, 0), (4, 0), (1, 4), (4, 1), (2, 4)]"
42,5,"[(3, 0), (4, 0), (1, 4), (4, 1), (4, 2)]"
43,5,"[(3, 0), (0, 4), (4, 0), (1, 4), (2, 4)]"
44,5,"[(3, 0), (0, 4), (4, 0), (1, 4), (4, 2)]"
45,5,"[(3, 0), (0, 4), (4, 0), (4, 1), (4, 2)]"
46,5,"[(0, 3), (3, 0), (0, 4), (1, 4), (2, 4)]"
47,5,"[(0, 3), (3, 0), (0, 4), (1, 4), (4, 2)]"
48,5,"[(0, 3), (3, 0), (0, 4), (4, 1), (4, 2)]"
49,5,"[(0, 3), (3, 0), (4, 0), (1, 4), (2, 4)]"
50,5,"[(0, 3), (3, 0), (4, 0), (1, 4), (4, 2)]"
51,5,"[(0, 3), (3, 0), (4, 0), (4, 1), (4, 2)]"
52,5,"[(0, 3), (0, 4), (1, 4), (2, 4), (3, 4)]"
53,5,"[(0, 3), (0, 4), (1, 4), (2, 4), (4, 3)]"
54,5,"[(0, 3), (0, 4), (1, 4), (4, 2), (3, 4)]"
55,5,"[(0, 3), (0, 4), (1, 4), (4, 2), (4, 3)]"
56,5,"[(0, 3), (0, 4), (4, 1), (4, 2), (3, 4)]"
57,5,"[(0, 3), (0, 4), (4, 1), (4, 2), (4, 3)]"
58,5,"[(0, 3), (4, 0), (1, 4), (2, 4), (3, 4)]"
59,5,"[(0, 3), (4, 0), (1, 4), (2, 4), (4, 3)]"
60,5,"[(0, 3), (4, 0), (1, 4), (4, 2), (3, 4)]"
61,5,"[(0, 3), (4, 0), (1, 4), (4, 2), (4, 3)]"
62,5,"[(0, 3), (4, 0), (4, 1), (4, 2), (3, 4)]"
63,5,"[(0, 3), (4, 0), (4, 1), (4, 2), (4, 3)]"
64,5,"[(0, 3), (0, 4), (1, 3), (1, 4), (2, 4)]"
65,5,"[(0, 3), (0, 4), (1, 3), (1, 4), (4, 2)]"
66,5,"[(0, 3), (0, 4), (1, 3), (4, 1), (2, 4)]"
67,5,"[(0, 3), (0, 4), (1, 3), (4, 1), (4, 2)]"
68,5,"[(0, 3), (0, 4), (3, 1), (1, 4), (2, 4)]"
69,5,"[(0, 3), (0, 4), (3, 1), (1, 4), (4, 2)]"
70,5,"[(0, 3), (0, 4), (3, 1), (4, 1), (2, 4)]"
71,5,"[(0, 3), (0, 4), (3, 1), (4, 1), (4, 2)]"
72,5,"[(0, 3), (4, 0), (1, 3), (4, 1), (2, 4)]"
73,5,"[(0, 3), (4, 0), (1, 3), (4, 1), (4, 2)]"
74,5,"[(0, 3), (4, 0), (3, 1), (1, 4), (2, 4)]"
75,5,"[(0, 3), (4, 0), (3, 1), (1, 4), (4, 2)]"
76,5,"[(0, 3), (4, 0), (3, 1), (4, 1), (2, 4)]"
77,5,"[(0, 3), (4, 0), (3, 1), (4, 1), (4, 2)]"
78,5,"[(3, 0), (0, 4), (3, 1), (1, 4), (2, 4)]"
79,5,"[(3, 0), (0, 4), (3, 1), (1, 4), (4, 2)]"
80,5,"[(3, 0), (0, 4), (3, 1), (4, 1), (2, 4)]"
81,5,"[(3, 0), (0, 4), (3, 1), (4, 1), (4, 2)]"
82,5,"[(3, 0), (4, 0), (3, 1), (4, 1), (2, 4)]"
83,5,"[(3, 0), (4, 0), (3, 1), (4, 1), (4, 2)]"
84,5,"[(0, 3), (0, 4), (1, 3), (2, 4), (3, 4)]"
85,5,"[(0, 3), (0, 4), (1, 3), (4, 2), (3, 4)]"
86,5,"[(0, 3), (0, 4), (1, 3), (4, 2), (4, 3)]"
87,5,"[(0, 3), (0, 4), (3, 1), (4, 2), (3, 4)]"
88,5,"[(0, 3), (4, 0), (1, 3), (2, 4), (3, 4)]"
89,5,"[(0, 3), (4, 0), (1, 3), (2, 4), (4, 3)]"
90,5,"[(0, 3), (4, 0), (1, 3), (4, 2), (3, 4)]"
91,5,"[(0, 3), (4, 0), (1, 3), (4, 2), (4, 3)]"
92,5,"[(0, 3), (4, 0), (3, 1), (2, 4), (3, 4)]"
93,5,"[(0, 3), (4, 0), (3, 1), (2, 4), (4, 3)]"
94,5,"[(0, 3), (4, 0), (3, 1), (4, 2), (3, 4)]"
95,5,"[(0, 3), (4, 0), (3, 1), (4, 2), (4, 3)]"
96,5,"[(3, 0), (4, 0), (1, 3), (2, 4), (3, 4)]"
97,5,"[(3, 0), (4, 0), (1, 3), (4, 2), (3, 4)]"
98,5,"[(3, 0), (4, 0), (1, 3), (4, 2), (4, 3)]"
99,5,"[(3, 0), (4, 0), (3, 1), (4, 2), (3, 4)]"
100,5,"[(0, 2), (0, 4), (3, 1), (1, 4), (4, 1)]"
101,5,"[(0, 2), (4, 0), (3, 1), (1, 4), (4, 1)]"
102,5,"[(0, 2), (0, 4), (4, 0), (1, 3), (1, 4)]"
103,5,"[(0, 2), (0, 4), (4, 0), (1, 3), (4, 1)]"
104,5,"[(0, 2), (0, 4), (4, 0), (3, 1), (1, 4)]"
105,5,"[(0, 2), (0, 4), (4, 0), (3, 1), (4, 1)]"
106,5,"[(2, 0), (0, 4), (4, 0), (3, 1), (1, 4)]"
107,5,"[(2, 0), (0, 4), (4, 0), (3, 1), (4, 1)]"
108,5,"[(0, 2), (2, 0), (0, 4), (1, 3), (1, 4)]"
109,5,"[(0, 2), (2, 0), (0, 4), (1, 3), (4, 1)]"
110,5,"[(0, 2), (2, 0), (0, 4), (3, 1), (1, 4)]"
111,5,"[(0, 2), (2, 0), (0, 4), (3, 1), (4, 1)]"
112,5,"[(0, 2), (2, 0), (4, 0), (1, 3), (1, 4)]"
113,5,"[(0, 2), (2, 0), (4, 0), (1, 3), (4, 1)]"
114,5,"[(0, 2), (2, 0), (4, 0), (3, 1), (1, 4)]"
115,5,"[(0, 2), (2, 0), (4, 0), (3, 1), (4, 1)]"
116,5,"[(0, 2), (0, 4), (1, 3), (1, 4), (2, 4)]"
117,5,"[(0, 2), (0, 4), (1, 3), (1, 4), (4, 2)]"
118,5,"[(0, 2), (0, 4), (1, 3), (4, 1), (2, 4)]"
119,5,"[(0, 2), (0, 4), (1, 3), (4, 1), (4, 2)]"
120,5,"[(0, 2), (0, 4), (3, 1), (1, 4), (2, 4)]"
121,5,"[(0, 2), (0, 4), (3, 1), (1, 4), (4, 2)]"
122,5,"[(0, 2), (0, 4), (3, 1), (4, 1), (2, 4)]"
123,5,"[(0, 2), (0, 4), (3, 1), (4, 1), (4, 2)]"
124,5,"[(0, 2), (4, 0), (1, 3), (1, 4), (2, 4)]"
125,5,"[(0, 2), (4, 0), (1, 3), (1, 4), (4, 2)]"
126,5,"[(0, 2), (4, 0), (1, 3), (4, 1), (2, 4)]"
127,5,"[(0, 2), (4, 0), (1, 3), (4, 1), (4, 2)]"
128,5,"[(0, 2), (4, 0), (3, 1), (1, 4), (2, 4)]"
129,5,"[(0, 2), (4, 0), (3, 1), (1, 4), (4, 2)]"
130,5,"[(0, 2), (4, 0), (3, 1), (4, 1), (2, 4)]"
131,5,"[(0, 2), (4, 0), (3, 1), (4, 1), (4, 2)]"
132,5,"[(0, 2), (0, 3), (1, 3), (1, 4), (2, 4)]"
133,5,"[(0, 2), (0, 3), (1, 3), (4, 1), (2, 4)]"
134,5,"[(0, 2), (0, 3), (3, 1), (1, 4), (2, 4)]"
135,5,"[(0, 2), (3, 0), (1, 3), (4, 1), (2, 4)]"
136,6,"[(0, 4), (4, 0), (1, 4), (4, 1), (2, 4), (3, 4)]"
137,6,"[(0, 4), (4, 0), (1, 4), (4, 1), (2, 4), (4, 3)]"
138,6,"[(0, 4), (4, 0), (1, 4), (4, 1), (4, 2), (4, 3)]"
139,6,"[(0, 3), (0, 4), (1, 4), (4, 1), (2, 4), (4, 2)]"
140,6,"[(0, 3), (4, 0), (1, 4), (4, 1), (2, 4), (4, 2)]"
141,6,"[(0, 3), (0, 4), (4, 0), (1, 4), (4, 1), (2, 4)]"
142,6,"[(0, 3), (0, 4), (4, 0), (1, 4), (4, 1), (4, 2)]"
143,6,"[(3, 0), (0, 4), (1, 4), (4, 1), (2, 4), (4, 2)]"
144,6,"[(3, 0), (4, 0), (1, 4), (4, 1), (2, 4), (4, 2)]"
145,6,"[(3, 0), (0, 4), (4, 0), (1, 4), (4, 1), (2, 4)]"
146,6,"[(3, 0), (0, 4), (4, 0), (1, 4), (4, 1), (4, 2)]"
147,6,"[(0, 3), (3, 0), (0, 4), (1, 4), (4, 1), (2, 4)]"
148,6,"[(0, 3), (3, 0), (0, 4), (1, 4), (4, 1), (4, 2)]"
149,6,"[(0, 3), (3, 0), (4, 0), (1, 4), (4, 1), (2, 4)]"
150,6,"[(0, 3), (3, 0), (4, 0), (1, 4), (4, 1), (4, 2)]"
151,6,"[(0, 3), (3, 0), (0, 4), (4, 0), (1, 4), (2, 4)]"
152,6,"[(0, 3), (3, 0), (0, 4), (4, 0), (1, 4), (4, 2)]"
153,6,"[(0, 3), (3, 0), (0, 4), (4, 0), (4, 1), (4, 2)]"
154,6,"[(0, 3), (0, 4), (1, 4), (2, 4), (3, 4), (4, 3)]"
155,6,"[(0, 3), (0, 4), (1, 4), (4, 2), (3, 4), (4, 3)]"
156,6,"[(0, 3), (0, 4), (4, 1), (4, 2), (3, 4), (4, 3)]"
157,6,"[(0, 3), (0, 4), (1, 4), (4, 1), (2, 4), (3, 4)]"
158,6,"[(0, 3), (0, 4), (1, 4), (4, 1), (2, 4), (4, 3)]"
159,6,"[(0, 3), (0, 4), (1, 4), (4, 1), (4, 2), (3, 4)]"
160,6,"[(0, 3), (0, 4), (1, 4), (4, 1), (4, 2), (4, 3)]"
161,6,"[(0, 3), (4, 0), (1, 4), (2, 4), (3, 4), (4, 3)]"
162,6,"[(0, 3), (4, 0), (1, 4), (4, 2), (3, 4), (4, 3)]"
163,6,"[(0, 3), (4, 0), (4, 1), (4, 2), (3, 4), (4, 3)]"
164,6,"[(0, 3), (4, 0), (1, 4), (4, 1), (2, 4), (3, 4)]"
165,6,"[(0, 3), (4, 0), (1, 4), (4, 1), (2, 4), (4, 3)]"
166,6,"[(0, 3), (4, 0), (1, 4), (4, 1), (4, 2), (3, 4)]"
167,6,"[(0, 3), (4, 0), (1, 4), (4, 1), (4, 2), (4, 3)]"
168,6,"[(0, 3), (0, 4), (4, 0), (1, 4), (2, 4), (3, 4)]"
169,6,"[(0, 3), (0, 4), (4, 0), (1, 4), (2, 4), (4, 3)]"
170,6,"[(0, 3), (0, 4), (4, 0), (1, 4), (4, 2), (3, 4)]"
171,6,"[(0, 3), (0, 4), (4, 0), (1, 4), (4, 2), (4, 3)]"
172,6,"[(0, 3), (0, 4), (4, 0), (4, 1), (4, 2), (3, 4)]"
173,6,"[(0, 3), (0, 4), (4, 0), (4, 1), (4, 2), (4, 3)]"
174,6,"[(0, 3), (3, 0), (0, 4), (1, 4), (2, 4), (3, 4)]"
175,6,"[(0, 3), (3, 0), (0, 4), (1, 4), (2, 4), (4, 3)]"
176,6,"[(0, 3), (3, 0), (0, 4), (1, 4), (4, 2), (3, 4)]"
177,6,"[(0, 3), (3, 0), (0, 4), (1, 4), (4, 2), (4, 3)]"
178,6,"[(0, 3), (3, 0), (0, 4), (4, 1), (4, 2), (3, 4)]"
179,6,"[(0, 3), (3, 0), (0, 4), (4, 1), (4, 2), (4, 3)]"
180,6,"[(0, 3), (3, 0), (4, 0), (1, 4), (2, 4), (4, 3)]"
181,6,"[(0, 3), (3, 0), (4, 0), (1, 4), (4, 2), (4, 3)]"
182,6,"[(0, 3), (3, 0), (4, 0), (4, 1), (4, 2), (4, 3)]"
183,6,"[(0, 3), (0, 4), (1, 3), (1, 4), (2, 4), (4, 2)]"
184,6,"[(0, 3), (0, 4), (1, 3), (4, 1), (2, 4), (4, 2)]"
185,6,"[(0, 3), (0, 4), (3, 1), (1, 4), (2, 4), (4, 2)]"
186,6,"[(0, 3), (0, 4), (3, 1), (4, 1), (2, 4), (4, 2)]"
187,6,"[(0, 3), (0, 4), (3, 1), (1, 4), (4, 1), (2, 4)]"
188,6,"[(0, 3), (0, 4), (3, 1), (1, 4), (4, 1), (4, 2)]"
189,6,"[(0, 3), (4, 0), (1, 3), (4, 1), (2, 4), (4, 2)]"
190,6,"[(0, 3), (4, 0), (3, 1), (1, 4), (2, 4), (4, 2)]"
191,6,"[(0, 3), (4, 0), (3, 1), (4, 1), (2, 4), (4, 2)]"
192,6,"[(0, 3), (4, 0), (3, 1), (1, 4), (4, 1), (2, 4)]"
193,6,"[(0, 3), (4, 0), (3, 1), (1, 4), (4, 1), (4, 2)]"
194,6,"[(0, 3), (0, 4), (4, 0), (1, 3), (1, 4), (2, 4)]"
195,6,"[(0, 3), (0, 4), (4, 0), (1, 3), (1, 4), (4, 2)]"
196,6,"[(0, 3), (0, 4), (4, 0), (1, 3), (4, 1), (2, 4)]"
197,6,"[(0, 3), (0, 4), (4, 0), (1, 3), (4, 1), (4, 2)]"
198,6,"[(0, 3), (0, 4), (4, 0), (3, 1), (1, 4), (2, 4)]"
199,6,"[(0, 3), (0, 4), (4, 0), (3, 1), (1, 4), (4, 2)]"
200,6,"[(0, 3), (0, 4), (4, 0), (3, 1), (4, 1), (2, 4)]"
201,6,"[(0, 3), (0, 4), (4, 0), (3, 1), (4, 1), (4, 2)]"
202,6,"[(3, 0), (0, 4), (3, 1), (1, 4), (2, 4), (4, 2)]"
203,6,"[(3, 0), (0, 4), (3, 1), (4, 1), (2, 4), (4, 2)]"
204,6,"[(3, 0), (4, 0), (3, 1), (4, 1), (2, 4), (4, 2)]"
205,6,"[(3, 0), (0, 4), (4, 0), (3, 1), (1, 4), (2, 4)]"
206,6,"[(3, 0), (0, 4), (4, 0), (3, 1), (1, 4), (4, 2)]"
207,6,"[(3, 0), (0, 4), (4, 0), (3, 1), (4, 1), (2, 4)]"
208,6,"[(3, 0), (0, 4), (4, 0), (3, 1), (4, 1), (4, 2)]"
209,6,"[(0, 3), (3, 0), (0, 4), (1, 3), (1, 4), (2, 4)]"
210,6,"[(0, 3), (3, 0), (0, 4), (1, 3), (1, 4), (4, 2)]"
211,6,"[(0, 3), (3, 0), (0, 4), (1, 3), (4, 1), (2, 4)]"
212,6,"[(0, 3), (3, 0), (0, 4), (1, 3), (4, 1), (4, 2)]"
213,6,"[(0, 3), (3, 0), (0, 4), (3, 1), (1, 4), (2, 4)]"
214,6,"[(0, 3), (3, 0), (0, 4), (3, 1), (1, 4), (4, 2)]"
215,6,"[(0, 3), (3, 0), (0, 4), (3, 1), (4, 1), (2, 4)]"
216,6,"[(0, 3), (3, 0), (0, 4), (3, 1), (4, 1), (4, 2)]"
217,6,"[(0, 3), (3, 0), (4, 0), (1, 3), (1, 4), (2, 4)]"
218,6,"[(0, 3), (3, 0), (4, 0), (1, 3), (1, 4), (4, 2)]"
219,6,"[(0, 3), (3, 0), (4, 0), (1, 3), (4, 1), (2, 4)]"
220,6,"[(0, 3), (3, 0), (4, 0), (1, 3), (4, 1), (4, 2)]"
221,6,"[(0, 3), (3, 0), (4, 0), (3, 1), (1, 4), (2, 4)]"
222,6,"[(0, 3), (3, 0), (4, 0), (3, 1), (1, 4), (4, 2)]"
223,6,"[(0, 3), (3, 0), (4, 0), (3, 1), (4, 1), (2, 4)]"
224,6,"[(0, 3), (3, 0), (4, 0), (3, 1), (4, 1), (4, 2)]"
225,6,"[(0, 3), (0, 4), (1, 3), (2, 4), (3, 4), (4, 3)]"
226,6,"[(0, 3), (0, 4), (1, 3), (4, 2), (3, 4), (4, 3)]"
227,6,"[(0, 3), (0, 4), (3, 1), (4, 2), (3, 4), (4, 3)]"
228,6,"[(0, 3), (0, 4), (1, 3), (3, 1), (2, 4), (3, 4)]"
229,6,"[(0, 3), (0, 4), (1, 3), (3, 1), (2, 4), (4, 3)]"
230,6,"[(0, 3), (0, 4), (1, 3), (3, 1), (4, 2), (3, 4)]"
231,6,"[(0, 3), (0, 4), (1, 3), (3, 1), (4, 2), (4, 3)]"
232,6,"[(0, 3), (4, 0), (1, 3), (2, 4), (3, 4), (4, 3)]"
233,6,"[(0, 3), (4, 0), (1, 3), (4, 2), (3, 4), (4, 3)]"
234,6,"[(0, 3), (4, 0), (1, 3), (2, 4), (4, 2), (3, 4)]"
235,6,"[(0, 3), (4, 0), (1, 3), (2, 4), (4, 2), (4, 3)]"
236,6,"[(0, 3), (4, 0), (3, 1), (2, 4), (3, 4), (4, 3)]"
237,6,"[(0, 3), (4, 0), (3, 1), (4, 2), (3, 4), (4, 3)]"
238,6,"[(0, 3), (4, 0), (3, 1), (2, 4), (4, 2), (3, 4)]"
239,6,"[(0, 3), (4, 0), (3, 1), (2, 4), (4, 2), (4, 3)]"
240,6,"[(0, 3), (4, 0), (1, 3), (3, 1), (2, 4), (3, 4)]"
241,6,"[(0, 3), (4, 0), (1, 3), (3, 1), (2, 4), (4, 3)]"
242,6,"[(0, 3), (4, 0), (1, 3), (3, 1), (4, 2), (3, 4)]"
243,6,"[(0, 3), (4, 0), (1, 3), (3, 1), (4, 2), (4, 3)]"
244,6,"[(3, 0), (4, 0), (1, 3), (2, 4), (3, 4), (4, 3)]"
245,6,"[(3, 0), (4, 0), (1, 3), (4, 2), (3, 4), (4, 3)]"
246,6,"[(3, 0), (4, 0), (3, 1), (4, 2), (3, 4), (4, 3)]"
247,6,"[(3, 0), (4, 0), (1, 3), (3, 1), (2, 4), (3, 4)]"
248,6,"[(3, 0), (4, 0), (1, 3), (3, 1), (2, 4), (4, 3)]"
249,6,"[(3, 0), (4, 0), (1, 3), (3, 1), (4, 2), (3, 4)]"
250,6,"[(3, 0), (4, 0), (1, 3), (3, 1), (4, 2), (4, 3)]"
251,6,"[(0, 3), (3, 0), (0, 4), (1, 3), (2, 4), (3, 4)]"
252,6,"[(0, 3), (3, 0), (0, 4), (1, 3), (2, 4), (4, 3)]"
253,6,"[(0, 3), (3, 0), (0, 4), (1, 3), (4, 2), (3, 4)]"
254,6,"[(0, 3), (3, 0), (0, 4), (1, 3), (4, 2), (4, 3)]"
255,6,"[(0, 3), (3, 0), (0, 4), (3, 1), (2, 4), (3, 4)]"
256,6,"[(0, 3), (3, 0), (0, 4), (3, 1), (2, 4), (4, 3)]"
257,6,"[(0, 3), (3, 0), (0, 4), (3, 1), (4, 2), (3, 4)]"
258,6,"[(0, 3), (3, 0), (0, 4), (3, 1), (4, 2), (4, 3)]"
259,6,"[(0, 3), (3, 0), (4, 0), (1, 3), (2, 4), (3, 4)]"
260,6,"[(0, 3), (3, 0), (4, 0), (1, 3), (2, 4), (4, 3)]"
261,6,"[(0, 3), (3, 0), (4, 0), (1, 3), (4, 2), (3, 4)]"
262,6,"[(0, 3), (3, 0), (4, 0), (1, 3), (4, 2), (4, 3)]"
263,6,"[(0, 3), (3, 0), (4, 0), (3, 1), (2, 4), (3, 4)]"
264,6,"[(0, 3), (3, 0), (4, 0), (3, 1), (2, 4), (4, 3)]"
265,6,"[(0, 3), (3, 0), (4, 0), (3, 1), (4, 2), (3, 4)]"
266,6,"[(0, 3), (3, 0), (4, 0), (3, 1), (4, 2), (4, 3)]"
267,6,"[(0, 3), (0, 4), (1, 3), (1, 4), (2, 4), (3, 4)]"
268,6,"[(0, 3), (0, 4), (1, 3), (1, 4), (2, 4), (4, 3)]"
269,6,"[(0, 3), (0, 4), (1, 3), (1, 4), (4, 2), (3, 4)]"
270,6,"[(0, 3), (0, 4), (1, 3), (1, 4), (4, 2), (4, 3)]"
271,6,"[(0, 3), (0, 4), (1, 3), (4, 1), (2, 4), (3, 4)]"
272,6,"[(0, 3), (0, 4), (1, 3), (4, 1), (2, 4), (4, 3)]"
273,6,"[(0, 3), (0, 4), (1, 3), (4, 1), (4, 2), (3, 4)]"
274,6,"[(0, 3), (0, 4), (1, 3), (4, 1), (4, 2), (4, 3)]"
275,6,"[(0, 3), (0, 4), (3, 1), (1, 4), (2, 4), (3, 4)]"
276,6,"[(0, 3), (0, 4), (3, 1), (1, 4), (2, 4), (4, 3)]"
277,6,"[(0, 3), (0, 4), (3, 1), (1, 4), (4, 2), (3, 4)]"
278,6,"[(0, 3), (0, 4), (3, 1), (1, 4), (4, 2), (4, 3)]"
279,6,"[(0, 3), (0, 4), (3, 1), (4, 1), (2, 4), (3, 4)]"
280,6,"[(0, 3), (0, 4), (3, 1), (4, 1), (2, 4), (4, 3)]"
281,6,"[(0, 3), (0, 4), (3, 1), (4, 1), (4, 2), (3, 4)]"
282,6,"[(0, 3), (0, 4), (3, 1), (4, 1), (4, 2), (4, 3)]"
283,6,"[(0, 3), (4, 0), (1, 3), (4, 1), (2, 4), (3, 4)]"
284,6,"[(0, 3), (4, 0), (1, 3), (4, 1), (2, 4), (4, 3)]"
285,6,"[(0, 3), (4, 0), (1, 3), (4, 1), (4, 2), (3, 4)]"
286,6,"[(0, 3), (4, 0), (1, 3), (4, 1), (4, 2), (4, 3)]"
287,6,"[(0, 3), (4, 0), (3, 1), (1, 4), (2, 4), (3, 4)]"
288,6,"[(0, 3), (4, 0), (3, 1), (1, 4), (2, 4), (4, 3)]"
289,6,"[(0, 3), (4, 0), (3, 1), (1, 4), (4, 2), (3, 4)]"
290,6,"[(0, 3), (4, 0), (3, 1), (1, 4), (4, 2), (4, 3)]"
291,6,"[(0, 3), (4, 0), (3, 1), (4, 1), (2, 4), (3, 4)]"
292,6,"[(0, 3), (4, 0), (3, 1), (4, 1), (2, 4), (4, 3)]"
293,6,"[(0, 3), (4, 0), (3, 1), (4, 1), (4, 2), (3, 4)]"
294,6,"[(0, 3), (4, 0), (3, 1), (4, 1), (4, 2), (4, 3)]"
295,6,"[(3, 0), (0, 4), (3, 1), (1, 4), (2, 4), (3, 4)]"
296,6,"[(3, 0), (0, 4), (3, 1), (1, 4), (2, 4), (4, 3)]"
297,6,"[(3, 0), (0, 4), (3, 1), (1, 4), (4, 2), (3, 4)]"
298,6,"[(3, 0), (0, 4), (3, 1), (1, 4), (4, 2), (4, 3)]"
299,6,"[(3, 0), (0, 4), (3, 1), (4, 1), (2, 4), (3, 4)]"
300,6,"[(3, 0), (0, 4), (3, 1), (4, 1), (2, 4), (4, 3)]"
301,6,"[(3, 0), (0, 4), (3, 1), (4, 1), (4, 2), (3, 4)]"
302,6,"[(3, 0), (0, 4), (3, 1), (4, 1), (4, 2), (4, 3)]"
303,6,"[(3, 0), (4, 0), (3, 1), (4, 1), (2, 4), (3, 4)]"
304,6,"[(3, 0), (4, 0), (3, 1), (4, 1), (2, 4), (4, 3)]"
305,6,"[(3, 0), (4, 0), (3, 1), (4, 1), (4, 2), (3, 4)]"
306,6,"[(3, 0), (4, 0), (3, 1), (4, 1), (4, 2), (4, 3)]"
307,6,"[(0, 3), (0, 4), (1, 3), (1, 4), (2, 3), (2, 4)]"
308,6,"[(0, 3), (0, 4), (1, 3), (1, 4), (2, 3), (4, 2)]"
309,6,"[(0, 3), (0, 4), (1, 3), (1, 4), (3, 2), (4, 2)]"
310,6,"[(0, 3), (0, 4), (1, 3), (4, 1), (2, 3), (4, 2)]"
311,6,"[(0, 3), (0, 4), (1, 3), (4, 1), (3, 2), (2, 4)]"
312,6,"[(0, 3), (0, 4), (1, 3), (4, 1), (3, 2), (4, 2)]"
313,6,"[(0, 3), (0, 4), (3, 1), (4, 1), (3, 2), (4, 2)]"
314,6,"[(0, 3), (4, 0), (1, 3), (4, 1), (2, 3), (4, 2)]"
315,6,"[(0, 3), (4, 0), (1, 3), (4, 1), (3, 2), (2, 4)]"
316,6,"[(0, 3), (4, 0), (1, 3), (4, 1), (3, 2), (4, 2)]"
317,6,"[(0, 3), (4, 0), (3, 1), (1, 4), (3, 2), (4, 2)]"
318,6,"[(0, 3), (4, 0), (3, 1), (4, 1), (3, 2), (4, 2)]"
319,6,"[(3, 0), (4, 0), (3, 1), (4, 1), (3, 2), (4, 2)]"
320,6,"[(0, 2), (0, 4), (4, 0), (1, 3), (1, 4), (4, 1)]"
321,6,"[(0, 2), (0, 4), (4, 0), (3, 1), (1, 4), (4, 1)]"
322,6,"[(2, 0), (0, 4), (4, 0), (3, 1), (1, 4), (4, 1)]"
323,6,"[(0, 2), (2, 0), (0, 4), (1, 3), (1, 4), (4, 1)]"
324,6,"[(0, 2), (2, 0), (0, 4), (3, 1), (1, 4), (4, 1)]"
325,6,"[(0, 2), (2, 0), (0, 4), (1, 3), (3, 1), (1, 4)]"
326,6,"[(0, 2), (2, 0), (0, 4), (1, 3), (3, 1), (4, 1)]"
327,6,"[(0, 2), (2, 0), (4, 0), (1, 3), (1, 4), (4, 1)]"
328,6,"[(0, 2), (2, 0), (4, 0), (3, 1), (1, 4), (4, 1)]"
329,6,"[(0, 2), (2, 0), (4, 0), (1, 3), (3, 1), (4, 1)]"
330,6,"[(0, 2), (2, 0), (0, 4), (4, 0), (1, 3), (1, 4)]"
331,6,"[(0, 2), (2, 0), (0, 4), (4, 0), (1, 3), (4, 1)]"
332,6,"[(0, 2), (2, 0), (0, 4), (4, 0), (3, 1), (1, 4)]"
333,6,"[(0, 2), (2, 0), (0, 4), (4, 0), (3, 1), (4, 1)]"
334,6,"[(0, 2), (0, 4), (1, 3), (1, 4), (2, 4), (4, 2)]"
335,6,"[(0, 2), (0, 4), (1, 3), (4, 1), (2, 4), (4, 2)]"
336,6,"[(0, 2), (0, 4), (1, 3), (1, 4), (4, 1), (2, 4)]"
337,6,"[(0, 2), (0, 4), (1, 3), (1, 4), (4, 1), (4, 2)]"
338,6,"[(0, 2), (0, 4), (3, 1), (1, 4), (2, 4), (4, 2)]"
339,6,"[(0, 2), (0, 4), (3, 1), (4, 1), (2, 4), (4, 2)]"
340,6,"[(0, 2), (0, 4), (3, 1), (1, 4), (4, 1), (2, 4)]"
341,6,"[(0, 2), (0, 4), (3, 1), (1, 4), (4, 1), (4, 2)]"
342,6,"[(0, 2), (0, 4), (1, 3), (3, 1), (1, 4), (2, 4)]"
343,6,"[(0, 2), (0, 4), (1, 3), (3, 1), (1, 4), (4, 2)]"
344,6,"[(0, 2), (0, 4), (1, 3), (3, 1), (4, 1), (2, 4)]"
345,6,"[(0, 2), (0, 4), (1, 3), (3, 1), (4, 1), (4, 2)]"
346,6,"[(0, 2), (4, 0), (1, 3), (1, 4), (2, 4), (4, 2)]"
347,6,"[(0, 2), (4, 0), (1, 3), (4, 1), (2, 4), (4, 2)]"
348,6,"[(0, 2), (4, 0), (1, 3), (1, 4), (4, 1), (2, 4)]"
349,6,"[(0, 2), (4, 0), (1, 3), (1, 4), (4, 1), (4, 2)]"
350,6,"[(0, 2), (4, 0), (3, 1), (1, 4), (2, 4), (4, 2)]"
351,6,"[(0, 2), (4, 0), (3, 1), (4, 1), (2, 4), (4, 2)]"
352,6,"[(0, 2), (4, 0), (3, 1), (1, 4), (4, 1), (2, 4)]"
353,6,"[(0, 2), (4, 0), (3, 1), (1, 4), (4, 1), (4, 2)]"
354,6,"[(0, 2), (4, 0), (1, 3), (3, 1), (1, 4), (2, 4)]"
355,6,"[(0, 2), (4, 0), (1, 3), (3, 1), (1, 4), (4, 2)]"
356,6,"[(0, 2), (4, 0), (1, 3), (3, 1), (4, 1), (2, 4)]"
357,6,"[(0, 2), (4, 0), (1, 3), (3, 1), (4, 1), (4, 2)]"
358,6,"[(0, 2), (0, 4), (4, 0), (1, 3), (1, 4), (2, 4)]"
359,6,"[(0, 2), (0, 4), (4, 0), (1, 3), (1, 4), (4, 2)]"
360,6,"[(0, 2), (0, 4), (4, 0), (1, 3), (4, 1), (2, 4)]"
361,6,"[(0, 2), (0, 4), (4, 0), (1, 3), (4, 1), (4, 2)]"
362,6,"[(0, 2), (0, 4), (4, 0), (3, 1), (1, 4), (2, 4)]"
363,6,"[(0, 2), (0, 4), (4, 0), (3, 1), (1, 4), (4, 2)]"
364,6,"[(0, 2), (0, 4), (4, 0), (3, 1), (4, 1), (2, 4)]"
365,6,"[(0, 2), (0, 4), (4, 0), (3, 1), (4, 1), (4, 2)]"
366,6,"[(0, 2), (2, 0), (0, 4), (1, 3), (1, 4), (2, 4)]"
367,6,"[(0, 2), (2, 0), (0, 4), (1, 3), (1, 4), (4, 2)]"
368,6,"[(0, 2), (2, 0), (0, 4), (1, 3), (4, 1), (2, 4)]"
369,6,"[(0, 2), (2, 0), (0, 4), (1, 3), (4, 1), (4, 2)]"
370,6,"[(0, 2), (2, 0), (0, 4), (3, 1), (1, 4), (2, 4)]"
371,6,"[(0, 2), (2, 0), (0, 4), (3, 1), (1, 4), (4, 2)]"
372,6,"[(0, 2), (2, 0), (0, 4), (3, 1), (4, 1), (2, 4)]"
373,6,"[(0, 2), (2, 0), (0, 4), (3, 1), (4, 1), (4, 2)]"
374,6,"[(0, 2), (2, 0), (4, 0), (1, 3), (1, 4), (4, 2)]"
375,6,"[(0, 2), (2, 0), (4, 0), (1, 3), (4, 1), (4, 2)]"
376,6,"[(0, 2), (2, 0), (4, 0), (3, 1), (1, 4), (4, 2)]"
377,6,"[(0, 2), (2, 0), (4, 0), (3, 1), (4, 1), (4, 2)]"
378,6,"[(0, 2), (0, 4), (1, 3), (1, 4), (2, 4), (3, 4)]"
379,6,"[(0, 2), (0, 4), (1, 3), (1, 4), (2, 4), (4, 3)]"
380,6,"[(0, 2), (0, 4), (1, 3), (1, 4), (4, 2), (4, 3)]"
381,6,"[(0, 2), (0, 4), (1, 3), (4, 1), (2, 4), (3, 4)]"
382,6,"[(0, 2), (0, 4), (1, 3), (4, 1), (2, 4), (4, 3)]"
383,6,"[(0, 2), (0, 4), (1, 3), (4, 1), (4, 2), (3, 4)]"
384,6,"[(0, 2), (0, 4), (1, 3), (4, 1), (4, 2), (4, 3)]"
385,6,"[(0, 2), (4, 0), (1, 3), (4, 1), (2, 4), (3, 4)]"
386,6,"[(0, 2), (4, 0), (1, 3), (4, 1), (2, 4), (4, 3)]"
387,6,"[(0, 2), (4, 0), (1, 3), (4, 1), (4, 2), (4, 3)]"
388,6,"[(0, 2), (2, 0), (0, 3), (1, 3), (1, 4), (2, 4)]"
389,6,"[(0, 2), (2, 0), (0, 3), (1, 3), (1, 4), (4, 2)]"
390,6,"[(0, 2), (2, 0), (0, 3), (1, 3), (4, 1), (2, 4)]"
391,6,"[(0, 2), (2, 0), (0, 3), (1, 3), (4, 1), (4, 2)]"
392,6,"[(0, 2), (2, 0), (0, 3), (3, 1), (1, 4), (4, 2)]"
393,6,"[(0, 2), (2, 0), (0, 3), (3, 1), (4, 1), (2, 4)]"
394,6,"[(0, 2), (2, 0), (0, 3), (3, 1), (4, 1), (4, 2)]"
395,6,"[(0, 2), (2, 0), (3, 0), (1, 3), (1, 4), (4, 2)]"
396,6,"[(0, 2), (2, 0), (3, 0), (1, 3), (4, 1), (4, 2)]"
397,6,"[(0, 2), (2, 0), (3, 0), (3, 1), (4, 1), (4, 2)]"
398,6,"[(0, 2), (0, 3), (0, 4), (1, 3), (1, 4), (2, 4)]"
399,6,"[(0, 2), (0, 3), (0, 4), (1, 3), (1, 4), (4, 2)]"
400,6,"[(0, 2), (0, 3), (0, 4), (1, 3), (4, 1), (2, 4)]"
401,6,"[(0, 2), (0, 3), (0, 4), (1, 3), (4, 1), (4, 2)]"
402,6,"[(0, 2), (0, 3), (0, 4), (3, 1), (1, 4), (2, 4)]"
403,6,"[(0, 2), (0, 3), (0, 4), (3, 1), (1, 4), (4, 2)]"
404,6,"[(0, 2), (0, 3), (0, 4), (3, 1), (4, 1), (2, 4)]"
405,6,"[(0, 2), (0, 3), (0, 4), (3, 1), (4, 1), (4, 2)]"
406,6,"[(0, 2), (0, 3), (4, 0), (1, 3), (1, 4), (2, 4)]"
407,6,"[(0, 2), (0, 3), (4, 0), (1, 3), (1, 4), (4, 2)]"
408,6,"[(0, 2), (0, 3), (4, 0), (1, 3), (4, 1), (2, 4)]"
409,6,"[(0, 2), (0, 3), (4, 0), (3, 1), (1, 4), (2, 4)]"
410,6,"[(0, 2), (0, 3), (4, 0), (3, 1), (1, 4), (4, 2)]"
411,6,"[(0, 2), (0, 3), (4, 0), (3, 1), (4, 1), (2, 4)]"
412,6,"[(0, 2), (3, 0), (0, 4), (1, 3), (1, 4), (2, 4)]"
413,6,"[(0, 2), (3, 0), (0, 4), (1, 3), (1, 4), (4, 2)]"
414,6,"[(0, 2), (3, 0), (0, 4), (1, 3), (4, 1), (2, 4)]"
415,6,"[(0, 2), (3, 0), (0, 4), (3, 1), (1, 4), (2, 4)]"
416,6,"[(0, 2), (3, 0), (0, 4), (3, 1), (1, 4), (4, 2)]"
417,6,"[(0, 2), (3, 0), (0, 4), (3, 1), (4, 1), (2, 4)]"
418,6,"[(0, 2), (3, 0), (4, 0), (1, 3), (1, 4), (2, 4)]"
419,6,"[(0, 2), (3, 0), (4, 0), (1, 3), (4, 1), (2, 4)]"
420,6,"[(0, 2), (3, 0), (4, 0), (3, 1), (1, 4), (2, 4)]"
421,6,"[(0, 2), (3, 0), (4, 0), (3, 1), (4, 1), (2, 4)]"
422,6,"[(2, 0), (0, 3), (0, 4), (1, 3), (1, 4), (2, 4)]"
423,6,"[(2, 0), (0, 3), (0, 4), (1, 3), (4, 1), (2, 4)]"
424,6,"[(2, 0), (0, 3), (0, 4), (3, 1), (1, 4), (2, 4)]"
425,6,"[(2, 0), (0, 3), (0, 4), (3, 1), (4, 1), (2, 4)]"
426,6,"[(2, 0), (0, 3), (4, 0), (1, 3), (1, 4), (2, 4)]"
427,6,"[(2, 0), (0, 3), (4, 0), (3, 1), (1, 4), (2, 4)]"
428,6,"[(2, 0), (3, 0), (0, 4), (1, 3), (1, 4), (2, 4)]"
429,6,"[(2, 0), (3, 0), (0, 4), (3, 1), (1, 4), (2, 4)]"
430,6,"[(0, 2), (0, 3), (0, 4), (1, 4), (2, 3), (2, 4)]"
431,6,"[(0, 2), (0, 3), (0, 4), (1, 4), (2, 3), (4, 2)]"
432,6,"[(0, 2), (0, 3), (0, 4), (1, 4), (3, 2), (2, 4)]"
433,6,"[(0, 2), (0, 3), (0, 4), (1, 4), (3, 2), (4, 2)]"
434,6,"[(0, 2), (0, 3), (0, 4), (4, 1), (2, 3), (2, 4)]"
435,6,"[(0, 2), (0, 3), (0, 4), (4, 1), (2, 3), (4, 2)]"
436,6,"[(0, 2), (0, 3), (0, 4), (4, 1), (3, 2), (2, 4)]"
437,6,"[(0, 2), (0, 3), (0, 4), (4, 1), (3, 2), (4, 2)]"
438,6,"[(0, 2), (0, 3), (4, 0), (1, 4), (2, 3), (2, 4)]"
439,6,"[(0, 2), (0, 3), (4, 0), (1, 4), (2, 3), (4, 2)]"
440,6,"[(0, 2), (0, 3), (4, 0), (1, 4), (3, 2), (2, 4)]"
441,6,"[(0, 2), (0, 3), (4, 0), (1, 4), (3, 2), (4, 2)]"
442,6,"[(0, 2), (0, 3), (4, 0), (4, 1), (2, 3), (2, 4)]"
443,6,"[(0, 2), (0, 3), (4, 0), (4, 1), (2, 3), (4, 2)]"
444,6,"[(0, 2), (0, 3), (4, 0), (4, 1), (3, 2), (2, 4)]"
445,6,"[(0, 2), (0, 3), (4, 0), (4, 1), (3, 2), (4, 2)]"
446,6,"[(0, 2), (3, 0), (0, 4), (1, 4), (2, 3), (2, 4)]"
447,6,"[(0, 2), (3, 0), (0, 4), (1, 4), (2, 3), (4, 2)]"
448,6,"[(0, 2), (3, 0), (0, 4), (1, 4), (3, 2), (2, 4)]"
449,6,"[(0, 2), (3, 0), (0, 4), (1, 4), (3, 2), (4, 2)]"
450,6,"[(0, 2), (3, 0), (0, 4), (4, 1), (2, 3), (2, 4)]"
451,6,"[(0, 2), (3, 0), (0, 4), (4, 1), (2, 3), (4, 2)]"
452,6,"[(0, 2), (3, 0), (0, 4), (4, 1), (3, 2), (2, 4)]"
453,6,"[(0, 2), (3, 0), (0, 4), (4, 1), (3, 2), (4, 2)]"
454,6,"[(0, 2), (3, 0), (4, 0), (1, 4), (2, 3), (2, 4)]"
455,6,"[(0, 2), (3, 0), (4, 0), (1, 4), (2, 3), (4, 2)]"
456,6,"[(0, 2), (3, 0), (4, 0), (1, 4), (3, 2), (2, 4)]"
457,6,"[(0, 2), (3, 0), (4, 0), (1, 4), (3, 2), (4, 2)]"
458,6,"[(0, 2), (3, 0), (4, 0), (4, 1), (2, 3), (2, 4)]"
459,6,"[(0, 2), (3, 0), (4, 0), (4, 1), (2, 3), (4, 2)]"
460,6,"[(0, 2), (3, 0), (4, 0), (4, 1), (3, 2), (2, 4)]"
461,6,"[(0, 2), (3, 0), (4, 0), (4, 1), (3, 2), (4, 2)]"
462,7,"[(0, 4), (4, 0), (1, 4), (4, 1), (2, 4), (4, 2), (3, 4)]"
463,7,"[(0, 4), (4, 0), (1, 4), (4, 1), (2, 4), (4, 2), (4, 3)]"
464,7,"[(0, 3), (0, 4), (4, 0), (1, 4), (4, 1), (2, 4), (4, 2)]"
465,7,"[(3, 0), (0, 4), (4, 0), (1, 4), (4, 1), (2, 4), (4, 2)]"
466,7,"[(0, 3), (3, 0), (0, 4), (1, 4), (4, 1), (2, 4), (4, 2)]"
467,7,"[(0, 3), (3, 0), (4, 0), (1, 4), (4, 1), (2, 4), (4, 2)]"
468,7,"[(0, 3), (3, 0), (0, 4), (4, 0), (1, 4), (4, 1), (2, 4)]"
469,7,"[(0, 3), (3, 0), (0, 4), (4, 0), (1, 4), (4, 1), (4, 2)]"
470,7,"[(0, 3), (0, 4), (1, 4), (4, 1), (2, 4), (3, 4), (4, 3)]"
471,7,"[(0, 3), (0, 4), (1, 4), (4, 1), (4, 2), (3, 4), (4, 3)]"
472,7,"[(0, 3), (0, 4), (1, 4), (4, 1), (2, 4), (4, 2), (3, 4)]"
473,7,"[(0, 3), (0, 4), (1, 4), (4, 1), (2, 4), (4, 2), (4, 3)]"
474,7,"[(0, 3), (4, 0), (1, 4), (4, 1), (2, 4), (3, 4), (4, 3)]"
475,7,"[(0, 3), (4, 0), (1, 4), (4, 1), (4, 2), (3, 4), (4, 3)]"
476,7,"[(0, 3), (4, 0), (1, 4), (4, 1), (2, 4), (4, 2), (3, 4)]"
477,7,"[(0, 3), (4, 0), (1, 4), (4, 1), (2, 4), (4, 2), (4, 3)]"
478,7,"[(0, 3), (0, 4), (4, 0), (1, 4), (2, 4), (3, 4), (4, 3)]"
479,7,"[(0, 3), (0, 4), (4, 0), (1, 4), (4, 2), (3, 4), (4, 3)]"
480,7,"[(0, 3), (0, 4), (4, 0), (4, 1), (4, 2), (3, 4), (4, 3)]"
481,7,"[(0, 3), (0, 4), (4, 0), (1, 4), (4, 1), (2, 4), (3, 4)]"
482,7,"[(0, 3), (0, 4), (4, 0), (1, 4), (4, 1), (2, 4), (4, 3)]"
483,7,"[(0, 3), (0, 4), (4, 0), (1, 4), (4, 1), (4, 2), (3, 4)]"
484,7,"[(0, 3), (0, 4), (4, 0), (1, 4), (4, 1), (4, 2), (4, 3)]"
485,7,"[(0, 3), (3, 0), (0, 4), (1, 4), (4, 1), (2, 4), (3, 4)]"
486,7,"[(0, 3), (3, 0), (0, 4), (1, 4), (4, 1), (2, 4), (4, 3)]"
487,7,"[(0, 3), (3, 0), (0, 4), (1, 4), (4, 1), (4, 2), (3, 4)]"
488,7,"[(0, 3), (3, 0), (0, 4), (1, 4), (4, 1), (4, 2), (4, 3)]"
489,7,"[(0, 3), (3, 0), (4, 0), (1, 4), (4, 1), (2, 4), (4, 3)]"
490,7,"[(0, 3), (3, 0), (4, 0), (1, 4), (4, 1), (4, 2), (4, 3)]"
491,7,"[(0, 3), (3, 0), (0, 4), (4, 0), (1, 4), (2, 4), (3, 4)]"
492,7,"[(0, 3), (3, 0), (0, 4), (4, 0), (1, 4), (2, 4), (4, 3)]"
493,7,"[(0, 3), (3, 0), (0, 4), (4, 0), (1, 4), (4, 2), (3, 4)]"
494,7,"[(0, 3), (3, 0), (0, 4), (4, 0), (1, 4), (4, 2), (4, 3)]"
495,7,"[(0, 3), (3, 0), (0, 4), (4, 0), (4, 1), (4, 2), (3, 4)]"
496,7,"[(0, 3), (3, 0), (0, 4), (4, 0), (4, 1), (4, 2), (4, 3)]"
497,7,"[(0, 3), (0, 4), (3, 1), (1, 4), (4, 1), (2, 4), (4, 2)]"
498,7,"[(0, 3), (4, 0), (3, 1), (1, 4), (4, 1), (2, 4), (4, 2)]"
499,7,"[(0, 3), (0, 4), (4, 0), (1, 3), (1, 4), (2, 4), (4, 2)]"
500,7,"[(0, 3), (0, 4), (4, 0), (1, 3), (4, 1), (2, 4), (4, 2)]"
501,7,"[(0, 3), (0, 4), (4, 0), (1, 3), (1, 4), (4, 1), (2, 4)]"
502,7,"[(0, 3), (0, 4), (4, 0), (1, 3), (1, 4), (4, 1), (4, 2)]"
503,7,"[(0, 3), (0, 4), (4, 0), (3, 1), (1, 4), (2, 4), (4, 2)]"
504,7,"[(0, 3), (0, 4), (4, 0), (3, 1), (4, 1), (2, 4), (4, 2)]"
505,7,"[(0, 3), (0, 4), (4, 0), (3, 1), (1, 4), (4, 1), (2, 4)]"
506,7,"[(0, 3), (0, 4), (4, 0), (3, 1), (1, 4), (4, 1), (4, 2)]"
507,7,"[(3, 0), (0, 4), (4, 0), (3, 1), (1, 4), (2, 4), (4, 2)]"
508,7,"[(3, 0), (0, 4), (4, 0), (3, 1), (4, 1), (2, 4), (4, 2)]"
509,7,"[(3, 0), (0, 4), (4, 0), (3, 1), (1, 4), (4, 1), (2, 4)]"
510,7,"[(3, 0), (0, 4), (4, 0), (3, 1), (1, 4), (4, 1), (4, 2)]"
511,7,"[(0, 3), (3, 0), (0, 4), (1, 3), (1, 4), (2, 4), (4, 2)]"
512,7,"[(0, 3), (3, 0), (0, 4), (1, 3), (4, 1), (2, 4), (4, 2)]"
513,7,"[(0, 3), (3, 0), (0, 4), (1, 3), (1, 4), (4, 1), (2, 4)]"
514,7,"[(0, 3), (3, 0), (0, 4), (1, 3), (1, 4), (4, 1), (4, 2)]"
515,7,"[(0, 3), (3, 0), (0, 4), (3, 1), (1, 4), (2, 4), (4, 2)]"
516,7,"[(0, 3), (3, 0), (0, 4), (3, 1), (4, 1), (2, 4), (4, 2)]"
517,7,"[(0, 3), (3, 0), (0, 4), (3, 1), (1, 4), (4, 1), (2, 4)]"
518,7,"[(0, 3), (3, 0), (0, 4), (3, 1), (1, 4), (4, 1), (4, 2)]"
519,7,"[(0, 3), (3, 0), (0, 4), (1, 3), (3, 1), (1, 4), (2, 4)]"
520,7,"[(0, 3), (3, 0), (0, 4), (1, 3), (3, 1), (1, 4), (4, 2)]"
521,7,"[(0, 3), (3, 0), (0, 4), (1, 3), (3, 1), (4, 1), (2, 4)]"
522,7,"[(0, 3), (3, 0), (0, 4), (1, 3), (3, 1), (4, 1), (4, 2)]"
523,7,"[(0, 3), (3, 0), (4, 0), (1, 3), (1, 4), (2, 4), (4, 2)]"
524,7,"[(0, 3), (3, 0), (4, 0), (1, 3), (4, 1), (2, 4), (4, 2)]"
525,7,"[(0, 3), (3, 0), (4, 0), (1, 3), (1, 4), (4, 1), (2, 4)]"
526,7,"[(0, 3), (3, 0), (4, 0), (1, 3), (1, 4), (4, 1), (4, 2)]"
527,7,"[(0, 3), (3, 0), (4, 0), (3, 1), (1, 4), (2, 4), (4, 2)]"
528,7,"[(0, 3), (3, 0), (4, 0), (3, 1), (4, 1), (2, 4), (4, 2)]"
529,7,"[(0, 3), (3, 0), (4, 0), (3, 1), (1, 4), (4, 1), (2, 4)]"
530,7,"[(0, 3), (3, 0), (4, 0), (3, 1), (1, 4), (4, 1), (4, 2)]"
531,7,"[(0, 3), (3, 0), (4, 0), (1, 3), (3, 1), (4, 1), (2, 4)]"
532,7,"[(0, 3), (3, 0), (4, 0), (1, 3), (3, 1), (4, 1), (4, 2)]"
533,7,"[(0, 3), (3, 0), (0, 4), (4, 0), (1, 3), (1, 4), (2, 4)]"
534,7,"[(0, 3), (3, 0), (0, 4), (4, 0), (1, 3), (1, 4), (4, 2)]"
535,7,"[(0, 3), (3, 0), (0, 4), (4, 0), (1, 3), (4, 1), (2, 4)]"
536,7,"[(0, 3), (3, 0), (0, 4), (4, 0), (1, 3), (4, 1), (4, 2)]"
537,7,"[(0, 3), (3, 0), (0, 4), (4, 0), (3, 1), (1, 4), (2, 4)]"
538,7,"[(0, 3), (3, 0), (0, 4), (4, 0), (3, 1), (1, 4), (4, 2)]"
539,7,"[(0, 3), (3, 0), (0, 4), (4, 0), (3, 1), (4, 1), (2, 4)]"
540,7,"[(0, 3), (3, 0), (0, 4), (4, 0), (3, 1), (4, 1), (4, 2)]"
541,7,"[(0, 3), (0, 4), (1, 3), (3, 1), (2, 4), (3, 4), (4, 3)]"
542,7,"[(0, 3), (0, 4), (1, 3), (3, 1), (4, 2), (3, 4), (4, 3)]"
543,7,"[(0, 3), (0, 4), (1, 3), (3, 1), (2, 4), (4, 2), (3, 4)]"
544,7,"[(0, 3), (4, 0), (1, 3), (2, 4), (4, 2), (3, 4), (4, 3)]"
545,7,"[(0, 3), (4, 0), (3, 1), (2, 4), (4, 2), (3, 4), (4, 3)]"
546,7,"[(0, 3), (4, 0), (1, 3), (3, 1), (2, 4), (3, 4), (4, 3)]"
547,7,"[(0, 3), (4, 0), (1, 3), (3, 1), (4, 2), (3, 4), (4, 3)]"
548,7,"[(0, 3), (4, 0), (1, 3), (3, 1), (2, 4), (4, 2), (3, 4)]"
549,7,"[(0, 3), (4, 0), (1, 3), (3, 1), (2, 4), (4, 2), (4, 3)]"
550,7,"[(3, 0), (4, 0), (1, 3), (3, 1), (2, 4), (3, 4), (4, 3)]"
551,7,"[(3, 0), (4, 0), (1, 3), (3, 1), (4, 2), (3, 4), (4, 3)]"
552,7,"[(3, 0), (4, 0), (1, 3), (3, 1), (2, 4), (4, 2), (3, 4)]"
553,7,"[(0, 3), (3, 0), (0, 4), (1, 3), (2, 4), (3, 4), (4, 3)]"
554,7,"[(0, 3), (3, 0), (0, 4), (1, 3), (4, 2), (3, 4), (4, 3)]"
555,7,"[(0, 3), (3, 0), (0, 4), (1, 3), (2, 4), (4, 2), (3, 4)]"
556,7,"[(0, 3), (3, 0), (0, 4), (1, 3), (2, 4), (4, 2), (4, 3)]"
557,7,"[(0, 3), (3, 0), (0, 4), (3, 1), (2, 4), (3, 4), (4, 3)]"
558,7,"[(0, 3), (3, 0), (0, 4), (3, 1), (4, 2), (3, 4), (4, 3)]"
559,7,"[(0, 3), (3, 0), (0, 4), (3, 1), (2, 4), (4, 2), (3, 4)]"
560,7,"[(0, 3), (3, 0), (0, 4), (3, 1), (2, 4), (4, 2), (4, 3)]"
561,7,"[(0, 3), (3, 0), (0, 4), (1, 3), (3, 1), (2, 4), (3, 4)]"
562,7,"[(0, 3), (3, 0), (0, 4), (1, 3), (3, 1), (2, 4), (4, 3)]"
563,7,"[(0, 3), (3, 0), (0, 4), (1, 3), (3, 1), (4, 2), (3, 4)]"
564,7,"[(0, 3), (3, 0), (0, 4), (1, 3), (3, 1), (4, 2), (4, 3)]"
565,7,"[(0, 3), (3, 0), (4, 0), (1, 3), (2, 4), (3, 4), (4, 3)]"
566,7,"[(0, 3), (3, 0), (4, 0), (1, 3), (4, 2), (3, 4), (4, 3)]"
567,7,"[(0, 3), (3, 0), (4, 0), (1, 3), (2, 4), (4, 2), (3, 4)]"
568,7,"[(0, 3), (3, 0), (4, 0), (1, 3), (2, 4), (4, 2), (4, 3)]"
569,7,"[(0, 3), (3, 0), (4, 0), (3, 1), (2, 4), (3, 4), (4, 3)]"
570,7,"[(0, 3), (3, 0), (4, 0), (3, 1), (4, 2), (3, 4), (4, 3)]"
571,7,"[(0, 3), (3, 0), (4, 0), (3, 1), (2, 4), (4, 2), (3, 4)]"
572,7,"[(0, 3), (3, 0), (4, 0), (3, 1), (2, 4), (4, 2), (4, 3)]"
573,7,"[(0, 3), (3, 0), (4, 0), (1, 3), (3, 1), (2, 4), (3, 4)]"
574,7,"[(0, 3), (3, 0), (4, 0), (1, 3), (3, 1), (2, 4), (4, 3)]"
575,7,"[(0, 3), (3, 0), (4, 0), (1, 3), (3, 1), (4, 2), (3, 4)]"
576,7,"[(0, 3), (3, 0), (4, 0), (1, 3), (3, 1), (4, 2), (4, 3)]"
577,7,"[(0, 3), (3, 0), (0, 4), (4, 0), (1, 3), (2, 4), (3, 4)]"
578,7,"[(0, 3), (3, 0), (0, 4), (4, 0), (1, 3), (4, 2), (3, 4)]"
579,7,"[(0, 3), (3, 0), (0, 4), (4, 0), (1, 3), (4, 2), (4, 3)]"
580,7,"[(0, 3), (3, 0), (0, 4), (4, 0), (3, 1), (4, 2), (3, 4)]"
581,7,"[(0, 3), (0, 4), (1, 3), (1, 4), (2, 4), (3, 4), (4, 3)]"
582,7,"[(0, 3), (0, 4), (1, 3), (1, 4), (4, 2), (3, 4), (4, 3)]"
583,7,"[(0, 3), (0, 4), (1, 3), (1, 4), (2, 4), (4, 2), (3, 4)]"
584,7,"[(0, 3), (0, 4), (1, 3), (1, 4), (2, 4), (4, 2), (4, 3)]"
585,7,"[(0, 3), (0, 4), (1, 3), (4, 1), (2, 4), (3, 4), (4, 3)]"
586,7,"[(0, 3), (0, 4), (1, 3), (4, 1), (4, 2), (3, 4), (4, 3)]"
587,7,"[(0, 3), (0, 4), (1, 3), (4, 1), (2, 4), (4, 2), (3, 4)]"
588,7,"[(0, 3), (0, 4), (1, 3), (4, 1), (2, 4), (4, 2), (4, 3)]"
589,7,"[(0, 3), (0, 4), (3, 1), (1, 4), (2, 4), (3, 4), (4, 3)]"
590,7,"[(0, 3), (0, 4), (3, 1), (1, 4), (4, 2), (3, 4), (4, 3)]"
591,7,"[(0, 3), (0, 4), (3, 1), (1, 4), (2, 4), (4, 2), (3, 4)]"
592,7,"[(0, 3), (0, 4), (3, 1), (1, 4), (2, 4), (4, 2), (4, 3)]"
593,7,"[(0, 3), (0, 4), (3, 1), (4, 1), (2, 4), (3, 4), (4, 3)]"
594,7,"[(0, 3), (0, 4), (3, 1), (4, 1), (4, 2), (3, 4), (4, 3)]"
595,7,"[(0, 3), (0, 4), (3, 1), (4, 1), (2, 4), (4, 2), (3, 4)]"
596,7,"[(0, 3), (0, 4), (3, 1), (4, 1), (2, 4), (4, 2), (4, 3)]"
597,7,"[(0, 3), (0, 4), (3, 1), (1, 4), (4, 1), (2, 4), (3, 4)]"
598,7,"[(0, 3), (0, 4), (3, 1), (1, 4), (4, 1), (2, 4), (4, 3)]"
599,7,"[(0, 3), (0, 4), (3, 1), (1, 4), (4, 1), (4, 2), (3, 4)]"
600,7,"[(0, 3), (0, 4), (3, 1), (1, 4), (4, 1), (4, 2), (4, 3)]"
601,7,"[(0, 3), (4, 0), (1, 3), (4, 1), (2, 4), (3, 4), (4, 3)]"
602,7,"[(0, 3), (4, 0), (1, 3), (4, 1), (4, 2), (3, 4), (4, 3)]"
603,7,"[(0, 3), (4, 0), (1, 3), (4, 1), (2, 4), (4, 2), (3, 4)]"
604,7,"[(0, 3), (4, 0), (1, 3), (4, 1), (2, 4), (4, 2), (4, 3)]"
605,7,"[(0, 3), (4, 0), (3, 1), (1, 4), (2, 4), (3, 4), (4, 3)]"
606,7,"[(0, 3), (4, 0), (3, 1), (1, 4), (4, 2), (3, 4), (4, 3)]"
607,7,"[(0, 3), (4, 0), (3, 1), (1, 4), (2, 4), (4, 2), (3, 4)]"
608,7,"[(0, 3), (4, 0), (3, 1), (1, 4), (2, 4), (4, 2), (4, 3)]"
609,7,"[(0, 3), (4, 0), (3, 1), (4, 1), (2, 4), (3, 4), (4, 3)]"
610,7,"[(0, 3), (4, 0), (3, 1), (4, 1), (4, 2), (3, 4), (4, 3)]"
611,7,"[(0, 3), (4, 0), (3, 1), (4, 1), (2, 4), (4, 2), (3, 4)]"
612,7,"[(0, 3), (4, 0), (3, 1), (4, 1), (2, 4), (4, 2), (4, 3)]"
613,7,"[(0, 3), (4, 0), (3, 1), (1, 4), (4, 1), (2, 4), (3, 4)]"
614,7,"[(0, 3), (4, 0), (3, 1), (1, 4), (4, 1), (2, 4), (4, 3)]"
615,7,"[(0, 3), (4, 0), (3, 1), (1, 4), (4, 1), (4, 2), (3, 4)]"
616,7,"[(0, 3), (4, 0), (3, 1), (1, 4), (4, 1), (4, 2), (4, 3)]"
617,7,"[(0, 3), (0, 4), (4, 0), (1, 3), (1, 4), (2, 4), (3, 4)]"
618,7,"[(0, 3), (0, 4), (4, 0), (1, 3), (1, 4), (2, 4), (4, 3)]"
619,7,"[(0, 3), (0, 4), (4, 0), (1, 3), (1, 4), (4, 2), (3, 4)]"
620,7,"[(0, 3), (0, 4), (4, 0), (1, 3), (1, 4), (4, 2), (4, 3)]"
621,7,"[(0, 3), (0, 4), (4, 0), (1, 3), (4, 1), (2, 4), (3, 4)]"
622,7,"[(0, 3), (0, 4), (4, 0), (1, 3), (4, 1), (2, 4), (4, 3)]"
623,7,"[(0, 3), (0, 4), (4, 0), (1, 3), (4, 1), (4, 2), (3, 4)]"
624,7,"[(0, 3), (0, 4), (4, 0), (1, 3), (4, 1), (4, 2), (4, 3)]"
625,7,"[(0, 3), (0, 4), (4, 0), (3, 1), (1, 4), (2, 4), (3, 4)]"
626,7,"[(0, 3), (0, 4), (4, 0), (3, 1), (1, 4), (2, 4), (4, 3)]"
627,7,"[(0, 3), (0, 4), (4, 0), (3, 1), (1, 4), (4, 2), (3, 4)]"
628,7,"[(0, 3), (0, 4), (4, 0), (3, 1), (1, 4), (4, 2), (4, 3)]"
629,7,"[(0, 3), (0, 4), (4, 0), (3, 1), (4, 1), (2, 4), (3, 4)]"
630,7,"[(0, 3), (0, 4), (4, 0), (3, 1), (4, 1), (2, 4), (4, 3)]"
631,7,"[(0, 3), (0, 4), (4, 0), (3, 1), (4, 1), (4, 2), (3, 4)]"
632,7,"[(0, 3), (0, 4), (4, 0), (3, 1), (4, 1), (4, 2), (4, 3)]"
633,7,"[(3, 0), (0, 4), (3, 1), (1, 4), (2, 4), (3, 4), (4, 3)]"
634,7,"[(3, 0), (0, 4), (3, 1), (1, 4), (4, 2), (3, 4), (4, 3)]"
635,7,"[(3, 0), (0, 4), (3, 1), (1, 4), (2, 4), (4, 2), (3, 4)]"
636,7,"[(3, 0), (0, 4), (3, 1), (1, 4), (2, 4), (4, 2), (4, 3)]"
637,7,"[(3, 0), (0, 4), (3, 1), (4, 1), (2, 4), (3, 4), (4, 3)]"
638,7,"[(3, 0), (0, 4), (3, 1), (4, 1), (4, 2), (3, 4), (4, 3)]"
639,7,"[(3, 0), (0, 4), (3, 1), (4, 1), (2, 4), (4, 2), (3, 4)]"
640,7,"[(3, 0), (0, 4), (3, 1), (4, 1), (2, 4), (4, 2), (4, 3)]"
641,7,"[(3, 0), (4, 0), (3, 1), (4, 1), (2, 4), (3, 4), (4, 3)]"
642,7,"[(3, 0), (4, 0), (3, 1), (4, 1), (4, 2), (3, 4), (4, 3)]"
643,7,"[(3, 0), (4, 0), (3, 1), (4, 1), (2, 4), (4, 2), (3, 4)]"
644,7,"[(3, 0), (4, 0), (3, 1), (4, 1), (2, 4), (4, 2), (4, 3)]"
645,7,"[(3, 0), (0, 4), (4, 0), (3, 1), (1, 4), (2, 4), (3, 4)]"
646,7,"[(3, 0), (0, 4), (4, 0), (3, 1), (1, 4), (2, 4), (4, 3)]"
647,7,"[(3, 0), (0, 4), (4, 0), (3, 1), (1, 4), (4, 2), (3, 4)]"
648,7,"[(3, 0), (0, 4), (4, 0), (3, 1), (1, 4), (4, 2), (4, 3)]"
649,7,"[(3, 0), (0, 4), (4, 0), (3, 1), (4, 1), (2, 4), (3, 4)]"
650,7,"[(3, 0), (0, 4), (4, 0), (3, 1), (4, 1), (2, 4), (4, 3)]"
651,7,"[(3, 0), (0, 4), (4, 0), (3, 1), (4, 1), (4, 2), (3, 4)]"
652,7,"[(3, 0), (0, 4), (4, 0), (3, 1), (4, 1), (4, 2), (4, 3)]"
653,7,"[(0, 3), (3, 0), (0, 4), (1, 3), (1, 4), (2, 4), (3, 4)]"
654,7,"[(0, 3), (3, 0), (0, 4), (1, 3), (1, 4), (2, 4), (4, 3)]"
655,7,"[(0, 3), (3, 0), (0, 4), (1, 3), (1, 4), (4, 2), (3, 4)]"
656,7,"[(0, 3), (3, 0), (0, 4), (1, 3), (1, 4), (4, 2), (4, 3)]"
657,7,"[(0, 3), (3, 0), (0, 4), (1, 3), (4, 1), (2, 4), (3, 4)]"
658,7,"[(0, 3), (3, 0), (0, 4), (1, 3), (4, 1), (2, 4), (4, 3)]"
659,7,"[(0, 3), (3, 0), (0, 4), (1, 3), (4, 1), (4, 2), (3, 4)]"
660,7,"[(0, 3), (3, 0), (0, 4), (1, 3), (4, 1), (4, 2), (4, 3)]"
661,7,"[(0, 3), (3, 0), (0, 4), (3, 1), (1, 4), (2, 4), (3, 4)]"
662,7,"[(0, 3), (3, 0), (0, 4), (3, 1), (1, 4), (2, 4), (4, 3)]"
663,7,"[(0, 3), (3, 0), (0, 4), (3, 1), (1, 4), (4, 2), (3, 4)]"
664,7,"[(0, 3), (3, 0), (0, 4), (3, 1), (1, 4), (4, 2), (4, 3)]"
665,7,"[(0, 3), (3, 0), (0, 4), (3, 1), (4, 1), (2, 4), (3, 4)]"
666,7,"[(0, 3), (3, 0), (0, 4), (3, 1), (4, 1), (2, 4), (4, 3)]"
667,7,"[(0, 3), (3, 0), (0, 4), (3, 1), (4, 1), (4, 2), (3, 4)]"
668,7,"[(0, 3), (3, 0), (0, 4), (3, 1), (4, 1), (4, 2), (4, 3)]"
669,7,"[(0, 3), (3, 0), (4, 0), (1, 3), (1, 4), (2, 4), (3, 4)]"
670,7,"[(0, 3), (3, 0), (4, 0), (1, 3), (1, 4), (2, 4), (4, 3)]"
671,7,"[(0, 3), (3, 0), (4, 0), (1, 3), (1, 4), (4, 2), (3, 4)]"
672,7,"[(0, 3), (3, 0), (4, 0), (1, 3), (1, 4), (4, 2), (4, 3)]"
673,7,"[(0, 3), (3, 0), (4, 0), (1, 3), (4, 1), (2, 4), (3, 4)]"
674,7,"[(0, 3), (3, 0), (4, 0), (1, 3), (4, 1), (2, 4), (4, 3)]"
675,7,"[(0, 3), (3, 0), (4, 0), (1, 3), (4, 1), (4, 2), (3, 4)]"
676,7,"[(0, 3), (3, 0), (4, 0), (1, 3), (4, 1), (4, 2), (4, 3)]"
677,7,"[(0, 3), (3, 0), (4, 0), (3, 1), (1, 4), (2, 4), (3, 4)]"
678,7,"[(0, 3), (3, 0), (4, 0), (3, 1), (1, 4), (2, 4), (4, 3)]"
679,7,"[(0, 3), (3, 0), (4, 0), (3, 1), (1, 4), (4, 2), (3, 4)]"
680,7,"[(0, 3), (3, 0), (4, 0), (3, 1), (1, 4), (4, 2), (4, 3)]"
681,7,"[(0, 3), (3, 0), (4, 0), (3, 1), (4, 1), (2, 4), (3, 4)]"
682,7,"[(0, 3), (3, 0), (4, 0), (3, 1), (4, 1), (2, 4), (4, 3)]"
683,7,"[(0, 3), (3, 0), (4, 0), (3, 1), (4, 1), (4, 2), (3, 4)]"
684,7,"[(0, 3), (3, 0), (4, 0), (3, 1), (4, 1), (4, 2), (4, 3)]"
685,7,"[(0, 3), (3, 0), (0, 4), (1, 3), (1, 4), (2, 3), (2, 4)]"
686,7,"[(0, 3), (3, 0), (0, 4), (1, 3), (1, 4), (2, 3), (4, 2)]"
687,7,"[(0, 3), (3, 0), (0, 4), (1, 3), (1, 4), (3, 2), (2, 4)]"
688,7,"[(0, 3), (3, 0), (0, 4), (1, 3), (1, 4), (3, 2), (4, 2)]"
689,7,"[(0, 3), (3, 0), (0, 4), (1, 3), (4, 1), (2, 3), (4, 2)]"
690,7,"[(0, 3), (3, 0), (0, 4), (1, 3), (4, 1), (3, 2), (2, 4)]"
691,7,"[(0, 3), (3, 0), (0, 4), (1, 3), (4, 1), (3, 2), (4, 2)]"
692,7,"[(0, 3), (3, 0), (0, 4), (3, 1), (1, 4), (3, 2), (2, 4)]"
693,7,"[(0, 3), (3, 0), (0, 4), (3, 1), (1, 4), (3, 2), (4, 2)]"
694,7,"[(0, 3), (3, 0), (0, 4), (3, 1), (4, 1), (3, 2), (4, 2)]"
695,7,"[(0, 3), (3, 0), (4, 0), (1, 3), (1, 4), (2, 3), (2, 4)]"
696,7,"[(0, 3), (3, 0), (4, 0), (1, 3), (1, 4), (2, 3), (4, 2)]"
697,7,"[(0, 3), (3, 0), (4, 0), (1, 3), (1, 4), (3, 2), (2, 4)]"
698,7,"[(0, 3), (3, 0), (4, 0), (1, 3), (1, 4), (3, 2), (4, 2)]"
699,7,"[(0, 3), (3, 0), (4, 0), (1, 3), (4, 1), (2, 3), (4, 2)]"
700,7,"[(0, 3), (3, 0), (4, 0), (1, 3), (4, 1), (3, 2), (2, 4)]"
701,7,"[(0, 3), (3, 0), (4, 0), (1, 3), (4, 1), (3, 2), (4, 2)]"
702,7,"[(0, 3), (3, 0), (4, 0), (3, 1), (1, 4), (3, 2), (2, 4)]"
703,7,"[(0, 3), (3, 0), (4, 0), (3, 1), (1, 4), (3, 2), (4, 2)]"
704,7,"[(0, 3), (3, 0), (4, 0), (3, 1), (4, 1), (3, 2), (4, 2)]"
705,7,"[(0, 3), (0, 4), (1, 3), (1, 4), (2, 3), (2, 4), (3, 4)]"
706,7,"[(0, 3), (0, 4), (1, 3), (1, 4), (2, 3), (4, 2), (3, 4)]"
707,7,"[(0, 3), (0, 4), (1, 3), (1, 4), (2, 3), (4, 2), (4, 3)]"
708,7,"[(0, 3), (0, 4), (1, 3), (1, 4), (3, 2), (4, 2), (3, 4)]"
709,7,"[(0, 3), (0, 4), (1, 3), (4, 1), (2, 3), (4, 2), (3, 4)]"
710,7,"[(0, 3), (0, 4), (1, 3), (4, 1), (2, 3), (4, 2), (4, 3)]"
711,7,"[(0, 3), (0, 4), (1, 3), (4, 1), (3, 2), (2, 4), (3, 4)]"
712,7,"[(0, 3), (0, 4), (1, 3), (4, 1), (3, 2), (4, 2), (3, 4)]"
713,7,"[(0, 3), (0, 4), (1, 3), (4, 1), (3, 2), (4, 2), (4, 3)]"
714,7,"[(0, 3), (0, 4), (3, 1), (4, 1), (3, 2), (4, 2), (3, 4)]"
715,7,"[(0, 3), (4, 0), (1, 3), (4, 1), (2, 3), (4, 2), (3, 4)]"
716,7,"[(0, 3), (4, 0), (1, 3), (4, 1), (2, 3), (4, 2), (4, 3)]"
717,7,"[(0, 3), (4, 0), (1, 3), (4, 1), (3, 2), (2, 4), (3, 4)]"
718,7,"[(0, 3), (4, 0), (1, 3), (4, 1), (3, 2), (2, 4), (4, 3)]"
719,7,"[(0, 3), (4, 0), (1, 3), (4, 1), (3, 2), (4, 2), (3, 4)]"
720,7,"[(0, 3), (4, 0), (1, 3), (4, 1), (3, 2), (4, 2), (4, 3)]"
721,7,"[(0, 3), (4, 0), (3, 1), (1, 4), (3, 2), (4, 2), (3, 4)]"
722,7,"[(0, 3), (4, 0), (3, 1), (4, 1), (3, 2), (4, 2), (3, 4)]"
723,7,"[(0, 3), (4, 0), (3, 1), (4, 1), (3, 2), (4, 2), (4, 3)]"
724,7,"[(3, 0), (4, 0), (3, 1), (4, 1), (3, 2), (4, 2), (3, 4)]"
725,7,"[(0, 2), (2, 0), (0, 4), (4, 0), (1, 3), (1, 4), (4, 1)]"
726,7,"[(0, 2), (2, 0), (0, 4), (4, 0), (3, 1), (1, 4), (4, 1)]"
727,7,"[(0, 2), (2, 0), (0, 4), (4, 0), (1, 3), (3, 1), (1, 4)]"
728,7,"[(0, 2), (2, 0), (0, 4), (4, 0), (1, 3), (3, 1), (4, 1)]"
729,7,"[(0, 2), (0, 4), (1, 3), (1, 4), (4, 1), (2, 4), (4, 2)]"
730,7,"[(0, 2), (0, 4), (3, 1), (1, 4), (4, 1), (2, 4), (4, 2)]"
731,7,"[(0, 2), (0, 4), (1, 3), (3, 1), (1, 4), (2, 4), (4, 2)]"
732,7,"[(0, 2), (0, 4), (1, 3), (3, 1), (4, 1), (2, 4), (4, 2)]"
733,7,"[(0, 2), (0, 4), (1, 3), (3, 1), (1, 4), (4, 1), (2, 4)]"
734,7,"[(0, 2), (0, 4), (1, 3), (3, 1), (1, 4), (4, 1), (4, 2)]"
735,7,"[(0, 2), (4, 0), (1, 3), (1, 4), (4, 1), (2, 4), (4, 2)]"
736,7,"[(0, 2), (4, 0), (3, 1), (1, 4), (4, 1), (2, 4), (4, 2)]"
737,7,"[(0, 2), (4, 0), (1, 3), (3, 1), (1, 4), (2, 4), (4, 2)]"
738,7,"[(0, 2), (4, 0), (1, 3), (3, 1), (4, 1), (2, 4), (4, 2)]"
739,7,"[(0, 2), (4, 0), (1, 3), (3, 1), (1, 4), (4, 1), (2, 4)]"
740,7,"[(0, 2), (4, 0), (1, 3), (3, 1), (1, 4), (4, 1), (4, 2)]"
741,7,"[(0, 2), (0, 4), (4, 0), (1, 3), (1, 4), (2, 4), (4, 2)]"
742,7,"[(0, 2), (0, 4), (4, 0), (1, 3), (4, 1), (2, 4), (4, 2)]"
743,7,"[(0, 2), (0, 4), (4, 0), (1, 3), (1, 4), (4, 1), (2, 4)]"
744,7,"[(0, 2), (0, 4), (4, 0), (1, 3), (1, 4), (4, 1), (4, 2)]"
745,7,"[(0, 2), (0, 4), (4, 0), (3, 1), (1, 4), (2, 4), (4, 2)]"
746,7,"[(0, 2), (0, 4), (4, 0), (3, 1), (4, 1), (2, 4), (4, 2)]"
747,7,"[(0, 2), (0, 4), (4, 0), (3, 1), (1, 4), (4, 1), (2, 4)]"
748,7,"[(0, 2), (0, 4), (4, 0), (3, 1), (1, 4), (4, 1), (4, 2)]"
749,7,"[(0, 2), (0, 4), (4, 0), (1, 3), (3, 1), (1, 4), (2, 4)]"
750,7,"[(0, 2), (0, 4), (4, 0), (1, 3), (3, 1), (1, 4), (4, 2)]"
751,7,"[(0, 2), (0, 4), (4, 0), (1, 3), (3, 1), (4, 1), (2, 4)]"
752,7,"[(0, 2), (0, 4), (4, 0), (1, 3), (3, 1), (4, 1), (4, 2)]"
753,7,"[(0, 2), (2, 0), (0, 4), (1, 3), (1, 4), (4, 1), (2, 4)]"
754,7,"[(0, 2), (2, 0), (0, 4), (1, 3), (1, 4), (4, 1), (4, 2)]"
755,7,"[(0, 2), (2, 0), (0, 4), (3, 1), (1, 4), (4, 1), (2, 4)]"
756,7,"[(0, 2), (2, 0), (0, 4), (3, 1), (1, 4), (4, 1), (4, 2)]"
757,7,"[(0, 2), (2, 0), (0, 4), (1, 3), (3, 1), (1, 4), (2, 4)]"
758,7,"[(0, 2), (2, 0), (0, 4), (1, 3), (3, 1), (1, 4), (4, 2)]"
759,7,"[(0, 2), (2, 0), (0, 4), (1, 3), (3, 1), (4, 1), (2, 4)]"
760,7,"[(0, 2), (2, 0), (0, 4), (1, 3), (3, 1), (4, 1), (4, 2)]"
761,7,"[(0, 2), (2, 0), (4, 0), (1, 3), (1, 4), (4, 1), (4, 2)]"
762,7,"[(0, 2), (2, 0), (4, 0), (3, 1), (1, 4), (4, 1), (4, 2)]"
763,7,"[(0, 2), (2, 0), (4, 0), (1, 3), (3, 1), (1, 4), (4, 2)]"
764,7,"[(0, 2), (2, 0), (4, 0), (1, 3), (3, 1), (4, 1), (4, 2)]"
765,7,"[(0, 2), (2, 0), (0, 4), (4, 0), (1, 3), (1, 4), (2, 4)]"
766,7,"[(0, 2), (2, 0), (0, 4), (4, 0), (1, 3), (1, 4), (4, 2)]"
767,7,"[(0, 2), (2, 0), (0, 4), (4, 0), (1, 3), (4, 1), (2, 4)]"
768,7,"[(0, 2), (2, 0), (0, 4), (4, 0), (1, 3), (4, 1), (4, 2)]"
769,7,"[(0, 2), (2, 0), (0, 4), (4, 0), (3, 1), (1, 4), (2, 4)]"
770,7,"[(0, 2), (2, 0), (0, 4), (4, 0), (3, 1), (1, 4), (4, 2)]"
771,7,"[(0, 2), (2, 0), (0, 4), (4, 0), (3, 1), (4, 1), (2, 4)]"
772,7,"[(0, 2), (2, 0), (0, 4), (4, 0), (3, 1), (4, 1), (4, 2)]"
773,7,"[(0, 2), (0, 4), (1, 3), (1, 4), (2, 4), (4, 2), (3, 4)]"
774,7,"[(0, 2), (0, 4), (1, 3), (1, 4), (2, 4), (4, 2), (4, 3)]"
775,7,"[(0, 2), (0, 4), (1, 3), (4, 1), (2, 4), (3, 4), (4, 3)]"
776,7,"[(0, 2), (0, 4), (1, 3), (4, 1), (4, 2), (3, 4), (4, 3)]"
777,7,"[(0, 2), (0, 4), (1, 3), (4, 1), (2, 4), (4, 2), (3, 4)]"
778,7,"[(0, 2), (0, 4), (1, 3), (4, 1), (2, 4), (4, 2), (4, 3)]"
779,7,"[(0, 2), (4, 0), (1, 3), (4, 1), (2, 4), (4, 2), (3, 4)]"
780,7,"[(0, 2), (4, 0), (1, 3), (4, 1), (2, 4), (4, 2), (4, 3)]"
781,7,"[(0, 2), (0, 4), (4, 0), (1, 3), (1, 4), (2, 4), (3, 4)]"
782,7,"[(0, 2), (0, 4), (4, 0), (1, 3), (1, 4), (2, 4), (4, 3)]"
783,7,"[(0, 2), (0, 4), (4, 0), (1, 3), (1, 4), (4, 2), (3, 4)]"
784,7,"[(0, 2), (0, 4), (4, 0), (1, 3), (1, 4), (4, 2), (4, 3)]"
785,7,"[(0, 2), (0, 4), (4, 0), (1, 3), (4, 1), (2, 4), (3, 4)]"
786,7,"[(0, 2), (0, 4), (4, 0), (1, 3), (4, 1), (2, 4), (4, 3)]"
787,7,"[(0, 2), (0, 4), (4, 0), (1, 3), (4, 1), (4, 2), (3, 4)]"
788,7,"[(0, 2), (0, 4), (4, 0), (1, 3), (4, 1), (4, 2), (4, 3)]"
789,7,"[(0, 2), (2, 0), (0, 4), (1, 3), (1, 4), (2, 4), (3, 4)]"
790,7,"[(0, 2), (2, 0), (0, 4), (1, 3), (1, 4), (2, 4), (4, 3)]"
791,7,"[(0, 2), (2, 0), (0, 4), (1, 3), (1, 4), (4, 2), (3, 4)]"
792,7,"[(0, 2), (2, 0), (0, 4), (1, 3), (1, 4), (4, 2), (4, 3)]"
793,7,"[(0, 2), (2, 0), (0, 4), (1, 3), (4, 1), (2, 4), (3, 4)]"
794,7,"[(0, 2), (2, 0), (0, 4), (1, 3), (4, 1), (2, 4), (4, 3)]"
795,7,"[(0, 2), (2, 0), (0, 4), (1, 3), (4, 1), (4, 2), (3, 4)]"
796,7,"[(0, 2), (2, 0), (0, 4), (1, 3), (4, 1), (4, 2), (4, 3)]"
797,7,"[(0, 2), (2, 0), (4, 0), (1, 3), (1, 4), (4, 2), (3, 4)]"
798,7,"[(0, 2), (2, 0), (4, 0), (1, 3), (1, 4), (4, 2), (4, 3)]"
799,7,"[(0, 2), (2, 0), (4, 0), (1, 3), (4, 1), (4, 2), (3, 4)]"
800,7,"[(0, 2), (2, 0), (4, 0), (1, 3), (4, 1), (4, 2), (4, 3)]"
801,7,"[(0, 2), (2, 0), (0, 3), (1, 3), (3, 1), (1, 4), (2, 4)]"
802,7,"[(0, 2), (2, 0), (0, 3), (1, 3), (3, 1), (1, 4), (4, 2)]"
803,7,"[(0, 2), (2, 0), (0, 3), (1, 3), (3, 1), (4, 1), (2, 4)]"
804,7,"[(0, 2), (2, 0), (0, 3), (1, 3), (3, 1), (4, 1), (4, 2)]"
805,7,"[(0, 2), (2, 0), (0, 3), (3, 0), (1, 3), (1, 4), (2, 4)]"
806,7,"[(0, 2), (2, 0), (0, 3), (3, 0), (1, 3), (1, 4), (4, 2)]"
807,7,"[(0, 2), (2, 0), (0, 3), (3, 0), (1, 3), (4, 1), (2, 4)]"
808,7,"[(0, 2), (2, 0), (0, 3), (3, 0), (3, 1), (1, 4), (2, 4)]"
809,7,"[(0, 2), (0, 3), (0, 4), (1, 3), (1, 4), (4, 1), (2, 4)]"
810,7,"[(0, 2), (0, 3), (0, 4), (3, 1), (1, 4), (4, 1), (2, 4)]"
811,7,"[(0, 2), (0, 3), (0, 4), (1, 3), (3, 1), (1, 4), (2, 4)]"
812,7,"[(0, 2), (0, 3), (0, 4), (1, 3), (3, 1), (1, 4), (4, 2)]"
813,7,"[(0, 2), (0, 3), (0, 4), (1, 3), (3, 1), (4, 1), (2, 4)]"
814,7,"[(0, 2), (0, 3), (0, 4), (1, 3), (3, 1), (4, 1), (4, 2)]"
815,7,"[(0, 2), (0, 3), (4, 0), (1, 3), (1, 4), (4, 1), (2, 4)]"
816,7,"[(0, 2), (0, 3), (4, 0), (3, 1), (1, 4), (4, 1), (2, 4)]"
817,7,"[(0, 2), (0, 3), (4, 0), (1, 3), (3, 1), (1, 4), (2, 4)]"
818,7,"[(0, 2), (0, 3), (4, 0), (1, 3), (3, 1), (1, 4), (4, 2)]"
819,7,"[(0, 2), (0, 3), (4, 0), (1, 3), (3, 1), (4, 1), (2, 4)]"
820,7,"[(0, 2), (0, 3), (0, 4), (4, 0), (1, 3), (1, 4), (2, 4)]"
821,7,"[(0, 2), (0, 3), (0, 4), (4, 0), (1, 3), (1, 4), (4, 2)]"
822,7,"[(0, 2), (0, 3), (0, 4), (4, 0), (1, 3), (4, 1), (2, 4)]"
823,7,"[(0, 2), (0, 3), (0, 4), (4, 0), (1, 3), (4, 1), (4, 2)]"
824,7,"[(0, 2), (0, 3), (0, 4), (4, 0), (3, 1), (1, 4), (2, 4)]"
825,7,"[(0, 2), (0, 3), (0, 4), (4, 0), (3, 1), (1, 4), (4, 2)]"
826,7,"[(0, 2), (0, 3), (0, 4), (4, 0), (3, 1), (4, 1), (2, 4)]"
827,7,"[(0, 2), (3, 0), (0, 4), (1, 3), (1, 4), (4, 1), (2, 4)]"
828,7,"[(0, 2), (3, 0), (0, 4), (3, 1), (1, 4), (4, 1), (2, 4)]"
829,7,"[(0, 2), (3, 0), (0, 4), (1, 3), (3, 1), (1, 4), (2, 4)]"
830,7,"[(0, 2), (3, 0), (0, 4), (1, 3), (3, 1), (1, 4), (4, 2)]"
831,7,"[(0, 2), (3, 0), (0, 4), (1, 3), (3, 1), (4, 1), (2, 4)]"
832,7,"[(0, 2), (3, 0), (4, 0), (1, 3), (1, 4), (4, 1), (2, 4)]"
833,7,"[(0, 2), (3, 0), (4, 0), (3, 1), (1, 4), (4, 1), (2, 4)]"
834,7,"[(0, 2), (3, 0), (4, 0), (1, 3), (3, 1), (1, 4), (2, 4)]"
835,7,"[(0, 2), (3, 0), (4, 0), (1, 3), (3, 1), (4, 1), (2, 4)]"
836,7,"[(0, 2), (3, 0), (0, 4), (4, 0), (1, 3), (1, 4), (2, 4)]"
837,7,"[(0, 2), (3, 0), (0, 4), (4, 0), (1, 3), (1, 4), (4, 2)]"
838,7,"[(0, 2), (3, 0), (0, 4), (4, 0), (1, 3), (4, 1), (2, 4)]"
839,7,"[(0, 2), (3, 0), (0, 4), (4, 0), (3, 1), (1, 4), (2, 4)]"
840,7,"[(0, 2), (3, 0), (0, 4), (4, 0), (3, 1), (4, 1), (2, 4)]"
841,7,"[(0, 2), (0, 3), (3, 0), (0, 4), (1, 3), (1, 4), (2, 4)]"
842,7,"[(0, 2), (0, 3), (3, 0), (0, 4), (1, 3), (1, 4), (4, 2)]"
843,7,"[(0, 2), (0, 3), (3, 0), (0, 4), (1, 3), (4, 1), (2, 4)]"
844,7,"[(0, 2), (0, 3), (3, 0), (0, 4), (1, 3), (4, 1), (4, 2)]"
845,7,"[(0, 2), (0, 3), (3, 0), (0, 4), (3, 1), (1, 4), (2, 4)]"
846,7,"[(0, 2), (0, 3), (3, 0), (0, 4), (3, 1), (1, 4), (4, 2)]"
847,7,"[(0, 2), (0, 3), (3, 0), (0, 4), (3, 1), (4, 1), (2, 4)]"
848,7,"[(0, 2), (0, 3), (3, 0), (0, 4), (3, 1), (4, 1), (4, 2)]"
849,7,"[(0, 2), (0, 3), (3, 0), (4, 0), (1, 3), (1, 4), (2, 4)]"
850,7,"[(0, 2), (0, 3), (3, 0), (4, 0), (1, 3), (1, 4), (4, 2)]"
851,7,"[(0, 2), (0, 3), (3, 0), (4, 0), (1, 3), (4, 1), (2, 4)]"
852,7,"[(0, 2), (0, 3), (3, 0), (4, 0), (1, 3), (4, 1), (4, 2)]"
853,7,"[(0, 2), (0, 3), (3, 0), (4, 0), (3, 1), (1, 4), (2, 4)]"
854,7,"[(0, 2), (0, 3), (3, 0), (4, 0), (3, 1), (1, 4), (4, 2)]"
855,7,"[(0, 2), (0, 3), (3, 0), (4, 0), (3, 1), (4, 1), (2, 4)]"
856,7,"[(0, 2), (0, 3), (3, 0), (4, 0), (3, 1), (4, 1), (4, 2)]"
857,7,"[(2, 0), (0, 3), (0, 4), (1, 3), (3, 1), (1, 4), (2, 4)]"
858,7,"[(2, 0), (0, 3), (0, 4), (1, 3), (3, 1), (4, 1), (2, 4)]"
859,7,"[(2, 0), (0, 3), (4, 0), (1, 3), (3, 1), (1, 4), (2, 4)]"
860,7,"[(2, 0), (0, 3), (0, 4), (4, 0), (1, 3), (1, 4), (2, 4)]"
861,7,"[(2, 0), (0, 3), (0, 4), (4, 0), (1, 3), (4, 1), (2, 4)]"
862,7,"[(2, 0), (0, 3), (0, 4), (4, 0), (3, 1), (1, 4), (2, 4)]"
863,7,"[(2, 0), (3, 0), (0, 4), (1, 3), (3, 1), (1, 4), (2, 4)]"
864,7,"[(2, 0), (3, 0), (0, 4), (4, 0), (1, 3), (1, 4), (2, 4)]"
865,7,"[(2, 0), (0, 3), (3, 0), (0, 4), (1, 3), (1, 4), (2, 4)]"
866,7,"[(2, 0), (0, 3), (3, 0), (0, 4), (1, 3), (4, 1), (2, 4)]"
867,7,"[(2, 0), (0, 3), (3, 0), (0, 4), (3, 1), (1, 4), (2, 4)]"
868,7,"[(2, 0), (0, 3), (3, 0), (0, 4), (3, 1), (4, 1), (2, 4)]"
869,7,"[(2, 0), (0, 3), (3, 0), (4, 0), (1, 3), (1, 4), (2, 4)]"
870,7,"[(2, 0), (0, 3), (3, 0), (4, 0), (1, 3), (4, 1), (2, 4)]"
871,7,"[(2, 0), (0, 3), (3, 0), (4, 0), (3, 1), (1, 4), (2, 4)]"
872,7,"[(2, 0), (0, 3), (3, 0), (4, 0), (3, 1), (4, 1), (2, 4)]"
873,7,"[(0, 2), (2, 0), (0, 3), (0, 4), (1, 3), (1, 4), (2, 4)]"
874,7,"[(0, 2), (2, 0), (0, 3), (0, 4), (1, 3), (1, 4), (4, 2)]"
875,7,"[(0, 2), (2, 0), (0, 3), (0, 4), (1, 3), (4, 1), (2, 4)]"
876,7,"[(0, 2), (2, 0), (0, 3), (0, 4), (1, 3), (4, 1), (4, 2)]"
877,7,"[(0, 2), (2, 0), (0, 3), (0, 4), (3, 1), (1, 4), (2, 4)]"
878,7,"[(0, 2), (2, 0), (0, 3), (0, 4), (3, 1), (1, 4), (4, 2)]"
879,7,"[(0, 2), (2, 0), (0, 3), (0, 4), (3, 1), (4, 1), (2, 4)]"
880,7,"[(0, 2), (2, 0), (0, 3), (0, 4), (3, 1), (4, 1), (4, 2)]"
881,7,"[(0, 2), (2, 0), (0, 3), (4, 0), (1, 3), (1, 4), (2, 4)]"
882,7,"[(0, 2), (2, 0), (0, 3), (4, 0), (1, 3), (1, 4), (4, 2)]"
883,7,"[(0, 2), (2, 0), (0, 3), (4, 0), (1, 3), (4, 1), (2, 4)]"
884,7,"[(0, 2), (2, 0), (0, 3), (4, 0), (1, 3), (4, 1), (4, 2)]"
885,7,"[(0, 2), (2, 0), (0, 3), (4, 0), (3, 1), (1, 4), (2, 4)]"
886,7,"[(0, 2), (2, 0), (0, 3), (4, 0), (3, 1), (1, 4), (4, 2)]"
887,7,"[(0, 2), (2, 0), (0, 3), (4, 0), (3, 1), (4, 1), (2, 4)]"
888,7,"[(0, 2), (2, 0), (0, 3), (4, 0), (3, 1), (4, 1), (4, 2)]"
889,7,"[(0, 2), (2, 0), (3, 0), (0, 4), (1, 3), (1, 4), (2, 4)]"
890,7,"[(0, 2), (2, 0), (3, 0), (0, 4), (1, 3), (1, 4), (4, 2)]"
891,7,"[(0, 2), (2, 0), (3, 0), (0, 4), (1, 3), (4, 1), (2, 4)]"
892,7,"[(0, 2), (2, 0), (3, 0), (0, 4), (1, 3), (4, 1), (4, 2)]"
893,7,"[(0, 2), (2, 0), (3, 0), (0, 4), (3, 1), (1, 4), (2, 4)]"
894,7,"[(0, 2), (2, 0), (3, 0), (0, 4), (3, 1), (1, 4), (4, 2)]"
895,7,"[(0, 2), (2, 0), (3, 0), (0, 4), (3, 1), (4, 1), (2, 4)]"
896,7,"[(0, 2), (2, 0), (3, 0), (0, 4), (3, 1), (4, 1), (4, 2)]"
897,7,"[(0, 2), (2, 0), (3, 0), (4, 0), (1, 3), (1, 4), (2, 4)]"
898,7,"[(0, 2), (2, 0), (3, 0), (4, 0), (1, 3), (1, 4), (4, 2)]"
899,7,"[(0, 2), (2, 0), (3, 0), (4, 0), (1, 3), (4, 1), (2, 4)]"
900,7,"[(0, 2), (2, 0), (3, 0), (4, 0), (1, 3), (4, 1), (4, 2)]"
901,7,"[(0, 2), (2, 0), (3, 0), (4, 0), (3, 1), (1, 4), (2, 4)]"
902,7,"[(0, 2), (2, 0), (3, 0), (4, 0), (3, 1), (1, 4), (4, 2)]"
903,7,"[(0, 2), (2, 0), (3, 0), (4, 0), (3, 1), (4, 1), (2, 4)]"
904,7,"[(0, 2), (2, 0), (3, 0), (4, 0), (3, 1), (4, 1), (4, 2)]"
905,7,"[(0, 2), (0, 3), (0, 4), (1, 3), (1, 4), (2, 4), (3, 4)]"
906,7,"[(0, 2), (0, 3), (0, 4), (1, 3), (1, 4), (2, 4), (4, 3)]"
907,7,"[(0, 2), (0, 3), (0, 4), (1, 3), (1, 4), (4, 2), (3, 4)]"
908,7,"[(0, 2), (0, 3), (0, 4), (1, 3), (1, 4), (4, 2), (4, 3)]"
909,7,"[(0, 2), (0, 3), (0, 4), (1, 3), (4, 1), (2, 4), (3, 4)]"
910,7,"[(0, 2), (0, 3), (0, 4), (1, 3), (4, 1), (2, 4), (4, 3)]"
911,7,"[(0, 2), (0, 3), (0, 4), (1, 3), (4, 1), (4, 2), (3, 4)]"
912,7,"[(0, 2), (0, 3), (0, 4), (1, 3), (4, 1), (4, 2), (4, 3)]"
913,7,"[(0, 2), (0, 3), (0, 4), (3, 1), (1, 4), (2, 4), (3, 4)]"
914,7,"[(0, 2), (0, 3), (0, 4), (3, 1), (1, 4), (2, 4), (4, 3)]"
915,7,"[(0, 2), (0, 3), (0, 4), (3, 1), (1, 4), (4, 2), (3, 4)]"
916,7,"[(0, 2), (0, 3), (0, 4), (3, 1), (1, 4), (4, 2), (4, 3)]"
917,7,"[(0, 2), (0, 3), (0, 4), (3, 1), (4, 1), (2, 4), (3, 4)]"
918,7,"[(0, 2), (0, 3), (0, 4), (3, 1), (4, 1), (2, 4), (4, 3)]"
919,7,"[(0, 2), (0, 3), (0, 4), (3, 1), (4, 1), (4, 2), (3, 4)]"
920,7,"[(0, 2), (0, 3), (0, 4), (3, 1), (4, 1), (4, 2), (4, 3)]"
921,7,"[(0, 2), (0, 3), (4, 0), (1, 3), (1, 4), (2, 4), (3, 4)]"
922,7,"[(0, 2), (0, 3), (4, 0), (1, 3), (1, 4), (2, 4), (4, 3)]"
923,7,"[(0, 2), (0, 3), (4, 0), (1, 3), (1, 4), (4, 2), (3, 4)]"
924,7,"[(0, 2), (0, 3), (4, 0), (1, 3), (1, 4), (4, 2), (4, 3)]"
925,7,"[(0, 2), (0, 3), (4, 0), (1, 3), (4, 1), (2, 4), (3, 4)]"
926,7,"[(0, 2), (0, 3), (4, 0), (1, 3), (4, 1), (2, 4), (4, 3)]"
927,7,"[(0, 2), (0, 3), (4, 0), (1, 3), (4, 1), (4, 2), (3, 4)]"
928,7,"[(0, 2), (0, 3), (4, 0), (1, 3), (4, 1), (4, 2), (4, 3)]"
929,7,"[(0, 2), (0, 3), (4, 0), (3, 1), (1, 4), (2, 4), (3, 4)]"
930,7,"[(0, 2), (0, 3), (4, 0), (3, 1), (1, 4), (2, 4), (4, 3)]"
931,7,"[(0, 2), (0, 3), (4, 0), (3, 1), (1, 4), (4, 2), (3, 4)]"
932,7,"[(0, 2), (0, 3), (4, 0), (3, 1), (1, 4), (4, 2), (4, 3)]"
933,7,"[(0, 2), (0, 3), (4, 0), (3, 1), (4, 1), (2, 4), (3, 4)]"
934,7,"[(0, 2), (0, 3), (4, 0), (3, 1), (4, 1), (2, 4), (4, 3)]"
935,7,"[(0, 2), (0, 3), (4, 0), (3, 1), (4, 1), (4, 2), (3, 4)]"
936,7,"[(0, 2), (0, 3), (4, 0), (3, 1), (4, 1), (4, 2), (4, 3)]"
937,7,"[(0, 2), (3, 0), (0, 4), (1, 3), (1, 4), (2, 4), (3, 4)]"
938,7,"[(0, 2), (3, 0), (0, 4), (1, 3), (1, 4), (2, 4), (4, 3)]"
939,7,"[(0, 2), (3, 0), (0, 4), (1, 3), (1, 4), (4, 2), (3, 4)]"
940,7,"[(0, 2), (3, 0), (0, 4), (1, 3), (1, 4), (4, 2), (4, 3)]"
941,7,"[(0, 2), (3, 0), (0, 4), (1, 3), (4, 1), (2, 4), (3, 4)]"
942,7,"[(0, 2), (3, 0), (0, 4), (1, 3), (4, 1), (2, 4), (4, 3)]"
943,7,"[(0, 2), (3, 0), (0, 4), (1, 3), (4, 1), (4, 2), (3, 4)]"
944,7,"[(0, 2), (3, 0), (0, 4), (1, 3), (4, 1), (4, 2), (4, 3)]"
945,7,"[(0, 2), (3, 0), (4, 0), (1, 3), (1, 4), (2, 4), (3, 4)]"
946,7,"[(0, 2), (3, 0), (4, 0), (1, 3), (1, 4), (2, 4), (4, 3)]"
947,7,"[(0, 2), (3, 0), (4, 0), (1, 3), (1, 4), (4, 2), (3, 4)]"
948,7,"[(0, 2), (3, 0), (4, 0), (1, 3), (1, 4), (4, 2), (4, 3)]"
949,7,"[(0, 2), (3, 0), (4, 0), (1, 3), (4, 1), (2, 4), (3, 4)]"
950,7,"[(0, 2), (3, 0), (4, 0), (1, 3), (4, 1), (2, 4), (4, 3)]"
951,7,"[(0, 2), (3, 0), (4, 0), (1, 3), (4, 1), (4, 2), (3, 4)]"
952,7,"[(0, 2), (3, 0), (4, 0), (1, 3), (4, 1), (4, 2), (4, 3)]"
953,7,"[(2, 0), (0, 3), (0, 4), (1, 3), (1, 4), (2, 4), (3, 4)]"
954,7,"[(2, 0), (0, 3), (0, 4), (1, 3), (1, 4), (2, 4), (4, 3)]"
955,7,"[(2, 0), (0, 3), (0, 4), (1, 3), (1, 4), (4, 2), (3, 4)]"
956,7,"[(2, 0), (0, 3), (0, 4), (1, 3), (1, 4), (4, 2), (4, 3)]"
957,7,"[(2, 0), (0, 3), (0, 4), (1, 3), (4, 1), (2, 4), (3, 4)]"
958,7,"[(2, 0), (0, 3), (0, 4), (1, 3), (4, 1), (2, 4), (4, 3)]"
959,7,"[(2, 0), (0, 3), (0, 4), (1, 3), (4, 1), (4, 2), (3, 4)]"
960,7,"[(2, 0), (0, 3), (0, 4), (1, 3), (4, 1), (4, 2), (4, 3)]"
961,7,"[(2, 0), (0, 3), (4, 0), (1, 3), (1, 4), (2, 4), (3, 4)]"
962,7,"[(2, 0), (0, 3), (4, 0), (1, 3), (1, 4), (2, 4), (4, 3)]"
963,7,"[(2, 0), (0, 3), (4, 0), (1, 3), (1, 4), (4, 2), (3, 4)]"
964,7,"[(2, 0), (0, 3), (4, 0), (1, 3), (1, 4), (4, 2), (4, 3)]"
965,7,"[(2, 0), (0, 3), (4, 0), (1, 3), (4, 1), (2, 4), (3, 4)]"
966,7,"[(2, 0), (0, 3), (4, 0), (1, 3), (4, 1), (2, 4), (4, 3)]"
967,7,"[(2, 0), (0, 3), (4, 0), (1, 3), (4, 1), (4, 2), (3, 4)]"
968,7,"[(2, 0), (0, 3), (4, 0), (1, 3), (4, 1), (4, 2), (4, 3)]"
969,7,"[(0, 2), (0, 3), (0, 4), (1, 4), (2, 3), (2, 4), (4, 2)]"
970,7,"[(0, 2), (0, 3), (0, 4), (1, 4), (3, 2), (2, 4), (4, 2)]"
971,7,"[(0, 2), (0, 3), (0, 4), (1, 4), (2, 3), (3, 2), (2, 4)]"
972,7,"[(0, 2), (0, 3), (0, 4), (1, 4), (2, 3), (3, 2), (4, 2)]"
973,7,"[(0, 2), (0, 3), (0, 4), (4, 1), (2, 3), (2, 4), (4, 2)]"
974,7,"[(0, 2), (0, 3), (0, 4), (4, 1), (3, 2), (2, 4), (4, 2)]"
975,7,"[(0, 2), (0, 3), (0, 4), (4, 1), (2, 3), (3, 2), (2, 4)]"
976,7,"[(0, 2), (0, 3), (0, 4), (4, 1), (2, 3), (3, 2), (4, 2)]"
977,7,"[(0, 2), (0, 3), (0, 4), (1, 4), (4, 1), (2, 3), (2, 4)]"
978,7,"[(0, 2), (0, 3), (0, 4), (1, 4), (4, 1), (2, 3), (4, 2)]"
979,7,"[(0, 2), (0, 3), (0, 4), (1, 4), (4, 1), (3, 2), (2, 4)]"
980,7,"[(0, 2), (0, 3), (0, 4), (1, 4), (4, 1), (3, 2), (4, 2)]"
981,7,"[(0, 2), (0, 3), (4, 0), (1, 4), (2, 3), (2, 4), (4, 2)]"
982,7,"[(0, 2), (0, 3), (4, 0), (1, 4), (3, 2), (2, 4), (4, 2)]"
983,7,"[(0, 2), (0, 3), (4, 0), (1, 4), (2, 3), (3, 2), (2, 4)]"
984,7,"[(0, 2), (0, 3), (4, 0), (1, 4), (2, 3), (3, 2), (4, 2)]"
985,7,"[(0, 2), (0, 3), (4, 0), (4, 1), (2, 3), (2, 4), (4, 2)]"
986,7,"[(0, 2), (0, 3), (4, 0), (4, 1), (3, 2), (2, 4), (4, 2)]"
987,7,"[(0, 2), (0, 3), (4, 0), (4, 1), (2, 3), (3, 2), (2, 4)]"
988,7,"[(0, 2), (0, 3), (4, 0), (4, 1), (2, 3), (3, 2), (4, 2)]"
989,7,"[(0, 2), (0, 3), (4, 0), (1, 4), (4, 1), (2, 3), (2, 4)]"
990,7,"[(0, 2), (0, 3), (4, 0), (1, 4), (4, 1), (2, 3), (4, 2)]"
991,7,"[(0, 2), (0, 3), (4, 0), (1, 4), (4, 1), (3, 2), (2, 4)]"
992,7,"[(0, 2), (0, 3), (4, 0), (1, 4), (4, 1), (3, 2), (4, 2)]"
993,7,"[(0, 2), (0, 3), (0, 4), (4, 0), (1, 4), (2, 3), (2, 4)]"
994,7,"[(0, 2), (0, 3), (0, 4), (4, 0), (1, 4), (2, 3), (4, 2)]"
995,7,"[(0, 2), (0, 3), (0, 4), (4, 0), (1, 4), (3, 2), (2, 4)]"
996,7,"[(0, 2), (0, 3), (0, 4), (4, 0), (1, 4), (3, 2), (4, 2)]"
997,7,"[(0, 2), (0, 3), (0, 4), (4, 0), (4, 1), (2, 3), (2, 4)]"
998,7,"[(0, 2), (0, 3), (0, 4), (4, 0), (4, 1), (2, 3), (4, 2)]"
999,7,"[(0, 2), (0, 3), (0, 4), (4, 0), (4, 1), (3, 2), (2, 4)]"
1000,7,"[(0, 2), (0, 3), (0, 4), (4, 0), (4, 1), (3, 2), (4, 2)]"
1001,7,"[(0, 2), (3, 0), (0, 4), (1, 4), (2, 3), (2, 4), (4, 2)]"
1002,7,"[(0, 2), (3, 0), (0, 4), (1, 4), (3, 2), (2, 4), (4, 2)]"
1003,7,"[(0, 2), (3, 0), (0, 4), (1, 4), (2, 3), (3, 2), (2, 4)]"
1004,7,"[(0, 2), (3, 0), (0, 4), (1, 4), (2, 3), (3, 2), (4, 2)]"
1005,7,"[(0, 2), (3, 0), (0, 4), (4, 1), (2, 3), (2, 4), (4, 2)]"
1006,7,"[(0, 2), (3, 0), (0, 4), (4, 1), (3, 2), (2, 4), (4, 2)]"
1007,7,"[(0, 2), (3, 0), (0, 4), (4, 1), (2, 3), (3, 2), (2, 4)]"
1008,7,"[(0, 2), (3, 0), (0, 4), (4, 1), (2, 3), (3, 2), (4, 2)]"
1009,7,"[(0, 2), (3, 0), (0, 4), (1, 4), (4, 1), (2, 3), (2, 4)]"
1010,7,"[(0, 2), (3, 0), (0, 4), (1, 4), (4, 1), (2, 3), (4, 2)]"
1011,7,"[(0, 2), (3, 0), (0, 4), (1, 4), (4, 1), (3, 2), (2, 4)]"
1012,7,"[(0, 2), (3, 0), (0, 4), (1, 4), (4, 1), (3, 2), (4, 2)]"
1013,7,"[(0, 2), (3, 0), (4, 0), (1, 4), (2, 3), (2, 4), (4, 2)]"
1014,7,"[(0, 2), (3, 0), (4, 0), (1, 4), (3, 2), (2, 4), (4, 2)]"
1015,7,"[(0, 2), (3, 0), (4, 0), (1, 4), (2, 3), (3, 2), (2, 4)]"
1016,7,"[(0, 2), (3, 0), (4, 0), (1, 4), (2, 3), (3, 2), (4, 2)]"
1017,7,"[(0, 2), (3, 0), (4, 0), (4, 1), (2, 3), (2, 4), (4, 2)]"
1018,7,"[(0, 2), (3, 0), (4, 0), (4, 1), (3, 2), (2, 4), (4, 2)]"
1019,7,"[(0, 2), (3, 0), (4, 0), (4, 1), (2, 3), (3, 2), (2, 4)]"
1020,7,"[(0, 2), (3, 0), (4, 0), (4, 1), (2, 3), (3, 2), (4, 2)]"
1021,7,"[(0, 2), (3, 0), (4, 0), (1, 4), (4, 1), (2, 3), (2, 4)]"
1022,7,"[(0, 2), (3, 0), (4, 0), (1, 4), (4, 1), (2, 3), (4, 2)]"
1023,7,"[(0, 2), (3, 0), (4, 0), (1, 4), (4, 1), (3, 2), (2, 4)]"
1024,7,"[(0, 2), (3, 0), (4, 0), (1, 4), (4, 1), (3, 2), (4, 2)]"
1025,7,"[(0, 2), (3, 0), (0, 4), (4, 0), (1, 4), (2, 3), (2, 4)]"
1026,7,"[(0, 2), (3, 0), (0, 4), (4, 0), (1, 4), (2, 3), (4, 2)]"
1027,7,"[(0, 2), (3, 0), (0, 4), (4, 0), (1, 4), (3, 2), (2, 4)]"
1028,7,"[(0, 2), (3, 0), (0, 4), (4, 0), (1, 4), (3, 2), (4, 2)]"
1029,7,"[(0, 2), (3, 0), (0, 4), (4, 0), (4, 1), (2, 3), (2, 4)]"
1030,7,"[(0, 2), (3, 0), (0, 4), (4, 0), (4, 1), (2, 3), (4, 2)]"
1031,7,"[(0, 2), (3, 0), (0, 4), (4, 0), (4, 1), (3, 2), (2, 4)]"
1032,7,"[(0, 2), (3, 0), (0, 4), (4, 0), (4, 1), (3, 2), (4, 2)]"
1033,7,"[(0, 2), (0, 3), (3, 0), (0, 4), (1, 4), (2, 3), (2, 4)]"
1034,7,"[(0, 2), (0, 3), (3, 0), (0, 4), (1, 4), (2, 3), (4, 2)]"
1035,7,"[(0, 2), (0, 3), (3, 0), (0, 4), (1, 4), (3, 2), (2, 4)]"
1036,7,"[(0, 2), (0, 3), (3, 0), (0, 4), (1, 4), (3, 2), (4, 2)]"
1037,7,"[(0, 2), (0, 3), (3, 0), (0, 4), (4, 1), (2, 3), (2, 4)]"
1038,7,"[(0, 2), (0, 3), (3, 0), (0, 4), (4, 1), (2, 3), (4, 2)]"
1039,7,"[(0, 2), (0, 3), (3, 0), (0, 4), (4, 1), (3, 2), (2, 4)]"
1040,7,"[(0, 2), (0, 3), (3, 0), (0, 4), (4, 1), (3, 2), (4, 2)]"
1041,7,"[(0, 2), (0, 3), (3, 0), (4, 0), (1, 4), (2, 3), (2, 4)]"
1042,7,"[(0, 2), (0, 3), (3, 0), (4, 0), (1, 4), (2, 3), (4, 2)]"
1043,7,"[(0, 2), (0, 3), (3, 0), (4, 0), (1, 4), (3, 2), (2, 4)]"
1044,7,"[(0, 2), (0, 3), (3, 0), (4, 0), (1, 4), (3, 2), (4, 2)]"
1045,7,"[(0, 2), (0, 3), (3, 0), (4, 0), (4, 1), (2, 3), (2, 4)]"
1046,7,"[(0, 2), (0, 3), (3, 0), (4, 0), (4, 1), (2, 3), (4, 2)]"
1047,7,"[(0, 2), (0, 3), (3, 0), (4, 0), (4, 1), (3, 2), (2, 4)]"
1048,7,"[(0, 2), (0, 3), (3, 0), (4, 0), (4, 1), (3, 2), (4, 2)]"
1049,7,"[(0, 2), (2, 0), (0, 3), (0, 4), (1, 4), (2, 3), (2, 4)]"
1050,7,"[(0, 2), (2, 0), (0, 3), (0, 4), (1, 4), (2, 3), (4, 2)]"
1051,7,"[(0, 2), (2, 0), (0, 3), (0, 4), (1, 4), (3, 2), (2, 4)]"
1052,7,"[(0, 2), (2, 0), (0, 3), (0, 4), (1, 4), (3, 2), (4, 2)]"
1053,7,"[(0, 2), (2, 0), (0, 3), (0, 4), (4, 1), (2, 3), (2, 4)]"
1054,7,"[(0, 2), (2, 0), (0, 3), (0, 4), (4, 1), (2, 3), (4, 2)]"
1055,7,"[(0, 2), (2, 0), (0, 3), (0, 4), (4, 1), (3, 2), (2, 4)]"
1056,7,"[(0, 2), (2, 0), (0, 3), (0, 4), (4, 1), (3, 2), (4, 2)]"
1057,7,"[(0, 2), (2, 0), (0, 3), (4, 0), (1, 4), (2, 3), (4, 2)]"
1058,7,"[(0, 2), (2, 0), (0, 3), (4, 0), (1, 4), (3, 2), (2, 4)]"
1059,7,"[(0, 2), (2, 0), (0, 3), (4, 0), (1, 4), (3, 2), (4, 2)]"
1060,7,"[(0, 2), (2, 0), (0, 3), (4, 0), (4, 1), (2, 3), (4, 2)]"
1061,7,"[(0, 2), (2, 0), (0, 3), (4, 0), (4, 1), (3, 2), (2, 4)]"
1062,7,"[(0, 2), (2, 0), (0, 3), (4, 0), (4, 1), (3, 2), (4, 2)]"
1063,7,"[(0, 2), (2, 0), (3, 0), (0, 4), (1, 4), (3, 2), (2, 4)]"
1064,7,"[(0, 2), (2, 0), (3, 0), (0, 4), (1, 4), (3, 2), (4, 2)]"
1065,7,"[(0, 2), (2, 0), (3, 0), (0, 4), (4, 1), (3, 2), (2, 4)]"
1066,7,"[(0, 2), (2, 0), (3, 0), (0, 4), (4, 1), (3, 2), (4, 2)]"
1067,7,"[(0, 2), (2, 0), (3, 0), (4, 0), (1, 4), (3, 2), (4, 2)]"
1068,7,"[(0, 2), (2, 0), (3, 0), (4, 0), (4, 1), (3, 2), (4, 2)]"
1069,7,"[(0, 2), (0, 3), (0, 4), (1, 4), (2, 3), (2, 4), (3, 4)]"
1070,7,"[(0, 2), (0, 3), (0, 4), (1, 4), (2, 3), (2, 4), (4, 3)]"
1071,7,"[(0, 2), (0, 3), (0, 4), (1, 4), (2, 3), (4, 2), (3, 4)]"
1072,7,"[(0, 2), (0, 3), (0, 4), (1, 4), (2, 3), (4, 2), (4, 3)]"
1073,7,"[(0, 2), (0, 3), (0, 4), (4, 1), (2, 3), (2, 4), (3, 4)]"
1074,7,"[(0, 2), (0, 3), (0, 4), (4, 1), (2, 3), (2, 4), (4, 3)]"
1075,7,"[(0, 2), (0, 3), (0, 4), (4, 1), (2, 3), (4, 2), (3, 4)]"
1076,7,"[(0, 2), (0, 3), (0, 4), (4, 1), (2, 3), (4, 2), (4, 3)]"
1077,7,"[(0, 2), (0, 3), (4, 0), (1, 4), (2, 3), (2, 4), (3, 4)]"
1078,7,"[(0, 2), (0, 3), (4, 0), (1, 4), (2, 3), (2, 4), (4, 3)]"
1079,7,"[(0, 2), (0, 3), (4, 0), (1, 4), (2, 3), (4, 2), (3, 4)]"
1080,7,"[(0, 2), (0, 3), (4, 0), (1, 4), (2, 3), (4, 2), (4, 3)]"
1081,7,"[(0, 2), (0, 3), (4, 0), (4, 1), (2, 3), (2, 4), (3, 4)]"
1082,7,"[(0, 2), (0, 3), (4, 0), (4, 1), (2, 3), (2, 4), (4, 3)]"
1083,7,"[(0, 2), (0, 3), (4, 0), (4, 1), (2, 3), (4, 2), (3, 4)]"
1084,7,"[(0, 2), (0, 3), (4, 0), (4, 1), (2, 3), (4, 2), (4, 3)]"
1085,7,"[(0, 2), (3, 0), (0, 4), (1, 4), (2, 3), (2, 4), (3, 4)]"
1086,7,"[(0, 2), (3, 0), (0, 4), (1, 4), (2, 3), (2, 4), (4, 3)]"
1087,7,"[(0, 2), (3, 0), (0, 4), (1, 4), (2, 3), (4, 2), (4, 3)]"
1088,7,"[(0, 2), (3, 0), (0, 4), (4, 1), (2, 3), (2, 4), (3, 4)]"
1089,7,"[(0, 2), (3, 0), (0, 4), (4, 1), (2, 3), (2, 4), (4, 3)]"
1090,7,"[(0, 2), (3, 0), (0, 4), (4, 1), (2, 3), (4, 2), (4, 3)]"
1091,7,"[(0, 2), (3, 0), (4, 0), (1, 4), (2, 3), (4, 2), (4, 3)]"
1092,7,"[(0, 2), (3, 0), (4, 0), (4, 1), (2, 3), (4, 2), (4, 3)]"
1093,7,"[(0, 2), (0, 3), (0, 4), (1, 2), (1, 3), (1, 4), (2, 4)]"
1094,7,"[(0, 2), (0, 3), (0, 4), (1, 2), (1, 3), (4, 1), (2, 4)]"
1095,7,"[(0, 2), (0, 3), (0, 4), (1, 2), (1, 3), (4, 1), (4, 2)]"
1096,7,"[(0, 2), (0, 3), (0, 4), (1, 2), (3, 1), (1, 4), (2, 4)]"
1097,7,"[(0, 2), (0, 3), (0, 4), (1, 2), (3, 1), (4, 1), (2, 4)]"
1098,7,"[(0, 2), (0, 3), (0, 4), (1, 2), (3, 1), (4, 1), (4, 2)]"
1099,7,"[(0, 2), (0, 3), (0, 4), (2, 1), (1, 3), (4, 1), (2, 4)]"
1100,7,"[(0, 2), (0, 3), (0, 4), (2, 1), (3, 1), (4, 1), (2, 4)]"
1101,7,"[(0, 2), (0, 3), (4, 0), (1, 2), (1, 3), (4, 1), (2, 4)]"
1102,7,"[(0, 2), (0, 3), (4, 0), (1, 2), (1, 3), (4, 1), (4, 2)]"
1103,7,"[(0, 2), (0, 3), (4, 0), (1, 2), (3, 1), (1, 4), (2, 4)]"
1104,7,"[(0, 2), (0, 3), (4, 0), (1, 2), (3, 1), (1, 4), (4, 2)]"
1105,7,"[(0, 2), (0, 3), (4, 0), (1, 2), (3, 1), (4, 1), (2, 4)]"
1106,7,"[(0, 2), (0, 3), (4, 0), (1, 2), (3, 1), (4, 1), (4, 2)]"
1107,7,"[(0, 2), (0, 3), (4, 0), (2, 1), (1, 3), (1, 4), (2, 4)]"
1108,7,"[(0, 2), (0, 3), (4, 0), (2, 1), (1, 3), (4, 1), (2, 4)]"
1109,7,"[(0, 2), (0, 3), (4, 0), (2, 1), (1, 3), (4, 1), (4, 2)]"
1110,7,"[(0, 2), (0, 3), (4, 0), (2, 1), (3, 1), (1, 4), (2, 4)]"
1111,7,"[(0, 2), (0, 3), (4, 0), (2, 1), (3, 1), (1, 4), (4, 2)]"
1112,7,"[(0, 2), (0, 3), (4, 0), (2, 1), (3, 1), (4, 1), (2, 4)]"
1113,7,"[(0, 2), (0, 3), (4, 0), (2, 1), (3, 1), (4, 1), (4, 2)]"
1114,7,"[(0, 2), (3, 0), (0, 4), (1, 2), (3, 1), (1, 4), (2, 4)]"
1115,7,"[(0, 2), (3, 0), (0, 4), (1, 2), (3, 1), (4, 1), (2, 4)]"
1116,7,"[(0, 2), (3, 0), (0, 4), (1, 2), (3, 1), (4, 1), (4, 2)]"
1117,7,"[(0, 2), (3, 0), (0, 4), (2, 1), (1, 3), (4, 1), (2, 4)]"
1118,7,"[(0, 2), (3, 0), (0, 4), (2, 1), (3, 1), (4, 1), (2, 4)]"
1119,7,"[(0, 2), (3, 0), (4, 0), (1, 2), (3, 1), (4, 1), (2, 4)]"
1120,7,"[(0, 2), (3, 0), (4, 0), (1, 2), (3, 1), (4, 1), (4, 2)]"
1121,7,"[(0, 2), (3, 0), (4, 0), (2, 1), (1, 3), (4, 1), (2, 4)]"
1122,7,"[(0, 2), (3, 0), (4, 0), (2, 1), (1, 3), (4, 1), (4, 2)]"
1123,7,"[(0, 2), (3, 0), (4, 0), (2, 1), (3, 1), (1, 4), (2, 4)]"
1124,7,"[(0, 2), (3, 0), (4, 0), (2, 1), (3, 1), (4, 1), (2, 4)]"
1125,7,"[(0, 2), (3, 0), (4, 0), (2, 1), (3, 1), (4, 1), (4, 2)]"
1126,7,"[(2, 0), (0, 3), (4, 0), (2, 1), (1, 3), (4, 1), (2, 4)]"
1127,7,"[(2, 0), (0, 3), (4, 0), (2, 1), (3, 1), (4, 1), (2, 4)]"
1128,7,"[(2, 0), (3, 0), (4, 0), (2, 1), (3, 1), (4, 1), (2, 4)]"
1129,8,"[(0, 4), (4, 0), (1, 4), (4, 1), (2, 4), (4, 2), (3, 4), (4, 3)]"
1130,8,"[(0, 3), (3, 0), (0, 4), (4, 0), (1, 4), (4, 1), (2, 4), (4, 2)]"
1131,8,"[(0, 3), (0, 4), (1, 4), (4, 1), (2, 4), (4, 2), (3, 4), (4, 3)]"
1132,8,"[(0, 3), (4, 0), (1, 4), (4, 1), (2, 4), (4, 2), (3, 4), (4, 3)]"
1133,8,"[(0, 3), (0, 4), (4, 0), (1, 4), (4, 1), (2, 4), (3, 4), (4, 3)]"
1134,8,"[(0, 3), (0, 4), (4, 0), (1, 4), (4, 1), (4, 2), (3, 4), (4, 3)]"
1135,8,"[(0, 3), (0, 4), (4, 0), (1, 4), (4, 1), (2, 4), (4, 2), (3, 4)]"
1136,8,"[(0, 3), (0, 4), (4, 0), (1, 4), (4, 1), (2, 4), (4, 2), (4, 3)]"
1137,8,"[(0, 3), (3, 0), (0, 4), (1, 4), (4, 1), (2, 4), (4, 2), (3, 4)]"
1138,8,"[(0, 3), (3, 0), (0, 4), (1, 4), (4, 1), (2, 4), (4, 2), (4, 3)]"
1139,8,"[(0, 3), (3, 0), (4, 0), (1, 4), (4, 1), (2, 4), (4, 2), (4, 3)]"
1140,8,"[(0, 3), (3, 0), (0, 4), (4, 0), (1, 4), (2, 4), (3, 4), (4, 3)]"
1141,8,"[(0, 3), (3, 0), (0, 4), (4, 0), (1, 4), (4, 2), (3, 4), (4, 3)]"
1142,8,"[(0, 3), (3, 0), (0, 4), (4, 0), (4, 1), (4, 2), (3, 4), (4, 3)]"
1143,8,"[(0, 3), (3, 0), (0, 4), (4, 0), (1, 4), (4, 1), (2, 4), (3, 4)]"
1144,8,"[(0, 3), (3, 0), (0, 4), (4, 0), (1, 4), (4, 1), (2, 4), (4, 3)]"
1145,8,"[(0, 3), (3, 0), (0, 4), (4, 0), (1, 4), (4, 1), (4, 2), (3, 4)]"
1146,8,"[(0, 3), (3, 0), (0, 4), (4, 0), (1, 4), (4, 1), (4, 2), (4, 3)]"
1147,8,"[(0, 3), (0, 4), (4, 0), (1, 3), (1, 4), (4, 1), (2, 4), (4, 2)]"
1148,8,"[(0, 3), (0, 4), (4, 0), (3, 1), (1, 4), (4, 1), (2, 4), (4, 2)]"
1149,8,"[(3, 0), (0, 4), (4, 0), (3, 1), (1, 4), (4, 1), (2, 4), (4, 2)]"
1150,8,"[(0, 3), (3, 0), (0, 4), (1, 3), (1, 4), (4, 1), (2, 4), (4, 2)]"
1151,8,"[(0, 3), (3, 0), (0, 4), (3, 1), (1, 4), (4, 1), (2, 4), (4, 2)]"
1152,8,"[(0, 3), (3, 0), (0, 4), (1, 3), (3, 1), (1, 4), (2, 4), (4, 2)]"
1153,8,"[(0, 3), (3, 0), (0, 4), (1, 3), (3, 1), (4, 1), (2, 4), (4, 2)]"
1154,8,"[(0, 3), (3, 0), (4, 0), (1, 3), (1, 4), (4, 1), (2, 4), (4, 2)]"
1155,8,"[(0, 3), (3, 0), (4, 0), (3, 1), (1, 4), (4, 1), (2, 4), (4, 2)]"
1156,8,"[(0, 3), (3, 0), (4, 0), (1, 3), (3, 1), (4, 1), (2, 4), (4, 2)]"
1157,8,"[(0, 3), (3, 0), (0, 4), (4, 0), (1, 3), (1, 4), (2, 4), (4, 2)]"
1158,8,"[(0, 3), (3, 0), (0, 4), (4, 0), (1, 3), (4, 1), (2, 4), (4, 2)]"
1159,8,"[(0, 3), (3, 0), (0, 4), (4, 0), (1, 3), (1, 4), (4, 1), (2, 4)]"
1160,8,"[(0, 3), (3, 0), (0, 4), (4, 0), (1, 3), (1, 4), (4, 1), (4, 2)]"
1161,8,"[(0, 3), (3, 0), (0, 4), (4, 0), (3, 1), (1, 4), (2, 4), (4, 2)]"
1162,8,"[(0, 3), (3, 0), (0, 4), (4, 0), (3, 1), (4, 1), (2, 4), (4, 2)]"
1163,8,"[(0, 3), (3, 0), (0, 4), (4, 0), (3, 1), (1, 4), (4, 1), (2, 4)]"
1164,8,"[(0, 3), (3, 0), (0, 4), (4, 0), (3, 1), (1, 4), (4, 1), (4, 2)]"
1165,8,"[(0, 3), (3, 0), (0, 4), (4, 0), (1, 3), (3, 1), (1, 4), (2, 4)]"
1166,8,"[(0, 3), (3, 0), (0, 4), (4, 0), (1, 3), (3, 1), (1, 4), (4, 2)]"
1167,8,"[(0, 3), (3, 0), (0, 4), (4, 0), (1, 3), (3, 1), (4, 1), (2, 4)]"
1168,8,"[(0, 3), (3, 0), (0, 4), (4, 0), (1, 3), (3, 1), (4, 1), (4, 2)]"
1169,8,"[(0, 3), (0, 4), (1, 3), (3, 1), (2, 4), (4, 2), (3, 4), (4, 3)]"
1170,8,"[(0, 3), (4, 0), (1, 3), (3, 1), (2, 4), (4, 2), (3, 4), (4, 3)]"
1171,8,"[(3, 0), (4, 0), (1, 3), (3, 1), (2, 4), (4, 2), (3, 4), (4, 3)]"
1172,8,"[(0, 3), (3, 0), (0, 4), (1, 3), (2, 4), (4, 2), (3, 4), (4, 3)]"
1173,8,"[(0, 3), (3, 0), (0, 4), (3, 1), (2, 4), (4, 2), (3, 4), (4, 3)]"
1174,8,"[(0, 3), (3, 0), (0, 4), (1, 3), (3, 1), (2, 4), (3, 4), (4, 3)]"
1175,8,"[(0, 3), (3, 0), (0, 4), (1, 3), (3, 1), (4, 2), (3, 4), (4, 3)]"
1176,8,"[(0, 3), (3, 0), (0, 4), (1, 3), (3, 1), (2, 4), (4, 2), (3, 4)]"
1177,8,"[(0, 3), (3, 0), (0, 4), (1, 3), (3, 1), (2, 4), (4, 2), (4, 3)]"
1178,8,"[(0, 3), (3, 0), (4, 0), (1, 3), (2, 4), (4, 2), (3, 4), (4, 3)]"
1179,8,"[(0, 3), (3, 0), (4, 0), (3, 1), (2, 4), (4, 2), (3, 4), (4, 3)]"
1180,8,"[(0, 3), (3, 0), (4, 0), (1, 3), (3, 1), (2, 4), (3, 4), (4, 3)]"
1181,8,"[(0, 3), (3, 0), (4, 0), (1, 3), (3, 1), (4, 2), (3, 4), (4, 3)]"
1182,8,"[(0, 3), (3, 0), (4, 0), (1, 3), (3, 1), (2, 4), (4, 2), (3, 4)]"
1183,8,"[(0, 3), (3, 0), (4, 0), (1, 3), (3, 1), (2, 4), (4, 2), (4, 3)]"
1184,8,"[(0, 3), (3, 0), (0, 4), (4, 0), (1, 3), (2, 4), (3, 4), (4, 3)]"
1185,8,"[(0, 3), (3, 0), (0, 4), (4, 0), (1, 3), (4, 2), (3, 4), (4, 3)]"
1186,8,"[(0, 3), (3, 0), (0, 4), (4, 0), (3, 1), (4, 2), (3, 4), (4, 3)]"
1187,8,"[(0, 3), (3, 0), (0, 4), (4, 0), (1, 3), (3, 1), (2, 4), (3, 4)]"
1188,8,"[(0, 3), (3, 0), (0, 4), (4, 0), (1, 3), (3, 1), (2, 4), (4, 3)]"
1189,8,"[(0, 3), (3, 0), (0, 4), (4, 0), (1, 3), (3, 1), (4, 2), (3, 4)]"
1190,8,"[(0, 3), (3, 0), (0, 4), (4, 0), (1, 3), (3, 1), (4, 2), (4, 3)]"
1191,8,"[(0, 3), (0, 4), (1, 3), (1, 4), (2, 4), (4, 2), (3, 4), (4, 3)]"
1192,8,"[(0, 3), (0, 4), (1, 3), (4, 1), (2, 4), (4, 2), (3, 4), (4, 3)]"
1193,8,"[(0, 3), (0, 4), (3, 1), (1, 4), (2, 4), (4, 2), (3, 4), (4, 3)]"
1194,8,"[(0, 3), (0, 4), (3, 1), (4, 1), (2, 4), (4, 2), (3, 4), (4, 3)]"
1195,8,"[(0, 3), (0, 4), (3, 1), (1, 4), (4, 1), (2, 4), (3, 4), (4, 3)]"
1196,8,"[(0, 3), (0, 4), (3, 1), (1, 4), (4, 1), (4, 2), (3, 4), (4, 3)]"
1197,8,"[(0, 3), (0, 4), (3, 1), (1, 4), (4, 1), (2, 4), (4, 2), (3, 4)]"
1198,8,"[(0, 3), (0, 4), (3, 1), (1, 4), (4, 1), (2, 4), (4, 2), (4, 3)]"
1199,8,"[(0, 3), (4, 0), (1, 3), (4, 1), (2, 4), (4, 2), (3, 4), (4, 3)]"
1200,8,"[(0, 3), (4, 0), (3, 1), (1, 4), (2, 4), (4, 2), (3, 4), (4, 3)]"
1201,8,"[(0, 3), (4, 0), (3, 1), (4, 1), (2, 4), (4, 2), (3, 4), (4, 3)]"
1202,8,"[(0, 3), (4, 0), (3, 1), (1, 4), (4, 1), (2, 4), (3, 4), (4, 3)]"
1203,8,"[(0, 3), (4, 0), (3, 1), (1, 4), (4, 1), (4, 2), (3, 4), (4, 3)]"
1204,8,"[(0, 3), (4, 0), (3, 1), (1, 4), (4, 1), (2, 4), (4, 2), (3, 4)]"
1205,8,"[(0, 3), (4, 0), (3, 1), (1, 4), (4, 1), (2, 4), (4, 2), (4, 3)]"
1206,8,"[(0, 3), (0, 4), (4, 0), (1, 3), (1, 4), (2, 4), (3, 4), (4, 3)]"
1207,8,"[(0, 3), (0, 4), (4, 0), (1, 3), (1, 4), (4, 2), (3, 4), (4, 3)]"
1208,8,"[(0, 3), (0, 4), (4, 0), (1, 3), (1, 4), (2, 4), (4, 2), (3, 4)]"
1209,8,"[(0, 3), (0, 4), (4, 0), (1, 3), (1, 4), (2, 4), (4, 2), (4, 3)]"
1210,8,"[(0, 3), (0, 4), (4, 0), (1, 3), (4, 1), (2, 4), (3, 4), (4, 3)]"
1211,8,"[(0, 3), (0, 4), (4, 0), (1, 3), (4, 1), (4, 2), (3, 4), (4, 3)]"
1212,8,"[(0, 3), (0, 4), (4, 0), (1, 3), (4, 1), (2, 4), (4, 2), (3, 4)]"
1213,8,"[(0, 3), (0, 4), (4, 0), (1, 3), (4, 1), (2, 4), (4, 2), (4, 3)]"
1214,8,"[(0, 3), (0, 4), (4, 0), (1, 3), (1, 4), (4, 1), (2, 4), (3, 4)]"
1215,8,"[(0, 3), (0, 4), (4, 0), (1, 3), (1, 4), (4, 1), (2, 4), (4, 3)]"
1216,8,"[(0, 3), (0, 4), (4, 0), (1, 3), (1, 4), (4, 1), (4, 2), (3, 4)]"
1217,8,"[(0, 3), (0, 4), (4, 0), (1, 3), (1, 4), (4, 1), (4, 2), (4, 3)]"
1218,8,"[(0, 3), (0, 4), (4, 0), (3, 1), (1, 4), (2, 4), (3, 4), (4, 3)]"
1219,8,"[(0, 3), (0, 4), (4, 0), (3, 1), (1, 4), (4, 2), (3, 4), (4, 3)]"
1220,8,"[(0, 3), (0, 4), (4, 0), (3, 1), (1, 4), (2, 4), (4, 2), (3, 4)]"
1221,8,"[(0, 3), (0, 4), (4, 0), (3, 1), (1, 4), (2, 4), (4, 2), (4, 3)]"
1222,8,"[(0, 3), (0, 4), (4, 0), (3, 1), (4, 1), (2, 4), (3, 4), (4, 3)]"
1223,8,"[(0, 3), (0, 4), (4, 0), (3, 1), (4, 1), (4, 2), (3, 4), (4, 3)]"
1224,8,"[(0, 3), (0, 4), (4, 0), (3, 1), (4, 1), (2, 4), (4, 2), (3, 4)]"
1225,8,"[(0, 3), (0, 4), (4, 0), (3, 1), (4, 1), (2, 4), (4, 2), (4, 3)]"
1226,8,"[(0, 3), (0, 4), (4, 0), (3, 1), (1, 4), (4, 1), (2, 4), (3, 4)]"
1227,8,"[(0, 3), (0, 4), (4, 0), (3, 1), (1, 4), (4, 1), (2, 4), (4, 3)]"
1228,8,"[(0, 3), (0, 4), (4, 0), (3, 1), (1, 4), (4, 1), (4, 2), (3, 4)]"
1229,8,"[(0, 3), (0, 4), (4, 0), (3, 1), (1, 4), (4, 1), (4, 2), (4, 3)]"
1230,8,"[(3, 0), (0, 4), (3, 1), (1, 4), (2, 4), (4, 2), (3, 4), (4, 3)]"
1231,8,"[(3, 0), (0, 4), (3, 1), (4, 1), (2, 4), (4, 2), (3, 4), (4, 3)]"
1232,8,"[(3, 0), (4, 0), (3, 1), (4, 1), (2, 4), (4, 2), (3, 4), (4, 3)]"
1233,8,"[(3, 0), (0, 4), (4, 0), (3, 1), (1, 4), (2, 4), (3, 4), (4, 3)]"
1234,8,"[(3, 0), (0, 4), (4, 0), (3, 1), (1, 4), (4, 2), (3, 4), (4, 3)]"
1235,8,"[(3, 0), (0, 4), (4, 0), (3, 1), (1, 4), (2, 4), (4, 2), (3, 4)]"
1236,8,"[(3, 0), (0, 4), (4, 0), (3, 1), (1, 4), (2, 4), (4, 2), (4, 3)]"
1237,8,"[(3, 0), (0, 4), (4, 0), (3, 1), (4, 1), (2, 4), (3, 4), (4, 3)]"
1238,8,"[(3, 0), (0, 4), (4, 0), (3, 1), (4, 1), (4, 2), (3, 4), (4, 3)]"
1239,8,"[(3, 0), (0, 4), (4, 0), (3, 1), (4, 1), (2, 4), (4, 2), (3, 4)]"
1240,8,"[(3, 0), (0, 4), (4, 0), (3, 1), (4, 1), (2, 4), (4, 2), (4, 3)]"
1241,8,"[(3, 0), (0, 4), (4, 0), (3, 1), (1, 4), (4, 1), (2, 4), (3, 4)]"
1242,8,"[(3, 0), (0, 4), (4, 0), (3, 1), (1, 4), (4, 1), (2, 4), (4, 3)]"
1243,8,"[(3, 0), (0, 4), (4, 0), (3, 1), (1, 4), (4, 1), (4, 2), (3, 4)]"
1244,8,"[(3, 0), (0, 4), (4, 0), (3, 1), (1, 4), (4, 1), (4, 2), (4, 3)]"
1245,8,"[(0, 3), (3, 0), (0, 4), (1, 3), (1, 4), (2, 4), (3, 4), (4, 3)]"
1246,8,"[(0, 3), (3, 0), (0, 4), (1, 3), (1, 4), (4, 2), (3, 4), (4, 3)]"
1247,8,"[(0, 3), (3, 0), (0, 4), (1, 3), (1, 4), (2, 4), (4, 2), (3, 4)]"
1248,8,"[(0, 3), (3, 0), (0, 4), (1, 3), (1, 4), (2, 4), (4, 2), (4, 3)]"
1249,8,"[(0, 3), (3, 0), (0, 4), (1, 3), (4, 1), (2, 4), (3, 4), (4, 3)]"
1250,8,"[(0, 3), (3, 0), (0, 4), (1, 3), (4, 1), (4, 2), (3, 4), (4, 3)]"
1251,8,"[(0, 3), (3, 0), (0, 4), (1, 3), (4, 1), (2, 4), (4, 2), (3, 4)]"
1252,8,"[(0, 3), (3, 0), (0, 4), (1, 3), (4, 1), (2, 4), (4, 2), (4, 3)]"
1253,8,"[(0, 3), (3, 0), (0, 4), (1, 3), (1, 4), (4, 1), (2, 4), (3, 4)]"
1254,8,"[(0, 3), (3, 0), (0, 4), (1, 3), (1, 4), (4, 1), (2, 4), (4, 3)]"
1255,8,"[(0, 3), (3, 0), (0, 4), (1, 3), (1, 4), (4, 1), (4, 2), (3, 4)]"
1256,8,"[(0, 3), (3, 0), (0, 4), (1, 3), (1, 4), (4, 1), (4, 2), (4, 3)]"
1257,8,"[(0, 3), (3, 0), (0, 4), (3, 1), (1, 4), (2, 4), (3, 4), (4, 3)]"
1258,8,"[(0, 3), (3, 0), (0, 4), (3, 1), (1, 4), (4, 2), (3, 4), (4, 3)]"
1259,8,"[(0, 3), (3, 0), (0, 4), (3, 1), (1, 4), (2, 4), (4, 2), (3, 4)]"
1260,8,"[(0, 3), (3, 0), (0, 4), (3, 1), (1, 4), (2, 4), (4, 2), (4, 3)]"
1261,8,"[(0, 3), (3, 0), (0, 4), (3, 1), (4, 1), (2, 4), (3, 4), (4, 3)]"
1262,8,"[(0, 3), (3, 0), (0, 4), (3, 1), (4, 1), (4, 2), (3, 4), (4, 3)]"
1263,8,"[(0, 3), (3, 0), (0, 4), (3, 1), (4, 1), (2, 4), (4, 2), (3, 4)]"
1264,8,"[(0, 3), (3, 0), (0, 4), (3, 1), (4, 1), (2, 4), (4, 2), (4, 3)]"
1265,8,"[(0, 3), (3, 0), (0, 4), (3, 1), (1, 4), (4, 1), (2, 4), (3, 4)]"
1266,8,"[(0, 3), (3, 0), (0, 4), (3, 1), (1, 4), (4, 1), (2, 4), (4, 3)]"
1267,8,"[(0, 3), (3, 0), (0, 4), (3, 1), (1, 4), (4, 1), (4, 2), (3, 4)]"
1268,8,"[(0, 3), (3, 0), (0, 4), (3, 1), (1, 4), (4, 1), (4, 2), (4, 3)]"
1269,8,"[(0, 3), (3, 0), (0, 4), (1, 3), (3, 1), (1, 4), (2, 4), (3, 4)]"
1270,8,"[(0, 3), (3, 0), (0, 4), (1, 3), (3, 1), (1, 4), (2, 4), (4, 3)]"
1271,8,"[(0, 3), (3, 0), (0, 4), (1, 3), (3, 1), (1, 4), (4, 2), (3, 4)]"
1272,8,"[(0, 3), (3, 0), (0, 4), (1, 3), (3, 1), (1, 4), (4, 2), (4, 3)]"
1273,8,"[(0, 3), (3, 0), (0, 4), (1, 3), (3, 1), (4, 1), (2, 4), (3, 4)]"
1274,8,"[(0, 3), (3, 0), (0, 4), (1, 3), (3, 1), (4, 1), (2, 4), (4, 3)]"
1275,8,"[(0, 3), (3, 0), (0, 4), (1, 3), (3, 1), (4, 1), (4, 2), (3, 4)]"
1276,8,"[(0, 3), (3, 0), (0, 4), (1, 3), (3, 1), (4, 1), (4, 2), (4, 3)]"
1277,8,"[(0, 3), (3, 0), (4, 0), (1, 3), (1, 4), (2, 4), (3, 4), (4, 3)]"
1278,8,"[(0, 3), (3, 0), (4, 0), (1, 3), (1, 4), (4, 2), (3, 4), (4, 3)]"
1279,8,"[(0, 3), (3, 0), (4, 0), (1, 3), (1, 4), (2, 4), (4, 2), (3, 4)]"
1280,8,"[(0, 3), (3, 0), (4, 0), (1, 3), (1, 4), (2, 4), (4, 2), (4, 3)]"
1281,8,"[(0, 3), (3, 0), (4, 0), (1, 3), (4, 1), (2, 4), (3, 4), (4, 3)]"
1282,8,"[(0, 3), (3, 0), (4, 0), (1, 3), (4, 1), (4, 2), (3, 4), (4, 3)]"
1283,8,"[(0, 3), (3, 0), (4, 0), (1, 3), (4, 1), (2, 4), (4, 2), (3, 4)]"
1284,8,"[(0, 3), (3, 0), (4, 0), (1, 3), (4, 1), (2, 4), (4, 2), (4, 3)]"
1285,8,"[(0, 3), (3, 0), (4, 0), (1, 3), (1, 4), (4, 1), (2, 4), (3, 4)]"
1286,8,"[(0, 3), (3, 0), (4, 0), (1, 3), (1, 4), (4, 1), (2, 4), (4, 3)]"
1287,8,"[(0, 3), (3, 0), (4, 0), (1, 3), (1, 4), (4, 1), (4, 2), (3, 4)]"
1288,8,"[(0, 3), (3, 0), (4, 0), (1, 3), (1, 4), (4, 1), (4, 2), (4, 3)]"
1289,8,"[(0, 3), (3, 0), (4, 0), (3, 1), (1, 4), (2, 4), (3, 4), (4, 3)]"
1290,8,"[(0, 3), (3, 0), (4, 0), (3, 1), (1, 4), (4, 2), (3, 4), (4, 3)]"
1291,8,"[(0, 3), (3, 0), (4, 0), (3, 1), (1, 4), (2, 4), (4, 2), (3, 4)]"
1292,8,"[(0, 3), (3, 0), (4, 0), (3, 1), (1, 4), (2, 4), (4, 2), (4, 3)]"
1293,8,"[(0, 3), (3, 0), (4, 0), (3, 1), (4, 1), (2, 4), (3, 4), (4, 3)]"
1294,8,"[(0, 3), (3, 0), (4, 0), (3, 1), (4, 1), (4, 2), (3, 4), (4, 3)]"
1295,8,"[(0, 3), (3, 0), (4, 0), (3, 1), (4, 1), (2, 4), (4, 2), (3, 4)]"
1296,8,"[(0, 3), (3, 0), (4, 0), (3, 1), (4, 1), (2, 4), (4, 2), (4, 3)]"
1297,8,"[(0, 3), (3, 0), (4, 0), (3, 1), (1, 4), (4, 1), (2, 4), (3, 4)]"
1298,8,"[(0, 3), (3, 0), (4, 0), (3, 1), (1, 4), (4, 1), (2, 4), (4, 3)]"
1299,8,"[(0, 3), (3, 0), (4, 0), (3, 1), (1, 4), (4, 1), (4, 2), (3, 4)]"
1300,8,"[(0, 3), (3, 0), (4, 0), (3, 1), (1, 4), (4, 1), (4, 2), (4, 3)]"
1301,8,"[(0, 3), (3, 0), (4, 0), (1, 3), (3, 1), (4, 1), (2, 4), (3, 4)]"
1302,8,"[(0, 3), (3, 0), (4, 0), (1, 3), (3, 1), (4, 1), (2, 4), (4, 3)]"
1303,8,"[(0, 3), (3, 0), (4, 0), (1, 3), (3, 1), (4, 1), (4, 2), (3, 4)]"
1304,8,"[(0, 3), (3, 0), (4, 0), (1, 3), (3, 1), (4, 1), (4, 2), (4, 3)]"
1305,8,"[(0, 3), (3, 0), (0, 4), (4, 0), (1, 3), (1, 4), (2, 4), (3, 4)]"
1306,8,"[(0, 3), (3, 0), (0, 4), (4, 0), (1, 3), (1, 4), (2, 4), (4, 3)]"
1307,8,"[(0, 3), (3, 0), (0, 4), (4, 0), (1, 3), (1, 4), (4, 2), (3, 4)]"
1308,8,"[(0, 3), (3, 0), (0, 4), (4, 0), (1, 3), (1, 4), (4, 2), (4, 3)]"
1309,8,"[(0, 3), (3, 0), (0, 4), (4, 0), (1, 3), (4, 1), (2, 4), (3, 4)]"
1310,8,"[(0, 3), (3, 0), (0, 4), (4, 0), (1, 3), (4, 1), (2, 4), (4, 3)]"
1311,8,"[(0, 3), (3, 0), (0, 4), (4, 0), (1, 3), (4, 1), (4, 2), (3, 4)]"
1312,8,"[(0, 3), (3, 0), (0, 4), (4, 0), (1, 3), (4, 1), (4, 2), (4, 3)]"
1313,8,"[(0, 3), (3, 0), (0, 4), (4, 0), (3, 1), (1, 4), (2, 4), (3, 4)]"
1314,8,"[(0, 3), (3, 0), (0, 4), (4, 0), (3, 1), (1, 4), (2, 4), (4, 3)]"
1315,8,"[(0, 3), (3, 0), (0, 4), (4, 0), (3, 1), (1, 4), (4, 2), (3, 4)]"
1316,8,"[(0, 3), (3, 0), (0, 4), (4, 0), (3, 1), (1, 4), (4, 2), (4, 3)]"
1317,8,"[(0, 3), (3, 0), (0, 4), (4, 0), (3, 1), (4, 1), (2, 4), (3, 4)]"
1318,8,"[(0, 3), (3, 0), (0, 4), (4, 0), (3, 1), (4, 1), (2, 4), (4, 3)]"
1319,8,"[(0, 3), (3, 0), (0, 4), (4, 0), (3, 1), (4, 1), (4, 2), (3, 4)]"
1320,8,"[(0, 3), (3, 0), (0, 4), (4, 0), (3, 1), (4, 1), (4, 2), (4, 3)]"
1321,8,"[(0, 3), (3, 0), (0, 4), (1, 3), (1, 4), (3, 2), (2, 4), (4, 2)]"
1322,8,"[(0, 3), (3, 0), (0, 4), (1, 3), (4, 1), (3, 2), (2, 4), (4, 2)]"
1323,8,"[(0, 3), (3, 0), (0, 4), (1, 3), (1, 4), (4, 1), (2, 3), (2, 4)]"
1324,8,"[(0, 3), (3, 0), (0, 4), (1, 3), (1, 4), (4, 1), (2, 3), (4, 2)]"
1325,8,"[(0, 3), (3, 0), (0, 4), (1, 3), (1, 4), (4, 1), (3, 2), (4, 2)]"
1326,8,"[(0, 3), (3, 0), (0, 4), (3, 1), (1, 4), (4, 1), (3, 2), (2, 4)]"
1327,8,"[(0, 3), (3, 0), (0, 4), (3, 1), (1, 4), (4, 1), (3, 2), (4, 2)]"
1328,8,"[(0, 3), (3, 0), (0, 4), (1, 3), (3, 1), (1, 4), (2, 3), (2, 4)]"
1329,8,"[(0, 3), (3, 0), (0, 4), (1, 3), (3, 1), (1, 4), (2, 3), (4, 2)]"
1330,8,"[(0, 3), (3, 0), (0, 4), (1, 3), (3, 1), (1, 4), (3, 2), (2, 4)]"
1331,8,"[(0, 3), (3, 0), (0, 4), (1, 3), (3, 1), (1, 4), (3, 2), (4, 2)]"
1332,8,"[(0, 3), (3, 0), (0, 4), (1, 3), (3, 1), (4, 1), (2, 3), (2, 4)]"
1333,8,"[(0, 3), (3, 0), (0, 4), (1, 3), (3, 1), (4, 1), (2, 3), (4, 2)]"
1334,8,"[(0, 3), (3, 0), (0, 4), (1, 3), (3, 1), (4, 1), (3, 2), (2, 4)]"
1335,8,"[(0, 3), (3, 0), (0, 4), (1, 3), (3, 1), (4, 1), (3, 2), (4, 2)]"
1336,8,"[(0, 3), (3, 0), (4, 0), (1, 3), (1, 4), (3, 2), (2, 4), (4, 2)]"
1337,8,"[(0, 3), (3, 0), (4, 0), (1, 3), (4, 1), (3, 2), (2, 4), (4, 2)]"
1338,8,"[(0, 3), (3, 0), (4, 0), (3, 1), (1, 4), (4, 1), (3, 2), (4, 2)]"
1339,8,"[(0, 3), (3, 0), (4, 0), (1, 3), (3, 1), (4, 1), (2, 3), (2, 4)]"
1340,8,"[(0, 3), (3, 0), (4, 0), (1, 3), (3, 1), (4, 1), (2, 3), (4, 2)]"
1341,8,"[(0, 3), (3, 0), (4, 0), (1, 3), (3, 1), (4, 1), (3, 2), (2, 4)]"
1342,8,"[(0, 3), (3, 0), (4, 0), (1, 3), (3, 1), (4, 1), (3, 2), (4, 2)]"
1343,8,"[(0, 3), (3, 0), (0, 4), (4, 0), (1, 3), (1, 4), (2, 3), (2, 4)]"
1344,8,"[(0, 3), (3, 0), (0, 4), (4, 0), (1, 3), (1, 4), (2, 3), (4, 2)]"
1345,8,"[(0, 3), (3, 0), (0, 4), (4, 0), (1, 3), (1, 4), (3, 2), (4, 2)]"
1346,8,"[(0, 3), (3, 0), (0, 4), (4, 0), (1, 3), (4, 1), (2, 3), (4, 2)]"
1347,8,"[(0, 3), (3, 0), (0, 4), (4, 0), (1, 3), (4, 1), (3, 2), (2, 4)]"
1348,8,"[(0, 3), (3, 0), (0, 4), (4, 0), (1, 3), (4, 1), (3, 2), (4, 2)]"
1349,8,"[(0, 3), (3, 0), (0, 4), (4, 0), (3, 1), (4, 1), (3, 2), (4, 2)]"
1350,8,"[(0, 3), (0, 4), (1, 3), (1, 4), (2, 3), (2, 4), (3, 4), (4, 3)]"
1351,8,"[(0, 3), (0, 4), (1, 3), (1, 4), (2, 3), (4, 2), (3, 4), (4, 3)]"
1352,8,"[(0, 3), (0, 4), (1, 3), (1, 4), (3, 2), (4, 2), (3, 4), (4, 3)]"
1353,8,"[(0, 3), (0, 4), (1, 3), (4, 1), (2, 3), (4, 2), (3, 4), (4, 3)]"
1354,8,"[(0, 3), (0, 4), (1, 3), (4, 1), (3, 2), (2, 4), (3, 4), (4, 3)]"
1355,8,"[(0, 3), (0, 4), (1, 3), (4, 1), (3, 2), (4, 2), (3, 4), (4, 3)]"
1356,8,"[(0, 3), (0, 4), (3, 1), (4, 1), (3, 2), (4, 2), (3, 4), (4, 3)]"
1357,8,"[(0, 3), (4, 0), (1, 3), (4, 1), (2, 3), (4, 2), (3, 4), (4, 3)]"
1358,8,"[(0, 3), (4, 0), (1, 3), (4, 1), (3, 2), (2, 4), (3, 4), (4, 3)]"
1359,8,"[(0, 3), (4, 0), (1, 3), (4, 1), (3, 2), (4, 2), (3, 4), (4, 3)]"
1360,8,"[(0, 3), (4, 0), (3, 1), (1, 4), (3, 2), (4, 2), (3, 4), (4, 3)]"
1361,8,"[(0, 3), (4, 0), (3, 1), (4, 1), (3, 2), (4, 2), (3, 4), (4, 3)]"
1362,8,"[(3, 0), (4, 0), (3, 1), (4, 1), (3, 2), (4, 2), (3, 4), (4, 3)]"
1363,8,"[(0, 3), (3, 0), (0, 4), (1, 3), (1, 4), (2, 3), (2, 4), (3, 4)]"
1364,8,"[(0, 3), (3, 0), (0, 4), (1, 3), (1, 4), (2, 3), (2, 4), (4, 3)]"
1365,8,"[(0, 3), (3, 0), (0, 4), (1, 3), (1, 4), (2, 3), (4, 2), (3, 4)]"
1366,8,"[(0, 3), (3, 0), (0, 4), (1, 3), (1, 4), (2, 3), (4, 2), (4, 3)]"
1367,8,"[(0, 3), (3, 0), (0, 4), (1, 3), (1, 4), (3, 2), (2, 4), (3, 4)]"
1368,8,"[(0, 3), (3, 0), (0, 4), (1, 3), (1, 4), (3, 2), (2, 4), (4, 3)]"
1369,8,"[(0, 3), (3, 0), (0, 4), (1, 3), (1, 4), (3, 2), (4, 2), (3, 4)]"
1370,8,"[(0, 3), (3, 0), (0, 4), (1, 3), (1, 4), (3, 2), (4, 2), (4, 3)]"
1371,8,"[(0, 3), (3, 0), (0, 4), (1, 3), (4, 1), (2, 3), (4, 2), (3, 4)]"
1372,8,"[(0, 3), (3, 0), (0, 4), (1, 3), (4, 1), (2, 3), (4, 2), (4, 3)]"
1373,8,"[(0, 3), (3, 0), (0, 4), (1, 3), (4, 1), (3, 2), (2, 4), (3, 4)]"
1374,8,"[(0, 3), (3, 0), (0, 4), (1, 3), (4, 1), (3, 2), (2, 4), (4, 3)]"
1375,8,"[(0, 3), (3, 0), (0, 4), (1, 3), (4, 1), (3, 2), (4, 2), (3, 4)]"
1376,8,"[(0, 3), (3, 0), (0, 4), (1, 3), (4, 1), (3, 2), (4, 2), (4, 3)]"
1377,8,"[(0, 3), (3, 0), (0, 4), (3, 1), (1, 4), (3, 2), (2, 4), (3, 4)]"
1378,8,"[(0, 3), (3, 0), (0, 4), (3, 1), (1, 4), (3, 2), (2, 4), (4, 3)]"
1379,8,"[(0, 3), (3, 0), (0, 4), (3, 1), (1, 4), (3, 2), (4, 2), (3, 4)]"
1380,8,"[(0, 3), (3, 0), (0, 4), (3, 1), (1, 4), (3, 2), (4, 2), (4, 3)]"
1381,8,"[(0, 3), (3, 0), (0, 4), (3, 1), (4, 1), (3, 2), (4, 2), (3, 4)]"
1382,8,"[(0, 3), (3, 0), (0, 4), (3, 1), (4, 1), (3, 2), (4, 2), (4, 3)]"
1383,8,"[(0, 3), (3, 0), (4, 0), (1, 3), (1, 4), (2, 3), (2, 4), (3, 4)]"
1384,8,"[(0, 3), (3, 0), (4, 0), (1, 3), (1, 4), (2, 3), (2, 4), (4, 3)]"
1385,8,"[(0, 3), (3, 0), (4, 0), (1, 3), (1, 4), (2, 3), (4, 2), (3, 4)]"
1386,8,"[(0, 3), (3, 0), (4, 0), (1, 3), (1, 4), (2, 3), (4, 2), (4, 3)]"
1387,8,"[(0, 3), (3, 0), (4, 0), (1, 3), (1, 4), (3, 2), (2, 4), (3, 4)]"
1388,8,"[(0, 3), (3, 0), (4, 0), (1, 3), (1, 4), (3, 2), (2, 4), (4, 3)]"
1389,8,"[(0, 3), (3, 0), (4, 0), (1, 3), (1, 4), (3, 2), (4, 2), (3, 4)]"
1390,8,"[(0, 3), (3, 0), (4, 0), (1, 3), (1, 4), (3, 2), (4, 2), (4, 3)]"
1391,8,"[(0, 3), (3, 0), (4, 0), (1, 3), (4, 1), (2, 3), (4, 2), (3, 4)]"
1392,8,"[(0, 3), (3, 0), (4, 0), (1, 3), (4, 1), (2, 3), (4, 2), (4, 3)]"
1393,8,"[(0, 3), (3, 0), (4, 0), (1, 3), (4, 1), (3, 2), (2, 4), (3, 4)]"
1394,8,"[(0, 3), (3, 0), (4, 0), (1, 3), (4, 1), (3, 2), (2, 4), (4, 3)]"
1395,8,"[(0, 3), (3, 0), (4, 0), (1, 3), (4, 1), (3, 2), (4, 2), (3, 4)]"
1396,8,"[(0, 3), (3, 0), (4, 0), (1, 3), (4, 1), (3, 2), (4, 2), (4, 3)]"
1397,8,"[(0, 3), (3, 0), (4, 0), (3, 1), (1, 4), (3, 2), (2, 4), (3, 4)]"
1398,8,"[(0, 3), (3, 0), (4, 0), (3, 1), (1, 4), (3, 2), (2, 4), (4, 3)]"
1399,8,"[(0, 3), (3, 0), (4, 0), (3, 1), (1, 4), (3, 2), (4, 2), (3, 4)]"
1400,8,"[(0, 3), (3, 0), (4, 0), (3, 1), (1, 4), (3, 2), (4, 2), (4, 3)]"
1401,8,"[(0, 3), (3, 0), (4, 0), (3, 1), (4, 1), (3, 2), (4, 2), (3, 4)]"
1402,8,"[(0, 3), (3, 0), (4, 0), (3, 1), (4, 1), (3, 2), (4, 2), (4, 3)]"
1403,8,"[(0, 2), (2, 0), (0, 4), (4, 0), (1, 3), (3, 1), (1, 4), (4, 1)]"
1404,8,"[(0, 2), (0, 4), (1, 3), (3, 1), (1, 4), (4, 1), (2, 4), (4, 2)]"
1405,8,"[(0, 2), (4, 0), (1, 3), (3, 1), (1, 4), (4, 1), (2, 4), (4, 2)]"
1406,8,"[(0, 2), (0, 4), (4, 0), (1, 3), (1, 4), (4, 1), (2, 4), (4, 2)]"
1407,8,"[(0, 2), (0, 4), (4, 0), (3, 1), (1, 4), (4, 1), (2, 4), (4, 2)]"
1408,8,"[(0, 2), (0, 4), (4, 0), (1, 3), (3, 1), (1, 4), (2, 4), (4, 2)]"
1409,8,"[(0, 2), (0, 4), (4, 0), (1, 3), (3, 1), (4, 1), (2, 4), (4, 2)]"
1410,8,"[(0, 2), (0, 4), (4, 0), (1, 3), (3, 1), (1, 4), (4, 1), (2, 4)]"
1411,8,"[(0, 2), (0, 4), (4, 0), (1, 3), (3, 1), (1, 4), (4, 1), (4, 2)]"
1412,8,"[(0, 2), (2, 0), (0, 4), (1, 3), (3, 1), (1, 4), (4, 1), (2, 4)]"
1413,8,"[(0, 2), (2, 0), (0, 4), (1, 3), (3, 1), (1, 4), (4, 1), (4, 2)]"
1414,8,"[(0, 2), (2, 0), (4, 0), (1, 3), (3, 1), (1, 4), (4, 1), (4, 2)]"
1415,8,"[(0, 2), (2, 0), (0, 4), (4, 0), (1, 3), (1, 4), (2, 4), (4, 2)]"
1416,8,"[(0, 2), (2, 0), (0, 4), (4, 0), (1, 3), (4, 1), (2, 4), (4, 2)]"
1417,8,"[(0, 2), (2, 0), (0, 4), (4, 0), (1, 3), (1, 4), (4, 1), (2, 4)]"
1418,8,"[(0, 2), (2, 0), (0, 4), (4, 0), (1, 3), (1, 4), (4, 1), (4, 2)]"
1419,8,"[(0, 2), (2, 0), (0, 4), (4, 0), (3, 1), (1, 4), (2, 4), (4, 2)]"
1420,8,"[(0, 2), (2, 0), (0, 4), (4, 0), (3, 1), (4, 1), (2, 4), (4, 2)]"
1421,8,"[(0, 2), (2, 0), (0, 4), (4, 0), (3, 1), (1, 4), (4, 1), (2, 4)]"
1422,8,"[(0, 2), (2, 0), (0, 4), (4, 0), (3, 1), (1, 4), (4, 1), (4, 2)]"
1423,8,"[(0, 2), (2, 0), (0, 4), (4, 0), (1, 3), (3, 1), (1, 4), (2, 4)]"
1424,8,"[(0, 2), (2, 0), (0, 4), (4, 0), (1, 3), (3, 1), (1, 4), (4, 2)]"
1425,8,"[(0, 2), (2, 0), (0, 4), (4, 0), (1, 3), (3, 1), (4, 1), (2, 4)]"
1426,8,"[(0, 2), (2, 0), (0, 4), (4, 0), (1, 3), (3, 1), (4, 1), (4, 2)]"
1427,8,"[(0, 2), (0, 4), (1, 3), (1, 4), (2, 4), (4, 2), (3, 4), (4, 3)]"
1428,8,"[(0, 2), (0, 4), (1, 3), (4, 1), (2, 4), (4, 2), (3, 4), (4, 3)]"
1429,8,"[(0, 2), (4, 0), (1, 3), (4, 1), (2, 4), (4, 2), (3, 4), (4, 3)]"
1430,8,"[(0, 2), (0, 4), (4, 0), (1, 3), (1, 4), (2, 4), (3, 4), (4, 3)]"
1431,8,"[(0, 2), (0, 4), (4, 0), (1, 3), (1, 4), (4, 2), (3, 4), (4, 3)]"
1432,8,"[(0, 2), (0, 4), (4, 0), (1, 3), (1, 4), (2, 4), (4, 2), (3, 4)]"
1433,8,"[(0, 2), (0, 4), (4, 0), (1, 3), (1, 4), (2, 4), (4, 2), (4, 3)]"
1434,8,"[(0, 2), (0, 4), (4, 0), (1, 3), (4, 1), (2, 4), (3, 4), (4, 3)]"
1435,8,"[(0, 2), (0, 4), (4, 0), (1, 3), (4, 1), (4, 2), (3, 4), (4, 3)]"
1436,8,"[(0, 2), (0, 4), (4, 0), (1, 3), (4, 1), (2, 4), (4, 2), (3, 4)]"
1437,8,"[(0, 2), (0, 4), (4, 0), (1, 3), (4, 1), (2, 4), (4, 2), (4, 3)]"
1438,8,"[(0, 2), (0, 4), (4, 0), (1, 3), (1, 4), (4, 1), (2, 4), (3, 4)]"
1439,8,"[(0, 2), (0, 4), (4, 0), (1, 3), (1, 4), (4, 1), (2, 4), (4, 3)]"
1440,8,"[(0, 2), (0, 4), (4, 0), (1, 3), (1, 4), (4, 1), (4, 2), (4, 3)]"
1441,8,"[(0, 2), (2, 0), (0, 4), (1, 3), (1, 4), (2, 4), (3, 4), (4, 3)]"
1442,8,"[(0, 2), (2, 0), (0, 4), (1, 3), (1, 4), (4, 2), (3, 4), (4, 3)]"
1443,8,"[(0, 2), (2, 0), (0, 4), (1, 3), (4, 1), (2, 4), (3, 4), (4, 3)]"
1444,8,"[(0, 2), (2, 0), (0, 4), (1, 3), (4, 1), (4, 2), (3, 4), (4, 3)]"
1445,8,"[(0, 2), (2, 0), (0, 4), (1, 3), (1, 4), (4, 1), (2, 4), (3, 4)]"
1446,8,"[(0, 2), (2, 0), (0, 4), (1, 3), (1, 4), (4, 1), (2, 4), (4, 3)]"
1447,8,"[(0, 2), (2, 0), (0, 4), (1, 3), (1, 4), (4, 1), (4, 2), (3, 4)]"
1448,8,"[(0, 2), (2, 0), (0, 4), (1, 3), (1, 4), (4, 1), (4, 2), (4, 3)]"
1449,8,"[(0, 2), (2, 0), (0, 4), (1, 3), (3, 1), (1, 4), (2, 4), (3, 4)]"
1450,8,"[(0, 2), (2, 0), (0, 4), (1, 3), (3, 1), (1, 4), (2, 4), (4, 3)]"
1451,8,"[(0, 2), (2, 0), (0, 4), (1, 3), (3, 1), (1, 4), (4, 2), (4, 3)]"
1452,8,"[(0, 2), (2, 0), (0, 4), (1, 3), (3, 1), (4, 1), (2, 4), (4, 3)]"
1453,8,"[(0, 2), (2, 0), (0, 4), (1, 3), (3, 1), (4, 1), (4, 2), (4, 3)]"
1454,8,"[(0, 2), (2, 0), (4, 0), (1, 3), (1, 4), (4, 2), (3, 4), (4, 3)]"
1455,8,"[(0, 2), (2, 0), (4, 0), (1, 3), (4, 1), (4, 2), (3, 4), (4, 3)]"
1456,8,"[(0, 2), (2, 0), (4, 0), (1, 3), (1, 4), (4, 1), (4, 2), (3, 4)]"
1457,8,"[(0, 2), (2, 0), (4, 0), (1, 3), (1, 4), (4, 1), (4, 2), (4, 3)]"
1458,8,"[(0, 2), (2, 0), (4, 0), (1, 3), (3, 1), (4, 1), (4, 2), (4, 3)]"
1459,8,"[(0, 2), (2, 0), (0, 4), (4, 0), (1, 3), (1, 4), (2, 4), (3, 4)]"
1460,8,"[(0, 2), (2, 0), (0, 4), (4, 0), (1, 3), (1, 4), (2, 4), (4, 3)]"
1461,8,"[(0, 2), (2, 0), (0, 4), (4, 0), (1, 3), (1, 4), (4, 2), (3, 4)]"
1462,8,"[(0, 2), (2, 0), (0, 4), (4, 0), (1, 3), (1, 4), (4, 2), (4, 3)]"
1463,8,"[(0, 2), (2, 0), (0, 4), (4, 0), (1, 3), (4, 1), (2, 4), (3, 4)]"
1464,8,"[(0, 2), (2, 0), (0, 4), (4, 0), (1, 3), (4, 1), (2, 4), (4, 3)]"
1465,8,"[(0, 2), (2, 0), (0, 4), (4, 0), (1, 3), (4, 1), (4, 2), (3, 4)]"
1466,8,"[(0, 2), (2, 0), (0, 4), (4, 0), (1, 3), (4, 1), (4, 2), (4, 3)]"
1467,8,"[(0, 2), (2, 0), (0, 3), (3, 0), (1, 3), (1, 4), (4, 1), (2, 4)]"
1468,8,"[(0, 2), (2, 0), (0, 3), (3, 0), (1, 3), (1, 4), (4, 1), (4, 2)]"
1469,8,"[(0, 2), (2, 0), (0, 3), (3, 0), (3, 1), (1, 4), (4, 1), (2, 4)]"
1470,8,"[(0, 2), (2, 0), (0, 3), (3, 0), (1, 3), (3, 1), (1, 4), (2, 4)]"
1471,8,"[(0, 2), (2, 0), (0, 3), (3, 0), (1, 3), (3, 1), (1, 4), (4, 2)]"
1472,8,"[(0, 2), (2, 0), (0, 3), (3, 0), (1, 3), (3, 1), (4, 1), (4, 2)]"
1473,8,"[(0, 2), (0, 3), (0, 4), (1, 3), (3, 1), (1, 4), (4, 1), (2, 4)]"
1474,8,"[(0, 2), (0, 3), (4, 0), (1, 3), (3, 1), (1, 4), (4, 1), (2, 4)]"
1475,8,"[(0, 2), (0, 3), (0, 4), (4, 0), (1, 3), (1, 4), (4, 1), (2, 4)]"
1476,8,"[(0, 2), (0, 3), (0, 4), (4, 0), (3, 1), (1, 4), (4, 1), (2, 4)]"
1477,8,"[(0, 2), (0, 3), (0, 4), (4, 0), (1, 3), (3, 1), (1, 4), (2, 4)]"
1478,8,"[(0, 2), (0, 3), (0, 4), (4, 0), (1, 3), (3, 1), (1, 4), (4, 2)]"
1479,8,"[(0, 2), (0, 3), (0, 4), (4, 0), (1, 3), (3, 1), (4, 1), (2, 4)]"
1480,8,"[(0, 2), (0, 3), (0, 4), (4, 0), (1, 3), (3, 1), (4, 1), (4, 2)]"
1481,8,"[(0, 2), (3, 0), (0, 4), (1, 3), (3, 1), (1, 4), (4, 1), (2, 4)]"
1482,8,"[(0, 2), (3, 0), (4, 0), (1, 3), (3, 1), (1, 4), (4, 1), (2, 4)]"
1483,8,"[(0, 2), (3, 0), (0, 4), (4, 0), (1, 3), (1, 4), (4, 1), (2, 4)]"
1484,8,"[(0, 2), (3, 0), (0, 4), (4, 0), (3, 1), (1, 4), (4, 1), (2, 4)]"
1485,8,"[(0, 2), (3, 0), (0, 4), (4, 0), (1, 3), (3, 1), (1, 4), (2, 4)]"
1486,8,"[(0, 2), (3, 0), (0, 4), (4, 0), (1, 3), (3, 1), (1, 4), (4, 2)]"
1487,8,"[(0, 2), (3, 0), (0, 4), (4, 0), (1, 3), (3, 1), (4, 1), (2, 4)]"
1488,8,"[(0, 2), (0, 3), (3, 0), (0, 4), (1, 3), (1, 4), (4, 1), (2, 4)]"
1489,8,"[(0, 2), (0, 3), (3, 0), (0, 4), (1, 3), (1, 4), (4, 1), (4, 2)]"
1490,8,"[(0, 2), (0, 3), (3, 0), (0, 4), (3, 1), (1, 4), (4, 1), (2, 4)]"
1491,8,"[(0, 2), (0, 3), (3, 0), (0, 4), (3, 1), (1, 4), (4, 1), (4, 2)]"
1492,8,"[(0, 2), (0, 3), (3, 0), (0, 4), (1, 3), (3, 1), (1, 4), (2, 4)]"
1493,8,"[(0, 2), (0, 3), (3, 0), (0, 4), (1, 3), (3, 1), (1, 4), (4, 2)]"
1494,8,"[(0, 2), (0, 3), (3, 0), (0, 4), (1, 3), (3, 1), (4, 1), (2, 4)]"
1495,8,"[(0, 2), (0, 3), (3, 0), (0, 4), (1, 3), (3, 1), (4, 1), (4, 2)]"
1496,8,"[(0, 2), (0, 3), (3, 0), (4, 0), (1, 3), (1, 4), (4, 1), (2, 4)]"
1497,8,"[(0, 2), (0, 3), (3, 0), (4, 0), (3, 1), (1, 4), (4, 1), (2, 4)]"
1498,8,"[(0, 2), (0, 3), (3, 0), (4, 0), (1, 3), (3, 1), (1, 4), (2, 4)]"
1499,8,"[(0, 2), (0, 3), (3, 0), (4, 0), (1, 3), (3, 1), (1, 4), (4, 2)]"
1500,8,"[(0, 2), (0, 3), (3, 0), (4, 0), (1, 3), (3, 1), (4, 1), (2, 4)]"
1501,8,"[(0, 2), (0, 3), (3, 0), (4, 0), (1, 3), (3, 1), (4, 1), (4, 2)]"
1502,8,"[(0, 2), (0, 3), (3, 0), (0, 4), (4, 0), (1, 3), (1, 4), (2, 4)]"
1503,8,"[(0, 2), (0, 3), (3, 0), (0, 4), (4, 0), (1, 3), (1, 4), (4, 2)]"
1504,8,"[(0, 2), (0, 3), (3, 0), (0, 4), (4, 0), (1, 3), (4, 1), (2, 4)]"
1505,8,"[(0, 2), (0, 3), (3, 0), (0, 4), (4, 0), (1, 3), (4, 1), (4, 2)]"
1506,8,"[(0, 2), (0, 3), (3, 0), (0, 4), (4, 0), (3, 1), (1, 4), (2, 4)]"
1507,8,"[(0, 2), (0, 3), (3, 0), (0, 4), (4, 0), (3, 1), (1, 4), (4, 2)]"
1508,8,"[(0, 2), (0, 3), (3, 0), (0, 4), (4, 0), (3, 1), (4, 1), (2, 4)]"
1509,8,"[(0, 2), (0, 3), (3, 0), (0, 4), (4, 0), (3, 1), (4, 1), (4, 2)]"
1510,8,"[(2, 0), (0, 3), (0, 4), (4, 0), (1, 3), (3, 1), (1, 4), (2, 4)]"
1511,8,"[(2, 0), (0, 3), (0, 4), (4, 0), (1, 3), (3, 1), (4, 1), (2, 4)]"
1512,8,"[(2, 0), (3, 0), (0, 4), (4, 0), (1, 3), (3, 1), (1, 4), (2, 4)]"
1513,8,"[(2, 0), (0, 3), (3, 0), (0, 4), (1, 3), (1, 4), (4, 1), (2, 4)]"
1514,8,"[(2, 0), (0, 3), (3, 0), (0, 4), (3, 1), (1, 4), (4, 1), (2, 4)]"
1515,8,"[(2, 0), (0, 3), (3, 0), (0, 4), (1, 3), (3, 1), (1, 4), (2, 4)]"
1516,8,"[(2, 0), (0, 3), (3, 0), (0, 4), (1, 3), (3, 1), (4, 1), (2, 4)]"
1517,8,"[(2, 0), (0, 3), (3, 0), (4, 0), (1, 3), (3, 1), (1, 4), (2, 4)]"
1518,8,"[(2, 0), (0, 3), (3, 0), (4, 0), (1, 3), (3, 1), (4, 1), (2, 4)]"
1519,8,"[(2, 0), (0, 3), (3, 0), (0, 4), (4, 0), (1, 3), (1, 4), (2, 4)]"
1520,8,"[(2, 0), (0, 3), (3, 0), (0, 4), (4, 0), (1, 3), (4, 1), (2, 4)]"
1521,8,"[(2, 0), (0, 3), (3, 0), (0, 4), (4, 0), (3, 1), (1, 4), (2, 4)]"
1522,8,"[(2, 0), (0, 3), (3, 0), (0, 4), (4, 0), (3, 1), (4, 1), (2, 4)]"
1523,8,"[(0, 2), (2, 0), (0, 3), (0, 4), (1, 3), (1, 4), (2, 4), (4, 2)]"
1524,8,"[(0, 2), (2, 0), (0, 3), (0, 4), (1, 3), (4, 1), (2, 4), (4, 2)]"
1525,8,"[(0, 2), (2, 0), (0, 3), (0, 4), (1, 3), (1, 4), (4, 1), (2, 4)]"
1526,8,"[(0, 2), (2, 0), (0, 3), (0, 4), (1, 3), (1, 4), (4, 1), (4, 2)]"
1527,8,"[(0, 2), (2, 0), (0, 3), (0, 4), (3, 1), (1, 4), (2, 4), (4, 2)]"
1528,8,"[(0, 2), (2, 0), (0, 3), (0, 4), (3, 1), (4, 1), (2, 4), (4, 2)]"
1529,8,"[(0, 2), (2, 0), (0, 3), (0, 4), (3, 1), (1, 4), (4, 1), (2, 4)]"
1530,8,"[(0, 2), (2, 0), (0, 3), (0, 4), (3, 1), (1, 4), (4, 1), (4, 2)]"
1531,8,"[(0, 2), (2, 0), (0, 3), (0, 4), (1, 3), (3, 1), (1, 4), (2, 4)]"
1532,8,"[(0, 2), (2, 0), (0, 3), (0, 4), (1, 3), (3, 1), (1, 4), (4, 2)]"
1533,8,"[(0, 2), (2, 0), (0, 3), (0, 4), (1, 3), (3, 1), (4, 1), (2, 4)]"
1534,8,"[(0, 2), (2, 0), (0, 3), (0, 4), (1, 3), (3, 1), (4, 1), (4, 2)]"
1535,8,"[(0, 2), (2, 0), (0, 3), (4, 0), (1, 3), (1, 4), (2, 4), (4, 2)]"
1536,8,"[(0, 2), (2, 0), (0, 3), (4, 0), (1, 3), (1, 4), (4, 1), (2, 4)]"
1537,8,"[(0, 2), (2, 0), (0, 3), (4, 0), (1, 3), (1, 4), (4, 1), (4, 2)]"
1538,8,"[(0, 2), (2, 0), (0, 3), (4, 0), (3, 1), (1, 4), (2, 4), (4, 2)]"
1539,8,"[(0, 2), (2, 0), (0, 3), (4, 0), (3, 1), (1, 4), (4, 1), (2, 4)]"
1540,8,"[(0, 2), (2, 0), (0, 3), (4, 0), (3, 1), (1, 4), (4, 1), (4, 2)]"
1541,8,"[(0, 2), (2, 0), (0, 3), (4, 0), (1, 3), (3, 1), (1, 4), (2, 4)]"
1542,8,"[(0, 2), (2, 0), (0, 3), (4, 0), (1, 3), (3, 1), (1, 4), (4, 2)]"
1543,8,"[(0, 2), (2, 0), (0, 3), (4, 0), (1, 3), (3, 1), (4, 1), (2, 4)]"
1544,8,"[(0, 2), (2, 0), (0, 3), (4, 0), (1, 3), (3, 1), (4, 1), (4, 2)]"
1545,8,"[(0, 2), (2, 0), (0, 3), (0, 4), (4, 0), (1, 3), (1, 4), (2, 4)]"
1546,8,"[(0, 2), (2, 0), (0, 3), (0, 4), (4, 0), (1, 3), (1, 4), (4, 2)]"
1547,8,"[(0, 2), (2, 0), (0, 3), (0, 4), (4, 0), (1, 3), (4, 1), (2, 4)]"
1548,8,"[(0, 2), (2, 0), (0, 3), (0, 4), (4, 0), (1, 3), (4, 1), (4, 2)]"
1549,8,"[(0, 2), (2, 0), (0, 3), (0, 4), (4, 0), (3, 1), (1, 4), (2, 4)]"
1550,8,"[(0, 2), (2, 0), (0, 3), (0, 4), (4, 0), (3, 1), (1, 4), (4, 2)]"
1551,8,"[(0, 2), (2, 0), (0, 3), (0, 4), (4, 0), (3, 1), (4, 1), (2, 4)]"
1552,8,"[(0, 2), (2, 0), (0, 3), (0, 4), (4, 0), (3, 1), (4, 1), (4, 2)]"
1553,8,"[(0, 2), (2, 0), (3, 0), (0, 4), (1, 3), (1, 4), (2, 4), (4, 2)]"
1554,8,"[(0, 2), (2, 0), (3, 0), (0, 4), (1, 3), (1, 4), (4, 1), (2, 4)]"
1555,8,"[(0, 2), (2, 0), (3, 0), (0, 4), (1, 3), (1, 4), (4, 1), (4, 2)]"
1556,8,"[(0, 2), (2, 0), (3, 0), (0, 4), (3, 1), (1, 4), (2, 4), (4, 2)]"
1557,8,"[(0, 2), (2, 0), (3, 0), (0, 4), (3, 1), (1, 4), (4, 1), (2, 4)]"
1558,8,"[(0, 2), (2, 0), (3, 0), (0, 4), (3, 1), (1, 4), (4, 1), (4, 2)]"
1559,8,"[(0, 2), (2, 0), (3, 0), (0, 4), (1, 3), (3, 1), (1, 4), (2, 4)]"
1560,8,"[(0, 2), (2, 0), (3, 0), (0, 4), (1, 3), (3, 1), (1, 4), (4, 2)]"
1561,8,"[(0, 2), (2, 0), (3, 0), (0, 4), (1, 3), (3, 1), (4, 1), (2, 4)]"
1562,8,"[(0, 2), (2, 0), (3, 0), (0, 4), (1, 3), (3, 1), (4, 1), (4, 2)]"
1563,8,"[(0, 2), (2, 0), (3, 0), (4, 0), (1, 3), (1, 4), (4, 1), (2, 4)]"
1564,8,"[(0, 2), (2, 0), (3, 0), (4, 0), (1, 3), (1, 4), (4, 1), (4, 2)]"
1565,8,"[(0, 2), (2, 0), (3, 0), (4, 0), (3, 1), (1, 4), (4, 1), (2, 4)]"
1566,8,"[(0, 2), (2, 0), (3, 0), (4, 0), (3, 1), (1, 4), (4, 1), (4, 2)]"
1567,8,"[(0, 2), (2, 0), (3, 0), (4, 0), (1, 3), (3, 1), (1, 4), (2, 4)]"
1568,8,"[(0, 2), (2, 0), (3, 0), (4, 0), (1, 3), (3, 1), (1, 4), (4, 2)]"
1569,8,"[(0, 2), (2, 0), (3, 0), (4, 0), (1, 3), (3, 1), (4, 1), (2, 4)]"
1570,8,"[(0, 2), (2, 0), (3, 0), (4, 0), (1, 3), (3, 1), (4, 1), (4, 2)]"
1571,8,"[(0, 2), (2, 0), (3, 0), (0, 4), (4, 0), (1, 3), (1, 4), (2, 4)]"
1572,8,"[(0, 2), (2, 0), (3, 0), (0, 4), (4, 0), (1, 3), (1, 4), (4, 2)]"
1573,8,"[(0, 2), (2, 0), (3, 0), (0, 4), (4, 0), (1, 3), (4, 1), (2, 4)]"
1574,8,"[(0, 2), (2, 0), (3, 0), (0, 4), (4, 0), (1, 3), (4, 1), (4, 2)]"
1575,8,"[(0, 2), (2, 0), (3, 0), (0, 4), (4, 0), (3, 1), (1, 4), (2, 4)]"
1576,8,"[(0, 2), (2, 0), (3, 0), (0, 4), (4, 0), (3, 1), (1, 4), (4, 2)]"
1577,8,"[(0, 2), (2, 0), (3, 0), (0, 4), (4, 0), (3, 1), (4, 1), (2, 4)]"
1578,8,"[(0, 2), (2, 0), (3, 0), (0, 4), (4, 0), (3, 1), (4, 1), (4, 2)]"
1579,8,"[(0, 2), (2, 0), (0, 3), (3, 0), (0, 4), (1, 3), (1, 4), (2, 4)]"
1580,8,"[(0, 2), (2, 0), (0, 3), (3, 0), (0, 4), (1, 3), (1, 4), (4, 2)]"
1581,8,"[(0, 2), (2, 0), (0, 3), (3, 0), (0, 4), (1, 3), (4, 1), (2, 4)]"
1582,8,"[(0, 2), (2, 0), (0, 3), (3, 0), (0, 4), (1, 3), (4, 1), (4, 2)]"
1583,8,"[(0, 2), (2, 0), (0, 3), (3, 0), (0, 4), (3, 1), (1, 4), (2, 4)]"
1584,8,"[(0, 2), (2, 0), (0, 3), (3, 0), (0, 4), (3, 1), (1, 4), (4, 2)]"
1585,8,"[(0, 2), (2, 0), (0, 3), (3, 0), (0, 4), (3, 1), (4, 1), (2, 4)]"
1586,8,"[(0, 2), (2, 0), (0, 3), (3, 0), (0, 4), (3, 1), (4, 1), (4, 2)]"
1587,8,"[(0, 2), (2, 0), (0, 3), (3, 0), (4, 0), (1, 3), (1, 4), (2, 4)]"
1588,8,"[(0, 2), (2, 0), (0, 3), (3, 0), (4, 0), (1, 3), (1, 4), (4, 2)]"
1589,8,"[(0, 2), (2, 0), (0, 3), (3, 0), (4, 0), (1, 3), (4, 1), (2, 4)]"
1590,8,"[(0, 2), (2, 0), (0, 3), (3, 0), (4, 0), (1, 3), (4, 1), (4, 2)]"
1591,8,"[(0, 2), (2, 0), (0, 3), (3, 0), (4, 0), (3, 1), (1, 4), (2, 4)]"
1592,8,"[(0, 2), (2, 0), (0, 3), (3, 0), (4, 0), (3, 1), (1, 4), (4, 2)]"
1593,8,"[(0, 2), (2, 0), (0, 3), (3, 0), (4, 0), (3, 1), (4, 1), (2, 4)]"
1594,8,"[(0, 2), (2, 0), (0, 3), (3, 0), (4, 0), (3, 1), (4, 1), (4, 2)]"
1595,8,"[(0, 2), (0, 3), (0, 4), (1, 3), (1, 4), (2, 4), (3, 4), (4, 3)]"
1596,8,"[(0, 2), (0, 3), (0, 4), (1, 3), (1, 4), (4, 2), (3, 4), (4, 3)]"
1597,8,"[(0, 2), (0, 3), (0, 4), (1, 3), (1, 4), (2, 4), (4, 2), (3, 4)]"
1598,8,"[(0, 2), (0, 3), (0, 4), (1, 3), (1, 4), (2, 4), (4, 2), (4, 3)]"
1599,8,"[(0, 2), (0, 3), (0, 4), (1, 3), (4, 1), (2, 4), (3, 4), (4, 3)]"
1600,8,"[(0, 2), (0, 3), (0, 4), (1, 3), (4, 1), (4, 2), (3, 4), (4, 3)]"
1601,8,"[(0, 2), (0, 3), (0, 4), (1, 3), (4, 1), (2, 4), (4, 2), (3, 4)]"
1602,8,"[(0, 2), (0, 3), (0, 4), (1, 3), (4, 1), (2, 4), (4, 2), (4, 3)]"
1603,8,"[(0, 2), (0, 3), (0, 4), (1, 3), (1, 4), (4, 1), (2, 4), (3, 4)]"
1604,8,"[(0, 2), (0, 3), (0, 4), (1, 3), (1, 4), (4, 1), (2, 4), (4, 3)]"
1605,8,"[(0, 2), (0, 3), (0, 4), (1, 3), (1, 4), (4, 1), (4, 2), (3, 4)]"
1606,8,"[(0, 2), (0, 3), (0, 4), (1, 3), (1, 4), (4, 1), (4, 2), (4, 3)]"
1607,8,"[(0, 2), (0, 3), (0, 4), (3, 1), (1, 4), (2, 4), (3, 4), (4, 3)]"
1608,8,"[(0, 2), (0, 3), (0, 4), (3, 1), (1, 4), (4, 2), (3, 4), (4, 3)]"
1609,8,"[(0, 2), (0, 3), (0, 4), (3, 1), (1, 4), (2, 4), (4, 2), (3, 4)]"
1610,8,"[(0, 2), (0, 3), (0, 4), (3, 1), (1, 4), (2, 4), (4, 2), (4, 3)]"
1611,8,"[(0, 2), (0, 3), (0, 4), (3, 1), (4, 1), (2, 4), (3, 4), (4, 3)]"
1612,8,"[(0, 2), (0, 3), (0, 4), (3, 1), (4, 1), (4, 2), (3, 4), (4, 3)]"
1613,8,"[(0, 2), (0, 3), (0, 4), (3, 1), (4, 1), (2, 4), (4, 2), (3, 4)]"
1614,8,"[(0, 2), (0, 3), (0, 4), (3, 1), (4, 1), (2, 4), (4, 2), (4, 3)]"
1615,8,"[(0, 2), (0, 3), (0, 4), (3, 1), (1, 4), (4, 1), (2, 4), (3, 4)]"
1616,8,"[(0, 2), (0, 3), (0, 4), (3, 1), (1, 4), (4, 1), (2, 4), (4, 3)]"
1617,8,"[(0, 2), (0, 3), (0, 4), (3, 1), (1, 4), (4, 1), (4, 2), (3, 4)]"
1618,8,"[(0, 2), (0, 3), (0, 4), (3, 1), (1, 4), (4, 1), (4, 2), (4, 3)]"
1619,8,"[(0, 2), (0, 3), (4, 0), (1, 3), (1, 4), (2, 4), (3, 4), (4, 3)]"
1620,8,"[(0, 2), (0, 3), (4, 0), (1, 3), (1, 4), (4, 2), (3, 4), (4, 3)]"
1621,8,"[(0, 2), (0, 3), (4, 0), (1, 3), (1, 4), (2, 4), (4, 2), (3, 4)]"
1622,8,"[(0, 2), (0, 3), (4, 0), (1, 3), (1, 4), (2, 4), (4, 2), (4, 3)]"
1623,8,"[(0, 2), (0, 3), (4, 0), (1, 3), (4, 1), (2, 4), (3, 4), (4, 3)]"
1624,8,"[(0, 2), (0, 3), (4, 0), (1, 3), (4, 1), (4, 2), (3, 4), (4, 3)]"
1625,8,"[(0, 2), (0, 3), (4, 0), (1, 3), (4, 1), (2, 4), (4, 2), (3, 4)]"
1626,8,"[(0, 2), (0, 3), (4, 0), (1, 3), (4, 1), (2, 4), (4, 2), (4, 3)]"
1627,8,"[(0, 2), (0, 3), (4, 0), (1, 3), (1, 4), (4, 1), (2, 4), (3, 4)]"
1628,8,"[(0, 2), (0, 3), (4, 0), (1, 3), (1, 4), (4, 1), (2, 4), (4, 3)]"
1629,8,"[(0, 2), (0, 3), (4, 0), (1, 3), (1, 4), (4, 1), (4, 2), (3, 4)]"
1630,8,"[(0, 2), (0, 3), (4, 0), (1, 3), (1, 4), (4, 1), (4, 2), (4, 3)]"
1631,8,"[(0, 2), (0, 3), (4, 0), (3, 1), (1, 4), (2, 4), (3, 4), (4, 3)]"
1632,8,"[(0, 2), (0, 3), (4, 0), (3, 1), (1, 4), (4, 2), (3, 4), (4, 3)]"
1633,8,"[(0, 2), (0, 3), (4, 0), (3, 1), (1, 4), (2, 4), (4, 2), (3, 4)]"
1634,8,"[(0, 2), (0, 3), (4, 0), (3, 1), (1, 4), (2, 4), (4, 2), (4, 3)]"
1635,8,"[(0, 2), (0, 3), (4, 0), (3, 1), (4, 1), (2, 4), (3, 4), (4, 3)]"
1636,8,"[(0, 2), (0, 3), (4, 0), (3, 1), (4, 1), (4, 2), (3, 4), (4, 3)]"
1637,8,"[(0, 2), (0, 3), (4, 0), (3, 1), (4, 1), (2, 4), (4, 2), (3, 4)]"
1638,8,"[(0, 2), (0, 3), (4, 0), (3, 1), (4, 1), (2, 4), (4, 2), (4, 3)]"
1639,8,"[(0, 2), (0, 3), (4, 0), (3, 1), (1, 4), (4, 1), (2, 4), (3, 4)]"
1640,8,"[(0, 2), (0, 3), (4, 0), (3, 1), (1, 4), (4, 1), (2, 4), (4, 3)]"
1641,8,"[(0, 2), (0, 3), (4, 0), (3, 1), (1, 4), (4, 1), (4, 2), (3, 4)]"
1642,8,"[(0, 2), (0, 3), (4, 0), (3, 1), (1, 4), (4, 1), (4, 2), (4, 3)]"
1643,8,"[(0, 2), (0, 3), (0, 4), (4, 0), (1, 3), (1, 4), (2, 4), (3, 4)]"
1644,8,"[(0, 2), (0, 3), (0, 4), (4, 0), (1, 3), (1, 4), (2, 4), (4, 3)]"
1645,8,"[(0, 2), (0, 3), (0, 4), (4, 0), (1, 3), (1, 4), (4, 2), (3, 4)]"
1646,8,"[(0, 2), (0, 3), (0, 4), (4, 0), (1, 3), (1, 4), (4, 2), (4, 3)]"
1647,8,"[(0, 2), (0, 3), (0, 4), (4, 0), (1, 3), (4, 1), (2, 4), (3, 4)]"
1648,8,"[(0, 2), (0, 3), (0, 4), (4, 0), (1, 3), (4, 1), (2, 4), (4, 3)]"
1649,8,"[(0, 2), (0, 3), (0, 4), (4, 0), (1, 3), (4, 1), (4, 2), (3, 4)]"
1650,8,"[(0, 2), (0, 3), (0, 4), (4, 0), (1, 3), (4, 1), (4, 2), (4, 3)]"
1651,8,"[(0, 2), (0, 3), (0, 4), (4, 0), (3, 1), (1, 4), (2, 4), (3, 4)]"
1652,8,"[(0, 2), (0, 3), (0, 4), (4, 0), (3, 1), (1, 4), (2, 4), (4, 3)]"
1653,8,"[(0, 2), (0, 3), (0, 4), (4, 0), (3, 1), (1, 4), (4, 2), (3, 4)]"
1654,8,"[(0, 2), (0, 3), (0, 4), (4, 0), (3, 1), (1, 4), (4, 2), (4, 3)]"
1655,8,"[(0, 2), (0, 3), (0, 4), (4, 0), (3, 1), (4, 1), (2, 4), (3, 4)]"
1656,8,"[(0, 2), (0, 3), (0, 4), (4, 0), (3, 1), (4, 1), (2, 4), (4, 3)]"
1657,8,"[(0, 2), (0, 3), (0, 4), (4, 0), (3, 1), (4, 1), (4, 2), (3, 4)]"
1658,8,"[(0, 2), (0, 3), (0, 4), (4, 0), (3, 1), (4, 1), (4, 2), (4, 3)]"
1659,8,"[(0, 2), (3, 0), (0, 4), (1, 3), (1, 4), (2, 4), (3, 4), (4, 3)]"
1660,8,"[(0, 2), (3, 0), (0, 4), (1, 3), (1, 4), (4, 2), (3, 4), (4, 3)]"
1661,8,"[(0, 2), (3, 0), (0, 4), (1, 3), (1, 4), (2, 4), (4, 2), (3, 4)]"
1662,8,"[(0, 2), (3, 0), (0, 4), (1, 3), (1, 4), (2, 4), (4, 2), (4, 3)]"
1663,8,"[(0, 2), (3, 0), (0, 4), (1, 3), (4, 1), (2, 4), (3, 4), (4, 3)]"
1664,8,"[(0, 2), (3, 0), (0, 4), (1, 3), (4, 1), (4, 2), (3, 4), (4, 3)]"
1665,8,"[(0, 2), (3, 0), (0, 4), (1, 3), (4, 1), (2, 4), (4, 2), (3, 4)]"
1666,8,"[(0, 2), (3, 0), (0, 4), (1, 3), (4, 1), (2, 4), (4, 2), (4, 3)]"
1667,8,"[(0, 2), (3, 0), (0, 4), (1, 3), (1, 4), (4, 1), (2, 4), (3, 4)]"
1668,8,"[(0, 2), (3, 0), (0, 4), (1, 3), (1, 4), (4, 1), (2, 4), (4, 3)]"
1669,8,"[(0, 2), (3, 0), (0, 4), (1, 3), (1, 4), (4, 1), (4, 2), (3, 4)]"
1670,8,"[(0, 2), (3, 0), (0, 4), (1, 3), (1, 4), (4, 1), (4, 2), (4, 3)]"
1671,8,"[(0, 2), (3, 0), (4, 0), (1, 3), (1, 4), (2, 4), (3, 4), (4, 3)]"
1672,8,"[(0, 2), (3, 0), (4, 0), (1, 3), (1, 4), (4, 2), (3, 4), (4, 3)]"
1673,8,"[(0, 2), (3, 0), (4, 0), (1, 3), (1, 4), (2, 4), (4, 2), (3, 4)]"
1674,8,"[(0, 2), (3, 0), (4, 0), (1, 3), (1, 4), (2, 4), (4, 2), (4, 3)]"
1675,8,"[(0, 2), (3, 0), (4, 0), (1, 3), (4, 1), (2, 4), (3, 4), (4, 3)]"
1676,8,"[(0, 2), (3, 0), (4, 0), (1, 3), (4, 1), (4, 2), (3, 4), (4, 3)]"
1677,8,"[(0, 2), (3, 0), (4, 0), (1, 3), (4, 1), (2, 4), (4, 2), (3, 4)]"
1678,8,"[(0, 2), (3, 0), (4, 0), (1, 3), (4, 1), (2, 4), (4, 2), (4, 3)]"
1679,8,"[(0, 2), (3, 0), (4, 0), (1, 3), (1, 4), (4, 1), (2, 4), (3, 4)]"
1680,8,"[(0, 2), (3, 0), (4, 0), (1, 3), (1, 4), (4, 1), (2, 4), (4, 3)]"
1681,8,"[(0, 2), (3, 0), (4, 0), (1, 3), (1, 4), (4, 1), (4, 2), (3, 4)]"
1682,8,"[(0, 2), (3, 0), (4, 0), (1, 3), (1, 4), (4, 1), (4, 2), (4, 3)]"
1683,8,"[(0, 2), (3, 0), (0, 4), (4, 0), (1, 3), (1, 4), (2, 4), (3, 4)]"
1684,8,"[(0, 2), (3, 0), (0, 4), (4, 0), (1, 3), (1, 4), (2, 4), (4, 3)]"
1685,8,"[(0, 2), (3, 0), (0, 4), (4, 0), (1, 3), (1, 4), (4, 2), (3, 4)]"
1686,8,"[(0, 2), (3, 0), (0, 4), (4, 0), (1, 3), (1, 4), (4, 2), (4, 3)]"
1687,8,"[(0, 2), (3, 0), (0, 4), (4, 0), (1, 3), (4, 1), (2, 4), (3, 4)]"
1688,8,"[(0, 2), (3, 0), (0, 4), (4, 0), (1, 3), (4, 1), (2, 4), (4, 3)]"
1689,8,"[(0, 2), (3, 0), (0, 4), (4, 0), (1, 3), (4, 1), (4, 2), (3, 4)]"
1690,8,"[(0, 2), (3, 0), (0, 4), (4, 0), (1, 3), (4, 1), (4, 2), (4, 3)]"
1691,8,"[(0, 2), (0, 3), (3, 0), (0, 4), (1, 3), (1, 4), (2, 4), (3, 4)]"
1692,8,"[(0, 2), (0, 3), (3, 0), (0, 4), (1, 3), (1, 4), (2, 4), (4, 3)]"
1693,8,"[(0, 2), (0, 3), (3, 0), (0, 4), (1, 3), (1, 4), (4, 2), (3, 4)]"
1694,8,"[(0, 2), (0, 3), (3, 0), (0, 4), (1, 3), (1, 4), (4, 2), (4, 3)]"
1695,8,"[(0, 2), (0, 3), (3, 0), (0, 4), (1, 3), (4, 1), (2, 4), (3, 4)]"
1696,8,"[(0, 2), (0, 3), (3, 0), (0, 4), (1, 3), (4, 1), (2, 4), (4, 3)]"
1697,8,"[(0, 2), (0, 3), (3, 0), (0, 4), (1, 3), (4, 1), (4, 2), (3, 4)]"
1698,8,"[(0, 2), (0, 3), (3, 0), (0, 4), (1, 3), (4, 1), (4, 2), (4, 3)]"
1699,8,"[(0, 2), (0, 3), (3, 0), (0, 4), (3, 1), (1, 4), (2, 4), (3, 4)]"
1700,8,"[(0, 2), (0, 3), (3, 0), (0, 4), (3, 1), (1, 4), (2, 4), (4, 3)]"
1701,8,"[(0, 2), (0, 3), (3, 0), (0, 4), (3, 1), (1, 4), (4, 2), (3, 4)]"
1702,8,"[(0, 2), (0, 3), (3, 0), (0, 4), (3, 1), (1, 4), (4, 2), (4, 3)]"
1703,8,"[(0, 2), (0, 3), (3, 0), (0, 4), (3, 1), (4, 1), (2, 4), (4, 3)]"
1704,8,"[(0, 2), (0, 3), (3, 0), (0, 4), (3, 1), (4, 1), (4, 2), (3, 4)]"
1705,8,"[(0, 2), (0, 3), (3, 0), (0, 4), (3, 1), (4, 1), (4, 2), (4, 3)]"
1706,8,"[(0, 2), (0, 3), (3, 0), (4, 0), (1, 3), (1, 4), (2, 4), (3, 4)]"
1707,8,"[(0, 2), (0, 3), (3, 0), (4, 0), (1, 3), (1, 4), (2, 4), (4, 3)]"
1708,8,"[(0, 2), (0, 3), (3, 0), (4, 0), (1, 3), (1, 4), (4, 2), (3, 4)]"
1709,8,"[(0, 2), (0, 3), (3, 0), (4, 0), (1, 3), (1, 4), (4, 2), (4, 3)]"
1710,8,"[(0, 2), (0, 3), (3, 0), (4, 0), (1, 3), (4, 1), (2, 4), (3, 4)]"
1711,8,"[(0, 2), (0, 3), (3, 0), (4, 0), (1, 3), (4, 1), (2, 4), (4, 3)]"
1712,8,"[(0, 2), (0, 3), (3, 0), (4, 0), (1, 3), (4, 1), (4, 2), (3, 4)]"
1713,8,"[(0, 2), (0, 3), (3, 0), (4, 0), (1, 3), (4, 1), (4, 2), (4, 3)]"
1714,8,"[(0, 2), (0, 3), (3, 0), (4, 0), (3, 1), (1, 4), (2, 4), (4, 3)]"
1715,8,"[(0, 2), (0, 3), (3, 0), (4, 0), (3, 1), (1, 4), (4, 2), (4, 3)]"
1716,8,"[(0, 2), (0, 3), (3, 0), (4, 0), (3, 1), (4, 1), (4, 2), (4, 3)]"
1717,8,"[(2, 0), (0, 3), (0, 4), (1, 3), (1, 4), (2, 4), (3, 4), (4, 3)]"
1718,8,"[(2, 0), (0, 3), (0, 4), (1, 3), (1, 4), (4, 2), (3, 4), (4, 3)]"
1719,8,"[(2, 0), (0, 3), (0, 4), (1, 3), (1, 4), (2, 4), (4, 2), (3, 4)]"
1720,8,"[(2, 0), (0, 3), (0, 4), (1, 3), (1, 4), (2, 4), (4, 2), (4, 3)]"
1721,8,"[(2, 0), (0, 3), (0, 4), (1, 3), (4, 1), (2, 4), (3, 4), (4, 3)]"
1722,8,"[(2, 0), (0, 3), (0, 4), (1, 3), (4, 1), (4, 2), (3, 4), (4, 3)]"
1723,8,"[(2, 0), (0, 3), (0, 4), (1, 3), (4, 1), (2, 4), (4, 2), (3, 4)]"
1724,8,"[(2, 0), (0, 3), (0, 4), (1, 3), (4, 1), (2, 4), (4, 2), (4, 3)]"
1725,8,"[(2, 0), (0, 3), (0, 4), (1, 3), (1, 4), (4, 1), (2, 4), (3, 4)]"
1726,8,"[(2, 0), (0, 3), (0, 4), (1, 3), (1, 4), (4, 1), (2, 4), (4, 3)]"
1727,8,"[(2, 0), (0, 3), (0, 4), (1, 3), (1, 4), (4, 1), (4, 2), (3, 4)]"
1728,8,"[(2, 0), (0, 3), (0, 4), (1, 3), (1, 4), (4, 1), (4, 2), (4, 3)]"
1729,8,"[(2, 0), (0, 3), (4, 0), (1, 3), (1, 4), (2, 4), (3, 4), (4, 3)]"
1730,8,"[(2, 0), (0, 3), (4, 0), (1, 3), (1, 4), (4, 2), (3, 4), (4, 3)]"
1731,8,"[(2, 0), (0, 3), (4, 0), (1, 3), (1, 4), (2, 4), (4, 2), (3, 4)]"
1732,8,"[(2, 0), (0, 3), (4, 0), (1, 3), (1, 4), (2, 4), (4, 2), (4, 3)]"
1733,8,"[(2, 0), (0, 3), (4, 0), (1, 3), (4, 1), (2, 4), (3, 4), (4, 3)]"
1734,8,"[(2, 0), (0, 3), (4, 0), (1, 3), (4, 1), (4, 2), (3, 4), (4, 3)]"
1735,8,"[(2, 0), (0, 3), (4, 0), (1, 3), (4, 1), (2, 4), (4, 2), (3, 4)]"
1736,8,"[(2, 0), (0, 3), (4, 0), (1, 3), (4, 1), (2, 4), (4, 2), (4, 3)]"
1737,8,"[(2, 0), (0, 3), (4, 0), (1, 3), (1, 4), (4, 1), (2, 4), (3, 4)]"
1738,8,"[(2, 0), (0, 3), (4, 0), (1, 3), (1, 4), (4, 1), (2, 4), (4, 3)]"
1739,8,"[(2, 0), (0, 3), (4, 0), (1, 3), (1, 4), (4, 1), (4, 2), (3, 4)]"
1740,8,"[(2, 0), (0, 3), (4, 0), (1, 3), (1, 4), (4, 1), (4, 2), (4, 3)]"
1741,8,"[(2, 0), (0, 3), (0, 4), (4, 0), (1, 3), (1, 4), (2, 4), (3, 4)]"
1742,8,"[(2, 0), (0, 3), (0, 4), (4, 0), (1, 3), (1, 4), (2, 4), (4, 3)]"
1743,8,"[(2, 0), (0, 3), (0, 4), (4, 0), (1, 3), (1, 4), (4, 2), (3, 4)]"
1744,8,"[(2, 0), (0, 3), (0, 4), (4, 0), (1, 3), (1, 4), (4, 2), (4, 3)]"
1745,8,"[(2, 0), (0, 3), (0, 4), (4, 0), (1, 3), (4, 1), (2, 4), (3, 4)]"
1746,8,"[(2, 0), (0, 3), (0, 4), (4, 0), (1, 3), (4, 1), (2, 4), (4, 3)]"
1747,8,"[(2, 0), (0, 3), (0, 4), (4, 0), (1, 3), (4, 1), (4, 2), (3, 4)]"
1748,8,"[(2, 0), (0, 3), (0, 4), (4, 0), (1, 3), (4, 1), (4, 2), (4, 3)]"
1749,8,"[(2, 0), (0, 3), (3, 0), (0, 4), (1, 3), (1, 4), (2, 4), (3, 4)]"
1750,8,"[(2, 0), (0, 3), (3, 0), (0, 4), (1, 3), (1, 4), (2, 4), (4, 3)]"
1751,8,"[(2, 0), (0, 3), (3, 0), (0, 4), (1, 3), (1, 4), (4, 2), (3, 4)]"
1752,8,"[(2, 0), (0, 3), (3, 0), (0, 4), (1, 3), (1, 4), (4, 2), (4, 3)]"
1753,8,"[(2, 0), (0, 3), (3, 0), (0, 4), (1, 3), (4, 1), (2, 4), (4, 3)]"
1754,8,"[(2, 0), (0, 3), (3, 0), (0, 4), (1, 3), (4, 1), (4, 2), (3, 4)]"
1755,8,"[(2, 0), (0, 3), (3, 0), (0, 4), (1, 3), (4, 1), (4, 2), (4, 3)]"
1756,8,"[(2, 0), (0, 3), (3, 0), (4, 0), (1, 3), (1, 4), (2, 4), (4, 3)]"
1757,8,"[(2, 0), (0, 3), (3, 0), (4, 0), (1, 3), (1, 4), (4, 2), (4, 3)]"
1758,8,"[(2, 0), (0, 3), (3, 0), (4, 0), (1, 3), (4, 1), (4, 2), (4, 3)]"
1759,8,"[(0, 2), (2, 0), (0, 3), (0, 4), (1, 3), (1, 4), (2, 4), (3, 4)]"
1760,8,"[(0, 2), (2, 0), (0, 3), (0, 4), (1, 3), (1, 4), (2, 4), (4, 3)]"
1761,8,"[(0, 2), (2, 0), (0, 3), (0, 4), (1, 3), (1, 4), (4, 2), (3, 4)]"
1762,8,"[(0, 2), (2, 0), (0, 3), (0, 4), (1, 3), (1, 4), (4, 2), (4, 3)]"
1763,8,"[(0, 2), (2, 0), (0, 3), (0, 4), (1, 3), (4, 1), (2, 4), (3, 4)]"
1764,8,"[(0, 2), (2, 0), (0, 3), (0, 4), (1, 3), (4, 1), (2, 4), (4, 3)]"
1765,8,"[(0, 2), (2, 0), (0, 3), (0, 4), (1, 3), (4, 1), (4, 2), (3, 4)]"
1766,8,"[(0, 2), (2, 0), (0, 3), (0, 4), (1, 3), (4, 1), (4, 2), (4, 3)]"
1767,8,"[(0, 2), (2, 0), (0, 3), (0, 4), (3, 1), (1, 4), (2, 4), (3, 4)]"
1768,8,"[(0, 2), (2, 0), (0, 3), (0, 4), (3, 1), (1, 4), (2, 4), (4, 3)]"
1769,8,"[(0, 2), (2, 0), (0, 3), (0, 4), (3, 1), (1, 4), (4, 2), (3, 4)]"
1770,8,"[(0, 2), (2, 0), (0, 3), (0, 4), (3, 1), (1, 4), (4, 2), (4, 3)]"
1771,8,"[(0, 2), (2, 0), (0, 3), (0, 4), (3, 1), (4, 1), (2, 4), (3, 4)]"
1772,8,"[(0, 2), (2, 0), (0, 3), (0, 4), (3, 1), (4, 1), (2, 4), (4, 3)]"
1773,8,"[(0, 2), (2, 0), (0, 3), (0, 4), (3, 1), (4, 1), (4, 2), (3, 4)]"
1774,8,"[(0, 2), (2, 0), (0, 3), (0, 4), (3, 1), (4, 1), (4, 2), (4, 3)]"
1775,8,"[(0, 2), (2, 0), (0, 3), (4, 0), (1, 3), (1, 4), (2, 4), (3, 4)]"
1776,8,"[(0, 2), (2, 0), (0, 3), (4, 0), (1, 3), (1, 4), (2, 4), (4, 3)]"
1777,8,"[(0, 2), (2, 0), (0, 3), (4, 0), (1, 3), (1, 4), (4, 2), (3, 4)]"
1778,8,"[(0, 2), (2, 0), (0, 3), (4, 0), (1, 3), (1, 4), (4, 2), (4, 3)]"
1779,8,"[(0, 2), (2, 0), (0, 3), (4, 0), (1, 3), (4, 1), (2, 4), (3, 4)]"
1780,8,"[(0, 2), (2, 0), (0, 3), (4, 0), (1, 3), (4, 1), (2, 4), (4, 3)]"
1781,8,"[(0, 2), (2, 0), (0, 3), (4, 0), (1, 3), (4, 1), (4, 2), (3, 4)]"
1782,8,"[(0, 2), (2, 0), (0, 3), (4, 0), (1, 3), (4, 1), (4, 2), (4, 3)]"
1783,8,"[(0, 2), (2, 0), (0, 3), (4, 0), (3, 1), (1, 4), (2, 4), (3, 4)]"
1784,8,"[(0, 2), (2, 0), (0, 3), (4, 0), (3, 1), (1, 4), (2, 4), (4, 3)]"
1785,8,"[(0, 2), (2, 0), (0, 3), (4, 0), (3, 1), (1, 4), (4, 2), (3, 4)]"
1786,8,"[(0, 2), (2, 0), (0, 3), (4, 0), (3, 1), (1, 4), (4, 2), (4, 3)]"
1787,8,"[(0, 2), (2, 0), (0, 3), (4, 0), (3, 1), (4, 1), (2, 4), (3, 4)]"
1788,8,"[(0, 2), (2, 0), (0, 3), (4, 0), (3, 1), (4, 1), (2, 4), (4, 3)]"
1789,8,"[(0, 2), (2, 0), (0, 3), (4, 0), (3, 1), (4, 1), (4, 2), (3, 4)]"
1790,8,"[(0, 2), (2, 0), (0, 3), (4, 0), (3, 1), (4, 1), (4, 2), (4, 3)]"
1791,8,"[(0, 2), (2, 0), (3, 0), (0, 4), (1, 3), (1, 4), (2, 4), (3, 4)]"
1792,8,"[(0, 2), (2, 0), (3, 0), (0, 4), (1, 3), (1, 4), (2, 4), (4, 3)]"
1793,8,"[(0, 2), (2, 0), (3, 0), (0, 4), (1, 3), (1, 4), (4, 2), (3, 4)]"
1794,8,"[(0, 2), (2, 0), (3, 0), (0, 4), (1, 3), (1, 4), (4, 2), (4, 3)]"
1795,8,"[(0, 2), (2, 0), (3, 0), (0, 4), (1, 3), (4, 1), (2, 4), (3, 4)]"
1796,8,"[(0, 2), (2, 0), (3, 0), (0, 4), (1, 3), (4, 1), (2, 4), (4, 3)]"
1797,8,"[(0, 2), (2, 0), (3, 0), (0, 4), (1, 3), (4, 1), (4, 2), (3, 4)]"
1798,8,"[(0, 2), (2, 0), (3, 0), (0, 4), (1, 3), (4, 1), (4, 2), (4, 3)]"
1799,8,"[(0, 2), (2, 0), (3, 0), (0, 4), (3, 1), (1, 4), (2, 4), (3, 4)]"
1800,8,"[(0, 2), (2, 0), (3, 0), (0, 4), (3, 1), (1, 4), (2, 4), (4, 3)]"
1801,8,"[(0, 2), (2, 0), (3, 0), (0, 4), (3, 1), (1, 4), (4, 2), (3, 4)]"
1802,8,"[(0, 2), (2, 0), (3, 0), (0, 4), (3, 1), (1, 4), (4, 2), (4, 3)]"
1803,8,"[(0, 2), (2, 0), (3, 0), (0, 4), (3, 1), (4, 1), (2, 4), (3, 4)]"
1804,8,"[(0, 2), (2, 0), (3, 0), (0, 4), (3, 1), (4, 1), (2, 4), (4, 3)]"
1805,8,"[(0, 2), (2, 0), (3, 0), (0, 4), (3, 1), (4, 1), (4, 2), (3, 4)]"
1806,8,"[(0, 2), (2, 0), (3, 0), (0, 4), (3, 1), (4, 1), (4, 2), (4, 3)]"
1807,8,"[(0, 2), (2, 0), (3, 0), (4, 0), (1, 3), (1, 4), (2, 4), (3, 4)]"
1808,8,"[(0, 2), (2, 0), (3, 0), (4, 0), (1, 3), (1, 4), (2, 4), (4, 3)]"
1809,8,"[(0, 2), (2, 0), (3, 0), (4, 0), (1, 3), (1, 4), (4, 2), (3, 4)]"
1810,8,"[(0, 2), (2, 0), (3, 0), (4, 0), (1, 3), (1, 4), (4, 2), (4, 3)]"
1811,8,"[(0, 2), (2, 0), (3, 0), (4, 0), (1, 3), (4, 1), (2, 4), (3, 4)]"
1812,8,"[(0, 2), (2, 0), (3, 0), (4, 0), (1, 3), (4, 1), (2, 4), (4, 3)]"
1813,8,"[(0, 2), (2, 0), (3, 0), (4, 0), (1, 3), (4, 1), (4, 2), (3, 4)]"
1814,8,"[(0, 2), (2, 0), (3, 0), (4, 0), (1, 3), (4, 1), (4, 2), (4, 3)]"
1815,8,"[(0, 2), (2, 0), (3, 0), (4, 0), (3, 1), (1, 4), (2, 4), (3, 4)]"
1816,8,"[(0, 2), (2, 0), (3, 0), (4, 0), (3, 1), (1, 4), (2, 4), (4, 3)]"
1817,8,"[(0, 2), (2, 0), (3, 0), (4, 0), (3, 1), (1, 4), (4, 2), (3, 4)]"
1818,8,"[(0, 2), (2, 0), (3, 0), (4, 0), (3, 1), (1, 4), (4, 2), (4, 3)]"
1819,8,"[(0, 2), (2, 0), (3, 0), (4, 0), (3, 1), (4, 1), (2, 4), (3, 4)]"
1820,8,"[(0, 2), (2, 0), (3, 0), (4, 0), (3, 1), (4, 1), (2, 4), (4, 3)]"
1821,8,"[(0, 2), (2, 0), (3, 0), (4, 0), (3, 1), (4, 1), (4, 2), (3, 4)]"
1822,8,"[(0, 2), (2, 0), (3, 0), (4, 0), (3, 1), (4, 1), (4, 2), (4, 3)]"
1823,8,"[(0, 2), (0, 3), (0, 4), (1, 4), (2, 3), (3, 2), (2, 4), (4, 2)]"
1824,8,"[(0, 2), (0, 3), (0, 4), (4, 1), (2, 3), (3, 2), (2, 4), (4, 2)]"
1825,8,"[(0, 2), (0, 3), (0, 4), (1, 4), (4, 1), (2, 3), (2, 4), (4, 2)]"
1826,8,"[(0, 2), (0, 3), (0, 4), (1, 4), (4, 1), (3, 2), (2, 4), (4, 2)]"
1827,8,"[(0, 2), (0, 3), (0, 4), (1, 4), (4, 1), (2, 3), (3, 2), (2, 4)]"
1828,8,"[(0, 2), (0, 3), (0, 4), (1, 4), (4, 1), (2, 3), (3, 2), (4, 2)]"
1829,8,"[(0, 2), (0, 3), (4, 0), (1, 4), (2, 3), (3, 2), (2, 4), (4, 2)]"
1830,8,"[(0, 2), (0, 3), (4, 0), (4, 1), (2, 3), (3, 2), (2, 4), (4, 2)]"
1831,8,"[(0, 2), (0, 3), (4, 0), (1, 4), (4, 1), (2, 3), (2, 4), (4, 2)]"
1832,8,"[(0, 2), (0, 3), (4, 0), (1, 4), (4, 1), (3, 2), (2, 4), (4, 2)]"
1833,8,"[(0, 2), (0, 3), (4, 0), (1, 4), (4, 1), (2, 3), (3, 2), (2, 4)]"
1834,8,"[(0, 2), (0, 3), (4, 0), (1, 4), (4, 1), (2, 3), (3, 2), (4, 2)]"
1835,8,"[(0, 2), (0, 3), (0, 4), (4, 0), (1, 4), (2, 3), (2, 4), (4, 2)]"
1836,8,"[(0, 2), (0, 3), (0, 4), (4, 0), (1, 4), (3, 2), (2, 4), (4, 2)]"
1837,8,"[(0, 2), (0, 3), (0, 4), (4, 0), (1, 4), (2, 3), (3, 2), (2, 4)]"
1838,8,"[(0, 2), (0, 3), (0, 4), (4, 0), (1, 4), (2, 3), (3, 2), (4, 2)]"
1839,8,"[(0, 2), (0, 3), (0, 4), (4, 0), (4, 1), (2, 3), (2, 4), (4, 2)]"
1840,8,"[(0, 2), (0, 3), (0, 4), (4, 0), (4, 1), (3, 2), (2, 4), (4, 2)]"
1841,8,"[(0, 2), (0, 3), (0, 4), (4, 0), (4, 1), (2, 3), (3, 2), (2, 4)]"
1842,8,"[(0, 2), (0, 3), (0, 4), (4, 0), (4, 1), (2, 3), (3, 2), (4, 2)]"
1843,8,"[(0, 2), (0, 3), (0, 4), (4, 0), (1, 4), (4, 1), (2, 3), (2, 4)]"
1844,8,"[(0, 2), (0, 3), (0, 4), (4, 0), (1, 4), (4, 1), (2, 3), (4, 2)]"
1845,8,"[(0, 2), (0, 3), (0, 4), (4, 0), (1, 4), (4, 1), (3, 2), (2, 4)]"
1846,8,"[(0, 2), (0, 3), (0, 4), (4, 0), (1, 4), (4, 1), (3, 2), (4, 2)]"
1847,8,"[(0, 2), (3, 0), (0, 4), (1, 4), (2, 3), (3, 2), (2, 4), (4, 2)]"
1848,8,"[(0, 2), (3, 0), (0, 4), (4, 1), (2, 3), (3, 2), (2, 4), (4, 2)]"
1849,8,"[(0, 2), (3, 0), (0, 4), (1, 4), (4, 1), (2, 3), (2, 4), (4, 2)]"
1850,8,"[(0, 2), (3, 0), (0, 4), (1, 4), (4, 1), (3, 2), (2, 4), (4, 2)]"
1851,8,"[(0, 2), (3, 0), (0, 4), (1, 4), (4, 1), (2, 3), (3, 2), (2, 4)]"
1852,8,"[(0, 2), (3, 0), (0, 4), (1, 4), (4, 1), (2, 3), (3, 2), (4, 2)]"
1853,8,"[(0, 2), (3, 0), (4, 0), (1, 4), (2, 3), (3, 2), (2, 4), (4, 2)]"
1854,8,"[(0, 2), (3, 0), (4, 0), (4, 1), (2, 3), (3, 2), (2, 4), (4, 2)]"
1855,8,"[(0, 2), (3, 0), (4, 0), (1, 4), (4, 1), (2, 3), (2, 4), (4, 2)]"
1856,8,"[(0, 2), (3, 0), (4, 0), (1, 4), (4, 1), (3, 2), (2, 4), (4, 2)]"
1857,8,"[(0, 2), (3, 0), (4, 0), (1, 4), (4, 1), (2, 3), (3, 2), (2, 4)]"
1858,8,"[(0, 2), (3, 0), (4, 0), (1, 4), (4, 1), (2, 3), (3, 2), (4, 2)]"
1859,8,"[(0, 2), (3, 0), (0, 4), (4, 0), (1, 4), (2, 3), (2, 4), (4, 2)]"
1860,8,"[(0, 2), (3, 0), (0, 4), (4, 0), (1, 4), (3, 2), (2, 4), (4, 2)]"
1861,8,"[(0, 2), (3, 0), (0, 4), (4, 0), (1, 4), (2, 3), (3, 2), (2, 4)]"
1862,8,"[(0, 2), (3, 0), (0, 4), (4, 0), (1, 4), (2, 3), (3, 2), (4, 2)]"
1863,8,"[(0, 2), (3, 0), (0, 4), (4, 0), (4, 1), (2, 3), (2, 4), (4, 2)]"
1864,8,"[(0, 2), (3, 0), (0, 4), (4, 0), (4, 1), (3, 2), (2, 4), (4, 2)]"
1865,8,"[(0, 2), (3, 0), (0, 4), (4, 0), (4, 1), (2, 3), (3, 2), (2, 4)]"
1866,8,"[(0, 2), (3, 0), (0, 4), (4, 0), (4, 1), (2, 3), (3, 2), (4, 2)]"
1867,8,"[(0, 2), (3, 0), (0, 4), (4, 0), (1, 4), (4, 1), (2, 3), (2, 4)]"
1868,8,"[(0, 2), (3, 0), (0, 4), (4, 0), (1, 4), (4, 1), (2, 3), (4, 2)]"
1869,8,"[(0, 2), (3, 0), (0, 4), (4, 0), (1, 4), (4, 1), (3, 2), (2, 4)]"
1870,8,"[(0, 2), (3, 0), (0, 4), (4, 0), (1, 4), (4, 1), (3, 2), (4, 2)]"
1871,8,"[(0, 2), (0, 3), (3, 0), (0, 4), (1, 4), (2, 3), (2, 4), (4, 2)]"
1872,8,"[(0, 2), (0, 3), (3, 0), (0, 4), (1, 4), (3, 2), (2, 4), (4, 2)]"
1873,8,"[(0, 2), (0, 3), (3, 0), (0, 4), (1, 4), (2, 3), (3, 2), (2, 4)]"
1874,8,"[(0, 2), (0, 3), (3, 0), (0, 4), (1, 4), (2, 3), (3, 2), (4, 2)]"
1875,8,"[(0, 2), (0, 3), (3, 0), (0, 4), (4, 1), (2, 3), (2, 4), (4, 2)]"
1876,8,"[(0, 2), (0, 3), (3, 0), (0, 4), (4, 1), (3, 2), (2, 4), (4, 2)]"
1877,8,"[(0, 2), (0, 3), (3, 0), (0, 4), (4, 1), (2, 3), (3, 2), (2, 4)]"
1878,8,"[(0, 2), (0, 3), (3, 0), (0, 4), (4, 1), (2, 3), (3, 2), (4, 2)]"
1879,8,"[(0, 2), (0, 3), (3, 0), (0, 4), (1, 4), (4, 1), (2, 3), (2, 4)]"
1880,8,"[(0, 2), (0, 3), (3, 0), (0, 4), (1, 4), (4, 1), (2, 3), (4, 2)]"
1881,8,"[(0, 2), (0, 3), (3, 0), (0, 4), (1, 4), (4, 1), (3, 2), (2, 4)]"
1882,8,"[(0, 2), (0, 3), (3, 0), (0, 4), (1, 4), (4, 1), (3, 2), (4, 2)]"
1883,8,"[(0, 2), (0, 3), (3, 0), (4, 0), (1, 4), (2, 3), (2, 4), (4, 2)]"
1884,8,"[(0, 2), (0, 3), (3, 0), (4, 0), (1, 4), (3, 2), (2, 4), (4, 2)]"
1885,8,"[(0, 2), (0, 3), (3, 0), (4, 0), (1, 4), (2, 3), (3, 2), (2, 4)]"
1886,8,"[(0, 2), (0, 3), (3, 0), (4, 0), (1, 4), (2, 3), (3, 2), (4, 2)]"
1887,8,"[(0, 2), (0, 3), (3, 0), (4, 0), (4, 1), (2, 3), (2, 4), (4, 2)]"
1888,8,"[(0, 2), (0, 3), (3, 0), (4, 0), (4, 1), (3, 2), (2, 4), (4, 2)]"
1889,8,"[(0, 2), (0, 3), (3, 0), (4, 0), (4, 1), (2, 3), (3, 2), (2, 4)]"
1890,8,"[(0, 2), (0, 3), (3, 0), (4, 0), (4, 1), (2, 3), (3, 2), (4, 2)]"
1891,8,"[(0, 2), (0, 3), (3, 0), (4, 0), (1, 4), (4, 1), (2, 3), (2, 4)]"
1892,8,"[(0, 2), (0, 3), (3, 0), (4, 0), (1, 4), (4, 1), (2, 3), (4, 2)]"
1893,8,"[(0, 2), (0, 3), (3, 0), (4, 0), (1, 4), (4, 1), (3, 2), (2, 4)]"
1894,8,"[(0, 2), (0, 3), (3, 0), (4, 0), (1, 4), (4, 1), (3, 2), (4, 2)]"
1895,8,"[(0, 2), (0, 3), (3, 0), (0, 4), (4, 0), (1, 4), (2, 3), (2, 4)]"
1896,8,"[(0, 2), (0, 3), (3, 0), (0, 4), (4, 0), (1, 4), (2, 3), (4, 2)]"
1897,8,"[(0, 2), (0, 3), (3, 0), (0, 4), (4, 0), (1, 4), (3, 2), (2, 4)]"
1898,8,"[(0, 2), (0, 3), (3, 0), (0, 4), (4, 0), (1, 4), (3, 2), (4, 2)]"
1899,8,"[(0, 2), (0, 3), (3, 0), (0, 4), (4, 0), (4, 1), (2, 3), (2, 4)]"
1900,8,"[(0, 2), (0, 3), (3, 0), (0, 4), (4, 0), (4, 1), (2, 3), (4, 2)]"
1901,8,"[(0, 2), (0, 3), (3, 0), (0, 4), (4, 0), (4, 1), (3, 2), (2, 4)]"
1902,8,"[(0, 2), (0, 3), (3, 0), (0, 4), (4, 0), (4, 1), (3, 2), (4, 2)]"
1903,8,"[(0, 2), (2, 0), (0, 3), (0, 4), (1, 4), (3, 2), (2, 4), (4, 2)]"
1904,8,"[(0, 2), (2, 0), (0, 3), (0, 4), (4, 1), (3, 2), (2, 4), (4, 2)]"
1905,8,"[(0, 2), (2, 0), (0, 3), (0, 4), (1, 4), (4, 1), (2, 3), (2, 4)]"
1906,8,"[(0, 2), (2, 0), (0, 3), (0, 4), (1, 4), (4, 1), (2, 3), (4, 2)]"
1907,8,"[(0, 2), (2, 0), (0, 3), (0, 4), (1, 4), (4, 1), (3, 2), (2, 4)]"
1908,8,"[(0, 2), (2, 0), (0, 3), (0, 4), (1, 4), (4, 1), (3, 2), (4, 2)]"
1909,8,"[(0, 2), (2, 0), (0, 3), (4, 0), (1, 4), (3, 2), (2, 4), (4, 2)]"
1910,8,"[(0, 2), (2, 0), (0, 3), (4, 0), (4, 1), (3, 2), (2, 4), (4, 2)]"
1911,8,"[(0, 2), (2, 0), (0, 3), (4, 0), (1, 4), (4, 1), (2, 3), (4, 2)]"
1912,8,"[(0, 2), (2, 0), (0, 3), (4, 0), (1, 4), (4, 1), (3, 2), (2, 4)]"
1913,8,"[(0, 2), (2, 0), (0, 3), (4, 0), (1, 4), (4, 1), (3, 2), (4, 2)]"
1914,8,"[(0, 2), (2, 0), (0, 3), (0, 4), (4, 0), (1, 4), (2, 3), (2, 4)]"
1915,8,"[(0, 2), (2, 0), (0, 3), (0, 4), (4, 0), (1, 4), (2, 3), (4, 2)]"
1916,8,"[(0, 2), (2, 0), (0, 3), (0, 4), (4, 0), (1, 4), (3, 2), (2, 4)]"
1917,8,"[(0, 2), (2, 0), (0, 3), (0, 4), (4, 0), (1, 4), (3, 2), (4, 2)]"
1918,8,"[(0, 2), (2, 0), (0, 3), (0, 4), (4, 0), (4, 1), (2, 3), (2, 4)]"
1919,8,"[(0, 2), (2, 0), (0, 3), (0, 4), (4, 0), (4, 1), (2, 3), (4, 2)]"
1920,8,"[(0, 2), (2, 0), (0, 3), (0, 4), (4, 0), (4, 1), (3, 2), (2, 4)]"
1921,8,"[(0, 2), (2, 0), (0, 3), (0, 4), (4, 0), (4, 1), (3, 2), (4, 2)]"
1922,8,"[(0, 2), (2, 0), (3, 0), (0, 4), (1, 4), (4, 1), (3, 2), (2, 4)]"
1923,8,"[(0, 2), (2, 0), (3, 0), (0, 4), (1, 4), (4, 1), (3, 2), (4, 2)]"
1924,8,"[(0, 2), (2, 0), (3, 0), (4, 0), (1, 4), (4, 1), (3, 2), (4, 2)]"
1925,8,"[(0, 2), (2, 0), (3, 0), (0, 4), (4, 0), (1, 4), (3, 2), (2, 4)]"
1926,8,"[(0, 2), (2, 0), (3, 0), (0, 4), (4, 0), (1, 4), (3, 2), (4, 2)]"
1927,8,"[(0, 2), (2, 0), (3, 0), (0, 4), (4, 0), (4, 1), (3, 2), (2, 4)]"
1928,8,"[(0, 2), (2, 0), (3, 0), (0, 4), (4, 0), (4, 1), (3, 2), (4, 2)]"
1929,8,"[(0, 2), (2, 0), (0, 3), (3, 0), (0, 4), (1, 4), (2, 3), (2, 4)]"
1930,8,"[(0, 2), (2, 0), (0, 3), (3, 0), (0, 4), (1, 4), (2, 3), (4, 2)]"
1931,8,"[(0, 2), (2, 0), (0, 3), (3, 0), (0, 4), (1, 4), (3, 2), (2, 4)]"
1932,8,"[(0, 2), (2, 0), (0, 3), (3, 0), (0, 4), (1, 4), (3, 2), (4, 2)]"
1933,8,"[(0, 2), (2, 0), (0, 3), (3, 0), (0, 4), (4, 1), (2, 3), (2, 4)]"
1934,8,"[(0, 2), (2, 0), (0, 3), (3, 0), (0, 4), (4, 1), (2, 3), (4, 2)]"
1935,8,"[(0, 2), (2, 0), (0, 3), (3, 0), (0, 4), (4, 1), (3, 2), (2, 4)]"
1936,8,"[(0, 2), (2, 0), (0, 3), (3, 0), (0, 4), (4, 1), (3, 2), (4, 2)]"
1937,8,"[(0, 2), (2, 0), (0, 3), (3, 0), (4, 0), (1, 4), (2, 3), (2, 4)]"
1938,8,"[(0, 2), (2, 0), (0, 3), (3, 0), (4, 0), (1, 4), (2, 3), (4, 2)]"
1939,8,"[(0, 2), (2, 0), (0, 3), (3, 0), (4, 0), (1, 4), (3, 2), (2, 4)]"
1940,8,"[(0, 2), (2, 0), (0, 3), (3, 0), (4, 0), (1, 4), (3, 2), (4, 2)]"
1941,8,"[(0, 2), (2, 0), (0, 3), (3, 0), (4, 0), (4, 1), (2, 3), (2, 4)]"
1942,8,"[(0, 2), (2, 0), (0, 3), (3, 0), (4, 0), (4, 1), (2, 3), (4, 2)]"
1943,8,"[(0, 2), (2, 0), (0, 3), (3, 0), (4, 0), (4, 1), (3, 2), (2, 4)]"
1944,8,"[(0, 2), (2, 0), (0, 3), (3, 0), (4, 0), (4, 1), (3, 2), (4, 2)]"
1945,8,"[(0, 2), (0, 3), (0, 4), (1, 4), (2, 3), (2, 4), (3, 4), (4, 3)]"
1946,8,"[(0, 2), (0, 3), (0, 4), (1, 4), (2, 3), (4, 2), (3, 4), (4, 3)]"
1947,8,"[(0, 2), (0, 3), (0, 4), (1, 4), (2, 3), (2, 4), (4, 2), (3, 4)]"
1948,8,"[(0, 2), (0, 3), (0, 4), (1, 4), (2, 3), (2, 4), (4, 2), (4, 3)]"
1949,8,"[(0, 2), (0, 3), (0, 4), (4, 1), (2, 3), (2, 4), (3, 4), (4, 3)]"
1950,8,"[(0, 2), (0, 3), (0, 4), (4, 1), (2, 3), (4, 2), (3, 4), (4, 3)]"
1951,8,"[(0, 2), (0, 3), (0, 4), (4, 1), (2, 3), (2, 4), (4, 2), (3, 4)]"
1952,8,"[(0, 2), (0, 3), (0, 4), (4, 1), (2, 3), (2, 4), (4, 2), (4, 3)]"
1953,8,"[(0, 2), (0, 3), (0, 4), (1, 4), (4, 1), (2, 3), (2, 4), (3, 4)]"
1954,8,"[(0, 2), (0, 3), (0, 4), (1, 4), (4, 1), (2, 3), (2, 4), (4, 3)]"
1955,8,"[(0, 2), (0, 3), (0, 4), (1, 4), (4, 1), (2, 3), (4, 2), (3, 4)]"
1956,8,"[(0, 2), (0, 3), (0, 4), (1, 4), (4, 1), (2, 3), (4, 2), (4, 3)]"
1957,8,"[(0, 2), (0, 3), (4, 0), (1, 4), (2, 3), (2, 4), (3, 4), (4, 3)]"
1958,8,"[(0, 2), (0, 3), (4, 0), (1, 4), (2, 3), (4, 2), (3, 4), (4, 3)]"
1959,8,"[(0, 2), (0, 3), (4, 0), (1, 4), (2, 3), (2, 4), (4, 2), (3, 4)]"
1960,8,"[(0, 2), (0, 3), (4, 0), (1, 4), (2, 3), (2, 4), (4, 2), (4, 3)]"
1961,8,"[(0, 2), (0, 3), (4, 0), (4, 1), (2, 3), (2, 4), (3, 4), (4, 3)]"
1962,8,"[(0, 2), (0, 3), (4, 0), (4, 1), (2, 3), (4, 2), (3, 4), (4, 3)]"
1963,8,"[(0, 2), (0, 3), (4, 0), (4, 1), (2, 3), (2, 4), (4, 2), (3, 4)]"
1964,8,"[(0, 2), (0, 3), (4, 0), (4, 1), (2, 3), (2, 4), (4, 2), (4, 3)]"
1965,8,"[(0, 2), (0, 3), (4, 0), (1, 4), (4, 1), (2, 3), (2, 4), (3, 4)]"
1966,8,"[(0, 2), (0, 3), (4, 0), (1, 4), (4, 1), (2, 3), (2, 4), (4, 3)]"
1967,8,"[(0, 2), (0, 3), (4, 0), (1, 4), (4, 1), (2, 3), (4, 2), (3, 4)]"
1968,8,"[(0, 2), (0, 3), (4, 0), (1, 4), (4, 1), (2, 3), (4, 2), (4, 3)]"
1969,8,"[(0, 2), (0, 3), (0, 4), (4, 0), (1, 4), (2, 3), (2, 4), (3, 4)]"
1970,8,"[(0, 2), (0, 3), (0, 4), (4, 0), (1, 4), (2, 3), (2, 4), (4, 3)]"
1971,8,"[(0, 2), (0, 3), (0, 4), (4, 0), (1, 4), (2, 3), (4, 2), (3, 4)]"
1972,8,"[(0, 2), (0, 3), (0, 4), (4, 0), (1, 4), (2, 3), (4, 2), (4, 3)]"
1973,8,"[(0, 2), (0, 3), (0, 4), (4, 0), (4, 1), (2, 3), (2, 4), (3, 4)]"
1974,8,"[(0, 2), (0, 3), (0, 4), (4, 0), (4, 1), (2, 3), (2, 4), (4, 3)]"
1975,8,"[(0, 2), (0, 3), (0, 4), (4, 0), (4, 1), (2, 3), (4, 2), (3, 4)]"
1976,8,"[(0, 2), (0, 3), (0, 4), (4, 0), (4, 1), (2, 3), (4, 2), (4, 3)]"
1977,8,"[(0, 2), (3, 0), (0, 4), (1, 4), (4, 1), (2, 3), (2, 4), (3, 4)]"
1978,8,"[(0, 2), (3, 0), (0, 4), (1, 4), (4, 1), (2, 3), (2, 4), (4, 3)]"
1979,8,"[(0, 2), (3, 0), (0, 4), (1, 4), (4, 1), (2, 3), (4, 2), (4, 3)]"
1980,8,"[(0, 2), (3, 0), (4, 0), (1, 4), (4, 1), (2, 3), (4, 2), (4, 3)]"
1981,8,"[(0, 2), (3, 0), (0, 4), (4, 0), (1, 4), (2, 3), (2, 4), (3, 4)]"
1982,8,"[(0, 2), (3, 0), (0, 4), (4, 0), (1, 4), (2, 3), (2, 4), (4, 3)]"
1983,8,"[(0, 2), (3, 0), (0, 4), (4, 0), (1, 4), (2, 3), (4, 2), (3, 4)]"
1984,8,"[(0, 2), (3, 0), (0, 4), (4, 0), (1, 4), (2, 3), (4, 2), (4, 3)]"
1985,8,"[(0, 2), (3, 0), (0, 4), (4, 0), (4, 1), (2, 3), (2, 4), (3, 4)]"
1986,8,"[(0, 2), (3, 0), (0, 4), (4, 0), (4, 1), (2, 3), (2, 4), (4, 3)]"
1987,8,"[(0, 2), (3, 0), (0, 4), (4, 0), (4, 1), (2, 3), (4, 2), (3, 4)]"
1988,8,"[(0, 2), (3, 0), (0, 4), (4, 0), (4, 1), (2, 3), (4, 2), (4, 3)]"
1989,8,"[(0, 2), (2, 0), (0, 3), (0, 4), (1, 4), (2, 3), (2, 4), (3, 4)]"
1990,8,"[(0, 2), (2, 0), (0, 3), (0, 4), (1, 4), (2, 3), (2, 4), (4, 3)]"
1991,8,"[(0, 2), (2, 0), (0, 3), (0, 4), (1, 4), (2, 3), (4, 2), (3, 4)]"
1992,8,"[(0, 2), (2, 0), (0, 3), (0, 4), (1, 4), (2, 3), (4, 2), (4, 3)]"
1993,8,"[(0, 2), (2, 0), (0, 3), (0, 4), (1, 4), (3, 2), (2, 4), (3, 4)]"
1994,8,"[(0, 2), (2, 0), (0, 3), (0, 4), (1, 4), (3, 2), (2, 4), (4, 3)]"
1995,8,"[(0, 2), (2, 0), (0, 3), (0, 4), (1, 4), (3, 2), (4, 2), (3, 4)]"
1996,8,"[(0, 2), (2, 0), (0, 3), (0, 4), (1, 4), (3, 2), (4, 2), (4, 3)]"
1997,8,"[(0, 2), (2, 0), (0, 3), (0, 4), (4, 1), (2, 3), (2, 4), (3, 4)]"
1998,8,"[(0, 2), (2, 0), (0, 3), (0, 4), (4, 1), (2, 3), (2, 4), (4, 3)]"
1999,8,"[(0, 2), (2, 0), (0, 3), (0, 4), (4, 1), (2, 3), (4, 2), (3, 4)]"
2000,8,"[(0, 2), (2, 0), (0, 3), (0, 4), (4, 1), (2, 3), (4, 2), (4, 3)]"
2001,8,"[(0, 2), (2, 0), (0, 3), (0, 4), (4, 1), (3, 2), (2, 4), (3, 4)]"
2002,8,"[(0, 2), (2, 0), (0, 3), (0, 4), (4, 1), (3, 2), (2, 4), (4, 3)]"
2003,8,"[(0, 2), (2, 0), (0, 3), (0, 4), (4, 1), (3, 2), (4, 2), (3, 4)]"
2004,8,"[(0, 2), (2, 0), (0, 3), (0, 4), (4, 1), (3, 2), (4, 2), (4, 3)]"
2005,8,"[(0, 2), (2, 0), (0, 3), (4, 0), (1, 4), (2, 3), (4, 2), (3, 4)]"
2006,8,"[(0, 2), (2, 0), (0, 3), (4, 0), (1, 4), (2, 3), (4, 2), (4, 3)]"
2007,8,"[(0, 2), (2, 0), (0, 3), (4, 0), (1, 4), (3, 2), (2, 4), (3, 4)]"
2008,8,"[(0, 2), (2, 0), (0, 3), (4, 0), (1, 4), (3, 2), (2, 4), (4, 3)]"
2009,8,"[(0, 2), (2, 0), (0, 3), (4, 0), (1, 4), (3, 2), (4, 2), (3, 4)]"
2010,8,"[(0, 2), (2, 0), (0, 3), (4, 0), (1, 4), (3, 2), (4, 2), (4, 3)]"
2011,8,"[(0, 2), (2, 0), (0, 3), (4, 0), (4, 1), (2, 3), (4, 2), (3, 4)]"
2012,8,"[(0, 2), (2, 0), (0, 3), (4, 0), (4, 1), (2, 3), (4, 2), (4, 3)]"
2013,8,"[(0, 2), (2, 0), (0, 3), (4, 0), (4, 1), (3, 2), (2, 4), (3, 4)]"
2014,8,"[(0, 2), (2, 0), (0, 3), (4, 0), (4, 1), (3, 2), (2, 4), (4, 3)]"
2015,8,"[(0, 2), (2, 0), (0, 3), (4, 0), (4, 1), (3, 2), (4, 2), (3, 4)]"
2016,8,"[(0, 2), (2, 0), (0, 3), (4, 0), (4, 1), (3, 2), (4, 2), (4, 3)]"
2017,8,"[(0, 2), (2, 0), (3, 0), (0, 4), (1, 4), (3, 2), (2, 4), (3, 4)]"
2018,8,"[(0, 2), (2, 0), (3, 0), (0, 4), (1, 4), (3, 2), (2, 4), (4, 3)]"
2019,8,"[(0, 2), (2, 0), (3, 0), (0, 4), (1, 4), (3, 2), (4, 2), (3, 4)]"
2020,8,"[(0, 2), (2, 0), (3, 0), (0, 4), (1, 4), (3, 2), (4, 2), (4, 3)]"
2021,8,"[(0, 2), (2, 0), (3, 0), (0, 4), (4, 1), (3, 2), (2, 4), (3, 4)]"
2022,8,"[(0, 2), (2, 0), (3, 0), (0, 4), (4, 1), (3, 2), (2, 4), (4, 3)]"
2023,8,"[(0, 2), (2, 0), (3, 0), (0, 4), (4, 1), (3, 2), (4, 2), (3, 4)]"
2024,8,"[(0, 2), (2, 0), (3, 0), (0, 4), (4, 1), (3, 2), (4, 2), (4, 3)]"
2025,8,"[(0, 2), (2, 0), (3, 0), (4, 0), (1, 4), (3, 2), (4, 2), (3, 4)]"
2026,8,"[(0, 2), (2, 0), (3, 0), (4, 0), (1, 4), (3, 2), (4, 2), (4, 3)]"
2027,8,"[(0, 2), (2, 0), (3, 0), (4, 0), (4, 1), (3, 2), (4, 2), (3, 4)]"
2028,8,"[(0, 2), (2, 0), (3, 0), (4, 0), (4, 1), (3, 2), (4, 2), (4, 3)]"
2029,8,"[(0, 2), (0, 3), (0, 4), (1, 3), (1, 4), (2, 3), (2, 4), (3, 4)]"
2030,8,"[(0, 2), (0, 3), (0, 4), (1, 3), (1, 4), (2, 3), (4, 2), (3, 4)]"
2031,8,"[(0, 2), (0, 3), (0, 4), (1, 3), (1, 4), (2, 3), (4, 2), (4, 3)]"
2032,8,"[(0, 2), (0, 3), (0, 4), (1, 3), (1, 4), (3, 2), (4, 2), (3, 4)]"
2033,8,"[(0, 2), (0, 3), (0, 4), (1, 3), (4, 1), (2, 3), (2, 4), (3, 4)]"
2034,8,"[(0, 2), (0, 3), (0, 4), (1, 3), (4, 1), (2, 3), (2, 4), (4, 3)]"
2035,8,"[(0, 2), (0, 3), (0, 4), (1, 3), (4, 1), (2, 3), (4, 2), (3, 4)]"
2036,8,"[(0, 2), (0, 3), (0, 4), (1, 3), (4, 1), (2, 3), (4, 2), (4, 3)]"
2037,8,"[(0, 2), (0, 3), (0, 4), (1, 3), (4, 1), (3, 2), (2, 4), (3, 4)]"
2038,8,"[(0, 2), (0, 3), (0, 4), (1, 3), (4, 1), (3, 2), (2, 4), (4, 3)]"
2039,8,"[(0, 2), (0, 3), (0, 4), (1, 3), (4, 1), (3, 2), (4, 2), (3, 4)]"
2040,8,"[(0, 2), (0, 3), (0, 4), (1, 3), (4, 1), (3, 2), (4, 2), (4, 3)]"
2041,8,"[(0, 2), (0, 3), (0, 4), (3, 1), (4, 1), (2, 3), (2, 4), (3, 4)]"
2042,8,"[(0, 2), (0, 3), (0, 4), (3, 1), (4, 1), (2, 3), (4, 2), (3, 4)]"
2043,8,"[(0, 2), (0, 3), (0, 4), (3, 1), (4, 1), (2, 3), (4, 2), (4, 3)]"
2044,8,"[(0, 2), (0, 3), (0, 4), (3, 1), (4, 1), (3, 2), (4, 2), (3, 4)]"
2045,8,"[(0, 2), (0, 3), (4, 0), (1, 3), (1, 4), (2, 3), (2, 4), (3, 4)]"
2046,8,"[(0, 2), (0, 3), (4, 0), (1, 3), (1, 4), (2, 3), (2, 4), (4, 3)]"
2047,8,"[(0, 2), (0, 3), (4, 0), (1, 3), (1, 4), (2, 3), (4, 2), (3, 4)]"
2048,8,"[(0, 2), (0, 3), (4, 0), (1, 3), (1, 4), (2, 3), (4, 2), (4, 3)]"
2049,8,"[(0, 2), (0, 3), (4, 0), (1, 3), (1, 4), (3, 2), (2, 4), (3, 4)]"
2050,8,"[(0, 2), (0, 3), (4, 0), (1, 3), (1, 4), (3, 2), (2, 4), (4, 3)]"
2051,8,"[(0, 2), (0, 3), (4, 0), (1, 3), (1, 4), (3, 2), (4, 2), (3, 4)]"
2052,8,"[(0, 2), (0, 3), (4, 0), (1, 3), (1, 4), (3, 2), (4, 2), (4, 3)]"
2053,8,"[(0, 2), (0, 3), (4, 0), (1, 3), (4, 1), (2, 3), (2, 4), (3, 4)]"
2054,8,"[(0, 2), (0, 3), (4, 0), (1, 3), (4, 1), (2, 3), (2, 4), (4, 3)]"
2055,8,"[(0, 2), (0, 3), (4, 0), (1, 3), (4, 1), (2, 3), (4, 2), (3, 4)]"
2056,8,"[(0, 2), (0, 3), (4, 0), (1, 3), (4, 1), (2, 3), (4, 2), (4, 3)]"
2057,8,"[(0, 2), (0, 3), (4, 0), (1, 3), (4, 1), (3, 2), (2, 4), (3, 4)]"
2058,8,"[(0, 2), (0, 3), (4, 0), (1, 3), (4, 1), (3, 2), (2, 4), (4, 3)]"
2059,8,"[(0, 2), (0, 3), (4, 0), (1, 3), (4, 1), (3, 2), (4, 2), (3, 4)]"
2060,8,"[(0, 2), (0, 3), (4, 0), (1, 3), (4, 1), (3, 2), (4, 2), (4, 3)]"
2061,8,"[(0, 2), (0, 3), (4, 0), (3, 1), (1, 4), (2, 3), (2, 4), (3, 4)]"
2062,8,"[(0, 2), (0, 3), (4, 0), (3, 1), (1, 4), (2, 3), (2, 4), (4, 3)]"
2063,8,"[(0, 2), (0, 3), (4, 0), (3, 1), (1, 4), (2, 3), (4, 2), (3, 4)]"
2064,8,"[(0, 2), (0, 3), (4, 0), (3, 1), (1, 4), (2, 3), (4, 2), (4, 3)]"
2065,8,"[(0, 2), (0, 3), (4, 0), (3, 1), (1, 4), (3, 2), (2, 4), (3, 4)]"
2066,8,"[(0, 2), (0, 3), (4, 0), (3, 1), (1, 4), (3, 2), (2, 4), (4, 3)]"
2067,8,"[(0, 2), (0, 3), (4, 0), (3, 1), (1, 4), (3, 2), (4, 2), (3, 4)]"
2068,8,"[(0, 2), (0, 3), (4, 0), (3, 1), (1, 4), (3, 2), (4, 2), (4, 3)]"
2069,8,"[(0, 2), (0, 3), (4, 0), (3, 1), (4, 1), (2, 3), (2, 4), (3, 4)]"
2070,8,"[(0, 2), (0, 3), (4, 0), (3, 1), (4, 1), (2, 3), (2, 4), (4, 3)]"
2071,8,"[(0, 2), (0, 3), (4, 0), (3, 1), (4, 1), (2, 3), (4, 2), (3, 4)]"
2072,8,"[(0, 2), (0, 3), (4, 0), (3, 1), (4, 1), (2, 3), (4, 2), (4, 3)]"
2073,8,"[(0, 2), (0, 3), (4, 0), (3, 1), (4, 1), (3, 2), (2, 4), (3, 4)]"
2074,8,"[(0, 2), (0, 3), (4, 0), (3, 1), (4, 1), (3, 2), (2, 4), (4, 3)]"
2075,8,"[(0, 2), (0, 3), (4, 0), (3, 1), (4, 1), (3, 2), (4, 2), (3, 4)]"
2076,8,"[(0, 2), (0, 3), (4, 0), (3, 1), (4, 1), (3, 2), (4, 2), (4, 3)]"
2077,8,"[(0, 2), (3, 0), (4, 0), (1, 3), (1, 4), (2, 3), (2, 4), (3, 4)]"
2078,8,"[(0, 2), (3, 0), (4, 0), (1, 3), (1, 4), (2, 3), (4, 2), (3, 4)]"
2079,8,"[(0, 2), (3, 0), (4, 0), (1, 3), (1, 4), (2, 3), (4, 2), (4, 3)]"
2080,8,"[(0, 2), (3, 0), (4, 0), (1, 3), (1, 4), (3, 2), (4, 2), (3, 4)]"
2081,8,"[(0, 2), (3, 0), (4, 0), (1, 3), (4, 1), (2, 3), (2, 4), (3, 4)]"
2082,8,"[(0, 2), (3, 0), (4, 0), (1, 3), (4, 1), (2, 3), (2, 4), (4, 3)]"
2083,8,"[(0, 2), (3, 0), (4, 0), (1, 3), (4, 1), (2, 3), (4, 2), (3, 4)]"
2084,8,"[(0, 2), (3, 0), (4, 0), (1, 3), (4, 1), (2, 3), (4, 2), (4, 3)]"
2085,8,"[(0, 2), (3, 0), (4, 0), (1, 3), (4, 1), (3, 2), (2, 4), (3, 4)]"
2086,8,"[(0, 2), (3, 0), (4, 0), (1, 3), (4, 1), (3, 2), (2, 4), (4, 3)]"
2087,8,"[(0, 2), (3, 0), (4, 0), (1, 3), (4, 1), (3, 2), (4, 2), (3, 4)]"
2088,8,"[(0, 2), (3, 0), (4, 0), (1, 3), (4, 1), (3, 2), (4, 2), (4, 3)]"
2089,8,"[(0, 2), (3, 0), (4, 0), (3, 1), (4, 1), (2, 3), (2, 4), (3, 4)]"
2090,8,"[(0, 2), (3, 0), (4, 0), (3, 1), (4, 1), (2, 3), (4, 2), (3, 4)]"
2091,8,"[(0, 2), (3, 0), (4, 0), (3, 1), (4, 1), (2, 3), (4, 2), (4, 3)]"
2092,8,"[(0, 2), (3, 0), (4, 0), (3, 1), (4, 1), (3, 2), (4, 2), (3, 4)]"
2093,8,"[(0, 2), (0, 3), (0, 4), (1, 2), (1, 3), (1, 4), (2, 4), (4, 2)]"
2094,8,"[(0, 2), (0, 3), (0, 4), (1, 2), (1, 3), (4, 1), (2, 4), (4, 2)]"
2095,8,"[(0, 2), (0, 3), (0, 4), (1, 2), (3, 1), (1, 4), (2, 4), (4, 2)]"
2096,8,"[(0, 2), (0, 3), (0, 4), (1, 2), (3, 1), (4, 1), (2, 4), (4, 2)]"
2097,8,"[(0, 2), (0, 3), (0, 4), (2, 1), (1, 3), (4, 1), (2, 4), (4, 2)]"
2098,8,"[(0, 2), (0, 3), (0, 4), (2, 1), (3, 1), (4, 1), (2, 4), (4, 2)]"
2099,8,"[(0, 2), (0, 3), (0, 4), (2, 1), (1, 3), (3, 1), (4, 1), (2, 4)]"
2100,8,"[(0, 2), (0, 3), (4, 0), (1, 2), (1, 3), (4, 1), (2, 4), (4, 2)]"
2101,8,"[(0, 2), (0, 3), (4, 0), (1, 2), (3, 1), (1, 4), (2, 4), (4, 2)]"
2102,8,"[(0, 2), (0, 3), (4, 0), (1, 2), (3, 1), (4, 1), (2, 4), (4, 2)]"
2103,8,"[(0, 2), (0, 3), (4, 0), (2, 1), (1, 3), (1, 4), (2, 4), (4, 2)]"
2104,8,"[(0, 2), (0, 3), (4, 0), (2, 1), (1, 3), (4, 1), (2, 4), (4, 2)]"
2105,8,"[(0, 2), (0, 3), (4, 0), (2, 1), (3, 1), (1, 4), (2, 4), (4, 2)]"
2106,8,"[(0, 2), (0, 3), (4, 0), (2, 1), (3, 1), (4, 1), (2, 4), (4, 2)]"
2107,8,"[(0, 2), (0, 3), (4, 0), (2, 1), (1, 3), (3, 1), (4, 1), (2, 4)]"
2108,8,"[(0, 2), (0, 3), (4, 0), (2, 1), (1, 3), (3, 1), (4, 1), (4, 2)]"
2109,8,"[(0, 2), (3, 0), (0, 4), (1, 2), (3, 1), (1, 4), (2, 4), (4, 2)]"
2110,8,"[(0, 2), (3, 0), (0, 4), (1, 2), (3, 1), (4, 1), (2, 4), (4, 2)]"
2111,8,"[(0, 2), (3, 0), (0, 4), (2, 1), (1, 3), (4, 1), (2, 4), (4, 2)]"
2112,8,"[(0, 2), (3, 0), (0, 4), (2, 1), (3, 1), (4, 1), (2, 4), (4, 2)]"
2113,8,"[(0, 2), (3, 0), (0, 4), (2, 1), (1, 3), (3, 1), (4, 1), (2, 4)]"
2114,8,"[(0, 2), (3, 0), (4, 0), (1, 2), (3, 1), (4, 1), (2, 4), (4, 2)]"
2115,8,"[(0, 2), (3, 0), (4, 0), (2, 1), (1, 3), (4, 1), (2, 4), (4, 2)]"
2116,8,"[(0, 2), (3, 0), (4, 0), (2, 1), (3, 1), (1, 4), (2, 4), (4, 2)]"
2117,8,"[(0, 2), (3, 0), (4, 0), (2, 1), (3, 1), (4, 1), (2, 4), (4, 2)]"
2118,8,"[(0, 2), (3, 0), (4, 0), (2, 1), (1, 3), (3, 1), (4, 1), (2, 4)]"
2119,8,"[(0, 2), (3, 0), (4, 0), (2, 1), (1, 3), (3, 1), (4, 1), (4, 2)]"
2120,8,"[(0, 2), (0, 3), (3, 0), (0, 4), (1, 2), (1, 3), (1, 4), (2, 4)]"
2121,8,"[(0, 2), (0, 3), (3, 0), (0, 4), (1, 2), (1, 3), (4, 1), (2, 4)]"
2122,8,"[(0, 2), (0, 3), (3, 0), (0, 4), (1, 2), (1, 3), (4, 1), (4, 2)]"
2123,8,"[(0, 2), (0, 3), (3, 0), (0, 4), (1, 2), (3, 1), (1, 4), (2, 4)]"
2124,8,"[(0, 2), (0, 3), (3, 0), (0, 4), (1, 2), (3, 1), (4, 1), (2, 4)]"
2125,8,"[(0, 2), (0, 3), (3, 0), (0, 4), (1, 2), (3, 1), (4, 1), (4, 2)]"
2126,8,"[(0, 2), (0, 3), (3, 0), (0, 4), (2, 1), (1, 3), (4, 1), (2, 4)]"
2127,8,"[(0, 2), (0, 3), (3, 0), (0, 4), (2, 1), (3, 1), (4, 1), (2, 4)]"
2128,8,"[(0, 2), (0, 3), (3, 0), (4, 0), (1, 2), (1, 3), (1, 4), (2, 4)]"
2129,8,"[(0, 2), (0, 3), (3, 0), (4, 0), (1, 2), (1, 3), (1, 4), (4, 2)]"
2130,8,"[(0, 2), (0, 3), (3, 0), (4, 0), (1, 2), (1, 3), (4, 1), (2, 4)]"
2131,8,"[(0, 2), (0, 3), (3, 0), (4, 0), (1, 2), (1, 3), (4, 1), (4, 2)]"
2132,8,"[(0, 2), (0, 3), (3, 0), (4, 0), (1, 2), (3, 1), (1, 4), (2, 4)]"
2133,8,"[(0, 2), (0, 3), (3, 0), (4, 0), (1, 2), (3, 1), (1, 4), (4, 2)]"
2134,8,"[(0, 2), (0, 3), (3, 0), (4, 0), (1, 2), (3, 1), (4, 1), (2, 4)]"
2135,8,"[(0, 2), (0, 3), (3, 0), (4, 0), (1, 2), (3, 1), (4, 1), (4, 2)]"
2136,8,"[(0, 2), (0, 3), (3, 0), (4, 0), (2, 1), (1, 3), (1, 4), (2, 4)]"
2137,8,"[(0, 2), (0, 3), (3, 0), (4, 0), (2, 1), (1, 3), (1, 4), (4, 2)]"
2138,8,"[(0, 2), (0, 3), (3, 0), (4, 0), (2, 1), (1, 3), (4, 1), (2, 4)]"
2139,8,"[(0, 2), (0, 3), (3, 0), (4, 0), (2, 1), (1, 3), (4, 1), (4, 2)]"
2140,8,"[(0, 2), (0, 3), (3, 0), (4, 0), (2, 1), (3, 1), (1, 4), (2, 4)]"
2141,8,"[(0, 2), (0, 3), (3, 0), (4, 0), (2, 1), (3, 1), (1, 4), (4, 2)]"
2142,8,"[(0, 2), (0, 3), (3, 0), (4, 0), (2, 1), (3, 1), (4, 1), (2, 4)]"
2143,8,"[(0, 2), (0, 3), (3, 0), (4, 0), (2, 1), (3, 1), (4, 1), (4, 2)]"
2144,8,"[(2, 0), (0, 3), (4, 0), (2, 1), (1, 3), (4, 1), (2, 4), (4, 2)]"
2145,8,"[(2, 0), (0, 3), (4, 0), (2, 1), (3, 1), (4, 1), (2, 4), (4, 2)]"
2146,8,"[(2, 0), (3, 0), (4, 0), (2, 1), (3, 1), (4, 1), (2, 4), (4, 2)]"
2147,8,"[(2, 0), (0, 3), (3, 0), (4, 0), (2, 1), (1, 3), (4, 1), (2, 4)]"
2148,8,"[(2, 0), (0, 3), (3, 0), (4, 0), (2, 1), (3, 1), (4, 1), (2, 4)]"
2149,8,"[(0, 2), (2, 0), (0, 3), (0, 4), (1, 2), (1, 3), (1, 4), (2, 4)]"
2150,8,"[(0, 2), (2, 0), (0, 3), (0, 4), (1, 2), (1, 3), (1, 4), (4, 2)]"
2151,8,"[(0, 2), (2, 0), (0, 3), (0, 4), (1, 2), (1, 3), (4, 1), (2, 4)]"
2152,8,"[(0, 2), (2, 0), (0, 3), (0, 4), (1, 2), (1, 3), (4, 1), (4, 2)]"
2153,8,"[(0, 2), (2, 0), (0, 3), (0, 4), (1, 2), (3, 1), (1, 4), (2, 4)]"
2154,8,"[(0, 2), (2, 0), (0, 3), (0, 4), (1, 2), (3, 1), (1, 4), (4, 2)]"
2155,8,"[(0, 2), (2, 0), (0, 3), (0, 4), (1, 2), (3, 1), (4, 1), (2, 4)]"
2156,8,"[(0, 2), (2, 0), (0, 3), (0, 4), (1, 2), (3, 1), (4, 1), (4, 2)]"
2157,8,"[(0, 2), (2, 0), (0, 3), (0, 4), (2, 1), (1, 3), (1, 4), (2, 4)]"
2158,8,"[(0, 2), (2, 0), (0, 3), (0, 4), (2, 1), (1, 3), (1, 4), (4, 2)]"
2159,8,"[(0, 2), (2, 0), (0, 3), (0, 4), (2, 1), (1, 3), (4, 1), (2, 4)]"
2160,8,"[(0, 2), (2, 0), (0, 3), (0, 4), (2, 1), (1, 3), (4, 1), (4, 2)]"
2161,8,"[(0, 2), (2, 0), (0, 3), (0, 4), (2, 1), (3, 1), (1, 4), (2, 4)]"
2162,8,"[(0, 2), (2, 0), (0, 3), (0, 4), (2, 1), (3, 1), (1, 4), (4, 2)]"
2163,8,"[(0, 2), (2, 0), (0, 3), (0, 4), (2, 1), (3, 1), (4, 1), (2, 4)]"
2164,8,"[(0, 2), (2, 0), (0, 3), (0, 4), (2, 1), (3, 1), (4, 1), (4, 2)]"
2165,8,"[(0, 2), (2, 0), (0, 3), (4, 0), (1, 2), (1, 3), (1, 4), (2, 4)]"
2166,8,"[(0, 2), (2, 0), (0, 3), (4, 0), (1, 2), (1, 3), (1, 4), (4, 2)]"
2167,8,"[(0, 2), (2, 0), (0, 3), (4, 0), (1, 2), (1, 3), (4, 1), (2, 4)]"
2168,8,"[(0, 2), (2, 0), (0, 3), (4, 0), (1, 2), (1, 3), (4, 1), (4, 2)]"
2169,8,"[(0, 2), (2, 0), (0, 3), (4, 0), (1, 2), (3, 1), (1, 4), (2, 4)]"
2170,8,"[(0, 2), (2, 0), (0, 3), (4, 0), (1, 2), (3, 1), (1, 4), (4, 2)]"
2171,8,"[(0, 2), (2, 0), (0, 3), (4, 0), (1, 2), (3, 1), (4, 1), (2, 4)]"
2172,8,"[(0, 2), (2, 0), (0, 3), (4, 0), (1, 2), (3, 1), (4, 1), (4, 2)]"
2173,8,"[(0, 2), (2, 0), (0, 3), (4, 0), (2, 1), (1, 3), (1, 4), (2, 4)]"
2174,8,"[(0, 2), (2, 0), (0, 3), (4, 0), (2, 1), (1, 3), (1, 4), (4, 2)]"
2175,8,"[(0, 2), (2, 0), (0, 3), (4, 0), (2, 1), (1, 3), (4, 1), (2, 4)]"
2176,8,"[(0, 2), (2, 0), (0, 3), (4, 0), (2, 1), (1, 3), (4, 1), (4, 2)]"
2177,8,"[(0, 2), (2, 0), (0, 3), (4, 0), (2, 1), (3, 1), (1, 4), (2, 4)]"
2178,8,"[(0, 2), (2, 0), (0, 3), (4, 0), (2, 1), (3, 1), (1, 4), (4, 2)]"
2179,8,"[(0, 2), (2, 0), (0, 3), (4, 0), (2, 1), (3, 1), (4, 1), (2, 4)]"
2180,8,"[(0, 2), (2, 0), (0, 3), (4, 0), (2, 1), (3, 1), (4, 1), (4, 2)]"
2181,8,"[(0, 2), (2, 0), (3, 0), (0, 4), (1, 2), (1, 3), (1, 4), (2, 4)]"
2182,8,"[(0, 2), (2, 0), (3, 0), (0, 4), (1, 2), (1, 3), (1, 4), (4, 2)]"
2183,8,"[(0, 2), (2, 0), (3, 0), (0, 4), (1, 2), (1, 3), (4, 1), (2, 4)]"
2184,8,"[(0, 2), (2, 0), (3, 0), (0, 4), (1, 2), (1, 3), (4, 1), (4, 2)]"
2185,8,"[(0, 2), (2, 0), (3, 0), (0, 4), (1, 2), (3, 1), (1, 4), (2, 4)]"
2186,8,"[(0, 2), (2, 0), (3, 0), (0, 4), (1, 2), (3, 1), (1, 4), (4, 2)]"
2187,8,"[(0, 2), (2, 0), (3, 0), (0, 4), (1, 2), (3, 1), (4, 1), (2, 4)]"
2188,8,"[(0, 2), (2, 0), (3, 0), (0, 4), (1, 2), (3, 1), (4, 1), (4, 2)]"
2189,8,"[(0, 2), (2, 0), (3, 0), (0, 4), (2, 1), (1, 3), (1, 4), (2, 4)]"
2190,8,"[(0, 2), (2, 0), (3, 0), (0, 4), (2, 1), (1, 3), (1, 4), (4, 2)]"
2191,8,"[(0, 2), (2, 0), (3, 0), (0, 4), (2, 1), (1, 3), (4, 1), (2, 4)]"
2192,8,"[(0, 2), (2, 0), (3, 0), (0, 4), (2, 1), (1, 3), (4, 1), (4, 2)]"
2193,8,"[(0, 2), (2, 0), (3, 0), (0, 4), (2, 1), (3, 1), (1, 4), (2, 4)]"
2194,8,"[(0, 2), (2, 0), (3, 0), (0, 4), (2, 1), (3, 1), (1, 4), (4, 2)]"
2195,8,"[(0, 2), (2, 0), (3, 0), (0, 4), (2, 1), (3, 1), (4, 1), (2, 4)]"
2196,8,"[(0, 2), (2, 0), (3, 0), (0, 4), (2, 1), (3, 1), (4, 1), (4, 2)]"
2197,8,"[(0, 2), (2, 0), (3, 0), (4, 0), (1, 2), (1, 3), (1, 4), (2, 4)]"
2198,8,"[(0, 2), (2, 0), (3, 0), (4, 0), (1, 2), (1, 3), (1, 4), (4, 2)]"
2199,8,"[(0, 2), (2, 0), (3, 0), (4, 0), (1, 2), (1, 3), (4, 1), (2, 4)]"
2200,8,"[(0, 2), (2, 0), (3, 0), (4, 0), (1, 2), (1, 3), (4, 1), (4, 2)]"
2201,8,"[(0, 2), (2, 0), (3, 0), (4, 0), (1, 2), (3, 1), (1, 4), (2, 4)]"
2202,8,"[(0, 2), (2, 0), (3, 0), (4, 0), (1, 2), (3, 1), (1, 4), (4, 2)]"
2203,8,"[(0, 2), (2, 0), (3, 0), (4, 0), (1, 2), (3, 1), (4, 1), (2, 4)]"
2204,8,"[(0, 2), (2, 0), (3, 0), (4, 0), (1, 2), (3, 1), (4, 1), (4, 2)]"
2205,8,"[(0, 2), (2, 0), (3, 0), (4, 0), (2, 1), (1, 3), (1, 4), (2, 4)]"
2206,8,"[(0, 2), (2, 0), (3, 0), (4, 0), (2, 1), (1, 3), (1, 4), (4, 2)]"
2207,8,"[(0, 2), (2, 0), (3, 0), (4, 0), (2, 1), (1, 3), (4, 1), (2, 4)]"
2208,8,"[(0, 2), (2, 0), (3, 0), (4, 0), (2, 1), (1, 3), (4, 1), (4, 2)]"
2209,8,"[(0, 2), (2, 0), (3, 0), (4, 0), (2, 1), (3, 1), (1, 4), (2, 4)]"
2210,8,"[(0, 2), (2, 0), (3, 0), (4, 0), (2, 1), (3, 1), (1, 4), (4, 2)]"
2211,8,"[(0, 2), (2, 0), (3, 0), (4, 0), (2, 1), (3, 1), (4, 1), (2, 4)]"
2212,8,"[(0, 2), (2, 0), (3, 0), (4, 0), (2, 1), (3, 1), (4, 1), (4, 2)]"
2213,8,"[(0, 2), (0, 3), (0, 4), (1, 2), (1, 3), (1, 4), (2, 4), (3, 4)]"
2214,8,"[(0, 2), (0, 3), (0, 4), (1, 2), (1, 3), (1, 4), (2, 4), (4, 3)]"
2215,8,"[(0, 2), (0, 3), (0, 4), (1, 2), (1, 3), (1, 4), (4, 2), (4, 3)]"
2216,8,"[(0, 2), (0, 3), (0, 4), (1, 2), (1, 3), (4, 1), (2, 4), (3, 4)]"
2217,8,"[(0, 2), (0, 3), (0, 4), (1, 2), (1, 3), (4, 1), (2, 4), (4, 3)]"
2218,8,"[(0, 2), (0, 3), (0, 4), (1, 2), (1, 3), (4, 1), (4, 2), (4, 3)]"
2219,8,"[(0, 2), (0, 3), (0, 4), (1, 2), (3, 1), (1, 4), (2, 4), (3, 4)]"
2220,8,"[(0, 2), (0, 3), (0, 4), (1, 2), (3, 1), (1, 4), (2, 4), (4, 3)]"
2221,8,"[(0, 2), (0, 3), (0, 4), (1, 2), (3, 1), (1, 4), (4, 2), (3, 4)]"
2222,8,"[(0, 2), (0, 3), (0, 4), (1, 2), (3, 1), (1, 4), (4, 2), (4, 3)]"
2223,8,"[(0, 2), (0, 3), (0, 4), (1, 2), (3, 1), (4, 1), (2, 4), (3, 4)]"
2224,8,"[(0, 2), (0, 3), (0, 4), (1, 2), (3, 1), (4, 1), (2, 4), (4, 3)]"
2225,8,"[(0, 2), (0, 3), (0, 4), (1, 2), (3, 1), (4, 1), (4, 2), (3, 4)]"
2226,8,"[(0, 2), (0, 3), (0, 4), (1, 2), (3, 1), (4, 1), (4, 2), (4, 3)]"
2227,8,"[(0, 2), (0, 3), (0, 4), (2, 1), (3, 1), (1, 4), (2, 4), (3, 4)]"
2228,8,"[(0, 2), (0, 3), (0, 4), (2, 1), (3, 1), (1, 4), (2, 4), (4, 3)]"
2229,8,"[(0, 2), (0, 3), (0, 4), (2, 1), (3, 1), (1, 4), (4, 2), (4, 3)]"
2230,8,"[(0, 2), (0, 3), (0, 4), (2, 1), (3, 1), (4, 1), (2, 4), (3, 4)]"
2231,8,"[(0, 2), (0, 3), (0, 4), (2, 1), (3, 1), (4, 1), (2, 4), (4, 3)]"
2232,8,"[(0, 2), (0, 3), (0, 4), (2, 1), (3, 1), (4, 1), (4, 2), (4, 3)]"
2233,8,"[(0, 2), (0, 3), (4, 0), (1, 2), (1, 3), (4, 1), (2, 4), (3, 4)]"
2234,8,"[(0, 2), (0, 3), (4, 0), (1, 2), (1, 3), (4, 1), (2, 4), (4, 3)]"
2235,8,"[(0, 2), (0, 3), (4, 0), (1, 2), (1, 3), (4, 1), (4, 2), (4, 3)]"
2236,8,"[(0, 2), (0, 3), (4, 0), (1, 2), (3, 1), (1, 4), (2, 4), (3, 4)]"
2237,8,"[(0, 2), (0, 3), (4, 0), (1, 2), (3, 1), (1, 4), (2, 4), (4, 3)]"
2238,8,"[(0, 2), (0, 3), (4, 0), (1, 2), (3, 1), (1, 4), (4, 2), (3, 4)]"
2239,8,"[(0, 2), (0, 3), (4, 0), (1, 2), (3, 1), (1, 4), (4, 2), (4, 3)]"
2240,8,"[(0, 2), (0, 3), (4, 0), (1, 2), (3, 1), (4, 1), (2, 4), (3, 4)]"
2241,8,"[(0, 2), (0, 3), (4, 0), (1, 2), (3, 1), (4, 1), (2, 4), (4, 3)]"
2242,8,"[(0, 2), (0, 3), (4, 0), (1, 2), (3, 1), (4, 1), (4, 2), (3, 4)]"
2243,8,"[(0, 2), (0, 3), (4, 0), (1, 2), (3, 1), (4, 1), (4, 2), (4, 3)]"
2244,8,"[(0, 2), (0, 3), (4, 0), (2, 1), (3, 1), (1, 4), (2, 4), (3, 4)]"
2245,8,"[(0, 2), (0, 3), (4, 0), (2, 1), (3, 1), (1, 4), (2, 4), (4, 3)]"
2246,8,"[(0, 2), (0, 3), (4, 0), (2, 1), (3, 1), (1, 4), (4, 2), (4, 3)]"
2247,8,"[(0, 2), (0, 3), (4, 0), (2, 1), (3, 1), (4, 1), (2, 4), (3, 4)]"
2248,8,"[(0, 2), (0, 3), (4, 0), (2, 1), (3, 1), (4, 1), (2, 4), (4, 3)]"
2249,8,"[(0, 2), (0, 3), (4, 0), (2, 1), (3, 1), (4, 1), (4, 2), (4, 3)]"
2250,8,"[(0, 2), (3, 0), (0, 4), (2, 1), (1, 3), (1, 4), (2, 4), (3, 4)]"
2251,8,"[(0, 2), (3, 0), (0, 4), (2, 1), (1, 3), (1, 4), (2, 4), (4, 3)]"
2252,8,"[(0, 2), (3, 0), (0, 4), (2, 1), (1, 3), (1, 4), (4, 2), (4, 3)]"
2253,8,"[(0, 2), (3, 0), (0, 4), (2, 1), (1, 3), (4, 1), (2, 4), (4, 3)]"
2254,8,"[(0, 2), (3, 0), (0, 4), (2, 1), (1, 3), (4, 1), (4, 2), (4, 3)]"
2255,8,"[(0, 2), (3, 0), (4, 0), (2, 1), (1, 3), (4, 1), (4, 2), (4, 3)]"
2256,9,"[(0, 3), (0, 4), (4, 0), (1, 4), (4, 1), (2, 4), (4, 2), (3, 4), (4, 3)]"
2257,9,"[(0, 3), (3, 0), (0, 4), (4, 0), (1, 4), (4, 1), (2, 4), (3, 4), (4, 3)]"
2258,9,"[(0, 3), (3, 0), (0, 4), (4, 0), (1, 4), (4, 1), (4, 2), (3, 4), (4, 3)]"
2259,9,"[(0, 3), (3, 0), (0, 4), (4, 0), (1, 4), (4, 1), (2, 4), (4, 2), (3, 4)]"
2260,9,"[(0, 3), (3, 0), (0, 4), (4, 0), (1, 4), (4, 1), (2, 4), (4, 2), (4, 3)]"
2261,9,"[(0, 3), (3, 0), (0, 4), (4, 0), (1, 3), (1, 4), (4, 1), (2, 4), (4, 2)]"
2262,9,"[(0, 3), (3, 0), (0, 4), (4, 0), (3, 1), (1, 4), (4, 1), (2, 4), (4, 2)]"
2263,9,"[(0, 3), (3, 0), (0, 4), (4, 0), (1, 3), (3, 1), (1, 4), (2, 4), (4, 2)]"
2264,9,"[(0, 3), (3, 0), (0, 4), (4, 0), (1, 3), (3, 1), (4, 1), (2, 4), (4, 2)]"
2265,9,"[(0, 3), (3, 0), (0, 4), (4, 0), (1, 3), (3, 1), (1, 4), (4, 1), (2, 4)]"
2266,9,"[(0, 3), (3, 0), (0, 4), (4, 0), (1, 3), (3, 1), (1, 4), (4, 1), (4, 2)]"
2267,9,"[(0, 3), (3, 0), (0, 4), (1, 3), (3, 1), (2, 4), (4, 2), (3, 4), (4, 3)]"
2268,9,"[(0, 3), (3, 0), (4, 0), (1, 3), (3, 1), (2, 4), (4, 2), (3, 4), (4, 3)]"
2269,9,"[(0, 3), (3, 0), (0, 4), (4, 0), (1, 3), (3, 1), (2, 4), (3, 4), (4, 3)]"
2270,9,"[(0, 3), (3, 0), (0, 4), (4, 0), (1, 3), (3, 1), (4, 2), (3, 4), (4, 3)]"
2271,9,"[(0, 3), (3, 0), (0, 4), (4, 0), (1, 3), (3, 1), (2, 4), (4, 2), (3, 4)]"
2272,9,"[(0, 3), (0, 4), (3, 1), (1, 4), (4, 1), (2, 4), (4, 2), (3, 4), (4, 3)]"
2273,9,"[(0, 3), (4, 0), (3, 1), (1, 4), (4, 1), (2, 4), (4, 2), (3, 4), (4, 3)]"
2274,9,"[(0, 3), (0, 4), (4, 0), (1, 3), (1, 4), (2, 4), (4, 2), (3, 4), (4, 3)]"
2275,9,"[(0, 3), (0, 4), (4, 0), (1, 3), (4, 1), (2, 4), (4, 2), (3, 4), (4, 3)]"
2276,9,"[(0, 3), (0, 4), (4, 0), (1, 3), (1, 4), (4, 1), (2, 4), (3, 4), (4, 3)]"
2277,9,"[(0, 3), (0, 4), (4, 0), (1, 3), (1, 4), (4, 1), (4, 2), (3, 4), (4, 3)]"
2278,9,"[(0, 3), (0, 4), (4, 0), (1, 3), (1, 4), (4, 1), (2, 4), (4, 2), (3, 4)]"
2279,9,"[(0, 3), (0, 4), (4, 0), (1, 3), (1, 4), (4, 1), (2, 4), (4, 2), (4, 3)]"
2280,9,"[(0, 3), (0, 4), (4, 0), (3, 1), (1, 4), (2, 4), (4, 2), (3, 4), (4, 3)]"
2281,9,"[(0, 3), (0, 4), (4, 0), (3, 1), (4, 1), (2, 4), (4, 2), (3, 4), (4, 3)]"
2282,9,"[(0, 3), (0, 4), (4, 0), (3, 1), (1, 4), (4, 1), (2, 4), (3, 4), (4, 3)]"
2283,9,"[(0, 3), (0, 4), (4, 0), (3, 1), (1, 4), (4, 1), (4, 2), (3, 4), (4, 3)]"
2284,9,"[(0, 3), (0, 4), (4, 0), (3, 1), (1, 4), (4, 1), (2, 4), (4, 2), (3, 4)]"
2285,9,"[(0, 3), (0, 4), (4, 0), (3, 1), (1, 4), (4, 1), (2, 4), (4, 2), (4, 3)]"
2286,9,"[(3, 0), (0, 4), (4, 0), (3, 1), (1, 4), (2, 4), (4, 2), (3, 4), (4, 3)]"
2287,9,"[(3, 0), (0, 4), (4, 0), (3, 1), (4, 1), (2, 4), (4, 2), (3, 4), (4, 3)]"
2288,9,"[(3, 0), (0, 4), (4, 0), (3, 1), (1, 4), (4, 1), (2, 4), (3, 4), (4, 3)]"
2289,9,"[(3, 0), (0, 4), (4, 0), (3, 1), (1, 4), (4, 1), (4, 2), (3, 4), (4, 3)]"
2290,9,"[(3, 0), (0, 4), (4, 0), (3, 1), (1, 4), (4, 1), (2, 4), (4, 2), (3, 4)]"
2291,9,"[(3, 0), (0, 4), (4, 0), (3, 1), (1, 4), (4, 1), (2, 4), (4, 2), (4, 3)]"
2292,9,"[(0, 3), (3, 0), (0, 4), (1, 3), (1, 4), (2, 4), (4, 2), (3, 4), (4, 3)]"
2293,9,"[(0, 3), (3, 0), (0, 4), (1, 3), (4, 1), (2, 4), (4, 2), (3, 4), (4, 3)]"
2294,9,"[(0, 3), (3, 0), (0, 4), (1, 3), (1, 4), (4, 1), (2, 4), (3, 4), (4, 3)]"
2295,9,"[(0, 3), (3, 0), (0, 4), (1, 3), (1, 4), (4, 1), (4, 2), (3, 4), (4, 3)]"
2296,9,"[(0, 3), (3, 0), (0, 4), (1, 3), (1, 4), (4, 1), (2, 4), (4, 2), (3, 4)]"
2297,9,"[(0, 3), (3, 0), (0, 4), (1, 3), (1, 4), (4, 1), (2, 4), (4, 2), (4, 3)]"
2298,9,"[(0, 3), (3, 0), (0, 4), (3, 1), (1, 4), (2, 4), (4, 2), (3, 4), (4, 3)]"
2299,9,"[(0, 3), (3, 0), (0, 4), (3, 1), (4, 1), (2, 4), (4, 2), (3, 4), (4, 3)]"
2300,9,"[(0, 3), (3, 0), (0, 4), (3, 1), (1, 4), (4, 1), (2, 4), (3, 4), (4, 3)]"
2301,9,"[(0, 3), (3, 0), (0, 4), (3, 1), (1, 4), (4, 1), (4, 2), (3, 4), (4, 3)]"
2302,9,"[(0, 3), (3, 0), (0, 4), (3, 1), (1, 4), (4, 1), (2, 4), (4, 2), (3, 4)]"
2303,9,"[(0, 3), (3, 0), (0, 4), (3, 1), (1, 4), (4, 1), (2, 4), (4, 2), (4, 3)]"
2304,9,"[(0, 3), (3, 0), (0, 4), (1, 3), (3, 1), (1, 4), (2, 4), (3, 4), (4, 3)]"
2305,9,"[(0, 3), (3, 0), (0, 4), (1, 3), (3, 1), (1, 4), (4, 2), (3, 4), (4, 3)]"
2306,9,"[(0, 3), (3, 0), (0, 4), (1, 3), (3, 1), (1, 4), (2, 4), (4, 2), (3, 4)]"
2307,9,"[(0, 3), (3, 0), (0, 4), (1, 3), (3, 1), (1, 4), (2, 4), (4, 2), (4, 3)]"
2308,9,"[(0, 3), (3, 0), (0, 4), (1, 3), (3, 1), (4, 1), (2, 4), (3, 4), (4, 3)]"
2309,9,"[(0, 3), (3, 0), (0, 4), (1, 3), (3, 1), (4, 1), (4, 2), (3, 4), (4, 3)]"
2310,9,"[(0, 3), (3, 0), (0, 4), (1, 3), (3, 1), (4, 1), (2, 4), (4, 2), (3, 4)]"
2311,9,"[(0, 3), (3, 0), (0, 4), (1, 3), (3, 1), (4, 1), (2, 4), (4, 2), (4, 3)]"
2312,9,"[(0, 3), (3, 0), (4, 0), (1, 3), (1, 4), (2, 4), (4, 2), (3, 4), (4, 3)]"
2313,9,"[(0, 3), (3, 0), (4, 0), (1, 3), (4, 1), (2, 4), (4, 2), (3, 4), (4, 3)]"
2314,9,"[(0, 3), (3, 0), (4, 0), (1, 3), (1, 4), (4, 1), (2, 4), (3, 4), (4, 3)]"
2315,9,"[(0, 3), (3, 0), (4, 0), (1, 3), (1, 4), (4, 1), (4, 2), (3, 4), (4, 3)]"
2316,9,"[(0, 3), (3, 0), (4, 0), (1, 3), (1, 4), (4, 1), (2, 4), (4, 2), (3, 4)]"
2317,9,"[(0, 3), (3, 0), (4, 0), (1, 3), (1, 4), (4, 1), (2, 4), (4, 2), (4, 3)]"
2318,9,"[(0, 3), (3, 0), (4, 0), (3, 1), (1, 4), (2, 4), (4, 2), (3, 4), (4, 3)]"
2319,9,"[(0, 3), (3, 0), (4, 0), (3, 1), (4, 1), (2, 4), (4, 2), (3, 4), (4, 3)]"
2320,9,"[(0, 3), (3, 0), (4, 0), (3, 1), (1, 4), (4, 1), (2, 4), (3, 4), (4, 3)]"
2321,9,"[(0, 3), (3, 0), (4, 0), (3, 1), (1, 4), (4, 1), (4, 2), (3, 4), (4, 3)]"
2322,9,"[(0, 3), (3, 0), (4, 0), (3, 1), (1, 4), (4, 1), (2, 4), (4, 2), (3, 4)]"
2323,9,"[(0, 3), (3, 0), (4, 0), (3, 1), (1, 4), (4, 1), (2, 4), (4, 2), (4, 3)]"
2324,9,"[(0, 3), (3, 0), (4, 0), (1, 3), (3, 1), (4, 1), (2, 4), (3, 4), (4, 3)]"
2325,9,"[(0, 3), (3, 0), (4, 0), (1, 3), (3, 1), (4, 1), (4, 2), (3, 4), (4, 3)]"
2326,9,"[(0, 3), (3, 0), (4, 0), (1, 3), (3, 1), (4, 1), (2, 4), (4, 2), (3, 4)]"
2327,9,"[(0, 3), (3, 0), (4, 0), (1, 3), (3, 1), (4, 1), (2, 4), (4, 2), (4, 3)]"
2328,9,"[(0, 3), (3, 0), (0, 4), (4, 0), (1, 3), (1, 4), (2, 4), (3, 4), (4, 3)]"
2329,9,"[(0, 3), (3, 0), (0, 4), (4, 0), (1, 3), (1, 4), (4, 2), (3, 4), (4, 3)]"
2330,9,"[(0, 3), (3, 0), (0, 4), (4, 0), (1, 3), (1, 4), (2, 4), (4, 2), (3, 4)]"
2331,9,"[(0, 3), (3, 0), (0, 4), (4, 0), (1, 3), (1, 4), (2, 4), (4, 2), (4, 3)]"
2332,9,"[(0, 3), (3, 0), (0, 4), (4, 0), (1, 3), (4, 1), (2, 4), (3, 4), (4, 3)]"
2333,9,"[(0, 3), (3, 0), (0, 4), (4, 0), (1, 3), (4, 1), (4, 2), (3, 4), (4, 3)]"
2334,9,"[(0, 3), (3, 0), (0, 4), (4, 0), (1, 3), (4, 1), (2, 4), (4, 2), (3, 4)]"
2335,9,"[(0, 3), (3, 0), (0, 4), (4, 0), (1, 3), (4, 1), (2, 4), (4, 2), (4, 3)]"
2336,9,"[(0, 3), (3, 0), (0, 4), (4, 0), (1, 3), (1, 4), (4, 1), (2, 4), (3, 4)]"
2337,9,"[(0, 3), (3, 0), (0, 4), (4, 0), (1, 3), (1, 4), (4, 1), (2, 4), (4, 3)]"
2338,9,"[(0, 3), (3, 0), (0, 4), (4, 0), (1, 3), (1, 4), (4, 1), (4, 2), (3, 4)]"
2339,9,"[(0, 3), (3, 0), (0, 4), (4, 0), (1, 3), (1, 4), (4, 1), (4, 2), (4, 3)]"
2340,9,"[(0, 3), (3, 0), (0, 4), (4, 0), (3, 1), (1, 4), (2, 4), (3, 4), (4, 3)]"
2341,9,"[(0, 3), (3, 0), (0, 4), (4, 0), (3, 1), (1, 4), (4, 2), (3, 4), (4, 3)]"
2342,9,"[(0, 3), (3, 0), (0, 4), (4, 0), (3, 1), (1, 4), (2, 4), (4, 2), (3, 4)]"
2343,9,"[(0, 3), (3, 0), (0, 4), (4, 0), (3, 1), (1, 4), (2, 4), (4, 2), (4, 3)]"
2344,9,"[(0, 3), (3, 0), (0, 4), (4, 0), (3, 1), (4, 1), (2, 4), (3, 4), (4, 3)]"
2345,9,"[(0, 3), (3, 0), (0, 4), (4, 0), (3, 1), (4, 1), (4, 2), (3, 4), (4, 3)]"
2346,9,"[(0, 3), (3, 0), (0, 4), (4, 0), (3, 1), (4, 1), (2, 4), (4, 2), (3, 4)]"
2347,9,"[(0, 3), (3, 0), (0, 4), (4, 0), (3, 1), (4, 1), (2, 4), (4, 2), (4, 3)]"
2348,9,"[(0, 3), (3, 0), (0, 4), (4, 0), (3, 1), (1, 4), (4, 1), (2, 4), (3, 4)]"
2349,9,"[(0, 3), (3, 0), (0, 4), (4, 0), (3, 1), (1, 4), (4, 1), (2, 4), (4, 3)]"
2350,9,"[(0, 3), (3, 0), (0, 4), (4, 0), (3, 1), (1, 4), (4, 1), (4, 2), (3, 4)]"
2351,9,"[(0, 3), (3, 0), (0, 4), (4, 0), (3, 1), (1, 4), (4, 1), (4, 2), (4, 3)]"
2352,9,"[(0, 3), (3, 0), (0, 4), (4, 0), (1, 3), (3, 1), (1, 4), (2, 4), (3, 4)]"
2353,9,"[(0, 3), (3, 0), (0, 4), (4, 0), (1, 3), (3, 1), (1, 4), (2, 4), (4, 3)]"
2354,9,"[(0, 3), (3, 0), (0, 4), (4, 0), (1, 3), (3, 1), (1, 4), (4, 2), (3, 4)]"
2355,9,"[(0, 3), (3, 0), (0, 4), (4, 0), (1, 3), (3, 1), (1, 4), (4, 2), (4, 3)]"
2356,9,"[(0, 3), (3, 0), (0, 4), (4, 0), (1, 3), (3, 1), (4, 1), (2, 4), (3, 4)]"
2357,9,"[(0, 3), (3, 0), (0, 4), (4, 0), (1, 3), (3, 1), (4, 1), (2, 4), (4, 3)]"
2358,9,"[(0, 3), (3, 0), (0, 4), (4, 0), (1, 3), (3, 1), (4, 1), (4, 2), (3, 4)]"
2359,9,"[(0, 3), (3, 0), (0, 4), (4, 0), (1, 3), (3, 1), (4, 1), (4, 2), (4, 3)]"
2360,9,"[(0, 3), (3, 0), (0, 4), (3, 1), (1, 4), (4, 1), (3, 2), (2, 4), (4, 2)]"
2361,9,"[(0, 3), (3, 0), (0, 4), (1, 3), (3, 1), (1, 4), (2, 3), (2, 4), (4, 2)]"
2362,9,"[(0, 3), (3, 0), (0, 4), (1, 3), (3, 1), (1, 4), (3, 2), (2, 4), (4, 2)]"
2363,9,"[(0, 3), (3, 0), (0, 4), (1, 3), (3, 1), (1, 4), (2, 3), (3, 2), (2, 4)]"
2364,9,"[(0, 3), (3, 0), (0, 4), (1, 3), (3, 1), (1, 4), (2, 3), (3, 2), (4, 2)]"
2365,9,"[(0, 3), (3, 0), (0, 4), (1, 3), (3, 1), (4, 1), (2, 3), (2, 4), (4, 2)]"
2366,9,"[(0, 3), (3, 0), (0, 4), (1, 3), (3, 1), (4, 1), (3, 2), (2, 4), (4, 2)]"
2367,9,"[(0, 3), (3, 0), (0, 4), (1, 3), (3, 1), (4, 1), (2, 3), (3, 2), (4, 2)]"
2368,9,"[(0, 3), (3, 0), (4, 0), (1, 3), (3, 1), (4, 1), (3, 2), (2, 4), (4, 2)]"
2369,9,"[(0, 3), (3, 0), (4, 0), (1, 3), (3, 1), (4, 1), (2, 3), (3, 2), (4, 2)]"
2370,9,"[(0, 3), (3, 0), (0, 4), (4, 0), (1, 3), (3, 1), (1, 4), (2, 3), (2, 4)]"
2371,9,"[(0, 3), (3, 0), (0, 4), (4, 0), (1, 3), (3, 1), (1, 4), (2, 3), (4, 2)]"
2372,9,"[(0, 3), (3, 0), (0, 4), (4, 0), (1, 3), (3, 1), (1, 4), (3, 2), (2, 4)]"
2373,9,"[(0, 3), (3, 0), (0, 4), (4, 0), (1, 3), (3, 1), (1, 4), (3, 2), (4, 2)]"
2374,9,"[(0, 3), (3, 0), (0, 4), (4, 0), (1, 3), (3, 1), (4, 1), (2, 3), (2, 4)]"
2375,9,"[(0, 3), (3, 0), (0, 4), (4, 0), (1, 3), (3, 1), (4, 1), (2, 3), (4, 2)]"
2376,9,"[(0, 3), (3, 0), (0, 4), (4, 0), (1, 3), (3, 1), (4, 1), (3, 2), (2, 4)]"
2377,9,"[(0, 3), (3, 0), (0, 4), (4, 0), (1, 3), (3, 1), (4, 1), (3, 2), (4, 2)]"
2378,9,"[(0, 3), (3, 0), (0, 4), (1, 3), (1, 4), (2, 3), (2, 4), (3, 4), (4, 3)]"
2379,9,"[(0, 3), (3, 0), (0, 4), (1, 3), (1, 4), (2, 3), (4, 2), (3, 4), (4, 3)]"
2380,9,"[(0, 3), (3, 0), (0, 4), (1, 3), (1, 4), (3, 2), (2, 4), (3, 4), (4, 3)]"
2381,9,"[(0, 3), (3, 0), (0, 4), (1, 3), (1, 4), (3, 2), (4, 2), (3, 4), (4, 3)]"
2382,9,"[(0, 3), (3, 0), (0, 4), (1, 3), (1, 4), (3, 2), (2, 4), (4, 2), (3, 4)]"
2383,9,"[(0, 3), (3, 0), (0, 4), (1, 3), (1, 4), (3, 2), (2, 4), (4, 2), (4, 3)]"
2384,9,"[(0, 3), (3, 0), (0, 4), (1, 3), (4, 1), (2, 3), (4, 2), (3, 4), (4, 3)]"
2385,9,"[(0, 3), (3, 0), (0, 4), (1, 3), (4, 1), (3, 2), (2, 4), (3, 4), (4, 3)]"
2386,9,"[(0, 3), (3, 0), (0, 4), (1, 3), (4, 1), (3, 2), (4, 2), (3, 4), (4, 3)]"
2387,9,"[(0, 3), (3, 0), (0, 4), (1, 3), (4, 1), (3, 2), (2, 4), (4, 2), (3, 4)]"
2388,9,"[(0, 3), (3, 0), (0, 4), (1, 3), (4, 1), (3, 2), (2, 4), (4, 2), (4, 3)]"
2389,9,"[(0, 3), (3, 0), (0, 4), (1, 3), (1, 4), (4, 1), (2, 3), (2, 4), (3, 4)]"
2390,9,"[(0, 3), (3, 0), (0, 4), (1, 3), (1, 4), (4, 1), (2, 3), (4, 2), (3, 4)]"
2391,9,"[(0, 3), (3, 0), (0, 4), (1, 3), (1, 4), (4, 1), (2, 3), (4, 2), (4, 3)]"
2392,9,"[(0, 3), (3, 0), (0, 4), (1, 3), (1, 4), (4, 1), (3, 2), (4, 2), (3, 4)]"
2393,9,"[(0, 3), (3, 0), (0, 4), (3, 1), (1, 4), (3, 2), (2, 4), (3, 4), (4, 3)]"
2394,9,"[(0, 3), (3, 0), (0, 4), (3, 1), (1, 4), (3, 2), (4, 2), (3, 4), (4, 3)]"
2395,9,"[(0, 3), (3, 0), (0, 4), (3, 1), (4, 1), (3, 2), (4, 2), (3, 4), (4, 3)]"
2396,9,"[(0, 3), (3, 0), (0, 4), (3, 1), (1, 4), (4, 1), (3, 2), (2, 4), (3, 4)]"
2397,9,"[(0, 3), (3, 0), (0, 4), (3, 1), (1, 4), (4, 1), (3, 2), (2, 4), (4, 3)]"
2398,9,"[(0, 3), (3, 0), (0, 4), (3, 1), (1, 4), (4, 1), (3, 2), (4, 2), (3, 4)]"
2399,9,"[(0, 3), (3, 0), (0, 4), (3, 1), (1, 4), (4, 1), (3, 2), (4, 2), (4, 3)]"
2400,9,"[(0, 3), (3, 0), (0, 4), (1, 3), (3, 1), (1, 4), (2, 3), (2, 4), (3, 4)]"
2401,9,"[(0, 3), (3, 0), (0, 4), (1, 3), (3, 1), (1, 4), (2, 3), (2, 4), (4, 3)]"
2402,9,"[(0, 3), (3, 0), (0, 4), (1, 3), (3, 1), (1, 4), (2, 3), (4, 2), (3, 4)]"
2403,9,"[(0, 3), (3, 0), (0, 4), (1, 3), (3, 1), (1, 4), (2, 3), (4, 2), (4, 3)]"
2404,9,"[(0, 3), (3, 0), (0, 4), (1, 3), (3, 1), (1, 4), (3, 2), (2, 4), (3, 4)]"
2405,9,"[(0, 3), (3, 0), (0, 4), (1, 3), (3, 1), (1, 4), (3, 2), (2, 4), (4, 3)]"
2406,9,"[(0, 3), (3, 0), (0, 4), (1, 3), (3, 1), (1, 4), (3, 2), (4, 2), (3, 4)]"
2407,9,"[(0, 3), (3, 0), (0, 4), (1, 3), (3, 1), (1, 4), (3, 2), (4, 2), (4, 3)]"
2408,9,"[(0, 3), (3, 0), (0, 4), (1, 3), (3, 1), (4, 1), (2, 3), (2, 4), (3, 4)]"
2409,9,"[(0, 3), (3, 0), (0, 4), (1, 3), (3, 1), (4, 1), (2, 3), (2, 4), (4, 3)]"
2410,9,"[(0, 3), (3, 0), (0, 4), (1, 3), (3, 1), (4, 1), (2, 3), (4, 2), (3, 4)]"
2411,9,"[(0, 3), (3, 0), (0, 4), (1, 3), (3, 1), (4, 1), (2, 3), (4, 2), (4, 3)]"
2412,9,"[(0, 3), (3, 0), (0, 4), (1, 3), (3, 1), (4, 1), (3, 2), (2, 4), (3, 4)]"
2413,9,"[(0, 3), (3, 0), (0, 4), (1, 3), (3, 1), (4, 1), (3, 2), (2, 4), (4, 3)]"
2414,9,"[(0, 3), (3, 0), (0, 4), (1, 3), (3, 1), (4, 1), (3, 2), (4, 2), (3, 4)]"
2415,9,"[(0, 3), (3, 0), (0, 4), (1, 3), (3, 1), (4, 1), (3, 2), (4, 2), (4, 3)]"
2416,9,"[(0, 3), (3, 0), (4, 0), (1, 3), (1, 4), (2, 3), (2, 4), (3, 4), (4, 3)]"
2417,9,"[(0, 3), (3, 0), (4, 0), (1, 3), (1, 4), (2, 3), (4, 2), (3, 4), (4, 3)]"
2418,9,"[(0, 3), (3, 0), (4, 0), (1, 3), (1, 4), (3, 2), (2, 4), (3, 4), (4, 3)]"
2419,9,"[(0, 3), (3, 0), (4, 0), (1, 3), (1, 4), (3, 2), (4, 2), (3, 4), (4, 3)]"
2420,9,"[(0, 3), (3, 0), (4, 0), (1, 3), (1, 4), (3, 2), (2, 4), (4, 2), (3, 4)]"
2421,9,"[(0, 3), (3, 0), (4, 0), (1, 3), (4, 1), (2, 3), (4, 2), (3, 4), (4, 3)]"
2422,9,"[(0, 3), (3, 0), (4, 0), (1, 3), (4, 1), (3, 2), (2, 4), (3, 4), (4, 3)]"
2423,9,"[(0, 3), (3, 0), (4, 0), (1, 3), (4, 1), (3, 2), (4, 2), (3, 4), (4, 3)]"
2424,9,"[(0, 3), (3, 0), (4, 0), (1, 3), (4, 1), (3, 2), (2, 4), (4, 2), (3, 4)]"
2425,9,"[(0, 3), (3, 0), (4, 0), (1, 3), (4, 1), (3, 2), (2, 4), (4, 2), (4, 3)]"
2426,9,"[(0, 3), (3, 0), (4, 0), (3, 1), (1, 4), (3, 2), (2, 4), (3, 4), (4, 3)]"
2427,9,"[(0, 3), (3, 0), (4, 0), (3, 1), (1, 4), (3, 2), (4, 2), (3, 4), (4, 3)]"
2428,9,"[(0, 3), (3, 0), (4, 0), (3, 1), (4, 1), (3, 2), (4, 2), (3, 4), (4, 3)]"
2429,9,"[(0, 3), (3, 0), (4, 0), (3, 1), (1, 4), (4, 1), (3, 2), (4, 2), (3, 4)]"
2430,9,"[(0, 3), (3, 0), (4, 0), (1, 3), (3, 1), (4, 1), (2, 3), (2, 4), (3, 4)]"
2431,9,"[(0, 3), (3, 0), (4, 0), (1, 3), (3, 1), (4, 1), (2, 3), (2, 4), (4, 3)]"
2432,9,"[(0, 3), (3, 0), (4, 0), (1, 3), (3, 1), (4, 1), (2, 3), (4, 2), (3, 4)]"
2433,9,"[(0, 3), (3, 0), (4, 0), (1, 3), (3, 1), (4, 1), (2, 3), (4, 2), (4, 3)]"
2434,9,"[(0, 3), (3, 0), (4, 0), (1, 3), (3, 1), (4, 1), (3, 2), (2, 4), (3, 4)]"
2435,9,"[(0, 3), (3, 0), (4, 0), (1, 3), (3, 1), (4, 1), (3, 2), (2, 4), (4, 3)]"
2436,9,"[(0, 3), (3, 0), (4, 0), (1, 3), (3, 1), (4, 1), (3, 2), (4, 2), (3, 4)]"
2437,9,"[(0, 3), (3, 0), (4, 0), (1, 3), (3, 1), (4, 1), (3, 2), (4, 2), (4, 3)]"
2438,9,"[(0, 3), (3, 0), (0, 4), (4, 0), (1, 3), (1, 4), (2, 3), (2, 4), (3, 4)]"
2439,9,"[(0, 3), (3, 0), (0, 4), (4, 0), (1, 3), (1, 4), (2, 3), (4, 2), (3, 4)]"
2440,9,"[(0, 3), (3, 0), (0, 4), (4, 0), (1, 3), (1, 4), (2, 3), (4, 2), (4, 3)]"
2441,9,"[(0, 3), (3, 0), (0, 4), (4, 0), (1, 3), (1, 4), (3, 2), (4, 2), (3, 4)]"
2442,9,"[(0, 3), (3, 0), (0, 4), (4, 0), (1, 3), (4, 1), (2, 3), (4, 2), (3, 4)]"
2443,9,"[(0, 3), (3, 0), (0, 4), (4, 0), (1, 3), (4, 1), (2, 3), (4, 2), (4, 3)]"
2444,9,"[(0, 3), (3, 0), (0, 4), (4, 0), (1, 3), (4, 1), (3, 2), (2, 4), (3, 4)]"
2445,9,"[(0, 3), (3, 0), (0, 4), (4, 0), (1, 3), (4, 1), (3, 2), (4, 2), (3, 4)]"
2446,9,"[(0, 3), (3, 0), (0, 4), (4, 0), (1, 3), (4, 1), (3, 2), (4, 2), (4, 3)]"
2447,9,"[(0, 3), (3, 0), (0, 4), (4, 0), (3, 1), (4, 1), (3, 2), (4, 2), (3, 4)]"
2448,9,"[(0, 2), (0, 4), (4, 0), (1, 3), (3, 1), (1, 4), (4, 1), (2, 4), (4, 2)]"
2449,9,"[(0, 2), (2, 0), (0, 4), (4, 0), (1, 3), (1, 4), (4, 1), (2, 4), (4, 2)]"
2450,9,"[(0, 2), (2, 0), (0, 4), (4, 0), (3, 1), (1, 4), (4, 1), (2, 4), (4, 2)]"
2451,9,"[(0, 2), (2, 0), (0, 4), (4, 0), (1, 3), (3, 1), (1, 4), (2, 4), (4, 2)]"
2452,9,"[(0, 2), (2, 0), (0, 4), (4, 0), (1, 3), (3, 1), (4, 1), (2, 4), (4, 2)]"
2453,9,"[(0, 2), (2, 0), (0, 4), (4, 0), (1, 3), (3, 1), (1, 4), (4, 1), (2, 4)]"
2454,9,"[(0, 2), (2, 0), (0, 4), (4, 0), (1, 3), (3, 1), (1, 4), (4, 1), (4, 2)]"
2455,9,"[(0, 2), (0, 4), (4, 0), (1, 3), (1, 4), (2, 4), (4, 2), (3, 4), (4, 3)]"
2456,9,"[(0, 2), (0, 4), (4, 0), (1, 3), (4, 1), (2, 4), (4, 2), (3, 4), (4, 3)]"
2457,9,"[(0, 2), (0, 4), (4, 0), (1, 3), (1, 4), (4, 1), (2, 4), (4, 2), (3, 4)]"
2458,9,"[(0, 2), (0, 4), (4, 0), (1, 3), (1, 4), (4, 1), (2, 4), (4, 2), (4, 3)]"
2459,9,"[(0, 2), (2, 0), (0, 4), (1, 3), (1, 4), (4, 1), (2, 4), (3, 4), (4, 3)]"
2460,9,"[(0, 2), (2, 0), (0, 4), (1, 3), (1, 4), (4, 1), (4, 2), (3, 4), (4, 3)]"
2461,9,"[(0, 2), (2, 0), (4, 0), (1, 3), (1, 4), (4, 1), (4, 2), (3, 4), (4, 3)]"
2462,9,"[(0, 2), (2, 0), (0, 4), (4, 0), (1, 3), (1, 4), (2, 4), (3, 4), (4, 3)]"
2463,9,"[(0, 2), (2, 0), (0, 4), (4, 0), (1, 3), (1, 4), (4, 2), (3, 4), (4, 3)]"
2464,9,"[(0, 2), (2, 0), (0, 4), (4, 0), (1, 3), (1, 4), (2, 4), (4, 2), (3, 4)]"
2465,9,"[(0, 2), (2, 0), (0, 4), (4, 0), (1, 3), (1, 4), (2, 4), (4, 2), (4, 3)]"
2466,9,"[(0, 2), (2, 0), (0, 4), (4, 0), (1, 3), (4, 1), (2, 4), (3, 4), (4, 3)]"
2467,9,"[(0, 2), (2, 0), (0, 4), (4, 0), (1, 3), (4, 1), (4, 2), (3, 4), (4, 3)]"
2468,9,"[(0, 2), (2, 0), (0, 4), (4, 0), (1, 3), (4, 1), (2, 4), (4, 2), (3, 4)]"
2469,9,"[(0, 2), (2, 0), (0, 4), (4, 0), (1, 3), (4, 1), (2, 4), (4, 2), (4, 3)]"
2470,9,"[(0, 2), (2, 0), (0, 4), (4, 0), (1, 3), (1, 4), (4, 1), (2, 4), (3, 4)]"
2471,9,"[(0, 2), (2, 0), (0, 4), (4, 0), (1, 3), (1, 4), (4, 1), (2, 4), (4, 3)]"
2472,9,"[(0, 2), (2, 0), (0, 4), (4, 0), (1, 3), (1, 4), (4, 1), (4, 2), (3, 4)]"
2473,9,"[(0, 2), (2, 0), (0, 4), (4, 0), (1, 3), (1, 4), (4, 1), (4, 2), (4, 3)]"
2474,9,"[(0, 2), (2, 0), (0, 4), (4, 0), (1, 3), (3, 1), (1, 4), (2, 4), (3, 4)]"
2475,9,"[(0, 2), (2, 0), (0, 4), (4, 0), (1, 3), (3, 1), (1, 4), (2, 4), (4, 3)]"
2476,9,"[(0, 2), (2, 0), (0, 4), (4, 0), (1, 3), (3, 1), (1, 4), (4, 2), (3, 4)]"
2477,9,"[(0, 2), (2, 0), (0, 4), (4, 0), (1, 3), (3, 1), (1, 4), (4, 2), (4, 3)]"
2478,9,"[(0, 2), (2, 0), (0, 4), (4, 0), (1, 3), (3, 1), (4, 1), (2, 4), (4, 3)]"
2479,9,"[(0, 2), (2, 0), (0, 4), (4, 0), (1, 3), (3, 1), (4, 1), (4, 2), (4, 3)]"
2480,9,"[(0, 2), (2, 0), (0, 3), (3, 0), (1, 3), (3, 1), (1, 4), (4, 1), (2, 4)]"
2481,9,"[(0, 2), (0, 3), (0, 4), (4, 0), (1, 3), (3, 1), (1, 4), (4, 1), (2, 4)]"
2482,9,"[(0, 2), (3, 0), (0, 4), (4, 0), (1, 3), (3, 1), (1, 4), (4, 1), (2, 4)]"
2483,9,"[(0, 2), (0, 3), (3, 0), (0, 4), (1, 3), (3, 1), (1, 4), (4, 1), (2, 4)]"
2484,9,"[(0, 2), (0, 3), (3, 0), (0, 4), (1, 3), (3, 1), (1, 4), (4, 1), (4, 2)]"
2485,9,"[(0, 2), (0, 3), (3, 0), (4, 0), (1, 3), (3, 1), (1, 4), (4, 1), (2, 4)]"
2486,9,"[(0, 2), (0, 3), (3, 0), (0, 4), (4, 0), (1, 3), (1, 4), (4, 1), (2, 4)]"
2487,9,"[(0, 2), (0, 3), (3, 0), (0, 4), (4, 0), (1, 3), (1, 4), (4, 1), (4, 2)]"
2488,9,"[(0, 2), (0, 3), (3, 0), (0, 4), (4, 0), (3, 1), (1, 4), (4, 1), (2, 4)]"
2489,9,"[(0, 2), (0, 3), (3, 0), (0, 4), (4, 0), (1, 3), (3, 1), (1, 4), (2, 4)]"
2490,9,"[(0, 2), (0, 3), (3, 0), (0, 4), (4, 0), (1, 3), (3, 1), (1, 4), (4, 2)]"
2491,9,"[(0, 2), (0, 3), (3, 0), (0, 4), (4, 0), (1, 3), (3, 1), (4, 1), (2, 4)]"
2492,9,"[(0, 2), (0, 3), (3, 0), (0, 4), (4, 0), (1, 3), (3, 1), (4, 1), (4, 2)]"
2493,9,"[(2, 0), (0, 3), (3, 0), (0, 4), (1, 3), (3, 1), (1, 4), (4, 1), (2, 4)]"
2494,9,"[(2, 0), (0, 3), (3, 0), (0, 4), (4, 0), (1, 3), (1, 4), (4, 1), (2, 4)]"
2495,9,"[(2, 0), (0, 3), (3, 0), (0, 4), (4, 0), (1, 3), (3, 1), (1, 4), (2, 4)]"
2496,9,"[(2, 0), (0, 3), (3, 0), (0, 4), (4, 0), (1, 3), (3, 1), (4, 1), (2, 4)]"
2497,9,"[(0, 2), (2, 0), (0, 3), (0, 4), (1, 3), (3, 1), (1, 4), (2, 4), (4, 2)]"
2498,9,"[(0, 2), (2, 0), (0, 3), (0, 4), (1, 3), (3, 1), (4, 1), (2, 4), (4, 2)]"
2499,9,"[(0, 2), (2, 0), (0, 3), (0, 4), (1, 3), (3, 1), (1, 4), (4, 1), (2, 4)]"
2500,9,"[(0, 2), (2, 0), (0, 3), (0, 4), (1, 3), (3, 1), (1, 4), (4, 1), (4, 2)]"
2501,9,"[(0, 2), (2, 0), (0, 3), (4, 0), (1, 3), (3, 1), (1, 4), (2, 4), (4, 2)]"
2502,9,"[(0, 2), (2, 0), (0, 3), (4, 0), (1, 3), (3, 1), (1, 4), (4, 1), (2, 4)]"
2503,9,"[(0, 2), (2, 0), (0, 3), (4, 0), (1, 3), (3, 1), (1, 4), (4, 1), (4, 2)]"
2504,9,"[(0, 2), (2, 0), (0, 3), (0, 4), (4, 0), (1, 3), (1, 4), (2, 4), (4, 2)]"
2505,9,"[(0, 2), (2, 0), (0, 3), (0, 4), (4, 0), (1, 3), (4, 1), (2, 4), (4, 2)]"
2506,9,"[(0, 2), (2, 0), (0, 3), (0, 4), (4, 0), (1, 3), (1, 4), (4, 1), (2, 4)]"
2507,9,"[(0, 2), (2, 0), (0, 3), (0, 4), (4, 0), (1, 3), (1, 4), (4, 1), (4, 2)]"
2508,9,"[(0, 2), (2, 0), (0, 3), (0, 4), (4, 0), (3, 1), (1, 4), (2, 4), (4, 2)]"
2509,9,"[(0, 2), (2, 0), (0, 3), (0, 4), (4, 0), (3, 1), (1, 4), (4, 1), (2, 4)]"
2510,9,"[(0, 2), (2, 0), (0, 3), (0, 4), (4, 0), (3, 1), (1, 4), (4, 1), (4, 2)]"
2511,9,"[(0, 2), (2, 0), (0, 3), (0, 4), (4, 0), (1, 3), (3, 1), (1, 4), (2, 4)]"
2512,9,"[(0, 2), (2, 0), (0, 3), (0, 4), (4, 0), (1, 3), (3, 1), (1, 4), (4, 2)]"
2513,9,"[(0, 2), (2, 0), (0, 3), (0, 4), (4, 0), (1, 3), (3, 1), (4, 1), (2, 4)]"
2514,9,"[(0, 2), (2, 0), (0, 3), (0, 4), (4, 0), (1, 3), (3, 1), (4, 1), (4, 2)]"
2515,9,"[(0, 2), (2, 0), (3, 0), (0, 4), (1, 3), (3, 1), (1, 4), (2, 4), (4, 2)]"
2516,9,"[(0, 2), (2, 0), (3, 0), (0, 4), (1, 3), (3, 1), (1, 4), (4, 1), (2, 4)]"
2517,9,"[(0, 2), (2, 0), (3, 0), (0, 4), (1, 3), (3, 1), (1, 4), (4, 1), (4, 2)]"
2518,9,"[(0, 2), (2, 0), (3, 0), (4, 0), (1, 3), (3, 1), (1, 4), (4, 1), (2, 4)]"
2519,9,"[(0, 2), (2, 0), (3, 0), (4, 0), (1, 3), (3, 1), (1, 4), (4, 1), (4, 2)]"
2520,9,"[(0, 2), (2, 0), (3, 0), (0, 4), (4, 0), (1, 3), (1, 4), (2, 4), (4, 2)]"
2521,9,"[(0, 2), (2, 0), (3, 0), (0, 4), (4, 0), (1, 3), (1, 4), (4, 1), (2, 4)]"
2522,9,"[(0, 2), (2, 0), (3, 0), (0, 4), (4, 0), (1, 3), (1, 4), (4, 1), (4, 2)]"
2523,9,"[(0, 2), (2, 0), (3, 0), (0, 4), (4, 0), (3, 1), (1, 4), (4, 1), (2, 4)]"
2524,9,"[(0, 2), (2, 0), (3, 0), (0, 4), (4, 0), (3, 1), (1, 4), (4, 1), (4, 2)]"
2525,9,"[(0, 2), (2, 0), (3, 0), (0, 4), (4, 0), (1, 3), (3, 1), (1, 4), (2, 4)]"
2526,9,"[(0, 2), (2, 0), (3, 0), (0, 4), (4, 0), (1, 3), (3, 1), (1, 4), (4, 2)]"
2527,9,"[(0, 2), (2, 0), (3, 0), (0, 4), (4, 0), (1, 3), (3, 1), (4, 1), (2, 4)]"
2528,9,"[(0, 2), (2, 0), (3, 0), (0, 4), (4, 0), (1, 3), (3, 1), (4, 1), (4, 2)]"
2529,9,"[(0, 2), (2, 0), (0, 3), (3, 0), (0, 4), (1, 3), (1, 4), (2, 4), (4, 2)]"
2530,9,"[(0, 2), (2, 0), (0, 3), (3, 0), (0, 4), (1, 3), (4, 1), (2, 4), (4, 2)]"
2531,9,"[(0, 2), (2, 0), (0, 3), (3, 0), (0, 4), (1, 3), (1, 4), (4, 1), (2, 4)]"
2532,9,"[(0, 2), (2, 0), (0, 3), (3, 0), (0, 4), (1, 3), (1, 4), (4, 1), (4, 2)]"
2533,9,"[(0, 2), (2, 0), (0, 3), (3, 0), (0, 4), (3, 1), (1, 4), (2, 4), (4, 2)]"
2534,9,"[(0, 2), (2, 0), (0, 3), (3, 0), (0, 4), (3, 1), (4, 1), (2, 4), (4, 2)]"
2535,9,"[(0, 2), (2, 0), (0, 3), (3, 0), (0, 4), (3, 1), (1, 4), (4, 1), (2, 4)]"
2536,9,"[(0, 2), (2, 0), (0, 3), (3, 0), (0, 4), (3, 1), (1, 4), (4, 1), (4, 2)]"
2537,9,"[(0, 2), (2, 0), (0, 3), (3, 0), (0, 4), (1, 3), (3, 1), (1, 4), (2, 4)]"
2538,9,"[(0, 2), (2, 0), (0, 3), (3, 0), (0, 4), (1, 3), (3, 1), (1, 4), (4, 2)]"
2539,9,"[(0, 2), (2, 0), (0, 3), (3, 0), (0, 4), (1, 3), (3, 1), (4, 1), (2, 4)]"
2540,9,"[(0, 2), (2, 0), (0, 3), (3, 0), (0, 4), (1, 3), (3, 1), (4, 1), (4, 2)]"
2541,9,"[(0, 2), (2, 0), (0, 3), (3, 0), (4, 0), (1, 3), (1, 4), (2, 4), (4, 2)]"
2542,9,"[(0, 2), (2, 0), (0, 3), (3, 0), (4, 0), (1, 3), (4, 1), (2, 4), (4, 2)]"
2543,9,"[(0, 2), (2, 0), (0, 3), (3, 0), (4, 0), (1, 3), (1, 4), (4, 1), (2, 4)]"
2544,9,"[(0, 2), (2, 0), (0, 3), (3, 0), (4, 0), (1, 3), (1, 4), (4, 1), (4, 2)]"
2545,9,"[(0, 2), (2, 0), (0, 3), (3, 0), (4, 0), (3, 1), (1, 4), (2, 4), (4, 2)]"
2546,9,"[(0, 2), (2, 0), (0, 3), (3, 0), (4, 0), (3, 1), (4, 1), (2, 4), (4, 2)]"
2547,9,"[(0, 2), (2, 0), (0, 3), (3, 0), (4, 0), (3, 1), (1, 4), (4, 1), (2, 4)]"
2548,9,"[(0, 2), (2, 0), (0, 3), (3, 0), (4, 0), (3, 1), (1, 4), (4, 1), (4, 2)]"
2549,9,"[(0, 2), (2, 0), (0, 3), (3, 0), (4, 0), (1, 3), (3, 1), (1, 4), (2, 4)]"
2550,9,"[(0, 2), (2, 0), (0, 3), (3, 0), (4, 0), (1, 3), (3, 1), (1, 4), (4, 2)]"
2551,9,"[(0, 2), (2, 0), (0, 3), (3, 0), (4, 0), (1, 3), (3, 1), (4, 1), (2, 4)]"
2552,9,"[(0, 2), (2, 0), (0, 3), (3, 0), (4, 0), (1, 3), (3, 1), (4, 1), (4, 2)]"
2553,9,"[(0, 2), (2, 0), (0, 3), (3, 0), (0, 4), (4, 0), (1, 3), (1, 4), (2, 4)]"
2554,9,"[(0, 2), (2, 0), (0, 3), (3, 0), (0, 4), (4, 0), (1, 3), (1, 4), (4, 2)]"
2555,9,"[(0, 2), (2, 0), (0, 3), (3, 0), (0, 4), (4, 0), (1, 3), (4, 1), (2, 4)]"
2556,9,"[(0, 2), (2, 0), (0, 3), (3, 0), (0, 4), (4, 0), (1, 3), (4, 1), (4, 2)]"
2557,9,"[(0, 2), (2, 0), (0, 3), (3, 0), (0, 4), (4, 0), (3, 1), (1, 4), (2, 4)]"
2558,9,"[(0, 2), (2, 0), (0, 3), (3, 0), (0, 4), (4, 0), (3, 1), (1, 4), (4, 2)]"
2559,9,"[(0, 2), (2, 0), (0, 3), (3, 0), (0, 4), (4, 0), (3, 1), (4, 1), (2, 4)]"
2560,9,"[(0, 2), (2, 0), (0, 3), (3, 0), (0, 4), (4, 0), (3, 1), (4, 1), (4, 2)]"
2561,9,"[(0, 2), (0, 3), (0, 4), (1, 3), (1, 4), (2, 4), (4, 2), (3, 4), (4, 3)]"
2562,9,"[(0, 2), (0, 3), (0, 4), (1, 3), (4, 1), (2, 4), (4, 2), (3, 4), (4, 3)]"
2563,9,"[(0, 2), (0, 3), (0, 4), (1, 3), (1, 4), (4, 1), (2, 4), (3, 4), (4, 3)]"
2564,9,"[(0, 2), (0, 3), (0, 4), (1, 3), (1, 4), (4, 1), (4, 2), (3, 4), (4, 3)]"
2565,9,"[(0, 2), (0, 3), (0, 4), (1, 3), (1, 4), (4, 1), (2, 4), (4, 2), (3, 4)]"
2566,9,"[(0, 2), (0, 3), (0, 4), (1, 3), (1, 4), (4, 1), (2, 4), (4, 2), (4, 3)]"
2567,9,"[(0, 2), (0, 3), (0, 4), (3, 1), (1, 4), (2, 4), (4, 2), (3, 4), (4, 3)]"
2568,9,"[(0, 2), (0, 3), (0, 4), (3, 1), (4, 1), (2, 4), (4, 2), (3, 4), (4, 3)]"
2569,9,"[(0, 2), (0, 3), (0, 4), (3, 1), (1, 4), (4, 1), (2, 4), (3, 4), (4, 3)]"
2570,9,"[(0, 2), (0, 3), (0, 4), (3, 1), (1, 4), (4, 1), (4, 2), (3, 4), (4, 3)]"
2571,9,"[(0, 2), (0, 3), (0, 4), (3, 1), (1, 4), (4, 1), (2, 4), (4, 2), (3, 4)]"
2572,9,"[(0, 2), (0, 3), (0, 4), (3, 1), (1, 4), (4, 1), (2, 4), (4, 2), (4, 3)]"
2573,9,"[(0, 2), (0, 3), (4, 0), (1, 3), (1, 4), (2, 4), (4, 2), (3, 4), (4, 3)]"
2574,9,"[(0, 2), (0, 3), (4, 0), (1, 3), (4, 1), (2, 4), (4, 2), (3, 4), (4, 3)]"
2575,9,"[(0, 2), (0, 3), (4, 0), (1, 3), (1, 4), (4, 1), (2, 4), (3, 4), (4, 3)]"
2576,9,"[(0, 2), (0, 3), (4, 0), (1, 3), (1, 4), (4, 1), (4, 2), (3, 4), (4, 3)]"
2577,9,"[(0, 2), (0, 3), (4, 0), (1, 3), (1, 4), (4, 1), (2, 4), (4, 2), (3, 4)]"
2578,9,"[(0, 2), (0, 3), (4, 0), (1, 3), (1, 4), (4, 1), (2, 4), (4, 2), (4, 3)]"
2579,9,"[(0, 2), (0, 3), (4, 0), (3, 1), (1, 4), (2, 4), (4, 2), (3, 4), (4, 3)]"
2580,9,"[(0, 2), (0, 3), (4, 0), (3, 1), (4, 1), (2, 4), (4, 2), (3, 4), (4, 3)]"
2581,9,"[(0, 2), (0, 3), (4, 0), (3, 1), (1, 4), (4, 1), (2, 4), (3, 4), (4, 3)]"
2582,9,"[(0, 2), (0, 3), (4, 0), (3, 1), (1, 4), (4, 1), (4, 2), (3, 4), (4, 3)]"
2583,9,"[(0, 2), (0, 3), (4, 0), (3, 1), (1, 4), (4, 1), (2, 4), (4, 2), (3, 4)]"
2584,9,"[(0, 2), (0, 3), (4, 0), (3, 1), (1, 4), (4, 1), (2, 4), (4, 2), (4, 3)]"
2585,9,"[(0, 2), (0, 3), (0, 4), (4, 0), (1, 3), (1, 4), (2, 4), (3, 4), (4, 3)]"
2586,9,"[(0, 2), (0, 3), (0, 4), (4, 0), (1, 3), (1, 4), (4, 2), (3, 4), (4, 3)]"
2587,9,"[(0, 2), (0, 3), (0, 4), (4, 0), (1, 3), (1, 4), (2, 4), (4, 2), (3, 4)]"
2588,9,"[(0, 2), (0, 3), (0, 4), (4, 0), (1, 3), (1, 4), (2, 4), (4, 2), (4, 3)]"
2589,9,"[(0, 2), (0, 3), (0, 4), (4, 0), (1, 3), (4, 1), (2, 4), (3, 4), (4, 3)]"
2590,9,"[(0, 2), (0, 3), (0, 4), (4, 0), (1, 3), (4, 1), (4, 2), (3, 4), (4, 3)]"
2591,9,"[(0, 2), (0, 3), (0, 4), (4, 0), (1, 3), (4, 1), (2, 4), (4, 2), (3, 4)]"
2592,9,"[(0, 2), (0, 3), (0, 4), (4, 0), (1, 3), (4, 1), (2, 4), (4, 2), (4, 3)]"
2593,9,"[(0, 2), (0, 3), (0, 4), (4, 0), (1, 3), (1, 4), (4, 1), (2, 4), (3, 4)]"
2594,9,"[(0, 2), (0, 3), (0, 4), (4, 0), (1, 3), (1, 4), (4, 1), (2, 4), (4, 3)]"
2595,9,"[(0, 2), (0, 3), (0, 4), (4, 0), (1, 3), (1, 4), (4, 1), (4, 2), (3, 4)]"
2596,9,"[(0, 2), (0, 3), (0, 4), (4, 0), (1, 3), (1, 4), (4, 1), (4, 2), (4, 3)]"
2597,9,"[(0, 2), (0, 3), (0, 4), (4, 0), (3, 1), (1, 4), (2, 4), (3, 4), (4, 3)]"
2598,9,"[(0, 2), (0, 3), (0, 4), (4, 0), (3, 1), (1, 4), (4, 2), (3, 4), (4, 3)]"
2599,9,"[(0, 2), (0, 3), (0, 4), (4, 0), (3, 1), (1, 4), (2, 4), (4, 2), (3, 4)]"
2600,9,"[(0, 2), (0, 3), (0, 4), (4, 0), (3, 1), (1, 4), (2, 4), (4, 2), (4, 3)]"
2601,9,"[(0, 2), (0, 3), (0, 4), (4, 0), (3, 1), (4, 1), (2, 4), (3, 4), (4, 3)]"
2602,9,"[(0, 2), (0, 3), (0, 4), (4, 0), (3, 1), (4, 1), (4, 2), (3, 4), (4, 3)]"
2603,9,"[(0, 2), (0, 3), (0, 4), (4, 0), (3, 1), (4, 1), (2, 4), (4, 2), (3, 4)]"
2604,9,"[(0, 2), (0, 3), (0, 4), (4, 0), (3, 1), (4, 1), (2, 4), (4, 2), (4, 3)]"
2605,9,"[(0, 2), (0, 3), (0, 4), (4, 0), (3, 1), (1, 4), (4, 1), (2, 4), (3, 4)]"
2606,9,"[(0, 2), (0, 3), (0, 4), (4, 0), (3, 1), (1, 4), (4, 1), (2, 4), (4, 3)]"
2607,9,"[(0, 2), (0, 3), (0, 4), (4, 0), (3, 1), (1, 4), (4, 1), (4, 2), (3, 4)]"
2608,9,"[(0, 2), (0, 3), (0, 4), (4, 0), (3, 1), (1, 4), (4, 1), (4, 2), (4, 3)]"
2609,9,"[(0, 2), (3, 0), (0, 4), (1, 3), (1, 4), (2, 4), (4, 2), (3, 4), (4, 3)]"
2610,9,"[(0, 2), (3, 0), (0, 4), (1, 3), (4, 1), (2, 4), (4, 2), (3, 4), (4, 3)]"
2611,9,"[(0, 2), (3, 0), (0, 4), (1, 3), (1, 4), (4, 1), (2, 4), (3, 4), (4, 3)]"
2612,9,"[(0, 2), (3, 0), (0, 4), (1, 3), (1, 4), (4, 1), (4, 2), (3, 4), (4, 3)]"
2613,9,"[(0, 2), (3, 0), (0, 4), (1, 3), (1, 4), (4, 1), (2, 4), (4, 2), (3, 4)]"
2614,9,"[(0, 2), (3, 0), (0, 4), (1, 3), (1, 4), (4, 1), (2, 4), (4, 2), (4, 3)]"
2615,9,"[(0, 2), (3, 0), (4, 0), (1, 3), (1, 4), (2, 4), (4, 2), (3, 4), (4, 3)]"
2616,9,"[(0, 2), (3, 0), (4, 0), (1, 3), (4, 1), (2, 4), (4, 2), (3, 4), (4, 3)]"
2617,9,"[(0, 2), (3, 0), (4, 0), (1, 3), (1, 4), (4, 1), (2, 4), (3, 4), (4, 3)]"
2618,9,"[(0, 2), (3, 0), (4, 0), (1, 3), (1, 4), (4, 1), (4, 2), (3, 4), (4, 3)]"
2619,9,"[(0, 2), (3, 0), (4, 0), (1, 3), (1, 4), (4, 1), (2, 4), (4, 2), (3, 4)]"
2620,9,"[(0, 2), (3, 0), (4, 0), (1, 3), (1, 4), (4, 1), (2, 4), (4, 2), (4, 3)]"
2621,9,"[(0, 2), (3, 0), (0, 4), (4, 0), (1, 3), (1, 4), (2, 4), (3, 4), (4, 3)]"
2622,9,"[(0, 2), (3, 0), (0, 4), (4, 0), (1, 3), (1, 4), (4, 2), (3, 4), (4, 3)]"
2623,9,"[(0, 2), (3, 0), (0, 4), (4, 0), (1, 3), (1, 4), (2, 4), (4, 2), (3, 4)]"
2624,9,"[(0, 2), (3, 0), (0, 4), (4, 0), (1, 3), (1, 4), (2, 4), (4, 2), (4, 3)]"
2625,9,"[(0, 2), (3, 0), (0, 4), (4, 0), (1, 3), (4, 1), (2, 4), (3, 4), (4, 3)]"
2626,9,"[(0, 2), (3, 0), (0, 4), (4, 0), (1, 3), (4, 1), (4, 2), (3, 4), (4, 3)]"
2627,9,"[(0, 2), (3, 0), (0, 4), (4, 0), (1, 3), (4, 1), (2, 4), (4, 2), (3, 4)]"
2628,9,"[(0, 2), (3, 0), (0, 4), (4, 0), (1, 3), (4, 1), (2, 4), (4, 2), (4, 3)]"
2629,9,"[(0, 2), (3, 0), (0, 4), (4, 0), (1, 3), (1, 4), (4, 1), (2, 4), (3, 4)]"
2630,9,"[(0, 2), (3, 0), (0, 4), (4, 0), (1, 3), (1, 4), (4, 1), (2, 4), (4, 3)]"
2631,9,"[(0, 2), (3, 0), (0, 4), (4, 0), (1, 3), (1, 4), (4, 1), (4, 2), (3, 4)]"
2632,9,"[(0, 2), (3, 0), (0, 4), (4, 0), (1, 3), (1, 4), (4, 1), (4, 2), (4, 3)]"
2633,9,"[(0, 2), (0, 3), (3, 0), (0, 4), (1, 3), (1, 4), (2, 4), (3, 4), (4, 3)]"
2634,9,"[(0, 2), (0, 3), (3, 0), (0, 4), (1, 3), (1, 4), (4, 2), (3, 4), (4, 3)]"
2635,9,"[(0, 2), (0, 3), (3, 0), (0, 4), (1, 3), (1, 4), (2, 4), (4, 2), (3, 4)]"
2636,9,"[(0, 2), (0, 3), (3, 0), (0, 4), (1, 3), (1, 4), (2, 4), (4, 2), (4, 3)]"
2637,9,"[(0, 2), (0, 3), (3, 0), (0, 4), (1, 3), (4, 1), (2, 4), (3, 4), (4, 3)]"
2638,9,"[(0, 2), (0, 3), (3, 0), (0, 4), (1, 3), (4, 1), (4, 2), (3, 4), (4, 3)]"
2639,9,"[(0, 2), (0, 3), (3, 0), (0, 4), (1, 3), (4, 1), (2, 4), (4, 2), (3, 4)]"
2640,9,"[(0, 2), (0, 3), (3, 0), (0, 4), (1, 3), (4, 1), (2, 4), (4, 2), (4, 3)]"
2641,9,"[(0, 2), (0, 3), (3, 0), (0, 4), (1, 3), (1, 4), (4, 1), (2, 4), (3, 4)]"
2642,9,"[(0, 2), (0, 3), (3, 0), (0, 4), (1, 3), (1, 4), (4, 1), (2, 4), (4, 3)]"
2643,9,"[(0, 2), (0, 3), (3, 0), (0, 4), (1, 3), (1, 4), (4, 1), (4, 2), (3, 4)]"
2644,9,"[(0, 2), (0, 3), (3, 0), (0, 4), (1, 3), (1, 4), (4, 1), (4, 2), (4, 3)]"
2645,9,"[(0, 2), (0, 3), (3, 0), (0, 4), (3, 1), (1, 4), (2, 4), (4, 2), (4, 3)]"
2646,9,"[(0, 2), (0, 3), (3, 0), (0, 4), (3, 1), (4, 1), (2, 4), (4, 2), (4, 3)]"
2647,9,"[(0, 2), (0, 3), (3, 0), (0, 4), (3, 1), (1, 4), (4, 1), (2, 4), (3, 4)]"
2648,9,"[(0, 2), (0, 3), (3, 0), (0, 4), (3, 1), (1, 4), (4, 1), (2, 4), (4, 3)]"
2649,9,"[(0, 2), (0, 3), (3, 0), (0, 4), (3, 1), (1, 4), (4, 1), (4, 2), (3, 4)]"
2650,9,"[(0, 2), (0, 3), (3, 0), (0, 4), (3, 1), (1, 4), (4, 1), (4, 2), (4, 3)]"
2651,9,"[(0, 2), (0, 3), (3, 0), (4, 0), (1, 3), (1, 4), (2, 4), (3, 4), (4, 3)]"
2652,9,"[(0, 2), (0, 3), (3, 0), (4, 0), (1, 3), (1, 4), (4, 2), (3, 4), (4, 3)]"
2653,9,"[(0, 2), (0, 3), (3, 0), (4, 0), (1, 3), (1, 4), (2, 4), (4, 2), (3, 4)]"
2654,9,"[(0, 2), (0, 3), (3, 0), (4, 0), (1, 3), (1, 4), (2, 4), (4, 2), (4, 3)]"
2655,9,"[(0, 2), (0, 3), (3, 0), (4, 0), (1, 3), (4, 1), (2, 4), (3, 4), (4, 3)]"
2656,9,"[(0, 2), (0, 3), (3, 0), (4, 0), (1, 3), (4, 1), (4, 2), (3, 4), (4, 3)]"
2657,9,"[(0, 2), (0, 3), (3, 0), (4, 0), (1, 3), (4, 1), (2, 4), (4, 2), (3, 4)]"
2658,9,"[(0, 2), (0, 3), (3, 0), (4, 0), (1, 3), (4, 1), (2, 4), (4, 2), (4, 3)]"
2659,9,"[(0, 2), (0, 3), (3, 0), (4, 0), (1, 3), (1, 4), (4, 1), (2, 4), (3, 4)]"
2660,9,"[(0, 2), (0, 3), (3, 0), (4, 0), (1, 3), (1, 4), (4, 1), (2, 4), (4, 3)]"
2661,9,"[(0, 2), (0, 3), (3, 0), (4, 0), (1, 3), (1, 4), (4, 1), (4, 2), (3, 4)]"
2662,9,"[(0, 2), (0, 3), (3, 0), (4, 0), (1, 3), (1, 4), (4, 1), (4, 2), (4, 3)]"
2663,9,"[(0, 2), (0, 3), (3, 0), (4, 0), (3, 1), (1, 4), (4, 1), (2, 4), (4, 3)]"
2664,9,"[(0, 2), (0, 3), (3, 0), (4, 0), (3, 1), (1, 4), (4, 1), (4, 2), (4, 3)]"
2665,9,"[(0, 2), (0, 3), (3, 0), (0, 4), (4, 0), (1, 3), (1, 4), (2, 4), (3, 4)]"
2666,9,"[(0, 2), (0, 3), (3, 0), (0, 4), (4, 0), (1, 3), (1, 4), (2, 4), (4, 3)]"
2667,9,"[(0, 2), (0, 3), (3, 0), (0, 4), (4, 0), (1, 3), (1, 4), (4, 2), (3, 4)]"
2668,9,"[(0, 2), (0, 3), (3, 0), (0, 4), (4, 0), (1, 3), (1, 4), (4, 2), (4, 3)]"
2669,9,"[(0, 2), (0, 3), (3, 0), (0, 4), (4, 0), (1, 3), (4, 1), (2, 4), (3, 4)]"
2670,9,"[(0, 2), (0, 3), (3, 0), (0, 4), (4, 0), (1, 3), (4, 1), (2, 4), (4, 3)]"
2671,9,"[(0, 2), (0, 3), (3, 0), (0, 4), (4, 0), (1, 3), (4, 1), (4, 2), (3, 4)]"
2672,9,"[(0, 2), (0, 3), (3, 0), (0, 4), (4, 0), (1, 3), (4, 1), (4, 2), (4, 3)]"
2673,9,"[(0, 2), (0, 3), (3, 0), (0, 4), (4, 0), (3, 1), (1, 4), (2, 4), (3, 4)]"
2674,9,"[(0, 2), (0, 3), (3, 0), (0, 4), (4, 0), (3, 1), (1, 4), (2, 4), (4, 3)]"
2675,9,"[(0, 2), (0, 3), (3, 0), (0, 4), (4, 0), (3, 1), (1, 4), (4, 2), (3, 4)]"
2676,9,"[(0, 2), (0, 3), (3, 0), (0, 4), (4, 0), (3, 1), (1, 4), (4, 2), (4, 3)]"
2677,9,"[(0, 2), (0, 3), (3, 0), (0, 4), (4, 0), (3, 1), (4, 1), (2, 4), (3, 4)]"
2678,9,"[(0, 2), (0, 3), (3, 0), (0, 4), (4, 0), (3, 1), (4, 1), (2, 4), (4, 3)]"
2679,9,"[(0, 2), (0, 3), (3, 0), (0, 4), (4, 0), (3, 1), (4, 1), (4, 2), (3, 4)]"
2680,9,"[(0, 2), (0, 3), (3, 0), (0, 4), (4, 0), (3, 1), (4, 1), (4, 2), (4, 3)]"
2681,9,"[(2, 0), (0, 3), (0, 4), (1, 3), (1, 4), (2, 4), (4, 2), (3, 4), (4, 3)]"
2682,9,"[(2, 0), (0, 3), (0, 4), (1, 3), (4, 1), (2, 4), (4, 2), (3, 4), (4, 3)]"
2683,9,"[(2, 0), (0, 3), (0, 4), (1, 3), (1, 4), (4, 1), (2, 4), (3, 4), (4, 3)]"
2684,9,"[(2, 0), (0, 3), (0, 4), (1, 3), (1, 4), (4, 1), (4, 2), (3, 4), (4, 3)]"
2685,9,"[(2, 0), (0, 3), (0, 4), (1, 3), (1, 4), (4, 1), (2, 4), (4, 2), (3, 4)]"
2686,9,"[(2, 0), (0, 3), (0, 4), (1, 3), (1, 4), (4, 1), (2, 4), (4, 2), (4, 3)]"
2687,9,"[(2, 0), (0, 3), (4, 0), (1, 3), (1, 4), (2, 4), (4, 2), (3, 4), (4, 3)]"
2688,9,"[(2, 0), (0, 3), (4, 0), (1, 3), (4, 1), (2, 4), (4, 2), (3, 4), (4, 3)]"
2689,9,"[(2, 0), (0, 3), (4, 0), (1, 3), (1, 4), (4, 1), (2, 4), (3, 4), (4, 3)]"
2690,9,"[(2, 0), (0, 3), (4, 0), (1, 3), (1, 4), (4, 1), (4, 2), (3, 4), (4, 3)]"
2691,9,"[(2, 0), (0, 3), (4, 0), (1, 3), (1, 4), (4, 1), (2, 4), (4, 2), (3, 4)]"
2692,9,"[(2, 0), (0, 3), (4, 0), (1, 3), (1, 4), (4, 1), (2, 4), (4, 2), (4, 3)]"
2693,9,"[(2, 0), (0, 3), (0, 4), (4, 0), (1, 3), (1, 4), (2, 4), (3, 4), (4, 3)]"
2694,9,"[(2, 0), (0, 3), (0, 4), (4, 0), (1, 3), (1, 4), (4, 2), (3, 4), (4, 3)]"
2695,9,"[(2, 0), (0, 3), (0, 4), (4, 0), (1, 3), (1, 4), (2, 4), (4, 2), (3, 4)]"
2696,9,"[(2, 0), (0, 3), (0, 4), (4, 0), (1, 3), (1, 4), (2, 4), (4, 2), (4, 3)]"
2697,9,"[(2, 0), (0, 3), (0, 4), (4, 0), (1, 3), (4, 1), (2, 4), (3, 4), (4, 3)]"
2698,9,"[(2, 0), (0, 3), (0, 4), (4, 0), (1, 3), (4, 1), (4, 2), (3, 4), (4, 3)]"
2699,9,"[(2, 0), (0, 3), (0, 4), (4, 0), (1, 3), (4, 1), (2, 4), (4, 2), (3, 4)]"
2700,9,"[(2, 0), (0, 3), (0, 4), (4, 0), (1, 3), (4, 1), (2, 4), (4, 2), (4, 3)]"
2701,9,"[(2, 0), (0, 3), (0, 4), (4, 0), (1, 3), (1, 4), (4, 1), (2, 4), (3, 4)]"
2702,9,"[(2, 0), (0, 3), (0, 4), (4, 0), (1, 3), (1, 4), (4, 1), (2, 4), (4, 3)]"
2703,9,"[(2, 0), (0, 3), (0, 4), (4, 0), (1, 3), (1, 4), (4, 1), (4, 2), (3, 4)]"
2704,9,"[(2, 0), (0, 3), (0, 4), (4, 0), (1, 3), (1, 4), (4, 1), (4, 2), (4, 3)]"
2705,9,"[(2, 0), (0, 3), (3, 0), (0, 4), (1, 3), (1, 4), (2, 4), (4, 2), (4, 3)]"
2706,9,"[(2, 0), (0, 3), (3, 0), (0, 4), (1, 3), (4, 1), (2, 4), (4, 2), (4, 3)]"
2707,9,"[(2, 0), (0, 3), (3, 0), (0, 4), (1, 3), (1, 4), (4, 1), (2, 4), (3, 4)]"
2708,9,"[(2, 0), (0, 3), (3, 0), (0, 4), (1, 3), (1, 4), (4, 1), (2, 4), (4, 3)]"
2709,9,"[(2, 0), (0, 3), (3, 0), (0, 4), (1, 3), (1, 4), (4, 1), (4, 2), (3, 4)]"
2710,9,"[(2, 0), (0, 3), (3, 0), (0, 4), (1, 3), (1, 4), (4, 1), (4, 2), (4, 3)]"
2711,9,"[(2, 0), (0, 3), (3, 0), (4, 0), (1, 3), (1, 4), (4, 1), (2, 4), (4, 3)]"
2712,9,"[(2, 0), (0, 3), (3, 0), (4, 0), (1, 3), (1, 4), (4, 1), (4, 2), (4, 3)]"
2713,9,"[(2, 0), (0, 3), (3, 0), (0, 4), (4, 0), (1, 3), (1, 4), (2, 4), (3, 4)]"
2714,9,"[(2, 0), (0, 3), (3, 0), (0, 4), (4, 0), (1, 3), (1, 4), (2, 4), (4, 3)]"
2715,9,"[(2, 0), (0, 3), (3, 0), (0, 4), (4, 0), (1, 3), (1, 4), (4, 2), (3, 4)]"
2716,9,"[(2, 0), (0, 3), (3, 0), (0, 4), (4, 0), (1, 3), (1, 4), (4, 2), (4, 3)]"
2717,9,"[(2, 0), (0, 3), (3, 0), (0, 4), (4, 0), (1, 3), (4, 1), (2, 4), (3, 4)]"
2718,9,"[(2, 0), (0, 3), (3, 0), (0, 4), (4, 0), (1, 3), (4, 1), (2, 4), (4, 3)]"
2719,9,"[(2, 0), (0, 3), (3, 0), (0, 4), (4, 0), (1, 3), (4, 1), (4, 2), (3, 4)]"
2720,9,"[(2, 0), (0, 3), (3, 0), (0, 4), (4, 0), (1, 3), (4, 1), (4, 2), (4, 3)]"
2721,9,"[(0, 2), (2, 0), (0, 3), (0, 4), (1, 3), (1, 4), (2, 4), (3, 4), (4, 3)]"
2722,9,"[(0, 2), (2, 0), (0, 3), (0, 4), (1, 3), (1, 4), (4, 2), (3, 4), (4, 3)]"
2723,9,"[(0, 2), (2, 0), (0, 3), (0, 4), (1, 3), (1, 4), (2, 4), (4, 2), (3, 4)]"
2724,9,"[(0, 2), (2, 0), (0, 3), (0, 4), (1, 3), (1, 4), (2, 4), (4, 2), (4, 3)]"
2725,9,"[(0, 2), (2, 0), (0, 3), (0, 4), (1, 3), (4, 1), (2, 4), (3, 4), (4, 3)]"
2726,9,"[(0, 2), (2, 0), (0, 3), (0, 4), (1, 3), (4, 1), (4, 2), (3, 4), (4, 3)]"
2727,9,"[(0, 2), (2, 0), (0, 3), (0, 4), (1, 3), (4, 1), (2, 4), (4, 2), (3, 4)]"
2728,9,"[(0, 2), (2, 0), (0, 3), (0, 4), (1, 3), (4, 1), (2, 4), (4, 2), (4, 3)]"
2729,9,"[(0, 2), (2, 0), (0, 3), (0, 4), (1, 3), (1, 4), (4, 1), (2, 4), (3, 4)]"
2730,9,"[(0, 2), (2, 0), (0, 3), (0, 4), (1, 3), (1, 4), (4, 1), (2, 4), (4, 3)]"
2731,9,"[(0, 2), (2, 0), (0, 3), (0, 4), (1, 3), (1, 4), (4, 1), (4, 2), (3, 4)]"
2732,9,"[(0, 2), (2, 0), (0, 3), (0, 4), (1, 3), (1, 4), (4, 1), (4, 2), (4, 3)]"
2733,9,"[(0, 2), (2, 0), (0, 3), (0, 4), (3, 1), (1, 4), (2, 4), (3, 4), (4, 3)]"
2734,9,"[(0, 2), (2, 0), (0, 3), (0, 4), (3, 1), (1, 4), (4, 2), (3, 4), (4, 3)]"
2735,9,"[(0, 2), (2, 0), (0, 3), (0, 4), (3, 1), (1, 4), (2, 4), (4, 2), (3, 4)]"
2736,9,"[(0, 2), (2, 0), (0, 3), (0, 4), (3, 1), (1, 4), (2, 4), (4, 2), (4, 3)]"
2737,9,"[(0, 2), (2, 0), (0, 3), (0, 4), (3, 1), (4, 1), (2, 4), (3, 4), (4, 3)]"
2738,9,"[(0, 2), (2, 0), (0, 3), (0, 4), (3, 1), (4, 1), (4, 2), (3, 4), (4, 3)]"
2739,9,"[(0, 2), (2, 0), (0, 3), (0, 4), (3, 1), (4, 1), (2, 4), (4, 2), (3, 4)]"
2740,9,"[(0, 2), (2, 0), (0, 3), (0, 4), (3, 1), (4, 1), (2, 4), (4, 2), (4, 3)]"
2741,9,"[(0, 2), (2, 0), (0, 3), (0, 4), (3, 1), (1, 4), (4, 1), (2, 4), (3, 4)]"
2742,9,"[(0, 2), (2, 0), (0, 3), (0, 4), (3, 1), (1, 4), (4, 1), (2, 4), (4, 3)]"
2743,9,"[(0, 2), (2, 0), (0, 3), (0, 4), (3, 1), (1, 4), (4, 1), (4, 2), (3, 4)]"
2744,9,"[(0, 2), (2, 0), (0, 3), (0, 4), (3, 1), (1, 4), (4, 1), (4, 2), (4, 3)]"
2745,9,"[(0, 2), (2, 0), (0, 3), (0, 4), (1, 3), (3, 1), (1, 4), (2, 4), (3, 4)]"
2746,9,"[(0, 2), (2, 0), (0, 3), (0, 4), (1, 3), (3, 1), (1, 4), (2, 4), (4, 3)]"
2747,9,"[(0, 2), (2, 0), (0, 3), (0, 4), (1, 3), (3, 1), (1, 4), (4, 2), (3, 4)]"
2748,9,"[(0, 2), (2, 0), (0, 3), (0, 4), (1, 3), (3, 1), (1, 4), (4, 2), (4, 3)]"
2749,9,"[(0, 2), (2, 0), (0, 3), (0, 4), (1, 3), (3, 1), (4, 1), (2, 4), (3, 4)]"
2750,9,"[(0, 2), (2, 0), (0, 3), (0, 4), (1, 3), (3, 1), (4, 1), (2, 4), (4, 3)]"
2751,9,"[(0, 2), (2, 0), (0, 3), (0, 4), (1, 3), (3, 1), (4, 1), (4, 2), (3, 4)]"
2752,9,"[(0, 2), (2, 0), (0, 3), (0, 4), (1, 3), (3, 1), (4, 1), (4, 2), (4, 3)]"
2753,9,"[(0, 2), (2, 0), (0, 3), (4, 0), (1, 3), (1, 4), (2, 4), (3, 4), (4, 3)]"
2754,9,"[(0, 2), (2, 0), (0, 3), (4, 0), (1, 3), (1, 4), (4, 2), (3, 4), (4, 3)]"
2755,9,"[(0, 2), (2, 0), (0, 3), (4, 0), (1, 3), (1, 4), (2, 4), (4, 2), (3, 4)]"
2756,9,"[(0, 2), (2, 0), (0, 3), (4, 0), (1, 3), (1, 4), (2, 4), (4, 2), (4, 3)]"
2757,9,"[(0, 2), (2, 0), (0, 3), (4, 0), (1, 3), (4, 1), (2, 4), (3, 4), (4, 3)]"
2758,9,"[(0, 2), (2, 0), (0, 3), (4, 0), (1, 3), (4, 1), (4, 2), (3, 4), (4, 3)]"
2759,9,"[(0, 2), (2, 0), (0, 3), (4, 0), (1, 3), (4, 1), (2, 4), (4, 2), (3, 4)]"
2760,9,"[(0, 2), (2, 0), (0, 3), (4, 0), (1, 3), (4, 1), (2, 4), (4, 2), (4, 3)]"
2761,9,"[(0, 2), (2, 0), (0, 3), (4, 0), (1, 3), (1, 4), (4, 1), (2, 4), (3, 4)]"
2762,9,"[(0, 2), (2, 0), (0, 3), (4, 0), (1, 3), (1, 4), (4, 1), (2, 4), (4, 3)]"
2763,9,"[(0, 2), (2, 0), (0, 3), (4, 0), (1, 3), (1, 4), (4, 1), (4, 2), (3, 4)]"
2764,9,"[(0, 2), (2, 0), (0, 3), (4, 0), (1, 3), (1, 4), (4, 1), (4, 2), (4, 3)]"
2765,9,"[(0, 2), (2, 0), (0, 3), (4, 0), (3, 1), (1, 4), (2, 4), (3, 4), (4, 3)]"
2766,9,"[(0, 2), (2, 0), (0, 3), (4, 0), (3, 1), (1, 4), (4, 2), (3, 4), (4, 3)]"
2767,9,"[(0, 2), (2, 0), (0, 3), (4, 0), (3, 1), (1, 4), (2, 4), (4, 2), (3, 4)]"
2768,9,"[(0, 2), (2, 0), (0, 3), (4, 0), (3, 1), (1, 4), (2, 4), (4, 2), (4, 3)]"
2769,9,"[(0, 2), (2, 0), (0, 3), (4, 0), (3, 1), (4, 1), (2, 4), (3, 4), (4, 3)]"
2770,9,"[(0, 2), (2, 0), (0, 3), (4, 0), (3, 1), (4, 1), (4, 2), (3, 4), (4, 3)]"
2771,9,"[(0, 2), (2, 0), (0, 3), (4, 0), (3, 1), (4, 1), (2, 4), (4, 2), (3, 4)]"
2772,9,"[(0, 2), (2, 0), (0, 3), (4, 0), (3, 1), (4, 1), (2, 4), (4, 2), (4, 3)]"
2773,9,"[(0, 2), (2, 0), (0, 3), (4, 0), (3, 1), (1, 4), (4, 1), (2, 4), (3, 4)]"
2774,9,"[(0, 2), (2, 0), (0, 3), (4, 0), (3, 1), (1, 4), (4, 1), (2, 4), (4, 3)]"
2775,9,"[(0, 2), (2, 0), (0, 3), (4, 0), (3, 1), (1, 4), (4, 1), (4, 2), (3, 4)]"
2776,9,"[(0, 2), (2, 0), (0, 3), (4, 0), (3, 1), (1, 4), (4, 1), (4, 2), (4, 3)]"
2777,9,"[(0, 2), (2, 0), (0, 3), (4, 0), (1, 3), (3, 1), (1, 4), (2, 4), (3, 4)]"
2778,9,"[(0, 2), (2, 0), (0, 3), (4, 0), (1, 3), (3, 1), (1, 4), (2, 4), (4, 3)]"
2779,9,"[(0, 2), (2, 0), (0, 3), (4, 0), (1, 3), (3, 1), (1, 4), (4, 2), (3, 4)]"
2780,9,"[(0, 2), (2, 0), (0, 3), (4, 0), (1, 3), (3, 1), (1, 4), (4, 2), (4, 3)]"
2781,9,"[(0, 2), (2, 0), (0, 3), (4, 0), (1, 3), (3, 1), (4, 1), (2, 4), (3, 4)]"
2782,9,"[(0, 2), (2, 0), (0, 3), (4, 0), (1, 3), (3, 1), (4, 1), (2, 4), (4, 3)]"
2783,9,"[(0, 2), (2, 0), (0, 3), (4, 0), (1, 3), (3, 1), (4, 1), (4, 2), (3, 4)]"
2784,9,"[(0, 2), (2, 0), (0, 3), (4, 0), (1, 3), (3, 1), (4, 1), (4, 2), (4, 3)]"
2785,9,"[(0, 2), (2, 0), (0, 3), (0, 4), (4, 0), (1, 3), (1, 4), (2, 4), (3, 4)]"
2786,9,"[(0, 2), (2, 0), (0, 3), (0, 4), (4, 0), (1, 3), (1, 4), (2, 4), (4, 3)]"
2787,9,"[(0, 2), (2, 0), (0, 3), (0, 4), (4, 0), (1, 3), (1, 4), (4, 2), (3, 4)]"
2788,9,"[(0, 2), (2, 0), (0, 3), (0, 4), (4, 0), (1, 3), (1, 4), (4, 2), (4, 3)]"
2789,9,"[(0, 2), (2, 0), (0, 3), (0, 4), (4, 0), (1, 3), (4, 1), (2, 4), (3, 4)]"
2790,9,"[(0, 2), (2, 0), (0, 3), (0, 4), (4, 0), (1, 3), (4, 1), (2, 4), (4, 3)]"
2791,9,"[(0, 2), (2, 0), (0, 3), (0, 4), (4, 0), (1, 3), (4, 1), (4, 2), (3, 4)]"
2792,9,"[(0, 2), (2, 0), (0, 3), (0, 4), (4, 0), (1, 3), (4, 1), (4, 2), (4, 3)]"
2793,9,"[(0, 2), (2, 0), (0, 3), (0, 4), (4, 0), (3, 1), (1, 4), (2, 4), (3, 4)]"
2794,9,"[(0, 2), (2, 0), (0, 3), (0, 4), (4, 0), (3, 1), (1, 4), (2, 4), (4, 3)]"
2795,9,"[(0, 2), (2, 0), (0, 3), (0, 4), (4, 0), (3, 1), (1, 4), (4, 2), (3, 4)]"
2796,9,"[(0, 2), (2, 0), (0, 3), (0, 4), (4, 0), (3, 1), (1, 4), (4, 2), (4, 3)]"
2797,9,"[(0, 2), (2, 0), (0, 3), (0, 4), (4, 0), (3, 1), (4, 1), (2, 4), (3, 4)]"
2798,9,"[(0, 2), (2, 0), (0, 3), (0, 4), (4, 0), (3, 1), (4, 1), (2, 4), (4, 3)]"
2799,9,"[(0, 2), (2, 0), (0, 3), (0, 4), (4, 0), (3, 1), (4, 1), (4, 2), (3, 4)]"
2800,9,"[(0, 2), (2, 0), (0, 3), (0, 4), (4, 0), (3, 1), (4, 1), (4, 2), (4, 3)]"
2801,9,"[(0, 2), (2, 0), (3, 0), (0, 4), (1, 3), (1, 4), (2, 4), (3, 4), (4, 3)]"
2802,9,"[(0, 2), (2, 0), (3, 0), (0, 4), (1, 3), (1, 4), (4, 2), (3, 4), (4, 3)]"
2803,9,"[(0, 2), (2, 0), (3, 0), (0, 4), (1, 3), (1, 4), (2, 4), (4, 2), (3, 4)]"
2804,9,"[(0, 2), (2, 0), (3, 0), (0, 4), (1, 3), (1, 4), (2, 4), (4, 2), (4, 3)]"
2805,9,"[(0, 2), (2, 0), (3, 0), (0, 4), (1, 3), (4, 1), (2, 4), (3, 4), (4, 3)]"
2806,9,"[(0, 2), (2, 0), (3, 0), (0, 4), (1, 3), (4, 1), (4, 2), (3, 4), (4, 3)]"
2807,9,"[(0, 2), (2, 0), (3, 0), (0, 4), (1, 3), (4, 1), (2, 4), (4, 2), (3, 4)]"
2808,9,"[(0, 2), (2, 0), (3, 0), (0, 4), (1, 3), (4, 1), (2, 4), (4, 2), (4, 3)]"
2809,9,"[(0, 2), (2, 0), (3, 0), (0, 4), (1, 3), (1, 4), (4, 1), (2, 4), (3, 4)]"
2810,9,"[(0, 2), (2, 0), (3, 0), (0, 4), (1, 3), (1, 4), (4, 1), (2, 4), (4, 3)]"
2811,9,"[(0, 2), (2, 0), (3, 0), (0, 4), (1, 3), (1, 4), (4, 1), (4, 2), (3, 4)]"
2812,9,"[(0, 2), (2, 0), (3, 0), (0, 4), (1, 3), (1, 4), (4, 1), (4, 2), (4, 3)]"
2813,9,"[(0, 2), (2, 0), (3, 0), (0, 4), (3, 1), (1, 4), (2, 4), (3, 4), (4, 3)]"
2814,9,"[(0, 2), (2, 0), (3, 0), (0, 4), (3, 1), (1, 4), (4, 2), (3, 4), (4, 3)]"
2815,9,"[(0, 2), (2, 0), (3, 0), (0, 4), (3, 1), (1, 4), (2, 4), (4, 2), (3, 4)]"
2816,9,"[(0, 2), (2, 0), (3, 0), (0, 4), (3, 1), (1, 4), (2, 4), (4, 2), (4, 3)]"
2817,9,"[(0, 2), (2, 0), (3, 0), (0, 4), (3, 1), (4, 1), (2, 4), (3, 4), (4, 3)]"
2818,9,"[(0, 2), (2, 0), (3, 0), (0, 4), (3, 1), (4, 1), (4, 2), (3, 4), (4, 3)]"
2819,9,"[(0, 2), (2, 0), (3, 0), (0, 4), (3, 1), (4, 1), (2, 4), (4, 2), (3, 4)]"
2820,9,"[(0, 2), (2, 0), (3, 0), (0, 4), (3, 1), (4, 1), (2, 4), (4, 2), (4, 3)]"
2821,9,"[(0, 2), (2, 0), (3, 0), (0, 4), (3, 1), (1, 4), (4, 1), (2, 4), (3, 4)]"
2822,9,"[(0, 2), (2, 0), (3, 0), (0, 4), (3, 1), (1, 4), (4, 1), (2, 4), (4, 3)]"
2823,9,"[(0, 2), (2, 0), (3, 0), (0, 4), (3, 1), (1, 4), (4, 1), (4, 2), (3, 4)]"
2824,9,"[(0, 2), (2, 0), (3, 0), (0, 4), (3, 1), (1, 4), (4, 1), (4, 2), (4, 3)]"
2825,9,"[(0, 2), (2, 0), (3, 0), (4, 0), (1, 3), (1, 4), (2, 4), (3, 4), (4, 3)]"
2826,9,"[(0, 2), (2, 0), (3, 0), (4, 0), (1, 3), (1, 4), (4, 2), (3, 4), (4, 3)]"
2827,9,"[(0, 2), (2, 0), (3, 0), (4, 0), (1, 3), (1, 4), (2, 4), (4, 2), (3, 4)]"
2828,9,"[(0, 2), (2, 0), (3, 0), (4, 0), (1, 3), (1, 4), (2, 4), (4, 2), (4, 3)]"
2829,9,"[(0, 2), (2, 0), (3, 0), (4, 0), (1, 3), (4, 1), (2, 4), (3, 4), (4, 3)]"
2830,9,"[(0, 2), (2, 0), (3, 0), (4, 0), (1, 3), (4, 1), (4, 2), (3, 4), (4, 3)]"
2831,9,"[(0, 2), (2, 0), (3, 0), (4, 0), (1, 3), (4, 1), (2, 4), (4, 2), (3, 4)]"
2832,9,"[(0, 2), (2, 0), (3, 0), (4, 0), (1, 3), (4, 1), (2, 4), (4, 2), (4, 3)]"
2833,9,"[(0, 2), (2, 0), (3, 0), (4, 0), (1, 3), (1, 4), (4, 1), (2, 4), (3, 4)]"
2834,9,"[(0, 2), (2, 0), (3, 0), (4, 0), (1, 3), (1, 4), (4, 1), (2, 4), (4, 3)]"
2835,9,"[(0, 2), (2, 0), (3, 0), (4, 0), (1, 3), (1, 4), (4, 1), (4, 2), (3, 4)]"
2836,9,"[(0, 2), (2, 0), (3, 0), (4, 0), (1, 3), (1, 4), (4, 1), (4, 2), (4, 3)]"
2837,9,"[(0, 2), (2, 0), (3, 0), (4, 0), (3, 1), (1, 4), (2, 4), (3, 4), (4, 3)]"
2838,9,"[(0, 2), (2, 0), (3, 0), (4, 0), (3, 1), (1, 4), (4, 2), (3, 4), (4, 3)]"
2839,9,"[(0, 2), (2, 0), (3, 0), (4, 0), (3, 1), (1, 4), (2, 4), (4, 2), (3, 4)]"
2840,9,"[(0, 2), (2, 0), (3, 0), (4, 0), (3, 1), (1, 4), (2, 4), (4, 2), (4, 3)]"
2841,9,"[(0, 2), (2, 0), (3, 0), (4, 0), (3, 1), (4, 1), (2, 4), (3, 4), (4, 3)]"
2842,9,"[(0, 2), (2, 0), (3, 0), (4, 0), (3, 1), (4, 1), (4, 2), (3, 4), (4, 3)]"
2843,9,"[(0, 2), (2, 0), (3, 0), (4, 0), (3, 1), (4, 1), (2, 4), (4, 2), (3, 4)]"
2844,9,"[(0, 2), (2, 0), (3, 0), (4, 0), (3, 1), (4, 1), (2, 4), (4, 2), (4, 3)]"
2845,9,"[(0, 2), (2, 0), (3, 0), (4, 0), (3, 1), (1, 4), (4, 1), (2, 4), (3, 4)]"
2846,9,"[(0, 2), (2, 0), (3, 0), (4, 0), (3, 1), (1, 4), (4, 1), (2, 4), (4, 3)]"
2847,9,"[(0, 2), (2, 0), (3, 0), (4, 0), (3, 1), (1, 4), (4, 1), (4, 2), (3, 4)]"
2848,9,"[(0, 2), (2, 0), (3, 0), (4, 0), (3, 1), (1, 4), (4, 1), (4, 2), (4, 3)]"
2849,9,"[(0, 2), (2, 0), (3, 0), (0, 4), (4, 0), (1, 3), (1, 4), (2, 4), (3, 4)]"
2850,9,"[(0, 2), (2, 0), (3, 0), (0, 4), (4, 0), (1, 3), (1, 4), (2, 4), (4, 3)]"
2851,9,"[(0, 2), (2, 0), (3, 0), (0, 4), (4, 0), (1, 3), (1, 4), (4, 2), (3, 4)]"
2852,9,"[(0, 2), (2, 0), (3, 0), (0, 4), (4, 0), (1, 3), (1, 4), (4, 2), (4, 3)]"
2853,9,"[(0, 2), (2, 0), (3, 0), (0, 4), (4, 0), (1, 3), (4, 1), (2, 4), (3, 4)]"
2854,9,"[(0, 2), (2, 0), (3, 0), (0, 4), (4, 0), (1, 3), (4, 1), (2, 4), (4, 3)]"
2855,9,"[(0, 2), (2, 0), (3, 0), (0, 4), (4, 0), (1, 3), (4, 1), (4, 2), (3, 4)]"
2856,9,"[(0, 2), (2, 0), (3, 0), (0, 4), (4, 0), (1, 3), (4, 1), (4, 2), (4, 3)]"
2857,9,"[(0, 2), (2, 0), (3, 0), (0, 4), (4, 0), (3, 1), (1, 4), (2, 4), (3, 4)]"
2858,9,"[(0, 2), (2, 0), (3, 0), (0, 4), (4, 0), (3, 1), (1, 4), (2, 4), (4, 3)]"
2859,9,"[(0, 2), (2, 0), (3, 0), (0, 4), (4, 0), (3, 1), (1, 4), (4, 2), (3, 4)]"
2860,9,"[(0, 2), (2, 0), (3, 0), (0, 4), (4, 0), (3, 1), (1, 4), (4, 2), (4, 3)]"
2861,9,"[(0, 2), (2, 0), (3, 0), (0, 4), (4, 0), (3, 1), (4, 1), (2, 4), (3, 4)]"
2862,9,"[(0, 2), (2, 0), (3, 0), (0, 4), (4, 0), (3, 1), (4, 1), (2, 4), (4, 3)]"
2863,9,"[(0, 2), (2, 0), (3, 0), (0, 4), (4, 0), (3, 1), (4, 1), (4, 2), (3, 4)]"
2864,9,"[(0, 2), (2, 0), (3, 0), (0, 4), (4, 0), (3, 1), (4, 1), (4, 2), (4, 3)]"
2865,9,"[(0, 2), (2, 0), (0, 3), (3, 0), (0, 4), (1, 3), (1, 4), (2, 4), (3, 4)]"
2866,9,"[(0, 2), (2, 0), (0, 3), (3, 0), (0, 4), (1, 3), (1, 4), (2, 4), (4, 3)]"
2867,9,"[(0, 2), (2, 0), (0, 3), (3, 0), (0, 4), (1, 3), (1, 4), (4, 2), (3, 4)]"
2868,9,"[(0, 2), (2, 0), (0, 3), (3, 0), (0, 4), (1, 3), (1, 4), (4, 2), (4, 3)]"
2869,9,"[(0, 2), (2, 0), (0, 3), (3, 0), (0, 4), (1, 3), (4, 1), (2, 4), (3, 4)]"
2870,9,"[(0, 2), (2, 0), (0, 3), (3, 0), (0, 4), (1, 3), (4, 1), (2, 4), (4, 3)]"
2871,9,"[(0, 2), (2, 0), (0, 3), (3, 0), (0, 4), (1, 3), (4, 1), (4, 2), (3, 4)]"
2872,9,"[(0, 2), (2, 0), (0, 3), (3, 0), (0, 4), (1, 3), (4, 1), (4, 2), (4, 3)]"
2873,9,"[(0, 2), (2, 0), (0, 3), (3, 0), (0, 4), (3, 1), (1, 4), (2, 4), (3, 4)]"
2874,9,"[(0, 2), (2, 0), (0, 3), (3, 0), (0, 4), (3, 1), (1, 4), (2, 4), (4, 3)]"
2875,9,"[(0, 2), (2, 0), (0, 3), (3, 0), (0, 4), (3, 1), (1, 4), (4, 2), (3, 4)]"
2876,9,"[(0, 2), (2, 0), (0, 3), (3, 0), (0, 4), (3, 1), (1, 4), (4, 2), (4, 3)]"
2877,9,"[(0, 2), (2, 0), (0, 3), (3, 0), (0, 4), (3, 1), (4, 1), (2, 4), (3, 4)]"
2878,9,"[(0, 2), (2, 0), (0, 3), (3, 0), (0, 4), (3, 1), (4, 1), (2, 4), (4, 3)]"
2879,9,"[(0, 2), (2, 0), (0, 3), (3, 0), (0, 4), (3, 1), (4, 1), (4, 2), (3, 4)]"
2880,9,"[(0, 2), (2, 0), (0, 3), (3, 0), (0, 4), (3, 1), (4, 1), (4, 2), (4, 3)]"
2881,9,"[(0, 2), (2, 0), (0, 3), (3, 0), (4, 0), (1, 3), (1, 4), (2, 4), (3, 4)]"
2882,9,"[(0, 2), (2, 0), (0, 3), (3, 0), (4, 0), (1, 3), (1, 4), (2, 4), (4, 3)]"
2883,9,"[(0, 2), (2, 0), (0, 3), (3, 0), (4, 0), (1, 3), (1, 4), (4, 2), (3, 4)]"
2884,9,"[(0, 2), (2, 0), (0, 3), (3, 0), (4, 0), (1, 3), (1, 4), (4, 2), (4, 3)]"
2885,9,"[(0, 2), (2, 0), (0, 3), (3, 0), (4, 0), (1, 3), (4, 1), (2, 4), (3, 4)]"
2886,9,"[(0, 2), (2, 0), (0, 3), (3, 0), (4, 0), (1, 3), (4, 1), (2, 4), (4, 3)]"
2887,9,"[(0, 2), (2, 0), (0, 3), (3, 0), (4, 0), (1, 3), (4, 1), (4, 2), (3, 4)]"
2888,9,"[(0, 2), (2, 0), (0, 3), (3, 0), (4, 0), (1, 3), (4, 1), (4, 2), (4, 3)]"
2889,9,"[(0, 2), (2, 0), (0, 3), (3, 0), (4, 0), (3, 1), (1, 4), (2, 4), (3, 4)]"
2890,9,"[(0, 2), (2, 0), (0, 3), (3, 0), (4, 0), (3, 1), (1, 4), (2, 4), (4, 3)]"
2891,9,"[(0, 2), (2, 0), (0, 3), (3, 0), (4, 0), (3, 1), (1, 4), (4, 2), (3, 4)]"
2892,9,"[(0, 2), (2, 0), (0, 3), (3, 0), (4, 0), (3, 1), (1, 4), (4, 2), (4, 3)]"
2893,9,"[(0, 2), (2, 0), (0, 3), (3, 0), (4, 0), (3, 1), (4, 1), (2, 4), (3, 4)]"
2894,9,"[(0, 2), (2, 0), (0, 3), (3, 0), (4, 0), (3, 1), (4, 1), (2, 4), (4, 3)]"
2895,9,"[(0, 2), (2, 0), (0, 3), (3, 0), (4, 0), (3, 1), (4, 1), (4, 2), (3, 4)]"
2896,9,"[(0, 2), (2, 0), (0, 3), (3, 0), (4, 0), (3, 1), (4, 1), (4, 2), (4, 3)]"
2897,9,"[(0, 2), (0, 3), (0, 4), (1, 4), (4, 1), (2, 3), (3, 2), (2, 4), (4, 2)]"
2898,9,"[(0, 2), (0, 3), (4, 0), (1, 4), (4, 1), (2, 3), (3, 2), (2, 4), (4, 2)]"
2899,9,"[(0, 2), (0, 3), (0, 4), (4, 0), (1, 4), (2, 3), (3, 2), (2, 4), (4, 2)]"
2900,9,"[(0, 2), (0, 3), (0, 4), (4, 0), (4, 1), (2, 3), (3, 2), (2, 4), (4, 2)]"
2901,9,"[(0, 2), (0, 3), (0, 4), (4, 0), (1, 4), (4, 1), (2, 3), (2, 4), (4, 2)]"
2902,9,"[(0, 2), (0, 3), (0, 4), (4, 0), (1, 4), (4, 1), (3, 2), (2, 4), (4, 2)]"
2903,9,"[(0, 2), (0, 3), (0, 4), (4, 0), (1, 4), (4, 1), (2, 3), (3, 2), (2, 4)]"
2904,9,"[(0, 2), (0, 3), (0, 4), (4, 0), (1, 4), (4, 1), (2, 3), (3, 2), (4, 2)]"
2905,9,"[(0, 2), (3, 0), (0, 4), (1, 4), (4, 1), (2, 3), (3, 2), (2, 4), (4, 2)]"
2906,9,"[(0, 2), (3, 0), (4, 0), (1, 4), (4, 1), (2, 3), (3, 2), (2, 4), (4, 2)]"
2907,9,"[(0, 2), (3, 0), (0, 4), (4, 0), (1, 4), (2, 3), (3, 2), (2, 4), (4, 2)]"
2908,9,"[(0, 2), (3, 0), (0, 4), (4, 0), (4, 1), (2, 3), (3, 2), (2, 4), (4, 2)]"
2909,9,"[(0, 2), (3, 0), (0, 4), (4, 0), (1, 4), (4, 1), (2, 3), (2, 4), (4, 2)]"
2910,9,"[(0, 2), (3, 0), (0, 4), (4, 0), (1, 4), (4, 1), (3, 2), (2, 4), (4, 2)]"
2911,9,"[(0, 2), (3, 0), (0, 4), (4, 0), (1, 4), (4, 1), (2, 3), (3, 2), (2, 4)]"
2912,9,"[(0, 2), (3, 0), (0, 4), (4, 0), (1, 4), (4, 1), (2, 3), (3, 2), (4, 2)]"
2913,9,"[(0, 2), (0, 3), (3, 0), (0, 4), (1, 4), (2, 3), (3, 2), (2, 4), (4, 2)]"
2914,9,"[(0, 2), (0, 3), (3, 0), (0, 4), (4, 1), (2, 3), (3, 2), (2, 4), (4, 2)]"
2915,9,"[(0, 2), (0, 3), (3, 0), (0, 4), (1, 4), (4, 1), (2, 3), (2, 4), (4, 2)]"
2916,9,"[(0, 2), (0, 3), (3, 0), (0, 4), (1, 4), (4, 1), (3, 2), (2, 4), (4, 2)]"
2917,9,"[(0, 2), (0, 3), (3, 0), (0, 4), (1, 4), (4, 1), (2, 3), (3, 2), (2, 4)]"
2918,9,"[(0, 2), (0, 3), (3, 0), (0, 4), (1, 4), (4, 1), (2, 3), (3, 2), (4, 2)]"
2919,9,"[(0, 2), (0, 3), (3, 0), (4, 0), (1, 4), (2, 3), (3, 2), (2, 4), (4, 2)]"
2920,9,"[(0, 2), (0, 3), (3, 0), (4, 0), (4, 1), (2, 3), (3, 2), (2, 4), (4, 2)]"
2921,9,"[(0, 2), (0, 3), (3, 0), (4, 0), (1, 4), (4, 1), (2, 3), (2, 4), (4, 2)]"
2922,9,"[(0, 2), (0, 3), (3, 0), (4, 0), (1, 4), (4, 1), (3, 2), (2, 4), (4, 2)]"
2923,9,"[(0, 2), (0, 3), (3, 0), (4, 0), (1, 4), (4, 1), (2, 3), (3, 2), (2, 4)]"
2924,9,"[(0, 2), (0, 3), (3, 0), (4, 0), (1, 4), (4, 1), (2, 3), (3, 2), (4, 2)]"
2925,9,"[(0, 2), (0, 3), (3, 0), (0, 4), (4, 0), (1, 4), (2, 3), (2, 4), (4, 2)]"
2926,9,"[(0, 2), (0, 3), (3, 0), (0, 4), (4, 0), (1, 4), (3, 2), (2, 4), (4, 2)]"
2927,9,"[(0, 2), (0, 3), (3, 0), (0, 4), (4, 0), (1, 4), (2, 3), (3, 2), (2, 4)]"
2928,9,"[(0, 2), (0, 3), (3, 0), (0, 4), (4, 0), (1, 4), (2, 3), (3, 2), (4, 2)]"
2929,9,"[(0, 2), (0, 3), (3, 0), (0, 4), (4, 0), (4, 1), (2, 3), (2, 4), (4, 2)]"
2930,9,"[(0, 2), (0, 3), (3, 0), (0, 4), (4, 0), (4, 1), (3, 2), (2, 4), (4, 2)]"
2931,9,"[(0, 2), (0, 3), (3, 0), (0, 4), (4, 0), (4, 1), (2, 3), (3, 2), (2, 4)]"
2932,9,"[(0, 2), (0, 3), (3, 0), (0, 4), (4, 0), (4, 1), (2, 3), (3, 2), (4, 2)]"
2933,9,"[(0, 2), (0, 3), (3, 0), (0, 4), (4, 0), (1, 4), (4, 1), (2, 3), (2, 4)]"
2934,9,"[(0, 2), (0, 3), (3, 0), (0, 4), (4, 0), (1, 4), (4, 1), (2, 3), (4, 2)]"
2935,9,"[(0, 2), (0, 3), (3, 0), (0, 4), (4, 0), (1, 4), (4, 1), (3, 2), (2, 4)]"
2936,9,"[(0, 2), (0, 3), (3, 0), (0, 4), (4, 0), (1, 4), (4, 1), (3, 2), (4, 2)]"
2937,9,"[(0, 2), (2, 0), (0, 3), (0, 4), (1, 4), (4, 1), (3, 2), (2, 4), (4, 2)]"
2938,9,"[(0, 2), (2, 0), (0, 3), (4, 0), (1, 4), (4, 1), (3, 2), (2, 4), (4, 2)]"
2939,9,"[(0, 2), (2, 0), (0, 3), (0, 4), (4, 0), (1, 4), (2, 3), (2, 4), (4, 2)]"
2940,9,"[(0, 2), (2, 0), (0, 3), (0, 4), (4, 0), (1, 4), (3, 2), (2, 4), (4, 2)]"
2941,9,"[(0, 2), (2, 0), (0, 3), (0, 4), (4, 0), (4, 1), (2, 3), (2, 4), (4, 2)]"
2942,9,"[(0, 2), (2, 0), (0, 3), (0, 4), (4, 0), (4, 1), (3, 2), (2, 4), (4, 2)]"
2943,9,"[(0, 2), (2, 0), (0, 3), (0, 4), (4, 0), (1, 4), (4, 1), (2, 3), (2, 4)]"
2944,9,"[(0, 2), (2, 0), (0, 3), (0, 4), (4, 0), (1, 4), (4, 1), (2, 3), (4, 2)]"
2945,9,"[(0, 2), (2, 0), (0, 3), (0, 4), (4, 0), (1, 4), (4, 1), (3, 2), (2, 4)]"
2946,9,"[(0, 2), (2, 0), (0, 3), (0, 4), (4, 0), (1, 4), (4, 1), (3, 2), (4, 2)]"
2947,9,"[(0, 2), (2, 0), (3, 0), (0, 4), (4, 0), (1, 4), (3, 2), (2, 4), (4, 2)]"
2948,9,"[(0, 2), (2, 0), (3, 0), (0, 4), (4, 0), (4, 1), (3, 2), (2, 4), (4, 2)]"
2949,9,"[(0, 2), (2, 0), (3, 0), (0, 4), (4, 0), (1, 4), (4, 1), (3, 2), (2, 4)]"
2950,9,"[(0, 2), (2, 0), (3, 0), (0, 4), (4, 0), (1, 4), (4, 1), (3, 2), (4, 2)]"
2951,9,"[(0, 2), (2, 0), (0, 3), (3, 0), (0, 4), (1, 4), (2, 3), (2, 4), (4, 2)]"
2952,9,"[(0, 2), (2, 0), (0, 3), (3, 0), (0, 4), (1, 4), (3, 2), (2, 4), (4, 2)]"
2953,9,"[(0, 2), (2, 0), (0, 3), (3, 0), (0, 4), (1, 4), (2, 3), (3, 2), (2, 4)]"
2954,9,"[(0, 2), (2, 0), (0, 3), (3, 0), (0, 4), (1, 4), (2, 3), (3, 2), (4, 2)]"
2955,9,"[(0, 2), (2, 0), (0, 3), (3, 0), (0, 4), (4, 1), (2, 3), (2, 4), (4, 2)]"
2956,9,"[(0, 2), (2, 0), (0, 3), (3, 0), (0, 4), (4, 1), (3, 2), (2, 4), (4, 2)]"
2957,9,"[(0, 2), (2, 0), (0, 3), (3, 0), (0, 4), (4, 1), (2, 3), (3, 2), (2, 4)]"
2958,9,"[(0, 2), (2, 0), (0, 3), (3, 0), (0, 4), (4, 1), (2, 3), (3, 2), (4, 2)]"
2959,9,"[(0, 2), (2, 0), (0, 3), (3, 0), (0, 4), (1, 4), (4, 1), (2, 3), (2, 4)]"
2960,9,"[(0, 2), (2, 0), (0, 3), (3, 0), (0, 4), (1, 4), (4, 1), (2, 3), (4, 2)]"
2961,9,"[(0, 2), (2, 0), (0, 3), (3, 0), (0, 4), (1, 4), (4, 1), (3, 2), (2, 4)]"
2962,9,"[(0, 2), (2, 0), (0, 3), (3, 0), (0, 4), (1, 4), (4, 1), (3, 2), (4, 2)]"
2963,9,"[(0, 2), (2, 0), (0, 3), (3, 0), (4, 0), (1, 4), (2, 3), (2, 4), (4, 2)]"
2964,9,"[(0, 2), (2, 0), (0, 3), (3, 0), (4, 0), (1, 4), (3, 2), (2, 4), (4, 2)]"
2965,9,"[(0, 2), (2, 0), (0, 3), (3, 0), (4, 0), (1, 4), (2, 3), (3, 2), (4, 2)]"
2966,9,"[(0, 2), (2, 0), (0, 3), (3, 0), (4, 0), (4, 1), (2, 3), (2, 4), (4, 2)]"
2967,9,"[(0, 2), (2, 0), (0, 3), (3, 0), (4, 0), (4, 1), (3, 2), (2, 4), (4, 2)]"
2968,9,"[(0, 2), (2, 0), (0, 3), (3, 0), (4, 0), (4, 1), (2, 3), (3, 2), (4, 2)]"
2969,9,"[(0, 2), (2, 0), (0, 3), (3, 0), (4, 0), (1, 4), (4, 1), (2, 3), (2, 4)]"
2970,9,"[(0, 2), (2, 0), (0, 3), (3, 0), (4, 0), (1, 4), (4, 1), (2, 3), (4, 2)]"
2971,9,"[(0, 2), (2, 0), (0, 3), (3, 0), (4, 0), (1, 4), (4, 1), (3, 2), (2, 4)]"
2972,9,"[(0, 2), (2, 0), (0, 3), (3, 0), (4, 0), (1, 4), (4, 1), (3, 2), (4, 2)]"
2973,9,"[(0, 2), (2, 0), (0, 3), (3, 0), (0, 4), (4, 0), (1, 4), (2, 3), (2, 4)]"
2974,9,"[(0, 2), (2, 0), (0, 3), (3, 0), (0, 4), (4, 0), (1, 4), (2, 3), (4, 2)]"
2975,9,"[(0, 2), (2, 0), (0, 3), (3, 0), (0, 4), (4, 0), (1, 4), (3, 2), (2, 4)]"
2976,9,"[(0, 2), (2, 0), (0, 3), (3, 0), (0, 4), (4, 0), (1, 4), (3, 2), (4, 2)]"
2977,9,"[(0, 2), (2, 0), (0, 3), (3, 0), (0, 4), (4, 0), (4, 1), (2, 3), (2, 4)]"
2978,9,"[(0, 2), (2, 0), (0, 3), (3, 0), (0, 4), (4, 0), (4, 1), (2, 3), (4, 2)]"
2979,9,"[(0, 2), (2, 0), (0, 3), (3, 0), (0, 4), (4, 0), (4, 1), (3, 2), (2, 4)]"
2980,9,"[(0, 2), (2, 0), (0, 3), (3, 0), (0, 4), (4, 0), (4, 1), (3, 2), (4, 2)]"
2981,9,"[(0, 2), (0, 3), (0, 4), (1, 4), (2, 3), (2, 4), (4, 2), (3, 4), (4, 3)]"
2982,9,"[(0, 2), (0, 3), (0, 4), (4, 1), (2, 3), (2, 4), (4, 2), (3, 4), (4, 3)]"
2983,9,"[(0, 2), (0, 3), (0, 4), (1, 4), (4, 1), (2, 3), (2, 4), (3, 4), (4, 3)]"
2984,9,"[(0, 2), (0, 3), (0, 4), (1, 4), (4, 1), (2, 3), (4, 2), (3, 4), (4, 3)]"
2985,9,"[(0, 2), (0, 3), (0, 4), (1, 4), (4, 1), (2, 3), (2, 4), (4, 2), (3, 4)]"
2986,9,"[(0, 2), (0, 3), (0, 4), (1, 4), (4, 1), (2, 3), (2, 4), (4, 2), (4, 3)]"
2987,9,"[(0, 2), (0, 3), (4, 0), (1, 4), (2, 3), (2, 4), (4, 2), (3, 4), (4, 3)]"
2988,9,"[(0, 2), (0, 3), (4, 0), (4, 1), (2, 3), (2, 4), (4, 2), (3, 4), (4, 3)]"
2989,9,"[(0, 2), (0, 3), (4, 0), (1, 4), (4, 1), (2, 3), (2, 4), (3, 4), (4, 3)]"
2990,9,"[(0, 2), (0, 3), (4, 0), (1, 4), (4, 1), (2, 3), (4, 2), (3, 4), (4, 3)]"
2991,9,"[(0, 2), (0, 3), (4, 0), (1, 4), (4, 1), (2, 3), (2, 4), (4, 2), (3, 4)]"
2992,9,"[(0, 2), (0, 3), (4, 0), (1, 4), (4, 1), (2, 3), (2, 4), (4, 2), (4, 3)]"
2993,9,"[(0, 2), (0, 3), (0, 4), (4, 0), (1, 4), (2, 3), (2, 4), (3, 4), (4, 3)]"
2994,9,"[(0, 2), (0, 3), (0, 4), (4, 0), (1, 4), (2, 3), (4, 2), (3, 4), (4, 3)]"
2995,9,"[(0, 2), (0, 3), (0, 4), (4, 0), (1, 4), (2, 3), (2, 4), (4, 2), (3, 4)]"
2996,9,"[(0, 2), (0, 3), (0, 4), (4, 0), (1, 4), (2, 3), (2, 4), (4, 2), (4, 3)]"
2997,9,"[(0, 2), (0, 3), (0, 4), (4, 0), (4, 1), (2, 3), (2, 4), (3, 4), (4, 3)]"
2998,9,"[(0, 2), (0, 3), (0, 4), (4, 0), (4, 1), (2, 3), (4, 2), (3, 4), (4, 3)]"
2999,9,"[(0, 2), (0, 3), (0, 4), (4, 0), (4, 1), (2, 3), (2, 4), (4, 2), (3, 4)]"
3000,9,"[(0, 2), (0, 3), (0, 4), (4, 0), (4, 1), (2, 3), (2, 4), (4, 2), (4, 3)]"
3001,9,"[(0, 2), (0, 3), (0, 4), (4, 0), (1, 4), (4, 1), (2, 3), (2, 4), (3, 4)]"
3002,9,"[(0, 2), (0, 3), (0, 4), (4, 0), (1, 4), (4, 1), (2, 3), (2, 4), (4, 3)]"
3003,9,"[(0, 2), (0, 3), (0, 4), (4, 0), (1, 4), (4, 1), (2, 3), (4, 2), (3, 4)]"
3004,9,"[(0, 2), (0, 3), (0, 4), (4, 0), (1, 4), (4, 1), (2, 3), (4, 2), (4, 3)]"
3005,9,"[(0, 2), (3, 0), (0, 4), (4, 0), (1, 4), (2, 3), (2, 4), (4, 2), (3, 4)]"
3006,9,"[(0, 2), (3, 0), (0, 4), (4, 0), (1, 4), (2, 3), (2, 4), (4, 2), (4, 3)]"
3007,9,"[(0, 2), (3, 0), (0, 4), (4, 0), (4, 1), (2, 3), (2, 4), (4, 2), (3, 4)]"
3008,9,"[(0, 2), (3, 0), (0, 4), (4, 0), (4, 1), (2, 3), (2, 4), (4, 2), (4, 3)]"
3009,9,"[(0, 2), (3, 0), (0, 4), (4, 0), (1, 4), (4, 1), (2, 3), (2, 4), (3, 4)]"
3010,9,"[(0, 2), (3, 0), (0, 4), (4, 0), (1, 4), (4, 1), (2, 3), (2, 4), (4, 3)]"
3011,9,"[(0, 2), (3, 0), (0, 4), (4, 0), (1, 4), (4, 1), (2, 3), (4, 2), (3, 4)]"
3012,9,"[(0, 2), (3, 0), (0, 4), (4, 0), (1, 4), (4, 1), (2, 3), (4, 2), (4, 3)]"
3013,9,"[(0, 2), (2, 0), (0, 3), (0, 4), (1, 4), (2, 3), (2, 4), (3, 4), (4, 3)]"
3014,9,"[(0, 2), (2, 0), (0, 3), (0, 4), (1, 4), (2, 3), (4, 2), (3, 4), (4, 3)]"
3015,9,"[(0, 2), (2, 0), (0, 3), (0, 4), (1, 4), (3, 2), (2, 4), (3, 4), (4, 3)]"
3016,9,"[(0, 2), (2, 0), (0, 3), (0, 4), (1, 4), (3, 2), (4, 2), (3, 4), (4, 3)]"
3017,9,"[(0, 2), (2, 0), (0, 3), (0, 4), (1, 4), (3, 2), (2, 4), (4, 2), (3, 4)]"
3018,9,"[(0, 2), (2, 0), (0, 3), (0, 4), (1, 4), (3, 2), (2, 4), (4, 2), (4, 3)]"
3019,9,"[(0, 2), (2, 0), (0, 3), (0, 4), (4, 1), (2, 3), (2, 4), (3, 4), (4, 3)]"
3020,9,"[(0, 2), (2, 0), (0, 3), (0, 4), (4, 1), (2, 3), (4, 2), (3, 4), (4, 3)]"
3021,9,"[(0, 2), (2, 0), (0, 3), (0, 4), (4, 1), (3, 2), (2, 4), (3, 4), (4, 3)]"
3022,9,"[(0, 2), (2, 0), (0, 3), (0, 4), (4, 1), (3, 2), (4, 2), (3, 4), (4, 3)]"
3023,9,"[(0, 2), (2, 0), (0, 3), (0, 4), (4, 1), (3, 2), (2, 4), (4, 2), (3, 4)]"
3024,9,"[(0, 2), (2, 0), (0, 3), (0, 4), (4, 1), (3, 2), (2, 4), (4, 2), (4, 3)]"
3025,9,"[(0, 2), (2, 0), (0, 3), (0, 4), (1, 4), (4, 1), (2, 3), (2, 4), (3, 4)]"
3026,9,"[(0, 2), (2, 0), (0, 3), (0, 4), (1, 4), (4, 1), (2, 3), (2, 4), (4, 3)]"
3027,9,"[(0, 2), (2, 0), (0, 3), (0, 4), (1, 4), (4, 1), (2, 3), (4, 2), (3, 4)]"
3028,9,"[(0, 2), (2, 0), (0, 3), (0, 4), (1, 4), (4, 1), (2, 3), (4, 2), (4, 3)]"
3029,9,"[(0, 2), (2, 0), (0, 3), (0, 4), (1, 4), (4, 1), (3, 2), (2, 4), (3, 4)]"
3030,9,"[(0, 2), (2, 0), (0, 3), (0, 4), (1, 4), (4, 1), (3, 2), (2, 4), (4, 3)]"
3031,9,"[(0, 2), (2, 0), (0, 3), (0, 4), (1, 4), (4, 1), (3, 2), (4, 2), (3, 4)]"
3032,9,"[(0, 2), (2, 0), (0, 3), (0, 4), (1, 4), (4, 1), (3, 2), (4, 2), (4, 3)]"
3033,9,"[(0, 2), (2, 0), (0, 3), (4, 0), (1, 4), (2, 3), (4, 2), (3, 4), (4, 3)]"
3034,9,"[(0, 2), (2, 0), (0, 3), (4, 0), (1, 4), (3, 2), (2, 4), (3, 4), (4, 3)]"
3035,9,"[(0, 2), (2, 0), (0, 3), (4, 0), (1, 4), (3, 2), (4, 2), (3, 4), (4, 3)]"
3036,9,"[(0, 2), (2, 0), (0, 3), (4, 0), (1, 4), (3, 2), (2, 4), (4, 2), (3, 4)]"
3037,9,"[(0, 2), (2, 0), (0, 3), (4, 0), (1, 4), (3, 2), (2, 4), (4, 2), (4, 3)]"
3038,9,"[(0, 2), (2, 0), (0, 3), (4, 0), (4, 1), (2, 3), (4, 2), (3, 4), (4, 3)]"
3039,9,"[(0, 2), (2, 0), (0, 3), (4, 0), (4, 1), (3, 2), (2, 4), (3, 4), (4, 3)]"
3040,9,"[(0, 2), (2, 0), (0, 3), (4, 0), (4, 1), (3, 2), (4, 2), (3, 4), (4, 3)]"
3041,9,"[(0, 2), (2, 0), (0, 3), (4, 0), (4, 1), (3, 2), (2, 4), (4, 2), (3, 4)]"
3042,9,"[(0, 2), (2, 0), (0, 3), (4, 0), (4, 1), (3, 2), (2, 4), (4, 2), (4, 3)]"
3043,9,"[(0, 2), (2, 0), (0, 3), (4, 0), (1, 4), (4, 1), (2, 3), (4, 2), (3, 4)]"
3044,9,"[(0, 2), (2, 0), (0, 3), (4, 0), (1, 4), (4, 1), (2, 3), (4, 2), (4, 3)]"
3045,9,"[(0, 2), (2, 0), (0, 3), (4, 0), (1, 4), (4, 1), (3, 2), (2, 4), (3, 4)]"
3046,9,"[(0, 2), (2, 0), (0, 3), (4, 0), (1, 4), (4, 1), (3, 2), (2, 4), (4, 3)]"
3047,9,"[(0, 2), (2, 0), (0, 3), (4, 0), (1, 4), (4, 1), (3, 2), (4, 2), (3, 4)]"
3048,9,"[(0, 2), (2, 0), (0, 3), (4, 0), (1, 4), (4, 1), (3, 2), (4, 2), (4, 3)]"
3049,9,"[(0, 2), (2, 0), (0, 3), (0, 4), (4, 0), (1, 4), (2, 3), (2, 4), (3, 4)]"
3050,9,"[(0, 2), (2, 0), (0, 3), (0, 4), (4, 0), (1, 4), (2, 3), (2, 4), (4, 3)]"
3051,9,"[(0, 2), (2, 0), (0, 3), (0, 4), (4, 0), (1, 4), (2, 3), (4, 2), (3, 4)]"
3052,9,"[(0, 2), (2, 0), (0, 3), (0, 4), (4, 0), (1, 4), (2, 3), (4, 2), (4, 3)]"
3053,9,"[(0, 2), (2, 0), (0, 3), (0, 4), (4, 0), (1, 4), (3, 2), (2, 4), (3, 4)]"
3054,9,"[(0, 2), (2, 0), (0, 3), (0, 4), (4, 0), (1, 4), (3, 2), (2, 4), (4, 3)]"
3055,9,"[(0, 2), (2, 0), (0, 3), (0, 4), (4, 0), (1, 4), (3, 2), (4, 2), (3, 4)]"
3056,9,"[(0, 2), (2, 0), (0, 3), (0, 4), (4, 0), (1, 4), (3, 2), (4, 2), (4, 3)]"
3057,9,"[(0, 2), (2, 0), (0, 3), (0, 4), (4, 0), (4, 1), (2, 3), (2, 4), (3, 4)]"
3058,9,"[(0, 2), (2, 0), (0, 3), (0, 4), (4, 0), (4, 1), (2, 3), (2, 4), (4, 3)]"
3059,9,"[(0, 2), (2, 0), (0, 3), (0, 4), (4, 0), (4, 1), (2, 3), (4, 2), (3, 4)]"
3060,9,"[(0, 2), (2, 0), (0, 3), (0, 4), (4, 0), (4, 1), (2, 3), (4, 2), (4, 3)]"
3061,9,"[(0, 2), (2, 0), (0, 3), (0, 4), (4, 0), (4, 1), (3, 2), (2, 4), (3, 4)]"
3062,9,"[(0, 2), (2, 0), (0, 3), (0, 4), (4, 0), (4, 1), (3, 2), (2, 4), (4, 3)]"
3063,9,"[(0, 2), (2, 0), (0, 3), (0, 4), (4, 0), (4, 1), (3, 2), (4, 2), (3, 4)]"
3064,9,"[(0, 2), (2, 0), (0, 3), (0, 4), (4, 0), (4, 1), (3, 2), (4, 2), (4, 3)]"
3065,9,"[(0, 2), (2, 0), (3, 0), (0, 4), (1, 4), (3, 2), (2, 4), (3, 4), (4, 3)]"
3066,9,"[(0, 2), (2, 0), (3, 0), (0, 4), (1, 4), (3, 2), (4, 2), (3, 4), (4, 3)]"
3067,9,"[(0, 2), (2, 0), (3, 0), (0, 4), (4, 1), (3, 2), (2, 4), (3, 4), (4, 3)]"
3068,9,"[(0, 2), (2, 0), (3, 0), (0, 4), (4, 1), (3, 2), (4, 2), (3, 4), (4, 3)]"
3069,9,"[(0, 2), (2, 0), (3, 0), (0, 4), (1, 4), (4, 1), (3, 2), (2, 4), (3, 4)]"
3070,9,"[(0, 2), (2, 0), (3, 0), (0, 4), (1, 4), (4, 1), (3, 2), (2, 4), (4, 3)]"
3071,9,"[(0, 2), (2, 0), (3, 0), (0, 4), (1, 4), (4, 1), (3, 2), (4, 2), (3, 4)]"
3072,9,"[(0, 2), (2, 0), (3, 0), (0, 4), (1, 4), (4, 1), (3, 2), (4, 2), (4, 3)]"
3073,9,"[(0, 2), (2, 0), (3, 0), (4, 0), (1, 4), (3, 2), (4, 2), (3, 4), (4, 3)]"
3074,9,"[(0, 2), (2, 0), (3, 0), (4, 0), (4, 1), (3, 2), (4, 2), (3, 4), (4, 3)]"
3075,9,"[(0, 2), (2, 0), (3, 0), (4, 0), (1, 4), (4, 1), (3, 2), (4, 2), (3, 4)]"
3076,9,"[(0, 2), (2, 0), (3, 0), (4, 0), (1, 4), (4, 1), (3, 2), (4, 2), (4, 3)]"
3077,9,"[(0, 2), (2, 0), (3, 0), (0, 4), (4, 0), (1, 4), (3, 2), (2, 4), (3, 4)]"
3078,9,"[(0, 2), (2, 0), (3, 0), (0, 4), (4, 0), (1, 4), (3, 2), (2, 4), (4, 3)]"
3079,9,"[(0, 2), (2, 0), (3, 0), (0, 4), (4, 0), (1, 4), (3, 2), (4, 2), (3, 4)]"
3080,9,"[(0, 2), (2, 0), (3, 0), (0, 4), (4, 0), (1, 4), (3, 2), (4, 2), (4, 3)]"
3081,9,"[(0, 2), (2, 0), (3, 0), (0, 4), (4, 0), (4, 1), (3, 2), (2, 4), (3, 4)]"
3082,9,"[(0, 2), (2, 0), (3, 0), (0, 4), (4, 0), (4, 1), (3, 2), (2, 4), (4, 3)]"
3083,9,"[(0, 2), (2, 0), (3, 0), (0, 4), (4, 0), (4, 1), (3, 2), (4, 2), (3, 4)]"
3084,9,"[(0, 2), (2, 0), (3, 0), (0, 4), (4, 0), (4, 1), (3, 2), (4, 2), (4, 3)]"
3085,9,"[(0, 2), (2, 0), (0, 3), (3, 0), (0, 4), (1, 4), (2, 3), (2, 4), (3, 4)]"
3086,9,"[(0, 2), (2, 0), (0, 3), (3, 0), (0, 4), (1, 4), (2, 3), (2, 4), (4, 3)]"
3087,9,"[(0, 2), (2, 0), (0, 3), (3, 0), (0, 4), (1, 4), (2, 3), (4, 2), (3, 4)]"
3088,9,"[(0, 2), (2, 0), (0, 3), (3, 0), (0, 4), (1, 4), (2, 3), (4, 2), (4, 3)]"
3089,9,"[(0, 2), (2, 0), (0, 3), (3, 0), (0, 4), (4, 1), (2, 3), (2, 4), (3, 4)]"
3090,9,"[(0, 2), (2, 0), (0, 3), (3, 0), (0, 4), (4, 1), (2, 3), (2, 4), (4, 3)]"
3091,9,"[(0, 2), (2, 0), (0, 3), (3, 0), (0, 4), (4, 1), (2, 3), (4, 2), (3, 4)]"
3092,9,"[(0, 2), (2, 0), (0, 3), (3, 0), (0, 4), (4, 1), (2, 3), (4, 2), (4, 3)]"
3093,9,"[(0, 2), (2, 0), (0, 3), (3, 0), (4, 0), (1, 4), (2, 3), (2, 4), (3, 4)]"
3094,9,"[(0, 2), (2, 0), (0, 3), (3, 0), (4, 0), (1, 4), (2, 3), (2, 4), (4, 3)]"
3095,9,"[(0, 2), (2, 0), (0, 3), (3, 0), (4, 0), (1, 4), (2, 3), (4, 2), (3, 4)]"
3096,9,"[(0, 2), (2, 0), (0, 3), (3, 0), (4, 0), (1, 4), (2, 3), (4, 2), (4, 3)]"
3097,9,"[(0, 2), (2, 0), (0, 3), (3, 0), (4, 0), (4, 1), (2, 3), (2, 4), (3, 4)]"
3098,9,"[(0, 2), (2, 0), (0, 3), (3, 0), (4, 0), (4, 1), (2, 3), (2, 4), (4, 3)]"
3099,9,"[(0, 2), (2, 0), (0, 3), (3, 0), (4, 0), (4, 1), (2, 3), (4, 2), (3, 4)]"
3100,9,"[(0, 2), (2, 0), (0, 3), (3, 0), (4, 0), (4, 1), (2, 3), (4, 2), (4, 3)]"
3101,9,"[(0, 2), (0, 3), (0, 4), (1, 3), (1, 4), (2, 3), (2, 4), (3, 4), (4, 3)]"
3102,9,"[(0, 2), (0, 3), (0, 4), (1, 3), (1, 4), (2, 3), (4, 2), (3, 4), (4, 3)]"
3103,9,"[(0, 2), (0, 3), (0, 4), (1, 3), (1, 4), (3, 2), (4, 2), (3, 4), (4, 3)]"
3104,9,"[(0, 2), (0, 3), (0, 4), (1, 3), (1, 4), (2, 3), (3, 2), (2, 4), (3, 4)]"
3105,9,"[(0, 2), (0, 3), (0, 4), (1, 3), (1, 4), (2, 3), (3, 2), (2, 4), (4, 3)]"
3106,9,"[(0, 2), (0, 3), (0, 4), (1, 3), (1, 4), (2, 3), (3, 2), (4, 2), (3, 4)]"
3107,9,"[(0, 2), (0, 3), (0, 4), (1, 3), (1, 4), (2, 3), (3, 2), (4, 2), (4, 3)]"
3108,9,"[(0, 2), (0, 3), (0, 4), (1, 3), (4, 1), (2, 3), (2, 4), (3, 4), (4, 3)]"
3109,9,"[(0, 2), (0, 3), (0, 4), (1, 3), (4, 1), (2, 3), (4, 2), (3, 4), (4, 3)]"
3110,9,"[(0, 2), (0, 3), (0, 4), (1, 3), (4, 1), (2, 3), (2, 4), (4, 2), (3, 4)]"
3111,9,"[(0, 2), (0, 3), (0, 4), (1, 3), (4, 1), (2, 3), (2, 4), (4, 2), (4, 3)]"
3112,9,"[(0, 2), (0, 3), (0, 4), (1, 3), (4, 1), (3, 2), (2, 4), (3, 4), (4, 3)]"
3113,9,"[(0, 2), (0, 3), (0, 4), (1, 3), (4, 1), (3, 2), (4, 2), (3, 4), (4, 3)]"
3114,9,"[(0, 2), (0, 3), (0, 4), (1, 3), (4, 1), (3, 2), (2, 4), (4, 2), (3, 4)]"
3115,9,"[(0, 2), (0, 3), (0, 4), (1, 3), (4, 1), (3, 2), (2, 4), (4, 2), (4, 3)]"
3116,9,"[(0, 2), (0, 3), (0, 4), (1, 3), (4, 1), (2, 3), (3, 2), (2, 4), (3, 4)]"
3117,9,"[(0, 2), (0, 3), (0, 4), (1, 3), (4, 1), (2, 3), (3, 2), (2, 4), (4, 3)]"
3118,9,"[(0, 2), (0, 3), (0, 4), (1, 3), (4, 1), (2, 3), (3, 2), (4, 2), (3, 4)]"
3119,9,"[(0, 2), (0, 3), (0, 4), (1, 3), (4, 1), (2, 3), (3, 2), (4, 2), (4, 3)]"
3120,9,"[(0, 2), (0, 3), (0, 4), (3, 1), (4, 1), (2, 3), (2, 4), (3, 4), (4, 3)]"
3121,9,"[(0, 2), (0, 3), (0, 4), (3, 1), (4, 1), (2, 3), (4, 2), (3, 4), (4, 3)]"
3122,9,"[(0, 2), (0, 3), (0, 4), (3, 1), (4, 1), (3, 2), (4, 2), (3, 4), (4, 3)]"
3123,9,"[(0, 2), (0, 3), (0, 4), (3, 1), (4, 1), (2, 3), (3, 2), (2, 4), (3, 4)]"
3124,9,"[(0, 2), (0, 3), (0, 4), (3, 1), (4, 1), (2, 3), (3, 2), (2, 4), (4, 3)]"
3125,9,"[(0, 2), (0, 3), (0, 4), (3, 1), (4, 1), (2, 3), (3, 2), (4, 2), (3, 4)]"
3126,9,"[(0, 2), (0, 3), (0, 4), (3, 1), (4, 1), (2, 3), (3, 2), (4, 2), (4, 3)]"
3127,9,"[(0, 2), (0, 3), (0, 4), (1, 3), (3, 1), (1, 4), (2, 3), (2, 4), (3, 4)]"
3128,9,"[(0, 2), (0, 3), (0, 4), (1, 3), (3, 1), (1, 4), (2, 3), (2, 4), (4, 3)]"
3129,9,"[(0, 2), (0, 3), (0, 4), (1, 3), (3, 1), (1, 4), (2, 3), (4, 2), (3, 4)]"
3130,9,"[(0, 2), (0, 3), (0, 4), (1, 3), (3, 1), (1, 4), (2, 3), (4, 2), (4, 3)]"
3131,9,"[(0, 2), (0, 3), (0, 4), (1, 3), (3, 1), (1, 4), (3, 2), (2, 4), (3, 4)]"
3132,9,"[(0, 2), (0, 3), (0, 4), (1, 3), (3, 1), (1, 4), (3, 2), (2, 4), (4, 3)]"
3133,9,"[(0, 2), (0, 3), (0, 4), (1, 3), (3, 1), (1, 4), (3, 2), (4, 2), (3, 4)]"
3134,9,"[(0, 2), (0, 3), (0, 4), (1, 3), (3, 1), (1, 4), (3, 2), (4, 2), (4, 3)]"
3135,9,"[(0, 2), (0, 3), (0, 4), (1, 3), (3, 1), (4, 1), (2, 3), (2, 4), (3, 4)]"
3136,9,"[(0, 2), (0, 3), (0, 4), (1, 3), (3, 1), (4, 1), (2, 3), (2, 4), (4, 3)]"
3137,9,"[(0, 2), (0, 3), (0, 4), (1, 3), (3, 1), (4, 1), (2, 3), (4, 2), (3, 4)]"
3138,9,"[(0, 2), (0, 3), (0, 4), (1, 3), (3, 1), (4, 1), (2, 3), (4, 2), (4, 3)]"
3139,9,"[(0, 2), (0, 3), (0, 4), (1, 3), (3, 1), (4, 1), (3, 2), (2, 4), (3, 4)]"
3140,9,"[(0, 2), (0, 3), (0, 4), (1, 3), (3, 1), (4, 1), (3, 2), (2, 4), (4, 3)]"
3141,9,"[(0, 2), (0, 3), (0, 4), (1, 3), (3, 1), (4, 1), (3, 2), (4, 2), (3, 4)]"
3142,9,"[(0, 2), (0, 3), (0, 4), (1, 3), (3, 1), (4, 1), (3, 2), (4, 2), (4, 3)]"
3143,9,"[(0, 2), (0, 3), (4, 0), (1, 3), (1, 4), (2, 3), (2, 4), (3, 4), (4, 3)]"
3144,9,"[(0, 2), (0, 3), (4, 0), (1, 3), (1, 4), (2, 3), (4, 2), (3, 4), (4, 3)]"
3145,9,"[(0, 2), (0, 3), (4, 0), (1, 3), (1, 4), (2, 3), (2, 4), (4, 2), (3, 4)]"
3146,9,"[(0, 2), (0, 3), (4, 0), (1, 3), (1, 4), (2, 3), (2, 4), (4, 2), (4, 3)]"
3147,9,"[(0, 2), (0, 3), (4, 0), (1, 3), (1, 4), (3, 2), (2, 4), (3, 4), (4, 3)]"
3148,9,"[(0, 2), (0, 3), (4, 0), (1, 3), (1, 4), (3, 2), (4, 2), (3, 4), (4, 3)]"
3149,9,"[(0, 2), (0, 3), (4, 0), (1, 3), (1, 4), (3, 2), (2, 4), (4, 2), (3, 4)]"
3150,9,"[(0, 2), (0, 3), (4, 0), (1, 3), (1, 4), (3, 2), (2, 4), (4, 2), (4, 3)]"
3151,9,"[(0, 2), (0, 3), (4, 0), (1, 3), (1, 4), (2, 3), (3, 2), (2, 4), (3, 4)]"
3152,9,"[(0, 2), (0, 3), (4, 0), (1, 3), (1, 4), (2, 3), (3, 2), (2, 4), (4, 3)]"
3153,9,"[(0, 2), (0, 3), (4, 0), (1, 3), (1, 4), (2, 3), (3, 2), (4, 2), (3, 4)]"
3154,9,"[(0, 2), (0, 3), (4, 0), (1, 3), (1, 4), (2, 3), (3, 2), (4, 2), (4, 3)]"
3155,9,"[(0, 2), (0, 3), (4, 0), (1, 3), (4, 1), (2, 3), (2, 4), (3, 4), (4, 3)]"
3156,9,"[(0, 2), (0, 3), (4, 0), (1, 3), (4, 1), (2, 3), (4, 2), (3, 4), (4, 3)]"
3157,9,"[(0, 2), (0, 3), (4, 0), (1, 3), (4, 1), (2, 3), (2, 4), (4, 2), (3, 4)]"
3158,9,"[(0, 2), (0, 3), (4, 0), (1, 3), (4, 1), (2, 3), (2, 4), (4, 2), (4, 3)]"
3159,9,"[(0, 2), (0, 3), (4, 0), (1, 3), (4, 1), (3, 2), (2, 4), (3, 4), (4, 3)]"
3160,9,"[(0, 2), (0, 3), (4, 0), (1, 3), (4, 1), (3, 2), (4, 2), (3, 4), (4, 3)]"
3161,9,"[(0, 2), (0, 3), (4, 0), (1, 3), (4, 1), (3, 2), (2, 4), (4, 2), (3, 4)]"
3162,9,"[(0, 2), (0, 3), (4, 0), (1, 3), (4, 1), (3, 2), (2, 4), (4, 2), (4, 3)]"
3163,9,"[(0, 2), (0, 3), (4, 0), (1, 3), (4, 1), (2, 3), (3, 2), (2, 4), (3, 4)]"
3164,9,"[(0, 2), (0, 3), (4, 0), (1, 3), (4, 1), (2, 3), (3, 2), (2, 4), (4, 3)]"
3165,9,"[(0, 2), (0, 3), (4, 0), (1, 3), (4, 1), (2, 3), (3, 2), (4, 2), (3, 4)]"
3166,9,"[(0, 2), (0, 3), (4, 0), (1, 3), (4, 1), (2, 3), (3, 2), (4, 2), (4, 3)]"
3167,9,"[(0, 2), (0, 3), (4, 0), (1, 3), (1, 4), (4, 1), (2, 3), (2, 4), (3, 4)]"
3168,9,"[(0, 2), (0, 3), (4, 0), (1, 3), (1, 4), (4, 1), (2, 3), (2, 4), (4, 3)]"
3169,9,"[(0, 2), (0, 3), (4, 0), (1, 3), (1, 4), (4, 1), (2, 3), (4, 2), (3, 4)]"
3170,9,"[(0, 2), (0, 3), (4, 0), (1, 3), (1, 4), (4, 1), (2, 3), (4, 2), (4, 3)]"
3171,9,"[(0, 2), (0, 3), (4, 0), (1, 3), (1, 4), (4, 1), (3, 2), (2, 4), (3, 4)]"
3172,9,"[(0, 2), (0, 3), (4, 0), (1, 3), (1, 4), (4, 1), (3, 2), (2, 4), (4, 3)]"
3173,9,"[(0, 2), (0, 3), (4, 0), (1, 3), (1, 4), (4, 1), (3, 2), (4, 2), (3, 4)]"
3174,9,"[(0, 2), (0, 3), (4, 0), (1, 3), (1, 4), (4, 1), (3, 2), (4, 2), (4, 3)]"
3175,9,"[(0, 2), (0, 3), (4, 0), (3, 1), (1, 4), (2, 3), (2, 4), (3, 4), (4, 3)]"
3176,9,"[(0, 2), (0, 3), (4, 0), (3, 1), (1, 4), (2, 3), (4, 2), (3, 4), (4, 3)]"
3177,9,"[(0, 2), (0, 3), (4, 0), (3, 1), (1, 4), (2, 3), (2, 4), (4, 2), (3, 4)]"
3178,9,"[(0, 2), (0, 3), (4, 0), (3, 1), (1, 4), (2, 3), (2, 4), (4, 2), (4, 3)]"
3179,9,"[(0, 2), (0, 3), (4, 0), (3, 1), (1, 4), (3, 2), (2, 4), (3, 4), (4, 3)]"
3180,9,"[(0, 2), (0, 3), (4, 0), (3, 1), (1, 4), (3, 2), (4, 2), (3, 4), (4, 3)]"
3181,9,"[(0, 2), (0, 3), (4, 0), (3, 1), (1, 4), (3, 2), (2, 4), (4, 2), (3, 4)]"
3182,9,"[(0, 2), (0, 3), (4, 0), (3, 1), (1, 4), (3, 2), (2, 4), (4, 2), (4, 3)]"
3183,9,"[(0, 2), (0, 3), (4, 0), (3, 1), (1, 4), (2, 3), (3, 2), (2, 4), (3, 4)]"
3184,9,"[(0, 2), (0, 3), (4, 0), (3, 1), (1, 4), (2, 3), (3, 2), (2, 4), (4, 3)]"
3185,9,"[(0, 2), (0, 3), (4, 0), (3, 1), (1, 4), (2, 3), (3, 2), (4, 2), (3, 4)]"
3186,9,"[(0, 2), (0, 3), (4, 0), (3, 1), (1, 4), (2, 3), (3, 2), (4, 2), (4, 3)]"
3187,9,"[(0, 2), (0, 3), (4, 0), (3, 1), (4, 1), (2, 3), (2, 4), (3, 4), (4, 3)]"
3188,9,"[(0, 2), (0, 3), (4, 0), (3, 1), (4, 1), (2, 3), (4, 2), (3, 4), (4, 3)]"
3189,9,"[(0, 2), (0, 3), (4, 0), (3, 1), (4, 1), (2, 3), (2, 4), (4, 2), (3, 4)]"
3190,9,"[(0, 2), (0, 3), (4, 0), (3, 1), (4, 1), (2, 3), (2, 4), (4, 2), (4, 3)]"
3191,9,"[(0, 2), (0, 3), (4, 0), (3, 1), (4, 1), (3, 2), (2, 4), (3, 4), (4, 3)]"
3192,9,"[(0, 2), (0, 3), (4, 0), (3, 1), (4, 1), (3, 2), (4, 2), (3, 4), (4, 3)]"
3193,9,"[(0, 2), (0, 3), (4, 0), (3, 1), (4, 1), (3, 2), (2, 4), (4, 2), (3, 4)]"
3194,9,"[(0, 2), (0, 3), (4, 0), (3, 1), (4, 1), (3, 2), (2, 4), (4, 2), (4, 3)]"
3195,9,"[(0, 2), (0, 3), (4, 0), (3, 1), (4, 1), (2, 3), (3, 2), (2, 4), (3, 4)]"
3196,9,"[(0, 2), (0, 3), (4, 0), (3, 1), (4, 1), (2, 3), (3, 2), (2, 4), (4, 3)]"
3197,9,"[(0, 2), (0, 3), (4, 0), (3, 1), (4, 1), (2, 3), (3, 2), (4, 2), (3, 4)]"
3198,9,"[(0, 2), (0, 3), (4, 0), (3, 1), (4, 1), (2, 3), (3, 2), (4, 2), (4, 3)]"
3199,9,"[(0, 2), (0, 3), (4, 0), (3, 1), (1, 4), (4, 1), (2, 3), (2, 4), (3, 4)]"
3200,9,"[(0, 2), (0, 3), (4, 0), (3, 1), (1, 4), (4, 1), (2, 3), (2, 4), (4, 3)]"
3201,9,"[(0, 2), (0, 3), (4, 0), (3, 1), (1, 4), (4, 1), (2, 3), (4, 2), (3, 4)]"
3202,9,"[(0, 2), (0, 3), (4, 0), (3, 1), (1, 4), (4, 1), (2, 3), (4, 2), (4, 3)]"
3203,9,"[(0, 2), (0, 3), (4, 0), (3, 1), (1, 4), (4, 1), (3, 2), (2, 4), (3, 4)]"
3204,9,"[(0, 2), (0, 3), (4, 0), (3, 1), (1, 4), (4, 1), (3, 2), (2, 4), (4, 3)]"
3205,9,"[(0, 2), (0, 3), (4, 0), (3, 1), (1, 4), (4, 1), (3, 2), (4, 2), (3, 4)]"
3206,9,"[(0, 2), (0, 3), (4, 0), (3, 1), (1, 4), (4, 1), (3, 2), (4, 2), (4, 3)]"
3207,9,"[(0, 2), (0, 3), (4, 0), (1, 3), (3, 1), (1, 4), (2, 3), (2, 4), (3, 4)]"
3208,9,"[(0, 2), (0, 3), (4, 0), (1, 3), (3, 1), (1, 4), (2, 3), (2, 4), (4, 3)]"
3209,9,"[(0, 2), (0, 3), (4, 0), (1, 3), (3, 1), (1, 4), (2, 3), (4, 2), (3, 4)]"
3210,9,"[(0, 2), (0, 3), (4, 0), (1, 3), (3, 1), (1, 4), (2, 3), (4, 2), (4, 3)]"
3211,9,"[(0, 2), (0, 3), (4, 0), (1, 3), (3, 1), (1, 4), (3, 2), (2, 4), (3, 4)]"
3212,9,"[(0, 2), (0, 3), (4, 0), (1, 3), (3, 1), (1, 4), (3, 2), (2, 4), (4, 3)]"
3213,9,"[(0, 2), (0, 3), (4, 0), (1, 3), (3, 1), (1, 4), (3, 2), (4, 2), (3, 4)]"
3214,9,"[(0, 2), (0, 3), (4, 0), (1, 3), (3, 1), (1, 4), (3, 2), (4, 2), (4, 3)]"
3215,9,"[(0, 2), (0, 3), (4, 0), (1, 3), (3, 1), (4, 1), (2, 3), (2, 4), (3, 4)]"
3216,9,"[(0, 2), (0, 3), (4, 0), (1, 3), (3, 1), (4, 1), (2, 3), (2, 4), (4, 3)]"
3217,9,"[(0, 2), (0, 3), (4, 0), (1, 3), (3, 1), (4, 1), (2, 3), (4, 2), (3, 4)]"
3218,9,"[(0, 2), (0, 3), (4, 0), (1, 3), (3, 1), (4, 1), (2, 3), (4, 2), (4, 3)]"
3219,9,"[(0, 2), (0, 3), (4, 0), (1, 3), (3, 1), (4, 1), (3, 2), (2, 4), (3, 4)]"
3220,9,"[(0, 2), (0, 3), (4, 0), (1, 3), (3, 1), (4, 1), (3, 2), (2, 4), (4, 3)]"
3221,9,"[(0, 2), (0, 3), (4, 0), (1, 3), (3, 1), (4, 1), (3, 2), (4, 2), (3, 4)]"
3222,9,"[(0, 2), (0, 3), (4, 0), (1, 3), (3, 1), (4, 1), (3, 2), (4, 2), (4, 3)]"
3223,9,"[(0, 2), (3, 0), (4, 0), (1, 3), (1, 4), (2, 3), (2, 4), (3, 4), (4, 3)]"
3224,9,"[(0, 2), (3, 0), (4, 0), (1, 3), (1, 4), (2, 3), (4, 2), (3, 4), (4, 3)]"
3225,9,"[(0, 2), (3, 0), (4, 0), (1, 3), (1, 4), (3, 2), (4, 2), (3, 4), (4, 3)]"
3226,9,"[(0, 2), (3, 0), (4, 0), (1, 3), (1, 4), (2, 3), (3, 2), (2, 4), (3, 4)]"
3227,9,"[(0, 2), (3, 0), (4, 0), (1, 3), (1, 4), (2, 3), (3, 2), (2, 4), (4, 3)]"
3228,9,"[(0, 2), (3, 0), (4, 0), (1, 3), (1, 4), (2, 3), (3, 2), (4, 2), (3, 4)]"
3229,9,"[(0, 2), (3, 0), (4, 0), (1, 3), (1, 4), (2, 3), (3, 2), (4, 2), (4, 3)]"
3230,9,"[(0, 2), (3, 0), (4, 0), (1, 3), (4, 1), (2, 3), (2, 4), (3, 4), (4, 3)]"
3231,9,"[(0, 2), (3, 0), (4, 0), (1, 3), (4, 1), (2, 3), (4, 2), (3, 4), (4, 3)]"
3232,9,"[(0, 2), (3, 0), (4, 0), (1, 3), (4, 1), (2, 3), (2, 4), (4, 2), (3, 4)]"
3233,9,"[(0, 2), (3, 0), (4, 0), (1, 3), (4, 1), (2, 3), (2, 4), (4, 2), (4, 3)]"
3234,9,"[(0, 2), (3, 0), (4, 0), (1, 3), (4, 1), (3, 2), (2, 4), (3, 4), (4, 3)]"
3235,9,"[(0, 2), (3, 0), (4, 0), (1, 3), (4, 1), (3, 2), (4, 2), (3, 4), (4, 3)]"
3236,9,"[(0, 2), (3, 0), (4, 0), (1, 3), (4, 1), (3, 2), (2, 4), (4, 2), (3, 4)]"
3237,9,"[(0, 2), (3, 0), (4, 0), (1, 3), (4, 1), (3, 2), (2, 4), (4, 2), (4, 3)]"
3238,9,"[(0, 2), (3, 0), (4, 0), (1, 3), (4, 1), (2, 3), (3, 2), (2, 4), (3, 4)]"
3239,9,"[(0, 2), (3, 0), (4, 0), (1, 3), (4, 1), (2, 3), (3, 2), (2, 4), (4, 3)]"
3240,9,"[(0, 2), (3, 0), (4, 0), (1, 3), (4, 1), (2, 3), (3, 2), (4, 2), (3, 4)]"
3241,9,"[(0, 2), (3, 0), (4, 0), (1, 3), (4, 1), (2, 3), (3, 2), (4, 2), (4, 3)]"
3242,9,"[(0, 2), (3, 0), (4, 0), (3, 1), (4, 1), (2, 3), (2, 4), (3, 4), (4, 3)]"
3243,9,"[(0, 2), (3, 0), (4, 0), (3, 1), (4, 1), (2, 3), (4, 2), (3, 4), (4, 3)]"
3244,9,"[(0, 2), (3, 0), (4, 0), (3, 1), (4, 1), (3, 2), (4, 2), (3, 4), (4, 3)]"
3245,9,"[(0, 2), (3, 0), (4, 0), (3, 1), (4, 1), (2, 3), (3, 2), (2, 4), (3, 4)]"
3246,9,"[(0, 2), (3, 0), (4, 0), (3, 1), (4, 1), (2, 3), (3, 2), (2, 4), (4, 3)]"
3247,9,"[(0, 2), (3, 0), (4, 0), (3, 1), (4, 1), (2, 3), (3, 2), (4, 2), (3, 4)]"
3248,9,"[(0, 2), (3, 0), (4, 0), (3, 1), (4, 1), (2, 3), (3, 2), (4, 2), (4, 3)]"
3249,9,"[(0, 2), (3, 0), (4, 0), (1, 3), (3, 1), (1, 4), (2, 3), (2, 4), (3, 4)]"
3250,9,"[(0, 2), (3, 0), (4, 0), (1, 3), (3, 1), (1, 4), (2, 3), (2, 4), (4, 3)]"
3251,9,"[(0, 2), (3, 0), (4, 0), (1, 3), (3, 1), (1, 4), (2, 3), (4, 2), (3, 4)]"
3252,9,"[(0, 2), (3, 0), (4, 0), (1, 3), (3, 1), (1, 4), (2, 3), (4, 2), (4, 3)]"
3253,9,"[(0, 2), (3, 0), (4, 0), (1, 3), (3, 1), (1, 4), (3, 2), (2, 4), (3, 4)]"
3254,9,"[(0, 2), (3, 0), (4, 0), (1, 3), (3, 1), (1, 4), (3, 2), (2, 4), (4, 3)]"
3255,9,"[(0, 2), (3, 0), (4, 0), (1, 3), (3, 1), (1, 4), (3, 2), (4, 2), (3, 4)]"
3256,9,"[(0, 2), (3, 0), (4, 0), (1, 3), (3, 1), (1, 4), (3, 2), (4, 2), (4, 3)]"
3257,9,"[(0, 2), (3, 0), (4, 0), (1, 3), (3, 1), (4, 1), (2, 3), (2, 4), (3, 4)]"
3258,9,"[(0, 2), (3, 0), (4, 0), (1, 3), (3, 1), (4, 1), (2, 3), (2, 4), (4, 3)]"
3259,9,"[(0, 2), (3, 0), (4, 0), (1, 3), (3, 1), (4, 1), (2, 3), (4, 2), (3, 4)]"
3260,9,"[(0, 2), (3, 0), (4, 0), (1, 3), (3, 1), (4, 1), (2, 3), (4, 2), (4, 3)]"
3261,9,"[(0, 2), (3, 0), (4, 0), (1, 3), (3, 1), (4, 1), (3, 2), (2, 4), (3, 4)]"
3262,9,"[(0, 2), (3, 0), (4, 0), (1, 3), (3, 1), (4, 1), (3, 2), (2, 4), (4, 3)]"
3263,9,"[(0, 2), (3, 0), (4, 0), (1, 3), (3, 1), (4, 1), (3, 2), (4, 2), (3, 4)]"
3264,9,"[(0, 2), (3, 0), (4, 0), (1, 3), (3, 1), (4, 1), (3, 2), (4, 2), (4, 3)]"
3265,9,"[(0, 2), (0, 3), (3, 0), (0, 4), (1, 3), (1, 4), (2, 3), (2, 4), (3, 4)]"
3266,9,"[(0, 2), (0, 3), (3, 0), (0, 4), (1, 3), (1, 4), (2, 3), (2, 4), (4, 3)]"
3267,9,"[(0, 2), (0, 3), (3, 0), (0, 4), (1, 3), (1, 4), (2, 3), (4, 2), (3, 4)]"
3268,9,"[(0, 2), (0, 3), (3, 0), (0, 4), (1, 3), (1, 4), (2, 3), (4, 2), (4, 3)]"
3269,9,"[(0, 2), (0, 3), (3, 0), (0, 4), (1, 3), (1, 4), (3, 2), (2, 4), (3, 4)]"
3270,9,"[(0, 2), (0, 3), (3, 0), (0, 4), (1, 3), (1, 4), (3, 2), (2, 4), (4, 3)]"
3271,9,"[(0, 2), (0, 3), (3, 0), (0, 4), (1, 3), (1, 4), (3, 2), (4, 2), (3, 4)]"
3272,9,"[(0, 2), (0, 3), (3, 0), (0, 4), (1, 3), (1, 4), (3, 2), (4, 2), (4, 3)]"
3273,9,"[(0, 2), (0, 3), (3, 0), (0, 4), (1, 3), (4, 1), (2, 3), (2, 4), (3, 4)]"
3274,9,"[(0, 2), (0, 3), (3, 0), (0, 4), (1, 3), (4, 1), (2, 3), (2, 4), (4, 3)]"
3275,9,"[(0, 2), (0, 3), (3, 0), (0, 4), (1, 3), (4, 1), (2, 3), (4, 2), (3, 4)]"
3276,9,"[(0, 2), (0, 3), (3, 0), (0, 4), (1, 3), (4, 1), (2, 3), (4, 2), (4, 3)]"
3277,9,"[(0, 2), (0, 3), (3, 0), (0, 4), (1, 3), (4, 1), (3, 2), (2, 4), (3, 4)]"
3278,9,"[(0, 2), (0, 3), (3, 0), (0, 4), (1, 3), (4, 1), (3, 2), (2, 4), (4, 3)]"
3279,9,"[(0, 2), (0, 3), (3, 0), (0, 4), (1, 3), (4, 1), (3, 2), (4, 2), (3, 4)]"
3280,9,"[(0, 2), (0, 3), (3, 0), (0, 4), (1, 3), (4, 1), (3, 2), (4, 2), (4, 3)]"
3281,9,"[(0, 2), (0, 3), (3, 0), (0, 4), (3, 1), (1, 4), (2, 3), (2, 4), (3, 4)]"
3282,9,"[(0, 2), (0, 3), (3, 0), (0, 4), (3, 1), (1, 4), (2, 3), (2, 4), (4, 3)]"
3283,9,"[(0, 2), (0, 3), (3, 0), (0, 4), (3, 1), (1, 4), (2, 3), (4, 2), (3, 4)]"
3284,9,"[(0, 2), (0, 3), (3, 0), (0, 4), (3, 1), (1, 4), (2, 3), (4, 2), (4, 3)]"
3285,9,"[(0, 2), (0, 3), (3, 0), (0, 4), (3, 1), (1, 4), (3, 2), (2, 4), (3, 4)]"
3286,9,"[(0, 2), (0, 3), (3, 0), (0, 4), (3, 1), (1, 4), (3, 2), (2, 4), (4, 3)]"
3287,9,"[(0, 2), (0, 3), (3, 0), (0, 4), (3, 1), (1, 4), (3, 2), (4, 2), (3, 4)]"
3288,9,"[(0, 2), (0, 3), (3, 0), (0, 4), (3, 1), (1, 4), (3, 2), (4, 2), (4, 3)]"
3289,9,"[(0, 2), (0, 3), (3, 0), (0, 4), (3, 1), (4, 1), (2, 3), (2, 4), (3, 4)]"
3290,9,"[(0, 2), (0, 3), (3, 0), (0, 4), (3, 1), (4, 1), (2, 3), (2, 4), (4, 3)]"
3291,9,"[(0, 2), (0, 3), (3, 0), (0, 4), (3, 1), (4, 1), (2, 3), (4, 2), (3, 4)]"
3292,9,"[(0, 2), (0, 3), (3, 0), (0, 4), (3, 1), (4, 1), (2, 3), (4, 2), (4, 3)]"
3293,9,"[(0, 2), (0, 3), (3, 0), (0, 4), (3, 1), (4, 1), (3, 2), (2, 4), (3, 4)]"
3294,9,"[(0, 2), (0, 3), (3, 0), (0, 4), (3, 1), (4, 1), (3, 2), (2, 4), (4, 3)]"
3295,9,"[(0, 2), (0, 3), (3, 0), (0, 4), (3, 1), (4, 1), (3, 2), (4, 2), (3, 4)]"
3296,9,"[(0, 2), (0, 3), (3, 0), (0, 4), (3, 1), (4, 1), (3, 2), (4, 2), (4, 3)]"
3297,9,"[(0, 2), (0, 3), (3, 0), (4, 0), (1, 3), (1, 4), (2, 3), (2, 4), (3, 4)]"
3298,9,"[(0, 2), (0, 3), (3, 0), (4, 0), (1, 3), (1, 4), (2, 3), (2, 4), (4, 3)]"
3299,9,"[(0, 2), (0, 3), (3, 0), (4, 0), (1, 3), (1, 4), (2, 3), (4, 2), (3, 4)]"
3300,9,"[(0, 2), (0, 3), (3, 0), (4, 0), (1, 3), (1, 4), (2, 3), (4, 2), (4, 3)]"
3301,9,"[(0, 2), (0, 3), (3, 0), (4, 0), (1, 3), (1, 4), (3, 2), (2, 4), (3, 4)]"
3302,9,"[(0, 2), (0, 3), (3, 0), (4, 0), (1, 3), (1, 4), (3, 2), (2, 4), (4, 3)]"
3303,9,"[(0, 2), (0, 3), (3, 0), (4, 0), (1, 3), (1, 4), (3, 2), (4, 2), (3, 4)]"
3304,9,"[(0, 2), (0, 3), (3, 0), (4, 0), (1, 3), (1, 4), (3, 2), (4, 2), (4, 3)]"
3305,9,"[(0, 2), (0, 3), (3, 0), (4, 0), (1, 3), (4, 1), (2, 3), (2, 4), (3, 4)]"
3306,9,"[(0, 2), (0, 3), (3, 0), (4, 0), (1, 3), (4, 1), (2, 3), (2, 4), (4, 3)]"
3307,9,"[(0, 2), (0, 3), (3, 0), (4, 0), (1, 3), (4, 1), (2, 3), (4, 2), (3, 4)]"
3308,9,"[(0, 2), (0, 3), (3, 0), (4, 0), (1, 3), (4, 1), (2, 3), (4, 2), (4, 3)]"
3309,9,"[(0, 2), (0, 3), (3, 0), (4, 0), (1, 3), (4, 1), (3, 2), (2, 4), (3, 4)]"
3310,9,"[(0, 2), (0, 3), (3, 0), (4, 0), (1, 3), (4, 1), (3, 2), (2, 4), (4, 3)]"
3311,9,"[(0, 2), (0, 3), (3, 0), (4, 0), (1, 3), (4, 1), (3, 2), (4, 2), (3, 4)]"
3312,9,"[(0, 2), (0, 3), (3, 0), (4, 0), (1, 3), (4, 1), (3, 2), (4, 2), (4, 3)]"
3313,9,"[(0, 2), (0, 3), (3, 0), (4, 0), (3, 1), (1, 4), (2, 3), (2, 4), (3, 4)]"
3314,9,"[(0, 2), (0, 3), (3, 0), (4, 0), (3, 1), (1, 4), (2, 3), (2, 4), (4, 3)]"
3315,9,"[(0, 2), (0, 3), (3, 0), (4, 0), (3, 1), (1, 4), (2, 3), (4, 2), (3, 4)]"
3316,9,"[(0, 2), (0, 3), (3, 0), (4, 0), (3, 1), (1, 4), (2, 3), (4, 2), (4, 3)]"
3317,9,"[(0, 2), (0, 3), (3, 0), (4, 0), (3, 1), (1, 4), (3, 2), (2, 4), (3, 4)]"
3318,9,"[(0, 2), (0, 3), (3, 0), (4, 0), (3, 1), (1, 4), (3, 2), (2, 4), (4, 3)]"
3319,9,"[(0, 2), (0, 3), (3, 0), (4, 0), (3, 1), (1, 4), (3, 2), (4, 2), (3, 4)]"
3320,9,"[(0, 2), (0, 3), (3, 0), (4, 0), (3, 1), (1, 4), (3, 2), (4, 2), (4, 3)]"
3321,9,"[(0, 2), (0, 3), (3, 0), (4, 0), (3, 1), (4, 1), (2, 3), (2, 4), (3, 4)]"
3322,9,"[(0, 2), (0, 3), (3, 0), (4, 0), (3, 1), (4, 1), (2, 3), (2, 4), (4, 3)]"
3323,9,"[(0, 2), (0, 3), (3, 0), (4, 0), (3, 1), (4, 1), (2, 3), (4, 2), (3, 4)]"
3324,9,"[(0, 2), (0, 3), (3, 0), (4, 0), (3, 1), (4, 1), (2, 3), (4, 2), (4, 3)]"
3325,9,"[(0, 2), (0, 3), (3, 0), (4, 0), (3, 1), (4, 1), (3, 2), (2, 4), (3, 4)]"
3326,9,"[(0, 2), (0, 3), (3, 0), (4, 0), (3, 1), (4, 1), (3, 2), (2, 4), (4, 3)]"
3327,9,"[(0, 2), (0, 3), (3, 0), (4, 0), (3, 1), (4, 1), (3, 2), (4, 2), (3, 4)]"
3328,9,"[(0, 2), (0, 3), (3, 0), (4, 0), (3, 1), (4, 1), (3, 2), (4, 2), (4, 3)]"
3329,9,"[(0, 2), (2, 0), (0, 3), (0, 4), (1, 3), (1, 4), (2, 3), (2, 4), (3, 4)]"
3330,9,"[(0, 2), (2, 0), (0, 3), (0, 4), (1, 3), (1, 4), (2, 3), (4, 2), (3, 4)]"
3331,9,"[(0, 2), (2, 0), (0, 3), (0, 4), (1, 3), (1, 4), (2, 3), (4, 2), (4, 3)]"
3332,9,"[(0, 2), (2, 0), (0, 3), (0, 4), (1, 3), (1, 4), (3, 2), (4, 2), (3, 4)]"
3333,9,"[(0, 2), (2, 0), (0, 3), (0, 4), (1, 3), (4, 1), (2, 3), (2, 4), (3, 4)]"
3334,9,"[(0, 2), (2, 0), (0, 3), (0, 4), (1, 3), (4, 1), (2, 3), (2, 4), (4, 3)]"
3335,9,"[(0, 2), (2, 0), (0, 3), (0, 4), (1, 3), (4, 1), (2, 3), (4, 2), (3, 4)]"
3336,9,"[(0, 2), (2, 0), (0, 3), (0, 4), (1, 3), (4, 1), (2, 3), (4, 2), (4, 3)]"
3337,9,"[(0, 2), (2, 0), (0, 3), (0, 4), (1, 3), (4, 1), (3, 2), (2, 4), (3, 4)]"
3338,9,"[(0, 2), (2, 0), (0, 3), (0, 4), (1, 3), (4, 1), (3, 2), (2, 4), (4, 3)]"
3339,9,"[(0, 2), (2, 0), (0, 3), (0, 4), (1, 3), (4, 1), (3, 2), (4, 2), (3, 4)]"
3340,9,"[(0, 2), (2, 0), (0, 3), (0, 4), (1, 3), (4, 1), (3, 2), (4, 2), (4, 3)]"
3341,9,"[(0, 2), (2, 0), (0, 3), (0, 4), (3, 1), (4, 1), (2, 3), (2, 4), (3, 4)]"
3342,9,"[(0, 2), (2, 0), (0, 3), (0, 4), (3, 1), (4, 1), (2, 3), (4, 2), (3, 4)]"
3343,9,"[(0, 2), (2, 0), (0, 3), (0, 4), (3, 1), (4, 1), (2, 3), (4, 2), (4, 3)]"
3344,9,"[(0, 2), (2, 0), (0, 3), (0, 4), (3, 1), (4, 1), (3, 2), (4, 2), (3, 4)]"
3345,9,"[(0, 2), (2, 0), (0, 3), (4, 0), (1, 3), (1, 4), (2, 3), (4, 2), (3, 4)]"
3346,9,"[(0, 2), (2, 0), (0, 3), (4, 0), (1, 3), (1, 4), (2, 3), (4, 2), (4, 3)]"
3347,9,"[(0, 2), (2, 0), (0, 3), (4, 0), (1, 3), (1, 4), (3, 2), (2, 4), (3, 4)]"
3348,9,"[(0, 2), (2, 0), (0, 3), (4, 0), (1, 3), (1, 4), (3, 2), (4, 2), (3, 4)]"
3349,9,"[(0, 2), (2, 0), (0, 3), (4, 0), (1, 3), (1, 4), (3, 2), (4, 2), (4, 3)]"
3350,9,"[(0, 2), (2, 0), (0, 3), (4, 0), (1, 3), (4, 1), (2, 3), (4, 2), (3, 4)]"
3351,9,"[(0, 2), (2, 0), (0, 3), (4, 0), (1, 3), (4, 1), (2, 3), (4, 2), (4, 3)]"
3352,9,"[(0, 2), (2, 0), (0, 3), (4, 0), (1, 3), (4, 1), (3, 2), (2, 4), (3, 4)]"
3353,9,"[(0, 2), (2, 0), (0, 3), (4, 0), (1, 3), (4, 1), (3, 2), (2, 4), (4, 3)]"
3354,9,"[(0, 2), (2, 0), (0, 3), (4, 0), (1, 3), (4, 1), (3, 2), (4, 2), (3, 4)]"
3355,9,"[(0, 2), (2, 0), (0, 3), (4, 0), (1, 3), (4, 1), (3, 2), (4, 2), (4, 3)]"
3356,9,"[(0, 2), (2, 0), (0, 3), (4, 0), (3, 1), (1, 4), (2, 3), (4, 2), (3, 4)]"
3357,9,"[(0, 2), (2, 0), (0, 3), (4, 0), (3, 1), (1, 4), (2, 3), (4, 2), (4, 3)]"
3358,9,"[(0, 2), (2, 0), (0, 3), (4, 0), (3, 1), (1, 4), (3, 2), (4, 2), (3, 4)]"
3359,9,"[(0, 2), (2, 0), (0, 3), (4, 0), (3, 1), (1, 4), (3, 2), (4, 2), (4, 3)]"
3360,9,"[(0, 2), (2, 0), (0, 3), (4, 0), (3, 1), (4, 1), (2, 3), (4, 2), (3, 4)]"
3361,9,"[(0, 2), (2, 0), (0, 3), (4, 0), (3, 1), (4, 1), (2, 3), (4, 2), (4, 3)]"
3362,9,"[(0, 2), (2, 0), (0, 3), (4, 0), (3, 1), (4, 1), (3, 2), (2, 4), (3, 4)]"
3363,9,"[(0, 2), (2, 0), (0, 3), (4, 0), (3, 1), (4, 1), (3, 2), (4, 2), (3, 4)]"
3364,9,"[(0, 2), (2, 0), (0, 3), (4, 0), (3, 1), (4, 1), (3, 2), (4, 2), (4, 3)]"
3365,9,"[(0, 2), (2, 0), (3, 0), (4, 0), (1, 3), (1, 4), (3, 2), (4, 2), (3, 4)]"
3366,9,"[(0, 2), (2, 0), (3, 0), (4, 0), (1, 3), (4, 1), (3, 2), (4, 2), (3, 4)]"
3367,9,"[(0, 2), (2, 0), (3, 0), (4, 0), (1, 3), (4, 1), (3, 2), (4, 2), (4, 3)]"
3368,9,"[(0, 2), (2, 0), (3, 0), (4, 0), (3, 1), (4, 1), (3, 2), (4, 2), (3, 4)]"
3369,9,"[(0, 2), (0, 3), (0, 4), (2, 1), (1, 3), (3, 1), (4, 1), (2, 4), (4, 2)]"
3370,9,"[(0, 2), (0, 3), (4, 0), (2, 1), (1, 3), (3, 1), (4, 1), (2, 4), (4, 2)]"
3371,9,"[(0, 2), (3, 0), (0, 4), (2, 1), (1, 3), (3, 1), (4, 1), (2, 4), (4, 2)]"
3372,9,"[(0, 2), (3, 0), (4, 0), (2, 1), (1, 3), (3, 1), (4, 1), (2, 4), (4, 2)]"
3373,9,"[(0, 2), (0, 3), (3, 0), (0, 4), (1, 2), (1, 3), (1, 4), (2, 4), (4, 2)]"
3374,9,"[(0, 2), (0, 3), (3, 0), (0, 4), (1, 2), (1, 3), (4, 1), (2, 4), (4, 2)]"
3375,9,"[(0, 2), (0, 3), (3, 0), (0, 4), (1, 2), (3, 1), (1, 4), (2, 4), (4, 2)]"
3376,9,"[(0, 2), (0, 3), (3, 0), (0, 4), (1, 2), (3, 1), (4, 1), (2, 4), (4, 2)]"
3377,9,"[(0, 2), (0, 3), (3, 0), (0, 4), (1, 2), (1, 3), (3, 1), (1, 4), (2, 4)]"
3378,9,"[(0, 2), (0, 3), (3, 0), (0, 4), (1, 2), (1, 3), (3, 1), (4, 1), (2, 4)]"
3379,9,"[(0, 2), (0, 3), (3, 0), (0, 4), (1, 2), (1, 3), (3, 1), (4, 1), (4, 2)]"
3380,9,"[(0, 2), (0, 3), (3, 0), (0, 4), (2, 1), (1, 3), (4, 1), (2, 4), (4, 2)]"
3381,9,"[(0, 2), (0, 3), (3, 0), (0, 4), (2, 1), (3, 1), (4, 1), (2, 4), (4, 2)]"
3382,9,"[(0, 2), (0, 3), (3, 0), (0, 4), (2, 1), (1, 3), (3, 1), (4, 1), (2, 4)]"
3383,9,"[(0, 2), (0, 3), (3, 0), (4, 0), (1, 2), (1, 3), (1, 4), (2, 4), (4, 2)]"
3384,9,"[(0, 2), (0, 3), (3, 0), (4, 0), (1, 2), (1, 3), (4, 1), (2, 4), (4, 2)]"
3385,9,"[(0, 2), (0, 3), (3, 0), (4, 0), (1, 2), (3, 1), (1, 4), (2, 4), (4, 2)]"
3386,9,"[(0, 2), (0, 3), (3, 0), (4, 0), (1, 2), (3, 1), (4, 1), (2, 4), (4, 2)]"
3387,9,"[(0, 2), (0, 3), (3, 0), (4, 0), (1, 2), (1, 3), (3, 1), (4, 1), (2, 4)]"
3388,9,"[(0, 2), (0, 3), (3, 0), (4, 0), (1, 2), (1, 3), (3, 1), (4, 1), (4, 2)]"
3389,9,"[(0, 2), (0, 3), (3, 0), (4, 0), (2, 1), (1, 3), (1, 4), (2, 4), (4, 2)]"
3390,9,"[(0, 2), (0, 3), (3, 0), (4, 0), (2, 1), (1, 3), (4, 1), (2, 4), (4, 2)]"
3391,9,"[(0, 2), (0, 3), (3, 0), (4, 0), (2, 1), (3, 1), (1, 4), (2, 4), (4, 2)]"
3392,9,"[(0, 2), (0, 3), (3, 0), (4, 0), (2, 1), (3, 1), (4, 1), (2, 4), (4, 2)]"
3393,9,"[(0, 2), (0, 3), (3, 0), (4, 0), (2, 1), (1, 3), (3, 1), (1, 4), (2, 4)]"
3394,9,"[(0, 2), (0, 3), (3, 0), (4, 0), (2, 1), (1, 3), (3, 1), (4, 1), (2, 4)]"
3395,9,"[(0, 2), (0, 3), (3, 0), (4, 0), (2, 1), (1, 3), (3, 1), (4, 1), (4, 2)]"
3396,9,"[(2, 0), (0, 3), (3, 0), (4, 0), (2, 1), (1, 3), (4, 1), (2, 4), (4, 2)]"
3397,9,"[(2, 0), (0, 3), (3, 0), (4, 0), (2, 1), (3, 1), (4, 1), (2, 4), (4, 2)]"
3398,9,"[(2, 0), (0, 3), (3, 0), (4, 0), (2, 1), (1, 3), (3, 1), (4, 1), (2, 4)]"
3399,9,"[(0, 2), (2, 0), (0, 3), (0, 4), (1, 2), (1, 3), (1, 4), (2, 4), (4, 2)]"
3400,9,"[(0, 2), (2, 0), (0, 3), (0, 4), (1, 2), (1, 3), (4, 1), (2, 4), (4, 2)]"
3401,9,"[(0, 2), (2, 0), (0, 3), (0, 4), (1, 2), (1, 3), (1, 4), (4, 1), (2, 4)]"
3402,9,"[(0, 2), (2, 0), (0, 3), (0, 4), (1, 2), (3, 1), (1, 4), (2, 4), (4, 2)]"
3403,9,"[(0, 2), (2, 0), (0, 3), (0, 4), (1, 2), (3, 1), (4, 1), (2, 4), (4, 2)]"
3404,9,"[(0, 2), (2, 0), (0, 3), (0, 4), (1, 2), (3, 1), (1, 4), (4, 1), (2, 4)]"
3405,9,"[(0, 2), (2, 0), (0, 3), (0, 4), (1, 2), (3, 1), (1, 4), (4, 1), (4, 2)]"
3406,9,"[(0, 2), (2, 0), (0, 3), (0, 4), (1, 2), (1, 3), (3, 1), (1, 4), (2, 4)]"
3407,9,"[(0, 2), (2, 0), (0, 3), (0, 4), (1, 2), (1, 3), (3, 1), (1, 4), (4, 2)]"
3408,9,"[(0, 2), (2, 0), (0, 3), (0, 4), (1, 2), (1, 3), (3, 1), (4, 1), (2, 4)]"
3409,9,"[(0, 2), (2, 0), (0, 3), (0, 4), (1, 2), (1, 3), (3, 1), (4, 1), (4, 2)]"
3410,9,"[(0, 2), (2, 0), (0, 3), (0, 4), (2, 1), (1, 3), (1, 4), (2, 4), (4, 2)]"
3411,9,"[(0, 2), (2, 0), (0, 3), (0, 4), (2, 1), (1, 3), (4, 1), (2, 4), (4, 2)]"
3412,9,"[(0, 2), (2, 0), (0, 3), (0, 4), (2, 1), (1, 3), (1, 4), (4, 1), (2, 4)]"
3413,9,"[(0, 2), (2, 0), (0, 3), (0, 4), (2, 1), (1, 3), (1, 4), (4, 1), (4, 2)]"
3414,9,"[(0, 2), (2, 0), (0, 3), (0, 4), (2, 1), (3, 1), (1, 4), (2, 4), (4, 2)]"
3415,9,"[(0, 2), (2, 0), (0, 3), (0, 4), (2, 1), (3, 1), (4, 1), (2, 4), (4, 2)]"
3416,9,"[(0, 2), (2, 0), (0, 3), (0, 4), (2, 1), (3, 1), (1, 4), (4, 1), (2, 4)]"
3417,9,"[(0, 2), (2, 0), (0, 3), (0, 4), (2, 1), (3, 1), (1, 4), (4, 1), (4, 2)]"
3418,9,"[(0, 2), (2, 0), (0, 3), (0, 4), (2, 1), (1, 3), (3, 1), (1, 4), (2, 4)]"
3419,9,"[(0, 2), (2, 0), (0, 3), (0, 4), (2, 1), (1, 3), (3, 1), (1, 4), (4, 2)]"
3420,9,"[(0, 2), (2, 0), (0, 3), (0, 4), (2, 1), (1, 3), (3, 1), (4, 1), (2, 4)]"
3421,9,"[(0, 2), (2, 0), (0, 3), (0, 4), (2, 1), (1, 3), (3, 1), (4, 1), (4, 2)]"
3422,9,"[(0, 2), (2, 0), (0, 3), (0, 4), (1, 2), (2, 1), (1, 3), (1, 4), (2, 4)]"
3423,9,"[(0, 2), (2, 0), (0, 3), (0, 4), (1, 2), (2, 1), (1, 3), (1, 4), (4, 2)]"
3424,9,"[(0, 2), (2, 0), (0, 3), (0, 4), (1, 2), (2, 1), (1, 3), (4, 1), (2, 4)]"
3425,9,"[(0, 2), (2, 0), (0, 3), (0, 4), (1, 2), (2, 1), (1, 3), (4, 1), (4, 2)]"
3426,9,"[(0, 2), (2, 0), (0, 3), (0, 4), (1, 2), (2, 1), (3, 1), (1, 4), (2, 4)]"
3427,9,"[(0, 2), (2, 0), (0, 3), (0, 4), (1, 2), (2, 1), (3, 1), (1, 4), (4, 2)]"
3428,9,"[(0, 2), (2, 0), (0, 3), (0, 4), (1, 2), (2, 1), (3, 1), (4, 1), (2, 4)]"
3429,9,"[(0, 2), (2, 0), (0, 3), (0, 4), (1, 2), (2, 1), (3, 1), (4, 1), (4, 2)]"
3430,9,"[(0, 2), (2, 0), (0, 3), (4, 0), (1, 2), (1, 3), (1, 4), (2, 4), (4, 2)]"
3431,9,"[(0, 2), (2, 0), (0, 3), (4, 0), (1, 2), (1, 3), (4, 1), (2, 4), (4, 2)]"
3432,9,"[(0, 2), (2, 0), (0, 3), (4, 0), (1, 2), (3, 1), (1, 4), (2, 4), (4, 2)]"
3433,9,"[(0, 2), (2, 0), (0, 3), (4, 0), (1, 2), (3, 1), (4, 1), (2, 4), (4, 2)]"
3434,9,"[(0, 2), (2, 0), (0, 3), (4, 0), (1, 2), (3, 1), (1, 4), (4, 1), (2, 4)]"
3435,9,"[(0, 2), (2, 0), (0, 3), (4, 0), (1, 2), (3, 1), (1, 4), (4, 1), (4, 2)]"
3436,9,"[(0, 2), (2, 0), (0, 3), (4, 0), (1, 2), (1, 3), (3, 1), (1, 4), (2, 4)]"
3437,9,"[(0, 2), (2, 0), (0, 3), (4, 0), (1, 2), (1, 3), (3, 1), (1, 4), (4, 2)]"
3438,9,"[(0, 2), (2, 0), (0, 3), (4, 0), (1, 2), (1, 3), (3, 1), (4, 1), (2, 4)]"
3439,9,"[(0, 2), (2, 0), (0, 3), (4, 0), (1, 2), (1, 3), (3, 1), (4, 1), (4, 2)]"
3440,9,"[(0, 2), (2, 0), (0, 3), (4, 0), (2, 1), (1, 3), (1, 4), (2, 4), (4, 2)]"
3441,9,"[(0, 2), (2, 0), (0, 3), (4, 0), (2, 1), (1, 3), (4, 1), (2, 4), (4, 2)]"
3442,9,"[(0, 2), (2, 0), (0, 3), (4, 0), (2, 1), (1, 3), (1, 4), (4, 1), (2, 4)]"
3443,9,"[(0, 2), (2, 0), (0, 3), (4, 0), (2, 1), (3, 1), (1, 4), (2, 4), (4, 2)]"
3444,9,"[(0, 2), (2, 0), (0, 3), (4, 0), (2, 1), (3, 1), (4, 1), (2, 4), (4, 2)]"
3445,9,"[(0, 2), (2, 0), (0, 3), (4, 0), (2, 1), (3, 1), (1, 4), (4, 1), (2, 4)]"
3446,9,"[(0, 2), (2, 0), (0, 3), (4, 0), (2, 1), (3, 1), (1, 4), (4, 1), (4, 2)]"
3447,9,"[(0, 2), (2, 0), (0, 3), (4, 0), (2, 1), (1, 3), (3, 1), (1, 4), (2, 4)]"
3448,9,"[(0, 2), (2, 0), (0, 3), (4, 0), (2, 1), (1, 3), (3, 1), (1, 4), (4, 2)]"
3449,9,"[(0, 2), (2, 0), (0, 3), (4, 0), (2, 1), (1, 3), (3, 1), (4, 1), (2, 4)]"
3450,9,"[(0, 2), (2, 0), (0, 3), (4, 0), (2, 1), (1, 3), (3, 1), (4, 1), (4, 2)]"
3451,9,"[(0, 2), (2, 0), (0, 3), (4, 0), (1, 2), (2, 1), (1, 3), (4, 1), (2, 4)]"
3452,9,"[(0, 2), (2, 0), (0, 3), (4, 0), (1, 2), (2, 1), (1, 3), (4, 1), (4, 2)]"
3453,9,"[(0, 2), (2, 0), (0, 3), (4, 0), (1, 2), (2, 1), (3, 1), (1, 4), (2, 4)]"
3454,9,"[(0, 2), (2, 0), (0, 3), (4, 0), (1, 2), (2, 1), (3, 1), (1, 4), (4, 2)]"
3455,9,"[(0, 2), (2, 0), (0, 3), (4, 0), (1, 2), (2, 1), (3, 1), (4, 1), (2, 4)]"
3456,9,"[(0, 2), (2, 0), (0, 3), (4, 0), (1, 2), (2, 1), (3, 1), (4, 1), (4, 2)]"
3457,9,"[(0, 2), (2, 0), (0, 3), (0, 4), (4, 0), (1, 2), (1, 3), (1, 4), (2, 4)]"
3458,9,"[(0, 2), (2, 0), (0, 3), (0, 4), (4, 0), (1, 2), (1, 3), (4, 1), (2, 4)]"
3459,9,"[(0, 2), (2, 0), (0, 3), (0, 4), (4, 0), (1, 2), (1, 3), (4, 1), (4, 2)]"
3460,9,"[(0, 2), (2, 0), (0, 3), (0, 4), (4, 0), (1, 2), (3, 1), (1, 4), (2, 4)]"
3461,9,"[(0, 2), (2, 0), (0, 3), (0, 4), (4, 0), (1, 2), (3, 1), (4, 1), (2, 4)]"
3462,9,"[(0, 2), (2, 0), (0, 3), (0, 4), (4, 0), (1, 2), (3, 1), (4, 1), (4, 2)]"
3463,9,"[(0, 2), (2, 0), (0, 3), (0, 4), (4, 0), (2, 1), (1, 3), (4, 1), (2, 4)]"
3464,9,"[(0, 2), (2, 0), (0, 3), (0, 4), (4, 0), (2, 1), (3, 1), (4, 1), (2, 4)]"
3465,9,"[(0, 2), (2, 0), (3, 0), (0, 4), (1, 2), (1, 3), (1, 4), (2, 4), (4, 2)]"
3466,9,"[(0, 2), (2, 0), (3, 0), (0, 4), (1, 2), (1, 3), (4, 1), (2, 4), (4, 2)]"
3467,9,"[(0, 2), (2, 0), (3, 0), (0, 4), (1, 2), (3, 1), (1, 4), (2, 4), (4, 2)]"
3468,9,"[(0, 2), (2, 0), (3, 0), (0, 4), (1, 2), (3, 1), (4, 1), (2, 4), (4, 2)]"
3469,9,"[(0, 2), (2, 0), (3, 0), (0, 4), (1, 2), (3, 1), (1, 4), (4, 1), (2, 4)]"
3470,9,"[(0, 2), (2, 0), (3, 0), (0, 4), (1, 2), (1, 3), (3, 1), (1, 4), (2, 4)]"
3471,9,"[(0, 2), (2, 0), (3, 0), (0, 4), (1, 2), (1, 3), (3, 1), (1, 4), (4, 2)]"
3472,9,"[(0, 2), (2, 0), (3, 0), (0, 4), (1, 2), (1, 3), (3, 1), (4, 1), (2, 4)]"
3473,9,"[(0, 2), (2, 0), (3, 0), (0, 4), (1, 2), (1, 3), (3, 1), (4, 1), (4, 2)]"
3474,9,"[(0, 2), (2, 0), (3, 0), (0, 4), (2, 1), (1, 3), (1, 4), (2, 4), (4, 2)]"
3475,9,"[(0, 2), (2, 0), (3, 0), (0, 4), (2, 1), (1, 3), (4, 1), (2, 4), (4, 2)]"
3476,9,"[(0, 2), (2, 0), (3, 0), (0, 4), (2, 1), (3, 1), (1, 4), (2, 4), (4, 2)]"
3477,9,"[(0, 2), (2, 0), (3, 0), (0, 4), (2, 1), (3, 1), (4, 1), (2, 4), (4, 2)]"
3478,9,"[(0, 2), (2, 0), (3, 0), (0, 4), (2, 1), (3, 1), (1, 4), (4, 1), (2, 4)]"
3479,9,"[(0, 2), (2, 0), (3, 0), (0, 4), (2, 1), (3, 1), (1, 4), (4, 1), (4, 2)]"
3480,9,"[(0, 2), (2, 0), (3, 0), (0, 4), (2, 1), (1, 3), (3, 1), (1, 4), (2, 4)]"
3481,9,"[(0, 2), (2, 0), (3, 0), (0, 4), (2, 1), (1, 3), (3, 1), (1, 4), (4, 2)]"
3482,9,"[(0, 2), (2, 0), (3, 0), (0, 4), (2, 1), (1, 3), (3, 1), (4, 1), (2, 4)]"
3483,9,"[(0, 2), (2, 0), (3, 0), (0, 4), (2, 1), (1, 3), (3, 1), (4, 1), (4, 2)]"
3484,9,"[(0, 2), (2, 0), (3, 0), (0, 4), (1, 2), (2, 1), (3, 1), (1, 4), (2, 4)]"
3485,9,"[(0, 2), (2, 0), (3, 0), (0, 4), (1, 2), (2, 1), (3, 1), (1, 4), (4, 2)]"
3486,9,"[(0, 2), (2, 0), (3, 0), (0, 4), (1, 2), (2, 1), (3, 1), (4, 1), (2, 4)]"
3487,9,"[(0, 2), (2, 0), (3, 0), (0, 4), (1, 2), (2, 1), (3, 1), (4, 1), (4, 2)]"
3488,9,"[(0, 2), (2, 0), (3, 0), (4, 0), (1, 2), (1, 3), (1, 4), (2, 4), (4, 2)]"
3489,9,"[(0, 2), (2, 0), (3, 0), (4, 0), (1, 2), (1, 3), (4, 1), (2, 4), (4, 2)]"
3490,9,"[(0, 2), (2, 0), (3, 0), (4, 0), (1, 2), (3, 1), (1, 4), (2, 4), (4, 2)]"
3491,9,"[(0, 2), (2, 0), (3, 0), (4, 0), (1, 2), (3, 1), (4, 1), (2, 4), (4, 2)]"
3492,9,"[(0, 2), (2, 0), (3, 0), (4, 0), (1, 2), (1, 3), (3, 1), (1, 4), (2, 4)]"
3493,9,"[(0, 2), (2, 0), (3, 0), (4, 0), (1, 2), (1, 3), (3, 1), (1, 4), (4, 2)]"
3494,9,"[(0, 2), (2, 0), (3, 0), (4, 0), (1, 2), (1, 3), (3, 1), (4, 1), (2, 4)]"
3495,9,"[(0, 2), (2, 0), (3, 0), (4, 0), (1, 2), (1, 3), (3, 1), (4, 1), (4, 2)]"
3496,9,"[(0, 2), (2, 0), (3, 0), (4, 0), (2, 1), (1, 3), (1, 4), (2, 4), (4, 2)]"
3497,9,"[(0, 2), (2, 0), (3, 0), (4, 0), (2, 1), (1, 3), (4, 1), (2, 4), (4, 2)]"
3498,9,"[(0, 2), (2, 0), (3, 0), (4, 0), (2, 1), (3, 1), (1, 4), (2, 4), (4, 2)]"
3499,9,"[(0, 2), (2, 0), (3, 0), (4, 0), (2, 1), (3, 1), (4, 1), (2, 4), (4, 2)]"
3500,9,"[(0, 2), (2, 0), (3, 0), (4, 0), (2, 1), (3, 1), (1, 4), (4, 1), (2, 4)]"
3501,9,"[(0, 2), (2, 0), (3, 0), (4, 0), (2, 1), (1, 3), (3, 1), (1, 4), (2, 4)]"
3502,9,"[(0, 2), (2, 0), (3, 0), (4, 0), (2, 1), (1, 3), (3, 1), (1, 4), (4, 2)]"
3503,9,"[(0, 2), (2, 0), (3, 0), (4, 0), (2, 1), (1, 3), (3, 1), (4, 1), (2, 4)]"
3504,9,"[(0, 2), (2, 0), (3, 0), (4, 0), (2, 1), (1, 3), (3, 1), (4, 1), (4, 2)]"
3505,9,"[(0, 2), (2, 0), (3, 0), (4, 0), (1, 2), (2, 1), (3, 1), (4, 1), (2, 4)]"
3506,9,"[(0, 2), (2, 0), (3, 0), (4, 0), (1, 2), (2, 1), (3, 1), (4, 1), (4, 2)]"
3507,9,"[(0, 2), (2, 0), (3, 0), (0, 4), (4, 0), (1, 2), (1, 3), (1, 4), (2, 4)]"
3508,9,"[(0, 2), (2, 0), (3, 0), (0, 4), (4, 0), (1, 2), (1, 3), (4, 1), (2, 4)]"
3509,9,"[(0, 2), (2, 0), (3, 0), (0, 4), (4, 0), (1, 2), (1, 3), (4, 1), (4, 2)]"
3510,9,"[(0, 2), (2, 0), (3, 0), (0, 4), (4, 0), (1, 2), (3, 1), (1, 4), (2, 4)]"
3511,9,"[(0, 2), (2, 0), (3, 0), (0, 4), (4, 0), (1, 2), (3, 1), (4, 1), (2, 4)]"
3512,9,"[(0, 2), (2, 0), (3, 0), (0, 4), (4, 0), (1, 2), (3, 1), (4, 1), (4, 2)]"
3513,9,"[(0, 2), (2, 0), (3, 0), (0, 4), (4, 0), (2, 1), (1, 3), (4, 1), (2, 4)]"
3514,9,"[(0, 2), (2, 0), (3, 0), (0, 4), (4, 0), (2, 1), (3, 1), (4, 1), (2, 4)]"
3515,9,"[(0, 2), (2, 0), (0, 3), (3, 0), (0, 4), (1, 2), (1, 3), (1, 4), (2, 4)]"
3516,9,"[(0, 2), (2, 0), (0, 3), (3, 0), (0, 4), (1, 2), (1, 3), (1, 4), (4, 2)]"
3517,9,"[(0, 2), (2, 0), (0, 3), (3, 0), (0, 4), (1, 2), (1, 3), (4, 1), (2, 4)]"
3518,9,"[(0, 2), (2, 0), (0, 3), (3, 0), (0, 4), (1, 2), (1, 3), (4, 1), (4, 2)]"
3519,9,"[(0, 2), (2, 0), (0, 3), (3, 0), (0, 4), (1, 2), (3, 1), (1, 4), (2, 4)]"
3520,9,"[(0, 2), (2, 0), (0, 3), (3, 0), (0, 4), (1, 2), (3, 1), (1, 4), (4, 2)]"
3521,9,"[(0, 2), (2, 0), (0, 3), (3, 0), (0, 4), (1, 2), (3, 1), (4, 1), (2, 4)]"
3522,9,"[(0, 2), (2, 0), (0, 3), (3, 0), (0, 4), (1, 2), (3, 1), (4, 1), (4, 2)]"
3523,9,"[(0, 2), (2, 0), (0, 3), (3, 0), (0, 4), (2, 1), (1, 3), (1, 4), (2, 4)]"
3524,9,"[(0, 2), (2, 0), (0, 3), (3, 0), (0, 4), (2, 1), (1, 3), (1, 4), (4, 2)]"
3525,9,"[(0, 2), (2, 0), (0, 3), (3, 0), (0, 4), (2, 1), (1, 3), (4, 1), (2, 4)]"
3526,9,"[(0, 2), (2, 0), (0, 3), (3, 0), (0, 4), (2, 1), (1, 3), (4, 1), (4, 2)]"
3527,9,"[(0, 2), (2, 0), (0, 3), (3, 0), (0, 4), (2, 1), (3, 1), (1, 4), (2, 4)]"
3528,9,"[(0, 2), (2, 0), (0, 3), (3, 0), (0, 4), (2, 1), (3, 1), (1, 4), (4, 2)]"
3529,9,"[(0, 2), (2, 0), (0, 3), (3, 0), (0, 4), (2, 1), (3, 1), (4, 1), (2, 4)]"
3530,9,"[(0, 2), (2, 0), (0, 3), (3, 0), (0, 4), (2, 1), (3, 1), (4, 1), (4, 2)]"
3531,9,"[(0, 2), (2, 0), (0, 3), (3, 0), (4, 0), (1, 2), (1, 3), (1, 4), (2, 4)]"
3532,9,"[(0, 2), (2, 0), (0, 3), (3, 0), (4, 0), (1, 2), (1, 3), (1, 4), (4, 2)]"
3533,9,"[(0, 2), (2, 0), (0, 3), (3, 0), (4, 0), (1, 2), (1, 3), (4, 1), (2, 4)]"
3534,9,"[(0, 2), (2, 0), (0, 3), (3, 0), (4, 0), (1, 2), (1, 3), (4, 1), (4, 2)]"
3535,9,"[(0, 2), (2, 0), (0, 3), (3, 0), (4, 0), (1, 2), (3, 1), (1, 4), (2, 4)]"
3536,9,"[(0, 2), (2, 0), (0, 3), (3, 0), (4, 0), (1, 2), (3, 1), (1, 4), (4, 2)]"
3537,9,"[(0, 2), (2, 0), (0, 3), (3, 0), (4, 0), (1, 2), (3, 1), (4, 1), (2, 4)]"
3538,9,"[(0, 2), (2, 0), (0, 3), (3, 0), (4, 0), (1, 2), (3, 1), (4, 1), (4, 2)]"
3539,9,"[(0, 2), (2, 0), (0, 3), (3, 0), (4, 0), (2, 1), (1, 3), (1, 4), (2, 4)]"
3540,9,"[(0, 2), (2, 0), (0, 3), (3, 0), (4, 0), (2, 1), (1, 3), (1, 4), (4, 2)]"
3541,9,"[(0, 2), (2, 0), (0, 3), (3, 0), (4, 0), (2, 1), (1, 3), (4, 1), (2, 4)]"
3542,9,"[(0, 2), (2, 0), (0, 3), (3, 0), (4, 0), (2, 1), (1, 3), (4, 1), (4, 2)]"
3543,9,"[(0, 2), (2, 0), (0, 3), (3, 0), (4, 0), (2, 1), (3, 1), (1, 4), (2, 4)]"
3544,9,"[(0, 2), (2, 0), (0, 3), (3, 0), (4, 0), (2, 1), (3, 1), (1, 4), (4, 2)]"
3545,9,"[(0, 2), (2, 0), (0, 3), (3, 0), (4, 0), (2, 1), (3, 1), (4, 1), (2, 4)]"
3546,9,"[(0, 2), (2, 0), (0, 3), (3, 0), (4, 0), (2, 1), (3, 1), (4, 1), (4, 2)]"
3547,9,"[(0, 2), (0, 3), (0, 4), (1, 2), (1, 3), (1, 4), (2, 4), (4, 2), (3, 4)]"
3548,9,"[(0, 2), (0, 3), (0, 4), (1, 2), (1, 3), (1, 4), (2, 4), (4, 2), (4, 3)]"
3549,9,"[(0, 2), (0, 3), (0, 4), (1, 2), (1, 3), (4, 1), (2, 4), (4, 2), (3, 4)]"
3550,9,"[(0, 2), (0, 3), (0, 4), (1, 2), (1, 3), (4, 1), (2, 4), (4, 2), (4, 3)]"
3551,9,"[(0, 2), (0, 3), (0, 4), (1, 2), (3, 1), (1, 4), (2, 4), (3, 4), (4, 3)]"
3552,9,"[(0, 2), (0, 3), (0, 4), (1, 2), (3, 1), (1, 4), (4, 2), (3, 4), (4, 3)]"
3553,9,"[(0, 2), (0, 3), (0, 4), (1, 2), (3, 1), (1, 4), (2, 4), (4, 2), (3, 4)]"
3554,9,"[(0, 2), (0, 3), (0, 4), (1, 2), (3, 1), (1, 4), (2, 4), (4, 2), (4, 3)]"
3555,9,"[(0, 2), (0, 3), (0, 4), (1, 2), (3, 1), (4, 1), (2, 4), (3, 4), (4, 3)]"
3556,9,"[(0, 2), (0, 3), (0, 4), (1, 2), (3, 1), (4, 1), (4, 2), (3, 4), (4, 3)]"
3557,9,"[(0, 2), (0, 3), (0, 4), (1, 2), (3, 1), (4, 1), (2, 4), (4, 2), (3, 4)]"
3558,9,"[(0, 2), (0, 3), (0, 4), (1, 2), (3, 1), (4, 1), (2, 4), (4, 2), (4, 3)]"
3559,9,"[(0, 2), (0, 3), (0, 4), (1, 2), (3, 1), (1, 4), (4, 1), (2, 4), (3, 4)]"
3560,9,"[(0, 2), (0, 3), (0, 4), (1, 2), (3, 1), (1, 4), (4, 1), (2, 4), (4, 3)]"
3561,9,"[(0, 2), (0, 3), (0, 4), (1, 2), (3, 1), (1, 4), (4, 1), (4, 2), (3, 4)]"
3562,9,"[(0, 2), (0, 3), (0, 4), (1, 2), (3, 1), (1, 4), (4, 1), (4, 2), (4, 3)]"
3563,9,"[(0, 2), (0, 3), (0, 4), (2, 1), (3, 1), (1, 4), (2, 4), (4, 2), (3, 4)]"
3564,9,"[(0, 2), (0, 3), (0, 4), (2, 1), (3, 1), (1, 4), (2, 4), (4, 2), (4, 3)]"
3565,9,"[(0, 2), (0, 3), (0, 4), (2, 1), (3, 1), (4, 1), (2, 4), (4, 2), (3, 4)]"
3566,9,"[(0, 2), (0, 3), (0, 4), (2, 1), (3, 1), (4, 1), (2, 4), (4, 2), (4, 3)]"
3567,9,"[(0, 2), (0, 3), (0, 4), (2, 1), (3, 1), (1, 4), (4, 1), (2, 4), (3, 4)]"
3568,9,"[(0, 2), (0, 3), (0, 4), (2, 1), (3, 1), (1, 4), (4, 1), (2, 4), (4, 3)]"
3569,9,"[(0, 2), (0, 3), (0, 4), (2, 1), (3, 1), (1, 4), (4, 1), (4, 2), (4, 3)]"
3570,9,"[(0, 2), (0, 3), (4, 0), (1, 2), (1, 3), (4, 1), (2, 4), (4, 2), (3, 4)]"
3571,9,"[(0, 2), (0, 3), (4, 0), (1, 2), (1, 3), (4, 1), (2, 4), (4, 2), (4, 3)]"
3572,9,"[(0, 2), (0, 3), (4, 0), (1, 2), (3, 1), (1, 4), (2, 4), (3, 4), (4, 3)]"
3573,9,"[(0, 2), (0, 3), (4, 0), (1, 2), (3, 1), (1, 4), (4, 2), (3, 4), (4, 3)]"
3574,9,"[(0, 2), (0, 3), (4, 0), (1, 2), (3, 1), (1, 4), (2, 4), (4, 2), (3, 4)]"
3575,9,"[(0, 2), (0, 3), (4, 0), (1, 2), (3, 1), (1, 4), (2, 4), (4, 2), (4, 3)]"
3576,9,"[(0, 2), (0, 3), (4, 0), (1, 2), (3, 1), (4, 1), (2, 4), (3, 4), (4, 3)]"
3577,9,"[(0, 2), (0, 3), (4, 0), (1, 2), (3, 1), (4, 1), (4, 2), (3, 4), (4, 3)]"
3578,9,"[(0, 2), (0, 3), (4, 0), (1, 2), (3, 1), (4, 1), (2, 4), (4, 2), (3, 4)]"
3579,9,"[(0, 2), (0, 3), (4, 0), (1, 2), (3, 1), (4, 1), (2, 4), (4, 2), (4, 3)]"
3580,9,"[(0, 2), (0, 3), (4, 0), (1, 2), (3, 1), (1, 4), (4, 1), (2, 4), (3, 4)]"
3581,9,"[(0, 2), (0, 3), (4, 0), (1, 2), (3, 1), (1, 4), (4, 1), (2, 4), (4, 3)]"
3582,9,"[(0, 2), (0, 3), (4, 0), (1, 2), (3, 1), (1, 4), (4, 1), (4, 2), (3, 4)]"
3583,9,"[(0, 2), (0, 3), (4, 0), (1, 2), (3, 1), (1, 4), (4, 1), (4, 2), (4, 3)]"
3584,9,"[(0, 2), (0, 3), (4, 0), (2, 1), (3, 1), (1, 4), (2, 4), (4, 2), (3, 4)]"
3585,9,"[(0, 2), (0, 3), (4, 0), (2, 1), (3, 1), (1, 4), (2, 4), (4, 2), (4, 3)]"
3586,9,"[(0, 2), (0, 3), (4, 0), (2, 1), (3, 1), (4, 1), (2, 4), (4, 2), (3, 4)]"
3587,9,"[(0, 2), (0, 3), (4, 0), (2, 1), (3, 1), (4, 1), (2, 4), (4, 2), (4, 3)]"
3588,9,"[(0, 2), (0, 3), (4, 0), (2, 1), (3, 1), (1, 4), (4, 1), (2, 4), (3, 4)]"
3589,9,"[(0, 2), (0, 3), (4, 0), (2, 1), (3, 1), (1, 4), (4, 1), (2, 4), (4, 3)]"
3590,9,"[(0, 2), (0, 3), (4, 0), (2, 1), (3, 1), (1, 4), (4, 1), (4, 2), (4, 3)]"
3591,9,"[(0, 2), (0, 3), (0, 4), (4, 0), (1, 2), (1, 3), (1, 4), (2, 4), (3, 4)]"
3592,9,"[(0, 2), (0, 3), (0, 4), (4, 0), (1, 2), (1, 3), (1, 4), (2, 4), (4, 3)]"
3593,9,"[(0, 2), (0, 3), (0, 4), (4, 0), (1, 2), (1, 3), (1, 4), (4, 2), (4, 3)]"
3594,9,"[(0, 2), (0, 3), (0, 4), (4, 0), (1, 2), (1, 3), (4, 1), (2, 4), (3, 4)]"
3595,9,"[(0, 2), (0, 3), (0, 4), (4, 0), (1, 2), (1, 3), (4, 1), (2, 4), (4, 3)]"
3596,9,"[(0, 2), (0, 3), (0, 4), (4, 0), (1, 2), (1, 3), (4, 1), (4, 2), (4, 3)]"
3597,9,"[(0, 2), (0, 3), (0, 4), (4, 0), (1, 2), (3, 1), (1, 4), (2, 4), (3, 4)]"
3598,9,"[(0, 2), (0, 3), (0, 4), (4, 0), (1, 2), (3, 1), (1, 4), (2, 4), (4, 3)]"
3599,9,"[(0, 2), (0, 3), (0, 4), (4, 0), (1, 2), (3, 1), (1, 4), (4, 2), (3, 4)]"
3600,9,"[(0, 2), (0, 3), (0, 4), (4, 0), (1, 2), (3, 1), (1, 4), (4, 2), (4, 3)]"
3601,9,"[(0, 2), (0, 3), (0, 4), (4, 0), (1, 2), (3, 1), (4, 1), (2, 4), (3, 4)]"
3602,9,"[(0, 2), (0, 3), (0, 4), (4, 0), (1, 2), (3, 1), (4, 1), (2, 4), (4, 3)]"
3603,9,"[(0, 2), (0, 3), (0, 4), (4, 0), (1, 2), (3, 1), (4, 1), (4, 2), (3, 4)]"
3604,9,"[(0, 2), (0, 3), (0, 4), (4, 0), (1, 2), (3, 1), (4, 1), (4, 2), (4, 3)]"
3605,9,"[(0, 2), (0, 3), (0, 4), (4, 0), (2, 1), (3, 1), (1, 4), (2, 4), (3, 4)]"
3606,9,"[(0, 2), (0, 3), (0, 4), (4, 0), (2, 1), (3, 1), (1, 4), (2, 4), (4, 3)]"
3607,9,"[(0, 2), (0, 3), (0, 4), (4, 0), (2, 1), (3, 1), (1, 4), (4, 2), (4, 3)]"
3608,9,"[(0, 2), (0, 3), (0, 4), (4, 0), (2, 1), (3, 1), (4, 1), (2, 4), (3, 4)]"
3609,9,"[(0, 2), (0, 3), (0, 4), (4, 0), (2, 1), (3, 1), (4, 1), (2, 4), (4, 3)]"
3610,9,"[(0, 2), (0, 3), (0, 4), (4, 0), (2, 1), (3, 1), (4, 1), (4, 2), (4, 3)]"
3611,9,"[(0, 2), (3, 0), (0, 4), (4, 0), (2, 1), (1, 3), (1, 4), (2, 4), (3, 4)]"
3612,9,"[(0, 2), (3, 0), (0, 4), (4, 0), (2, 1), (1, 3), (1, 4), (2, 4), (4, 3)]"
3613,9,"[(0, 2), (3, 0), (0, 4), (4, 0), (2, 1), (1, 3), (1, 4), (4, 2), (3, 4)]"
3614,9,"[(0, 2), (3, 0), (0, 4), (4, 0), (2, 1), (1, 3), (1, 4), (4, 2), (4, 3)]"
3615,9,"[(0, 2), (3, 0), (0, 4), (4, 0), (2, 1), (1, 3), (4, 1), (2, 4), (3, 4)]"
3616,9,"[(0, 2), (3, 0), (0, 4), (4, 0), (2, 1), (1, 3), (4, 1), (2, 4), (4, 3)]"
3617,9,"[(0, 2), (3, 0), (0, 4), (4, 0), (2, 1), (1, 3), (4, 1), (4, 2), (3, 4)]"
3618,9,"[(0, 2), (3, 0), (0, 4), (4, 0), (2, 1), (1, 3), (4, 1), (4, 2), (4, 3)]"
3619,9,"[(0, 2), (2, 0), (0, 3), (0, 4), (1, 2), (1, 3), (1, 4), (2, 4), (3, 4)]"
3620,9,"[(0, 2), (2, 0), (0, 3), (0, 4), (1, 2), (1, 3), (1, 4), (2, 4), (4, 3)]"
3621,9,"[(0, 2), (2, 0), (0, 3), (0, 4), (1, 2), (1, 3), (1, 4), (4, 2), (3, 4)]"
3622,9,"[(0, 2), (2, 0), (0, 3), (0, 4), (1, 2), (1, 3), (1, 4), (4, 2), (4, 3)]"
3623,9,"[(0, 2), (2, 0), (0, 3), (0, 4), (1, 2), (1, 3), (4, 1), (2, 4), (3, 4)]"
3624,9,"[(0, 2), (2, 0), (0, 3), (0, 4), (1, 2), (1, 3), (4, 1), (2, 4), (4, 3)]"
3625,9,"[(0, 2), (2, 0), (0, 3), (0, 4), (1, 2), (1, 3), (4, 1), (4, 2), (3, 4)]"
3626,9,"[(0, 2), (2, 0), (0, 3), (0, 4), (1, 2), (1, 3), (4, 1), (4, 2), (4, 3)]"
3627,9,"[(0, 2), (2, 0), (0, 3), (0, 4), (1, 2), (3, 1), (1, 4), (2, 4), (3, 4)]"
3628,9,"[(0, 2), (2, 0), (0, 3), (0, 4), (1, 2), (3, 1), (1, 4), (2, 4), (4, 3)]"
3629,9,"[(0, 2), (2, 0), (0, 3), (0, 4), (1, 2), (3, 1), (1, 4), (4, 2), (3, 4)]"
3630,9,"[(0, 2), (2, 0), (0, 3), (0, 4), (1, 2), (3, 1), (1, 4), (4, 2), (4, 3)]"
3631,9,"[(0, 2), (2, 0), (0, 3), (0, 4), (1, 2), (3, 1), (4, 1), (2, 4), (3, 4)]"
3632,9,"[(0, 2), (2, 0), (0, 3), (0, 4), (1, 2), (3, 1), (4, 1), (2, 4), (4, 3)]"
3633,9,"[(0, 2), (2, 0), (0, 3), (0, 4), (1, 2), (3, 1), (4, 1), (4, 2), (3, 4)]"
3634,9,"[(0, 2), (2, 0), (0, 3), (0, 4), (1, 2), (3, 1), (4, 1), (4, 2), (4, 3)]"
3635,9,"[(0, 2), (2, 0), (0, 3), (0, 4), (2, 1), (1, 3), (1, 4), (2, 4), (3, 4)]"
3636,9,"[(0, 2), (2, 0), (0, 3), (0, 4), (2, 1), (1, 3), (1, 4), (2, 4), (4, 3)]"
3637,9,"[(0, 2), (2, 0), (0, 3), (0, 4), (2, 1), (1, 3), (1, 4), (4, 2), (3, 4)]"
3638,9,"[(0, 2), (2, 0), (0, 3), (0, 4), (2, 1), (1, 3), (1, 4), (4, 2), (4, 3)]"
3639,9,"[(0, 2), (2, 0), (0, 3), (0, 4), (2, 1), (1, 3), (4, 1), (2, 4), (3, 4)]"
3640,9,"[(0, 2), (2, 0), (0, 3), (0, 4), (2, 1), (1, 3), (4, 1), (2, 4), (4, 3)]"
3641,9,"[(0, 2), (2, 0), (0, 3), (0, 4), (2, 1), (1, 3), (4, 1), (4, 2), (3, 4)]"
3642,9,"[(0, 2), (2, 0), (0, 3), (0, 4), (2, 1), (1, 3), (4, 1), (4, 2), (4, 3)]"
3643,9,"[(0, 2), (2, 0), (0, 3), (0, 4), (2, 1), (3, 1), (1, 4), (4, 2), (3, 4)]"
3644,9,"[(0, 2), (2, 0), (0, 3), (0, 4), (2, 1), (3, 1), (1, 4), (4, 2), (4, 3)]"
3645,9,"[(0, 2), (2, 0), (0, 3), (0, 4), (2, 1), (3, 1), (4, 1), (4, 2), (3, 4)]"
3646,9,"[(0, 2), (2, 0), (0, 3), (0, 4), (2, 1), (3, 1), (4, 1), (4, 2), (4, 3)]"
3647,9,"[(0, 2), (2, 0), (0, 3), (4, 0), (1, 2), (1, 3), (1, 4), (2, 4), (3, 4)]"
3648,9,"[(0, 2), (2, 0), (0, 3), (4, 0), (1, 2), (1, 3), (1, 4), (2, 4), (4, 3)]"
3649,9,"[(0, 2), (2, 0), (0, 3), (4, 0), (1, 2), (1, 3), (1, 4), (4, 2), (3, 4)]"
3650,9,"[(0, 2), (2, 0), (0, 3), (4, 0), (1, 2), (1, 3), (1, 4), (4, 2), (4, 3)]"
3651,9,"[(0, 2), (2, 0), (0, 3), (4, 0), (1, 2), (1, 3), (4, 1), (2, 4), (3, 4)]"
3652,9,"[(0, 2), (2, 0), (0, 3), (4, 0), (1, 2), (1, 3), (4, 1), (2, 4), (4, 3)]"
3653,9,"[(0, 2), (2, 0), (0, 3), (4, 0), (1, 2), (1, 3), (4, 1), (4, 2), (3, 4)]"
3654,9,"[(0, 2), (2, 0), (0, 3), (4, 0), (1, 2), (1, 3), (4, 1), (4, 2), (4, 3)]"
3655,9,"[(0, 2), (2, 0), (0, 3), (4, 0), (1, 2), (3, 1), (1, 4), (2, 4), (3, 4)]"
3656,9,"[(0, 2), (2, 0), (0, 3), (4, 0), (1, 2), (3, 1), (1, 4), (2, 4), (4, 3)]"
3657,9,"[(0, 2), (2, 0), (0, 3), (4, 0), (1, 2), (3, 1), (1, 4), (4, 2), (3, 4)]"
3658,9,"[(0, 2), (2, 0), (0, 3), (4, 0), (1, 2), (3, 1), (1, 4), (4, 2), (4, 3)]"
3659,9,"[(0, 2), (2, 0), (0, 3), (4, 0), (1, 2), (3, 1), (4, 1), (2, 4), (3, 4)]"
3660,9,"[(0, 2), (2, 0), (0, 3), (4, 0), (1, 2), (3, 1), (4, 1), (2, 4), (4, 3)]"
3661,9,"[(0, 2), (2, 0), (0, 3), (4, 0), (1, 2), (3, 1), (4, 1), (4, 2), (3, 4)]"
3662,9,"[(0, 2), (2, 0), (0, 3), (4, 0), (1, 2), (3, 1), (4, 1), (4, 2), (4, 3)]"
3663,9,"[(0, 2), (2, 0), (0, 3), (4, 0), (2, 1), (1, 3), (1, 4), (4, 2), (3, 4)]"
3664,9,"[(0, 2), (2, 0), (0, 3), (4, 0), (2, 1), (1, 3), (1, 4), (4, 2), (4, 3)]"
3665,9,"[(0, 2), (2, 0), (0, 3), (4, 0), (2, 1), (1, 3), (4, 1), (4, 2), (3, 4)]"
3666,9,"[(0, 2), (2, 0), (0, 3), (4, 0), (2, 1), (1, 3), (4, 1), (4, 2), (4, 3)]"
3667,9,"[(0, 2), (2, 0), (3, 0), (0, 4), (1, 2), (1, 3), (1, 4), (2, 4), (3, 4)]"
3668,9,"[(0, 2), (2, 0), (3, 0), (0, 4), (1, 2), (1, 3), (1, 4), (2, 4), (4, 3)]"
3669,9,"[(0, 2), (2, 0), (3, 0), (0, 4), (1, 2), (1, 3), (1, 4), (4, 2), (3, 4)]"
3670,9,"[(0, 2), (2, 0), (3, 0), (0, 4), (1, 2), (1, 3), (1, 4), (4, 2), (4, 3)]"
3671,9,"[(0, 2), (2, 0), (3, 0), (0, 4), (1, 2), (1, 3), (4, 1), (2, 4), (3, 4)]"
3672,9,"[(0, 2), (2, 0), (3, 0), (0, 4), (1, 2), (1, 3), (4, 1), (2, 4), (4, 3)]"
3673,9,"[(0, 2), (2, 0), (3, 0), (0, 4), (1, 2), (1, 3), (4, 1), (4, 2), (3, 4)]"
3674,9,"[(0, 2), (2, 0), (3, 0), (0, 4), (1, 2), (1, 3), (4, 1), (4, 2), (4, 3)]"
3675,9,"[(0, 2), (2, 0), (3, 0), (0, 4), (1, 2), (3, 1), (1, 4), (4, 2), (3, 4)]"
3676,9,"[(0, 2), (2, 0), (3, 0), (0, 4), (1, 2), (3, 1), (1, 4), (4, 2), (4, 3)]"
3677,9,"[(0, 2), (2, 0), (3, 0), (0, 4), (1, 2), (3, 1), (4, 1), (4, 2), (3, 4)]"
3678,9,"[(0, 2), (2, 0), (3, 0), (0, 4), (1, 2), (3, 1), (4, 1), (4, 2), (4, 3)]"
3679,9,"[(0, 2), (2, 0), (3, 0), (4, 0), (1, 2), (1, 3), (1, 4), (4, 2), (3, 4)]"
3680,9,"[(0, 2), (2, 0), (3, 0), (4, 0), (1, 2), (1, 3), (1, 4), (4, 2), (4, 3)]"
3681,9,"[(0, 2), (2, 0), (3, 0), (4, 0), (1, 2), (1, 3), (4, 1), (4, 2), (3, 4)]"
3682,9,"[(0, 2), (2, 0), (3, 0), (4, 0), (1, 2), (1, 3), (4, 1), (4, 2), (4, 3)]"
3683,9,"[(0, 2), (0, 3), (0, 4), (1, 2), (1, 3), (1, 4), (2, 3), (2, 4), (3, 4)]"
3684,9,"[(0, 2), (0, 3), (0, 4), (1, 2), (1, 3), (1, 4), (2, 3), (4, 2), (3, 4)]"
3685,9,"[(0, 2), (0, 3), (0, 4), (1, 2), (1, 3), (4, 1), (2, 3), (2, 4), (3, 4)]"
3686,9,"[(0, 2), (0, 3), (0, 4), (1, 2), (1, 3), (4, 1), (2, 3), (2, 4), (4, 3)]"
3687,9,"[(0, 2), (0, 3), (0, 4), (1, 2), (1, 3), (4, 1), (2, 3), (4, 2), (3, 4)]"
3688,9,"[(0, 2), (0, 3), (0, 4), (1, 2), (1, 3), (4, 1), (2, 3), (4, 2), (4, 3)]"
3689,9,"[(0, 2), (0, 3), (0, 4), (1, 2), (3, 1), (4, 1), (2, 3), (2, 4), (3, 4)]"
3690,9,"[(0, 2), (0, 3), (0, 4), (1, 2), (3, 1), (4, 1), (2, 3), (4, 2), (3, 4)]"
3691,9,"[(0, 2), (0, 3), (0, 4), (1, 2), (3, 1), (4, 1), (2, 3), (4, 2), (4, 3)]"
3692,9,"[(0, 2), (0, 3), (0, 4), (1, 2), (3, 1), (4, 1), (3, 2), (4, 2), (3, 4)]"
3693,9,"[(0, 2), (0, 3), (0, 4), (2, 1), (3, 1), (4, 1), (2, 3), (2, 4), (3, 4)]"
3694,9,"[(0, 2), (0, 3), (0, 4), (2, 1), (3, 1), (4, 1), (2, 3), (4, 2), (3, 4)]"
3695,9,"[(0, 2), (0, 3), (4, 0), (1, 2), (1, 3), (4, 1), (2, 3), (2, 4), (3, 4)]"
3696,9,"[(0, 2), (0, 3), (4, 0), (1, 2), (1, 3), (4, 1), (2, 3), (2, 4), (4, 3)]"
3697,9,"[(0, 2), (0, 3), (4, 0), (1, 2), (1, 3), (4, 1), (2, 3), (4, 2), (3, 4)]"
3698,9,"[(0, 2), (0, 3), (4, 0), (1, 2), (1, 3), (4, 1), (2, 3), (4, 2), (4, 3)]"
3699,9,"[(0, 2), (0, 3), (4, 0), (1, 2), (3, 1), (1, 4), (2, 3), (2, 4), (3, 4)]"
3700,9,"[(0, 2), (0, 3), (4, 0), (1, 2), (3, 1), (1, 4), (2, 3), (4, 2), (3, 4)]"
3701,9,"[(0, 2), (0, 3), (4, 0), (1, 2), (3, 1), (1, 4), (2, 3), (4, 2), (4, 3)]"
3702,9,"[(0, 2), (0, 3), (4, 0), (1, 2), (3, 1), (1, 4), (3, 2), (4, 2), (3, 4)]"
3703,9,"[(0, 2), (0, 3), (4, 0), (1, 2), (3, 1), (4, 1), (2, 3), (2, 4), (3, 4)]"
3704,9,"[(0, 2), (0, 3), (4, 0), (1, 2), (3, 1), (4, 1), (2, 3), (2, 4), (4, 3)]"
3705,9,"[(0, 2), (0, 3), (4, 0), (1, 2), (3, 1), (4, 1), (2, 3), (4, 2), (3, 4)]"
3706,9,"[(0, 2), (0, 3), (4, 0), (1, 2), (3, 1), (4, 1), (2, 3), (4, 2), (4, 3)]"
3707,9,"[(0, 2), (0, 3), (4, 0), (1, 2), (3, 1), (4, 1), (3, 2), (2, 4), (3, 4)]"
3708,9,"[(0, 2), (0, 3), (4, 0), (1, 2), (3, 1), (4, 1), (3, 2), (2, 4), (4, 3)]"
3709,9,"[(0, 2), (0, 3), (4, 0), (1, 2), (3, 1), (4, 1), (3, 2), (4, 2), (3, 4)]"
3710,9,"[(0, 2), (0, 3), (4, 0), (1, 2), (3, 1), (4, 1), (3, 2), (4, 2), (4, 3)]"
3711,9,"[(0, 2), (0, 3), (4, 0), (2, 1), (3, 1), (1, 4), (2, 3), (2, 4), (3, 4)]"
3712,9,"[(0, 2), (0, 3), (4, 0), (2, 1), (3, 1), (1, 4), (2, 3), (2, 4), (4, 3)]"
3713,9,"[(0, 2), (0, 3), (4, 0), (2, 1), (3, 1), (1, 4), (2, 3), (4, 2), (3, 4)]"
3714,9,"[(0, 2), (0, 3), (4, 0), (2, 1), (3, 1), (1, 4), (2, 3), (4, 2), (4, 3)]"
3715,9,"[(0, 2), (0, 3), (4, 0), (2, 1), (3, 1), (4, 1), (2, 3), (2, 4), (3, 4)]"
3716,9,"[(0, 2), (0, 3), (4, 0), (2, 1), (3, 1), (4, 1), (2, 3), (2, 4), (4, 3)]"
3717,9,"[(0, 2), (0, 3), (4, 0), (2, 1), (3, 1), (4, 1), (2, 3), (4, 2), (3, 4)]"
3718,9,"[(0, 2), (0, 3), (4, 0), (2, 1), (3, 1), (4, 1), (2, 3), (4, 2), (4, 3)]"
3719,9,"[(0, 2), (3, 0), (4, 0), (1, 2), (3, 1), (4, 1), (2, 3), (2, 4), (3, 4)]"
3720,9,"[(0, 2), (3, 0), (4, 0), (1, 2), (3, 1), (4, 1), (2, 3), (4, 2), (3, 4)]"
3721,9,"[(0, 2), (3, 0), (4, 0), (1, 2), (3, 1), (4, 1), (2, 3), (4, 2), (4, 3)]"
3722,9,"[(0, 2), (3, 0), (4, 0), (1, 2), (3, 1), (4, 1), (3, 2), (4, 2), (3, 4)]"
3723,9,"[(0, 2), (3, 0), (4, 0), (2, 1), (1, 3), (4, 1), (2, 3), (2, 4), (3, 4)]"
3724,9,"[(0, 2), (3, 0), (4, 0), (2, 1), (1, 3), (4, 1), (2, 3), (2, 4), (4, 3)]"
3725,9,"[(0, 2), (3, 0), (4, 0), (2, 1), (1, 3), (4, 1), (2, 3), (4, 2), (3, 4)]"
3726,9,"[(0, 2), (3, 0), (4, 0), (2, 1), (1, 3), (4, 1), (2, 3), (4, 2), (4, 3)]"
3727,9,"[(0, 2), (3, 0), (4, 0), (2, 1), (3, 1), (4, 1), (2, 3), (2, 4), (3, 4)]"
3728,9,"[(0, 2), (3, 0), (4, 0), (2, 1), (3, 1), (4, 1), (2, 3), (4, 2), (3, 4)]"
3729,9,"[(0, 2), (3, 0), (4, 0), (2, 1), (3, 1), (4, 1), (2, 3), (4, 2), (4, 3)]"
3730,9,"[(0, 2), (3, 0), (4, 0), (2, 1), (3, 1), (4, 1), (3, 2), (4, 2), (3, 4)]"
3731,9,"[(2, 0), (3, 0), (4, 0), (2, 1), (3, 1), (4, 1), (2, 3), (2, 4), (3, 4)]"
3732,9,"[(2, 0), (3, 0), (4, 0), (2, 1), (3, 1), (4, 1), (2, 3), (4, 2), (3, 4)]"
3733,10,"[(0, 3), (3, 0), (0, 4), (4, 0), (1, 4), (4, 1), (2, 4), (4, 2), (3, 4), (4, 3)]"
3734,10,"[(0, 3), (3, 0), (0, 4), (4, 0), (1, 3), (3, 1), (1, 4), (4, 1), (2, 4), (4, 2)]"
3735,10,"[(0, 3), (3, 0), (0, 4), (4, 0), (1, 3), (3, 1), (2, 4), (4, 2), (3, 4), (4, 3)]"
3736,10,"[(0, 3), (0, 4), (4, 0), (1, 3), (1, 4), (4, 1), (2, 4), (4, 2), (3, 4), (4, 3)]"
3737,10,"[(0, 3), (0, 4), (4, 0), (3, 1), (1, 4), (4, 1), (2, 4), (4, 2), (3, 4), (4, 3)]"
3738,10,"[(3, 0), (0, 4), (4, 0), (3, 1), (1, 4), (4, 1), (2, 4), (4, 2), (3, 4), (4, 3)]"
3739,10,"[(0, 3), (3, 0), (0, 4), (1, 3), (1, 4), (4, 1), (2, 4), (4, 2), (3, 4), (4, 3)]"
3740,10,"[(0, 3), (3, 0), (0, 4), (3, 1), (1, 4), (4, 1), (2, 4), (4, 2), (3, 4), (4, 3)]"
3741,10,"[(0, 3), (3, 0), (0, 4), (1, 3), (3, 1), (1, 4), (2, 4), (4, 2), (3, 4), (4, 3)]"
3742,10,"[(0, 3), (3, 0), (0, 4), (1, 3), (3, 1), (4, 1), (2, 4), (4, 2), (3, 4), (4, 3)]"
3743,10,"[(0, 3), (3, 0), (4, 0), (1, 3), (1, 4), (4, 1), (2, 4), (4, 2), (3, 4), (4, 3)]"
3744,10,"[(0, 3), (3, 0), (4, 0), (3, 1), (1, 4), (4, 1), (2, 4), (4, 2), (3, 4), (4, 3)]"
3745,10,"[(0, 3), (3, 0), (4, 0), (1, 3), (3, 1), (4, 1), (2, 4), (4, 2), (3, 4), (4, 3)]"
3746,10,"[(0, 3), (3, 0), (0, 4), (4, 0), (1, 3), (1, 4), (2, 4), (4, 2), (3, 4), (4, 3)]"
3747,10,"[(0, 3), (3, 0), (0, 4), (4, 0), (1, 3), (4, 1), (2, 4), (4, 2), (3, 4), (4, 3)]"
3748,10,"[(0, 3), (3, 0), (0, 4), (4, 0), (1, 3), (1, 4), (4, 1), (2, 4), (3, 4), (4, 3)]"
3749,10,"[(0, 3), (3, 0), (0, 4), (4, 0), (1, 3), (1, 4), (4, 1), (4, 2), (3, 4), (4, 3)]"
3750,10,"[(0, 3), (3, 0), (0, 4), (4, 0), (1, 3), (1, 4), (4, 1), (2, 4), (4, 2), (3, 4)]"
3751,10,"[(0, 3), (3, 0), (0, 4), (4, 0), (1, 3), (1, 4), (4, 1), (2, 4), (4, 2), (4, 3)]"
3752,10,"[(0, 3), (3, 0), (0, 4), (4, 0), (3, 1), (1, 4), (2, 4), (4, 2), (3, 4), (4, 3)]"
3753,10,"[(0, 3), (3, 0), (0, 4), (4, 0), (3, 1), (4, 1), (2, 4), (4, 2), (3, 4), (4, 3)]"
3754,10,"[(0, 3), (3, 0), (0, 4), (4, 0), (3, 1), (1, 4), (4, 1), (2, 4), (3, 4), (4, 3)]"
3755,10,"[(0, 3), (3, 0), (0, 4), (4, 0), (3, 1), (1, 4), (4, 1), (4, 2), (3, 4), (4, 3)]"
3756,10,"[(0, 3), (3, 0), (0, 4), (4, 0), (3, 1), (1, 4), (4, 1), (2, 4), (4, 2), (3, 4)]"
3757,10,"[(0, 3), (3, 0), (0, 4), (4, 0), (3, 1), (1, 4), (4, 1), (2, 4), (4, 2), (4, 3)]"
3758,10,"[(0, 3), (3, 0), (0, 4), (4, 0), (1, 3), (3, 1), (1, 4), (2, 4), (3, 4), (4, 3)]"
3759,10,"[(0, 3), (3, 0), (0, 4), (4, 0), (1, 3), (3, 1), (1, 4), (4, 2), (3, 4), (4, 3)]"
3760,10,"[(0, 3), (3, 0), (0, 4), (4, 0), (1, 3), (3, 1), (1, 4), (2, 4), (4, 2), (3, 4)]"
3761,10,"[(0, 3), (3, 0), (0, 4), (4, 0), (1, 3), (3, 1), (1, 4), (2, 4), (4, 2), (4, 3)]"
3762,10,"[(0, 3), (3, 0), (0, 4), (4, 0), (1, 3), (3, 1), (4, 1), (2, 4), (3, 4), (4, 3)]"
3763,10,"[(0, 3), (3, 0), (0, 4), (4, 0), (1, 3), (3, 1), (4, 1), (4, 2), (3, 4), (4, 3)]"
3764,10,"[(0, 3), (3, 0), (0, 4), (4, 0), (1, 3), (3, 1), (4, 1), (2, 4), (4, 2), (3, 4)]"
3765,10,"[(0, 3), (3, 0), (0, 4), (4, 0), (1, 3), (3, 1), (4, 1), (2, 4), (4, 2), (4, 3)]"
3766,10,"[(0, 3), (3, 0), (0, 4), (4, 0), (1, 3), (3, 1), (1, 4), (4, 1), (2, 4), (3, 4)]"
3767,10,"[(0, 3), (3, 0), (0, 4), (4, 0), (1, 3), (3, 1), (1, 4), (4, 1), (2, 4), (4, 3)]"
3768,10,"[(0, 3), (3, 0), (0, 4), (4, 0), (1, 3), (3, 1), (1, 4), (4, 1), (4, 2), (3, 4)]"
3769,10,"[(0, 3), (3, 0), (0, 4), (4, 0), (1, 3), (3, 1), (1, 4), (4, 1), (4, 2), (4, 3)]"
3770,10,"[(0, 3), (3, 0), (0, 4), (4, 0), (1, 3), (3, 1), (1, 4), (2, 3), (2, 4), (4, 2)]"
3771,10,"[(0, 3), (3, 0), (0, 4), (4, 0), (1, 3), (3, 1), (1, 4), (3, 2), (2, 4), (4, 2)]"
3772,10,"[(0, 3), (3, 0), (0, 4), (4, 0), (1, 3), (3, 1), (1, 4), (2, 3), (3, 2), (2, 4)]"
3773,10,"[(0, 3), (3, 0), (0, 4), (4, 0), (1, 3), (3, 1), (1, 4), (2, 3), (3, 2), (4, 2)]"
3774,10,"[(0, 3), (3, 0), (0, 4), (4, 0), (1, 3), (3, 1), (4, 1), (3, 2), (2, 4), (4, 2)]"
3775,10,"[(0, 3), (3, 0), (0, 4), (4, 0), (1, 3), (3, 1), (4, 1), (2, 3), (3, 2), (4, 2)]"
3776,10,"[(0, 3), (3, 0), (0, 4), (4, 0), (1, 3), (3, 1), (1, 4), (4, 1), (2, 3), (2, 4)]"
3777,10,"[(0, 3), (3, 0), (0, 4), (4, 0), (1, 3), (3, 1), (1, 4), (4, 1), (2, 3), (4, 2)]"
3778,10,"[(0, 3), (3, 0), (0, 4), (4, 0), (1, 3), (3, 1), (1, 4), (4, 1), (3, 2), (4, 2)]"
3779,10,"[(0, 3), (3, 0), (0, 4), (1, 3), (1, 4), (3, 2), (2, 4), (4, 2), (3, 4), (4, 3)]"
3780,10,"[(0, 3), (3, 0), (0, 4), (1, 3), (4, 1), (3, 2), (2, 4), (4, 2), (3, 4), (4, 3)]"
3781,10,"[(0, 3), (3, 0), (0, 4), (1, 3), (1, 4), (4, 1), (2, 3), (2, 4), (3, 4), (4, 3)]"
3782,10,"[(0, 3), (3, 0), (0, 4), (1, 3), (1, 4), (4, 1), (2, 3), (4, 2), (3, 4), (4, 3)]"
3783,10,"[(0, 3), (3, 0), (0, 4), (1, 3), (1, 4), (4, 1), (3, 2), (4, 2), (3, 4), (4, 3)]"
3784,10,"[(0, 3), (3, 0), (0, 4), (3, 1), (1, 4), (4, 1), (3, 2), (2, 4), (3, 4), (4, 3)]"
3785,10,"[(0, 3), (3, 0), (0, 4), (3, 1), (1, 4), (4, 1), (3, 2), (4, 2), (3, 4), (4, 3)]"
3786,10,"[(0, 3), (3, 0), (0, 4), (3, 1), (1, 4), (4, 1), (3, 2), (2, 4), (4, 2), (3, 4)]"
3787,10,"[(0, 3), (3, 0), (0, 4), (3, 1), (1, 4), (4, 1), (3, 2), (2, 4), (4, 2), (4, 3)]"
3788,10,"[(0, 3), (3, 0), (0, 4), (1, 3), (3, 1), (1, 4), (2, 3), (2, 4), (3, 4), (4, 3)]"
3789,10,"[(0, 3), (3, 0), (0, 4), (1, 3), (3, 1), (1, 4), (2, 3), (4, 2), (3, 4), (4, 3)]"
3790,10,"[(0, 3), (3, 0), (0, 4), (1, 3), (3, 1), (1, 4), (2, 3), (2, 4), (4, 2), (3, 4)]"
3791,10,"[(0, 3), (3, 0), (0, 4), (1, 3), (3, 1), (1, 4), (2, 3), (2, 4), (4, 2), (4, 3)]"
3792,10,"[(0, 3), (3, 0), (0, 4), (1, 3), (3, 1), (1, 4), (3, 2), (2, 4), (3, 4), (4, 3)]"
3793,10,"[(0, 3), (3, 0), (0, 4), (1, 3), (3, 1), (1, 4), (3, 2), (4, 2), (3, 4), (4, 3)]"
3794,10,"[(0, 3), (3, 0), (0, 4), (1, 3), (3, 1), (1, 4), (3, 2), (2, 4), (4, 2), (3, 4)]"
3795,10,"[(0, 3), (3, 0), (0, 4), (1, 3), (3, 1), (1, 4), (3, 2), (2, 4), (4, 2), (4, 3)]"
3796,10,"[(0, 3), (3, 0), (0, 4), (1, 3), (3, 1), (1, 4), (2, 3), (3, 2), (2, 4), (3, 4)]"
3797,10,"[(0, 3), (3, 0), (0, 4), (1, 3), (3, 1), (1, 4), (2, 3), (3, 2), (2, 4), (4, 3)]"
3798,10,"[(0, 3), (3, 0), (0, 4), (1, 3), (3, 1), (1, 4), (2, 3), (3, 2), (4, 2), (3, 4)]"
3799,10,"[(0, 3), (3, 0), (0, 4), (1, 3), (3, 1), (1, 4), (2, 3), (3, 2), (4, 2), (4, 3)]"
3800,10,"[(0, 3), (3, 0), (0, 4), (1, 3), (3, 1), (4, 1), (2, 3), (2, 4), (3, 4), (4, 3)]"
3801,10,"[(0, 3), (3, 0), (0, 4), (1, 3), (3, 1), (4, 1), (2, 3), (4, 2), (3, 4), (4, 3)]"
3802,10,"[(0, 3), (3, 0), (0, 4), (1, 3), (3, 1), (4, 1), (2, 3), (2, 4), (4, 2), (3, 4)]"
3803,10,"[(0, 3), (3, 0), (0, 4), (1, 3), (3, 1), (4, 1), (2, 3), (2, 4), (4, 2), (4, 3)]"
3804,10,"[(0, 3), (3, 0), (0, 4), (1, 3), (3, 1), (4, 1), (3, 2), (2, 4), (3, 4), (4, 3)]"
3805,10,"[(0, 3), (3, 0), (0, 4), (1, 3), (3, 1), (4, 1), (3, 2), (4, 2), (3, 4), (4, 3)]"
3806,10,"[(0, 3), (3, 0), (0, 4), (1, 3), (3, 1), (4, 1), (3, 2), (2, 4), (4, 2), (3, 4)]"
3807,10,"[(0, 3), (3, 0), (0, 4), (1, 3), (3, 1), (4, 1), (3, 2), (2, 4), (4, 2), (4, 3)]"
3808,10,"[(0, 3), (3, 0), (0, 4), (1, 3), (3, 1), (4, 1), (2, 3), (3, 2), (4, 2), (3, 4)]"
3809,10,"[(0, 3), (3, 0), (0, 4), (1, 3), (3, 1), (4, 1), (2, 3), (3, 2), (4, 2), (4, 3)]"
3810,10,"[(0, 3), (3, 0), (4, 0), (1, 3), (1, 4), (3, 2), (2, 4), (4, 2), (3, 4), (4, 3)]"
3811,10,"[(0, 3), (3, 0), (4, 0), (1, 3), (4, 1), (3, 2), (2, 4), (4, 2), (3, 4), (4, 3)]"
3812,10,"[(0, 3), (3, 0), (4, 0), (3, 1), (1, 4), (4, 1), (3, 2), (4, 2), (3, 4), (4, 3)]"
3813,10,"[(0, 3), (3, 0), (4, 0), (1, 3), (3, 1), (4, 1), (2, 3), (2, 4), (3, 4), (4, 3)]"
3814,10,"[(0, 3), (3, 0), (4, 0), (1, 3), (3, 1), (4, 1), (2, 3), (4, 2), (3, 4), (4, 3)]"
3815,10,"[(0, 3), (3, 0), (4, 0), (1, 3), (3, 1), (4, 1), (3, 2), (2, 4), (3, 4), (4, 3)]"
3816,10,"[(0, 3), (3, 0), (4, 0), (1, 3), (3, 1), (4, 1), (3, 2), (4, 2), (3, 4), (4, 3)]"
3817,10,"[(0, 3), (3, 0), (4, 0), (1, 3), (3, 1), (4, 1), (3, 2), (2, 4), (4, 2), (3, 4)]"
3818,10,"[(0, 3), (3, 0), (4, 0), (1, 3), (3, 1), (4, 1), (3, 2), (2, 4), (4, 2), (4, 3)]"
3819,10,"[(0, 3), (3, 0), (4, 0), (1, 3), (3, 1), (4, 1), (2, 3), (3, 2), (4, 2), (3, 4)]"
3820,10,"[(0, 3), (3, 0), (4, 0), (1, 3), (3, 1), (4, 1), (2, 3), (3, 2), (4, 2), (4, 3)]"
3821,10,"[(0, 3), (3, 0), (0, 4), (4, 0), (1, 3), (1, 4), (2, 3), (2, 4), (3, 4), (4, 3)]"
3822,10,"[(0, 3), (3, 0), (0, 4), (4, 0), (1, 3), (1, 4), (2, 3), (4, 2), (3, 4), (4, 3)]"
3823,10,"[(0, 3), (3, 0), (0, 4), (4, 0), (1, 3), (1, 4), (3, 2), (4, 2), (3, 4), (4, 3)]"
3824,10,"[(0, 3), (3, 0), (0, 4), (4, 0), (1, 3), (4, 1), (2, 3), (4, 2), (3, 4), (4, 3)]"
3825,10,"[(0, 3), (3, 0), (0, 4), (4, 0), (1, 3), (4, 1), (3, 2), (2, 4), (3, 4), (4, 3)]"
3826,10,"[(0, 3), (3, 0), (0, 4), (4, 0), (1, 3), (4, 1), (3, 2), (4, 2), (3, 4), (4, 3)]"
3827,10,"[(0, 3), (3, 0), (0, 4), (4, 0), (3, 1), (4, 1), (3, 2), (4, 2), (3, 4), (4, 3)]"
3828,10,"[(0, 3), (3, 0), (0, 4), (4, 0), (1, 3), (3, 1), (1, 4), (2, 3), (2, 4), (3, 4)]"
3829,10,"[(0, 3), (3, 0), (0, 4), (4, 0), (1, 3), (3, 1), (1, 4), (2, 3), (2, 4), (4, 3)]"
3830,10,"[(0, 3), (3, 0), (0, 4), (4, 0), (1, 3), (3, 1), (1, 4), (2, 3), (4, 2), (3, 4)]"
3831,10,"[(0, 3), (3, 0), (0, 4), (4, 0), (1, 3), (3, 1), (1, 4), (2, 3), (4, 2), (4, 3)]"
3832,10,"[(0, 3), (3, 0), (0, 4), (4, 0), (1, 3), (3, 1), (1, 4), (3, 2), (2, 4), (3, 4)]"
3833,10,"[(0, 3), (3, 0), (0, 4), (4, 0), (1, 3), (3, 1), (1, 4), (3, 2), (2, 4), (4, 3)]"
3834,10,"[(0, 3), (3, 0), (0, 4), (4, 0), (1, 3), (3, 1), (1, 4), (3, 2), (4, 2), (3, 4)]"
3835,10,"[(0, 3), (3, 0), (0, 4), (4, 0), (1, 3), (3, 1), (1, 4), (3, 2), (4, 2), (4, 3)]"
3836,10,"[(0, 3), (3, 0), (0, 4), (4, 0), (1, 3), (3, 1), (4, 1), (2, 3), (2, 4), (3, 4)]"
3837,10,"[(0, 3), (3, 0), (0, 4), (4, 0), (1, 3), (3, 1), (4, 1), (2, 3), (2, 4), (4, 3)]"
3838,10,"[(0, 3), (3, 0), (0, 4), (4, 0), (1, 3), (3, 1), (4, 1), (2, 3), (4, 2), (3, 4)]"
3839,10,"[(0, 3), (3, 0), (0, 4), (4, 0), (1, 3), (3, 1), (4, 1), (2, 3), (4, 2), (4, 3)]"
3840,10,"[(0, 3), (3, 0), (0, 4), (4, 0), (1, 3), (3, 1), (4, 1), (3, 2), (2, 4), (3, 4)]"
3841,10,"[(0, 3), (3, 0), (0, 4), (4, 0), (1, 3), (3, 1), (4, 1), (3, 2), (2, 4), (4, 3)]"
3842,10,"[(0, 3), (3, 0), (0, 4), (4, 0), (1, 3), (3, 1), (4, 1), (3, 2), (4, 2), (3, 4)]"
3843,10,"[(0, 3), (3, 0), (0, 4), (4, 0), (1, 3), (3, 1), (4, 1), (3, 2), (4, 2), (4, 3)]"
3844,10,"[(0, 2), (2, 0), (0, 4), (4, 0), (1, 3), (3, 1), (1, 4), (4, 1), (2, 4), (4, 2)]"
3845,10,"[(0, 2), (0, 4), (4, 0), (1, 3), (1, 4), (4, 1), (2, 4), (4, 2), (3, 4), (4, 3)]"
3846,10,"[(0, 2), (2, 0), (0, 4), (4, 0), (1, 3), (1, 4), (2, 4), (4, 2), (3, 4), (4, 3)]"
3847,10,"[(0, 2), (2, 0), (0, 4), (4, 0), (1, 3), (4, 1), (2, 4), (4, 2), (3, 4), (4, 3)]"
3848,10,"[(0, 2), (2, 0), (0, 4), (4, 0), (1, 3), (1, 4), (4, 1), (2, 4), (3, 4), (4, 3)]"
3849,10,"[(0, 2), (2, 0), (0, 4), (4, 0), (1, 3), (1, 4), (4, 1), (4, 2), (3, 4), (4, 3)]"
3850,10,"[(0, 2), (2, 0), (0, 4), (4, 0), (1, 3), (1, 4), (4, 1), (2, 4), (4, 2), (3, 4)]"
3851,10,"[(0, 2), (2, 0), (0, 4), (4, 0), (1, 3), (1, 4), (4, 1), (2, 4), (4, 2), (4, 3)]"
3852,10,"[(0, 2), (2, 0), (0, 4), (4, 0), (1, 3), (3, 1), (1, 4), (2, 4), (4, 2), (3, 4)]"
3853,10,"[(0, 2), (2, 0), (0, 4), (4, 0), (1, 3), (3, 1), (1, 4), (2, 4), (4, 2), (4, 3)]"
3854,10,"[(0, 2), (2, 0), (0, 4), (4, 0), (1, 3), (3, 1), (4, 1), (2, 4), (4, 2), (4, 3)]"
3855,10,"[(0, 2), (2, 0), (0, 4), (4, 0), (1, 3), (3, 1), (1, 4), (4, 1), (2, 4), (3, 4)]"
3856,10,"[(0, 2), (2, 0), (0, 4), (4, 0), (1, 3), (3, 1), (1, 4), (4, 1), (2, 4), (4, 3)]"
3857,10,"[(0, 2), (2, 0), (0, 4), (4, 0), (1, 3), (3, 1), (1, 4), (4, 1), (4, 2), (4, 3)]"
3858,10,"[(0, 2), (2, 0), (0, 3), (3, 0), (1, 3), (3, 1), (1, 4), (4, 1), (2, 4), (4, 2)]"
3859,10,"[(0, 2), (0, 3), (3, 0), (0, 4), (4, 0), (1, 3), (3, 1), (1, 4), (4, 1), (2, 4)]"
3860,10,"[(0, 2), (0, 3), (3, 0), (0, 4), (4, 0), (1, 3), (3, 1), (1, 4), (4, 1), (4, 2)]"
3861,10,"[(2, 0), (0, 3), (3, 0), (0, 4), (4, 0), (1, 3), (3, 1), (1, 4), (4, 1), (2, 4)]"
3862,10,"[(0, 2), (2, 0), (0, 3), (0, 4), (4, 0), (1, 3), (3, 1), (1, 4), (2, 4), (4, 2)]"
3863,10,"[(0, 2), (2, 0), (0, 3), (0, 4), (4, 0), (1, 3), (3, 1), (4, 1), (2, 4), (4, 2)]"
3864,10,"[(0, 2), (2, 0), (0, 3), (0, 4), (4, 0), (1, 3), (3, 1), (1, 4), (4, 1), (2, 4)]"
3865,10,"[(0, 2), (2, 0), (0, 3), (0, 4), (4, 0), (1, 3), (3, 1), (1, 4), (4, 1), (4, 2)]"
3866,10,"[(0, 2), (2, 0), (3, 0), (0, 4), (4, 0), (1, 3), (3, 1), (1, 4), (2, 4), (4, 2)]"
3867,10,"[(0, 2), (2, 0), (3, 0), (0, 4), (4, 0), (1, 3), (3, 1), (1, 4), (4, 1), (2, 4)]"
3868,10,"[(0, 2), (2, 0), (3, 0), (0, 4), (4, 0), (1, 3), (3, 1), (1, 4), (4, 1), (4, 2)]"
3869,10,"[(0, 2), (2, 0), (0, 3), (3, 0), (0, 4), (1, 3), (1, 4), (4, 1), (2, 4), (4, 2)]"
3870,10,"[(0, 2), (2, 0), (0, 3), (3, 0), (0, 4), (3, 1), (1, 4), (4, 1), (2, 4), (4, 2)]"
3871,10,"[(0, 2), (2, 0), (0, 3), (3, 0), (0, 4), (1, 3), (3, 1), (1, 4), (2, 4), (4, 2)]"
3872,10,"[(0, 2), (2, 0), (0, 3), (3, 0), (0, 4), (1, 3), (3, 1), (4, 1), (2, 4), (4, 2)]"
3873,10,"[(0, 2), (2, 0), (0, 3), (3, 0), (0, 4), (1, 3), (3, 1), (1, 4), (4, 1), (2, 4)]"
3874,10,"[(0, 2), (2, 0), (0, 3), (3, 0), (0, 4), (1, 3), (3, 1), (1, 4), (4, 1), (4, 2)]"
3875,10,"[(0, 2), (2, 0), (0, 3), (3, 0), (4, 0), (1, 3), (3, 1), (1, 4), (2, 4), (4, 2)]"
3876,10,"[(0, 2), (2, 0), (0, 3), (3, 0), (4, 0), (1, 3), (3, 1), (4, 1), (2, 4), (4, 2)]"
3877,10,"[(0, 2), (2, 0), (0, 3), (3, 0), (4, 0), (1, 3), (3, 1), (1, 4), (4, 1), (2, 4)]"
3878,10,"[(0, 2), (2, 0), (0, 3), (3, 0), (4, 0), (1, 3), (3, 1), (1, 4), (4, 1), (4, 2)]"
3879,10,"[(0, 2), (2, 0), (0, 3), (3, 0), (0, 4), (4, 0), (1, 3), (1, 4), (2, 4), (4, 2)]"
3880,10,"[(0, 2), (2, 0), (0, 3), (3, 0), (0, 4), (4, 0), (1, 3), (4, 1), (2, 4), (4, 2)]"
3881,10,"[(0, 2), (2, 0), (0, 3), (3, 0), (0, 4), (4, 0), (1, 3), (1, 4), (4, 1), (2, 4)]"
3882,10,"[(0, 2), (2, 0), (0, 3), (3, 0), (0, 4), (4, 0), (1, 3), (1, 4), (4, 1), (4, 2)]"
3883,10,"[(0, 2), (2, 0), (0, 3), (3, 0), (0, 4), (4, 0), (3, 1), (1, 4), (2, 4), (4, 2)]"
3884,10,"[(0, 2), (2, 0), (0, 3), (3, 0), (0, 4), (4, 0), (3, 1), (4, 1), (2, 4), (4, 2)]"
3885,10,"[(0, 2), (2, 0), (0, 3), (3, 0), (0, 4), (4, 0), (3, 1), (1, 4), (4, 1), (2, 4)]"
3886,10,"[(0, 2), (2, 0), (0, 3), (3, 0), (0, 4), (4, 0), (3, 1), (1, 4), (4, 1), (4, 2)]"
3887,10,"[(0, 2), (2, 0), (0, 3), (3, 0), (0, 4), (4, 0), (1, 3), (3, 1), (1, 4), (2, 4)]"
3888,10,"[(0, 2), (2, 0), (0, 3), (3, 0), (0, 4), (4, 0), (1, 3), (3, 1), (1, 4), (4, 2)]"
3889,10,"[(0, 2), (2, 0), (0, 3), (3, 0), (0, 4), (4, 0), (1, 3), (3, 1), (4, 1), (2, 4)]"
3890,10,"[(0, 2), (2, 0), (0, 3), (3, 0), (0, 4), (4, 0), (1, 3), (3, 1), (4, 1), (4, 2)]"
3891,10,"[(0, 2), (0, 3), (0, 4), (1, 3), (1, 4), (4, 1), (2, 4), (4, 2), (3, 4), (4, 3)]"
3892,10,"[(0, 2), (0, 3), (0, 4), (3, 1), (1, 4), (4, 1), (2, 4), (4, 2), (3, 4), (4, 3)]"
3893,10,"[(0, 2), (0, 3), (4, 0), (1, 3), (1, 4), (4, 1), (2, 4), (4, 2), (3, 4), (4, 3)]"
3894,10,"[(0, 2), (0, 3), (4, 0), (3, 1), (1, 4), (4, 1), (2, 4), (4, 2), (3, 4), (4, 3)]"
3895,10,"[(0, 2), (0, 3), (0, 4), (4, 0), (1, 3), (1, 4), (2, 4), (4, 2), (3, 4), (4, 3)]"
3896,10,"[(0, 2), (0, 3), (0, 4), (4, 0), (1, 3), (4, 1), (2, 4), (4, 2), (3, 4), (4, 3)]"
3897,10,"[(0, 2), (0, 3), (0, 4), (4, 0), (1, 3), (1, 4), (4, 1), (2, 4), (3, 4), (4, 3)]"
3898,10,"[(0, 2), (0, 3), (0, 4), (4, 0), (1, 3), (1, 4), (4, 1), (4, 2), (3, 4), (4, 3)]"
3899,10,"[(0, 2), (0, 3), (0, 4), (4, 0), (1, 3), (1, 4), (4, 1), (2, 4), (4, 2), (3, 4)]"
3900,10,"[(0, 2), (0, 3), (0, 4), (4, 0), (1, 3), (1, 4), (4, 1), (2, 4), (4, 2), (4, 3)]"
3901,10,"[(0, 2), (0, 3), (0, 4), (4, 0), (3, 1), (1, 4), (2, 4), (4, 2), (3, 4), (4, 3)]"
3902,10,"[(0, 2), (0, 3), (0, 4), (4, 0), (3, 1), (4, 1), (2, 4), (4, 2), (3, 4), (4, 3)]"
3903,10,"[(0, 2), (0, 3), (0, 4), (4, 0), (3, 1), (1, 4), (4, 1), (2, 4), (3, 4), (4, 3)]"
3904,10,"[(0, 2), (0, 3), (0, 4), (4, 0), (3, 1), (1, 4), (4, 1), (4, 2), (3, 4), (4, 3)]"
3905,10,"[(0, 2), (0, 3), (0, 4), (4, 0), (3, 1), (1, 4), (4, 1), (2, 4), (4, 2), (3, 4)]"
3906,10,"[(0, 2), (0, 3), (0, 4), (4, 0), (3, 1), (1, 4), (4, 1), (2, 4), (4, 2), (4, 3)]"
3907,10,"[(0, 2), (3, 0), (0, 4), (1, 3), (1, 4), (4, 1), (2, 4), (4, 2), (3, 4), (4, 3)]"
3908,10,"[(0, 2), (3, 0), (4, 0), (1, 3), (1, 4), (4, 1), (2, 4), (4, 2), (3, 4), (4, 3)]"
3909,10,"[(0, 2), (3, 0), (0, 4), (4, 0), (1, 3), (1, 4), (2, 4), (4, 2), (3, 4), (4, 3)]"
3910,10,"[(0, 2), (3, 0), (0, 4), (4, 0), (1, 3), (4, 1), (2, 4), (4, 2), (3, 4), (4, 3)]"
3911,10,"[(0, 2), (3, 0), (0, 4), (4, 0), (1, 3), (1, 4), (4, 1), (2, 4), (3, 4), (4, 3)]"
3912,10,"[(0, 2), (3, 0), (0, 4), (4, 0), (1, 3), (1, 4), (4, 1), (4, 2), (3, 4), (4, 3)]"
3913,10,"[(0, 2), (3, 0), (0, 4), (4, 0), (1, 3), (1, 4), (4, 1), (2, 4), (4, 2), (3, 4)]"
3914,10,"[(0, 2), (3, 0), (0, 4), (4, 0), (1, 3), (1, 4), (4, 1), (2, 4), (4, 2), (4, 3)]"
3915,10,"[(0, 2), (0, 3), (3, 0), (0, 4), (1, 3), (1, 4), (2, 4), (4, 2), (3, 4), (4, 3)]"
3916,10,"[(0, 2), (0, 3), (3, 0), (0, 4), (1, 3), (4, 1), (2, 4), (4, 2), (3, 4), (4, 3)]"
3917,10,"[(0, 2), (0, 3), (3, 0), (0, 4), (1, 3), (1, 4), (4, 1), (2, 4), (3, 4), (4, 3)]"
3918,10,"[(0, 2), (0, 3), (3, 0), (0, 4), (1, 3), (1, 4), (4, 1), (4, 2), (3, 4), (4, 3)]"
3919,10,"[(0, 2), (0, 3), (3, 0), (0, 4), (1, 3), (1, 4), (4, 1), (2, 4), (4, 2), (3, 4)]"
3920,10,"[(0, 2), (0, 3), (3, 0), (0, 4), (1, 3), (1, 4), (4, 1), (2, 4), (4, 2), (4, 3)]"
3921,10,"[(0, 2), (0, 3), (3, 0), (0, 4), (3, 1), (1, 4), (4, 1), (2, 4), (4, 2), (3, 4)]"
3922,10,"[(0, 2), (0, 3), (3, 0), (0, 4), (3, 1), (1, 4), (4, 1), (2, 4), (4, 2), (4, 3)]"
3923,10,"[(0, 2), (0, 3), (3, 0), (4, 0), (1, 3), (1, 4), (2, 4), (4, 2), (3, 4), (4, 3)]"
3924,10,"[(0, 2), (0, 3), (3, 0), (4, 0), (1, 3), (4, 1), (2, 4), (4, 2), (3, 4), (4, 3)]"
3925,10,"[(0, 2), (0, 3), (3, 0), (4, 0), (1, 3), (1, 4), (4, 1), (2, 4), (3, 4), (4, 3)]"
3926,10,"[(0, 2), (0, 3), (3, 0), (4, 0), (1, 3), (1, 4), (4, 1), (4, 2), (3, 4), (4, 3)]"
3927,10,"[(0, 2), (0, 3), (3, 0), (4, 0), (1, 3), (1, 4), (4, 1), (2, 4), (4, 2), (3, 4)]"
3928,10,"[(0, 2), (0, 3), (3, 0), (4, 0), (1, 3), (1, 4), (4, 1), (2, 4), (4, 2), (4, 3)]"
3929,10,"[(0, 2), (0, 3), (3, 0), (4, 0), (3, 1), (1, 4), (4, 1), (2, 4), (4, 2), (4, 3)]"
3930,10,"[(0, 2), (0, 3), (3, 0), (0, 4), (4, 0), (1, 3), (1, 4), (2, 4), (3, 4), (4, 3)]"
3931,10,"[(0, 2), (0, 3), (3, 0), (0, 4), (4, 0), (1, 3), (1, 4), (4, 2), (3, 4), (4, 3)]"
3932,10,"[(0, 2), (0, 3), (3, 0), (0, 4), (4, 0), (1, 3), (1, 4), (2, 4), (4, 2), (3, 4)]"
3933,10,"[(0, 2), (0, 3), (3, 0), (0, 4), (4, 0), (1, 3), (1, 4), (2, 4), (4, 2), (4, 3)]"
3934,10,"[(0, 2), (0, 3), (3, 0), (0, 4), (4, 0), (1, 3), (4, 1), (2, 4), (3, 4), (4, 3)]"
3935,10,"[(0, 2), (0, 3), (3, 0), (0, 4), (4, 0), (1, 3), (4, 1), (4, 2), (3, 4), (4, 3)]"
3936,10,"[(0, 2), (0, 3), (3, 0), (0, 4), (4, 0), (1, 3), (4, 1), (2, 4), (4, 2), (3, 4)]"
3937,10,"[(0, 2), (0, 3), (3, 0), (0, 4), (4, 0), (1, 3), (4, 1), (2, 4), (4, 2), (4, 3)]"
3938,10,"[(0, 2), (0, 3), (3, 0), (0, 4), (4, 0), (1, 3), (1, 4), (4, 1), (2, 4), (3, 4)]"
3939,10,"[(0, 2), (0, 3), (3, 0), (0, 4), (4, 0), (1, 3), (1, 4), (4, 1), (2, 4), (4, 3)]"
3940,10,"[(0, 2), (0, 3), (3, 0), (0, 4), (4, 0), (1, 3), (1, 4), (4, 1), (4, 2), (3, 4)]"
3941,10,"[(0, 2), (0, 3), (3, 0), (0, 4), (4, 0), (1, 3), (1, 4), (4, 1), (4, 2), (4, 3)]"
3942,10,"[(0, 2), (0, 3), (3, 0), (0, 4), (4, 0), (3, 1), (1, 4), (2, 4), (3, 4), (4, 3)]"
3943,10,"[(0, 2), (0, 3), (3, 0), (0, 4), (4, 0), (3, 1), (1, 4), (4, 2), (3, 4), (4, 3)]"
3944,10,"[(0, 2), (0, 3), (3, 0), (0, 4), (4, 0), (3, 1), (1, 4), (2, 4), (4, 2), (3, 4)]"
3945,10,"[(0, 2), (0, 3), (3, 0), (0, 4), (4, 0), (3, 1), (1, 4), (2, 4), (4, 2), (4, 3)]"
3946,10,"[(0, 2), (0, 3), (3, 0), (0, 4), (4, 0), (3, 1), (4, 1), (4, 2), (3, 4), (4, 3)]"
3947,10,"[(0, 2), (0, 3), (3, 0), (0, 4), (4, 0), (3, 1), (4, 1), (2, 4), (4, 2), (3, 4)]"
3948,10,"[(0, 2), (0, 3), (3, 0), (0, 4), (4, 0), (3, 1), (4, 1), (2, 4), (4, 2), (4, 3)]"
3949,10,"[(0, 2), (0, 3), (3, 0), (0, 4), (4, 0), (3, 1), (1, 4), (4, 1), (2, 4), (3, 4)]"
3950,10,"[(0, 2), (0, 3), (3, 0), (0, 4), (4, 0), (3, 1), (1, 4), (4, 1), (2, 4), (4, 3)]"
3951,10,"[(0, 2), (0, 3), (3, 0), (0, 4), (4, 0), (3, 1), (1, 4), (4, 1), (4, 2), (3, 4)]"
3952,10,"[(0, 2), (0, 3), (3, 0), (0, 4), (4, 0), (3, 1), (1, 4), (4, 1), (4, 2), (4, 3)]"
3953,10,"[(2, 0), (0, 3), (0, 4), (1, 3), (1, 4), (4, 1), (2, 4), (4, 2), (3, 4), (4, 3)]"
3954,10,"[(2, 0), (0, 3), (4, 0), (1, 3), (1, 4), (4, 1), (2, 4), (4, 2), (3, 4), (4, 3)]"
3955,10,"[(2, 0), (0, 3), (0, 4), (4, 0), (1, 3), (1, 4), (2, 4), (4, 2), (3, 4), (4, 3)]"
3956,10,"[(2, 0), (0, 3), (0, 4), (4, 0), (1, 3), (4, 1), (2, 4), (4, 2), (3, 4), (4, 3)]"
3957,10,"[(2, 0), (0, 3), (0, 4), (4, 0), (1, 3), (1, 4), (4, 1), (2, 4), (3, 4), (4, 3)]"
3958,10,"[(2, 0), (0, 3), (0, 4), (4, 0), (1, 3), (1, 4), (4, 1), (4, 2), (3, 4), (4, 3)]"
3959,10,"[(2, 0), (0, 3), (0, 4), (4, 0), (1, 3), (1, 4), (4, 1), (2, 4), (4, 2), (3, 4)]"
3960,10,"[(2, 0), (0, 3), (0, 4), (4, 0), (1, 3), (1, 4), (4, 1), (2, 4), (4, 2), (4, 3)]"
3961,10,"[(2, 0), (0, 3), (3, 0), (0, 4), (1, 3), (1, 4), (4, 1), (2, 4), (4, 2), (3, 4)]"
3962,10,"[(2, 0), (0, 3), (3, 0), (0, 4), (1, 3), (1, 4), (4, 1), (2, 4), (4, 2), (4, 3)]"
3963,10,"[(2, 0), (0, 3), (3, 0), (4, 0), (1, 3), (1, 4), (4, 1), (2, 4), (4, 2), (4, 3)]"
3964,10,"[(2, 0), (0, 3), (3, 0), (0, 4), (4, 0), (1, 3), (1, 4), (2, 4), (3, 4), (4, 3)]"
3965,10,"[(2, 0), (0, 3), (3, 0), (0, 4), (4, 0), (1, 3), (1, 4), (4, 2), (3, 4), (4, 3)]"
3966,10,"[(2, 0), (0, 3), (3, 0), (0, 4), (4, 0), (1, 3), (1, 4), (2, 4), (4, 2), (3, 4)]"
3967,10,"[(2, 0), (0, 3), (3, 0), (0, 4), (4, 0), (1, 3), (1, 4), (2, 4), (4, 2), (4, 3)]"
3968,10,"[(2, 0), (0, 3), (3, 0), (0, 4), (4, 0), (1, 3), (4, 1), (4, 2), (3, 4), (4, 3)]"
3969,10,"[(2, 0), (0, 3), (3, 0), (0, 4), (4, 0), (1, 3), (4, 1), (2, 4), (4, 2), (3, 4)]"
3970,10,"[(2, 0), (0, 3), (3, 0), (0, 4), (4, 0), (1, 3), (4, 1), (2, 4), (4, 2), (4, 3)]"
3971,10,"[(2, 0), (0, 3), (3, 0), (0, 4), (4, 0), (1, 3), (1, 4), (4, 1), (2, 4), (3, 4)]"
3972,10,"[(2, 0), (0, 3), (3, 0), (0, 4), (4, 0), (1, 3), (1, 4), (4, 1), (2, 4), (4, 3)]"
3973,10,"[(2, 0), (0, 3), (3, 0), (0, 4), (4, 0), (1, 3), (1, 4), (4, 1), (4, 2), (3, 4)]"
3974,10,"[(2, 0), (0, 3), (3, 0), (0, 4), (4, 0), (1, 3), (1, 4), (4, 1), (4, 2), (4, 3)]"
3975,10,"[(0, 2), (2, 0), (0, 3), (0, 4), (1, 3), (1, 4), (2, 4), (4, 2), (3, 4), (4, 3)]"
3976,10,"[(0, 2), (2, 0), (0, 3), (0, 4), (1, 3), (4, 1), (2, 4), (4, 2), (3, 4), (4, 3)]"
3977,10,"[(0, 2), (2, 0), (0, 3), (0, 4), (1, 3), (1, 4), (4, 1), (2, 4), (3, 4), (4, 3)]"
3978,10,"[(0, 2), (2, 0), (0, 3), (0, 4), (1, 3), (1, 4), (4, 1), (4, 2), (3, 4), (4, 3)]"
3979,10,"[(0, 2), (2, 0), (0, 3), (0, 4), (1, 3), (1, 4), (4, 1), (2, 4), (4, 2), (3, 4)]"
3980,10,"[(0, 2), (2, 0), (0, 3), (0, 4), (1, 3), (1, 4), (4, 1), (2, 4), (4, 2), (4, 3)]"
3981,10,"[(0, 2), (2, 0), (0, 3), (0, 4), (3, 1), (1, 4), (2, 4), (4, 2), (3, 4), (4, 3)]"
3982,10,"[(0, 2), (2, 0), (0, 3), (0, 4), (3, 1), (4, 1), (2, 4), (4, 2), (3, 4), (4, 3)]"
3983,10,"[(0, 2), (2, 0), (0, 3), (0, 4), (3, 1), (1, 4), (4, 1), (2, 4), (3, 4), (4, 3)]"
3984,10,"[(0, 2), (2, 0), (0, 3), (0, 4), (3, 1), (1, 4), (4, 1), (4, 2), (3, 4), (4, 3)]"
3985,10,"[(0, 2), (2, 0), (0, 3), (0, 4), (3, 1), (1, 4), (4, 1), (2, 4), (4, 2), (3, 4)]"
3986,10,"[(0, 2), (2, 0), (0, 3), (0, 4), (3, 1), (1, 4), (4, 1), (2, 4), (4, 2), (4, 3)]"
3987,10,"[(0, 2), (2, 0), (0, 3), (0, 4), (1, 3), (3, 1), (1, 4), (2, 4), (3, 4), (4, 3)]"
3988,10,"[(0, 2), (2, 0), (0, 3), (0, 4), (1, 3), (3, 1), (1, 4), (4, 2), (3, 4), (4, 3)]"
3989,10,"[(0, 2), (2, 0), (0, 3), (0, 4), (1, 3), (3, 1), (1, 4), (2, 4), (4, 2), (3, 4)]"
3990,10,"[(0, 2), (2, 0), (0, 3), (0, 4), (1, 3), (3, 1), (1, 4), (2, 4), (4, 2), (4, 3)]"
3991,10,"[(0, 2), (2, 0), (0, 3), (0, 4), (1, 3), (3, 1), (4, 1), (2, 4), (3, 4), (4, 3)]"
3992,10,"[(0, 2), (2, 0), (0, 3), (0, 4), (1, 3), (3, 1), (4, 1), (4, 2), (3, 4), (4, 3)]"
3993,10,"[(0, 2), (2, 0), (0, 3), (0, 4), (1, 3), (3, 1), (4, 1), (2, 4), (4, 2), (3, 4)]"
3994,10,"[(0, 2), (2, 0), (0, 3), (0, 4), (1, 3), (3, 1), (4, 1), (2, 4), (4, 2), (4, 3)]"
3995,10,"[(0, 2), (2, 0), (0, 3), (0, 4), (1, 3), (3, 1), (1, 4), (4, 1), (2, 4), (3, 4)]"
3996,10,"[(0, 2), (2, 0), (0, 3), (0, 4), (1, 3), (3, 1), (1, 4), (4, 1), (2, 4), (4, 3)]"
3997,10,"[(0, 2), (2, 0), (0, 3), (0, 4), (1, 3), (3, 1), (1, 4), (4, 1), (4, 2), (3, 4)]"
3998,10,"[(0, 2), (2, 0), (0, 3), (0, 4), (1, 3), (3, 1), (1, 4), (4, 1), (4, 2), (4, 3)]"
3999,10,"[(0, 2), (2, 0), (0, 3), (4, 0), (1, 3), (1, 4), (2, 4), (4, 2), (3, 4), (4, 3)]"
4000,10,"[(0, 2), (2, 0), (0, 3), (4, 0), (1, 3), (4, 1), (2, 4), (4, 2), (3, 4), (4, 3)]"
4001,10,"[(0, 2), (2, 0), (0, 3), (4, 0), (1, 3), (1, 4), (4, 1), (2, 4), (3, 4), (4, 3)]"
4002,10,"[(0, 2), (2, 0), (0, 3), (4, 0), (1, 3), (1, 4), (4, 1), (4, 2), (3, 4), (4, 3)]"
4003,10,"[(0, 2), (2, 0), (0, 3), (4, 0), (1, 3), (1, 4), (4, 1), (2, 4), (4, 2), (3, 4)]"
4004,10,"[(0, 2), (2, 0), (0, 3), (4, 0), (1, 3), (1, 4), (4, 1), (2, 4), (4, 2), (4, 3)]"
4005,10,"[(0, 2), (2, 0), (0, 3), (4, 0), (3, 1), (1, 4), (2, 4), (4, 2), (3, 4), (4, 3)]"
4006,10,"[(0, 2), (2, 0), (0, 3), (4, 0), (3, 1), (4, 1), (2, 4), (4, 2), (3, 4), (4, 3)]"
4007,10,"[(0, 2), (2, 0), (0, 3), (4, 0), (3, 1), (1, 4), (4, 1), (2, 4), (3, 4), (4, 3)]"
4008,10,"[(0, 2), (2, 0), (0, 3), (4, 0), (3, 1), (1, 4), (4, 1), (4, 2), (3, 4), (4, 3)]"
4009,10,"[(0, 2), (2, 0), (0, 3), (4, 0), (3, 1), (1, 4), (4, 1), (2, 4), (4, 2), (3, 4)]"
4010,10,"[(0, 2), (2, 0), (0, 3), (4, 0), (3, 1), (1, 4), (4, 1), (2, 4), (4, 2), (4, 3)]"
4011,10,"[(0, 2), (2, 0), (0, 3), (4, 0), (1, 3), (3, 1), (1, 4), (2, 4), (3, 4), (4, 3)]"
4012,10,"[(0, 2), (2, 0), (0, 3), (4, 0), (1, 3), (3, 1), (1, 4), (4, 2), (3, 4), (4, 3)]"
4013,10,"[(0, 2), (2, 0), (0, 3), (4, 0), (1, 3), (3, 1), (1, 4), (2, 4), (4, 2), (3, 4)]"
4014,10,"[(0, 2), (2, 0), (0, 3), (4, 0), (1, 3), (3, 1), (1, 4), (2, 4), (4, 2), (4, 3)]"
4015,10,"[(0, 2), (2, 0), (0, 3), (4, 0), (1, 3), (3, 1), (4, 1), (2, 4), (3, 4), (4, 3)]"
4016,10,"[(0, 2), (2, 0), (0, 3), (4, 0), (1, 3), (3, 1), (4, 1), (4, 2), (3, 4), (4, 3)]"
4017,10,"[(0, 2), (2, 0), (0, 3), (4, 0), (1, 3), (3, 1), (4, 1), (2, 4), (4, 2), (3, 4)]"
4018,10,"[(0, 2), (2, 0), (0, 3), (4, 0), (1, 3), (3, 1), (4, 1), (2, 4), (4, 2), (4, 3)]"
4019,10,"[(0, 2), (2, 0), (0, 3), (4, 0), (1, 3), (3, 1), (1, 4), (4, 1), (2, 4), (3, 4)]"
4020,10,"[(0, 2), (2, 0), (0, 3), (4, 0), (1, 3), (3, 1), (1, 4), (4, 1), (2, 4), (4, 3)]"
4021,10,"[(0, 2), (2, 0), (0, 3), (4, 0), (1, 3), (3, 1), (1, 4), (4, 1), (4, 2), (3, 4)]"
4022,10,"[(0, 2), (2, 0), (0, 3), (4, 0), (1, 3), (3, 1), (1, 4), (4, 1), (4, 2), (4, 3)]"
4023,10,"[(0, 2), (2, 0), (0, 3), (0, 4), (4, 0), (1, 3), (1, 4), (2, 4), (3, 4), (4, 3)]"
4024,10,"[(0, 2), (2, 0), (0, 3), (0, 4), (4, 0), (1, 3), (1, 4), (4, 2), (3, 4), (4, 3)]"
4025,10,"[(0, 2), (2, 0), (0, 3), (0, 4), (4, 0), (1, 3), (1, 4), (2, 4), (4, 2), (3, 4)]"
4026,10,"[(0, 2), (2, 0), (0, 3), (0, 4), (4, 0), (1, 3), (1, 4), (2, 4), (4, 2), (4, 3)]"
4027,10,"[(0, 2), (2, 0), (0, 3), (0, 4), (4, 0), (1, 3), (4, 1), (2, 4), (3, 4), (4, 3)]"
4028,10,"[(0, 2), (2, 0), (0, 3), (0, 4), (4, 0), (1, 3), (4, 1), (4, 2), (3, 4), (4, 3)]"
4029,10,"[(0, 2), (2, 0), (0, 3), (0, 4), (4, 0), (1, 3), (4, 1), (2, 4), (4, 2), (3, 4)]"
4030,10,"[(0, 2), (2, 0), (0, 3), (0, 4), (4, 0), (1, 3), (4, 1), (2, 4), (4, 2), (4, 3)]"
4031,10,"[(0, 2), (2, 0), (0, 3), (0, 4), (4, 0), (1, 3), (1, 4), (4, 1), (2, 4), (3, 4)]"
4032,10,"[(0, 2), (2, 0), (0, 3), (0, 4), (4, 0), (1, 3), (1, 4), (4, 1), (2, 4), (4, 3)]"
4033,10,"[(0, 2), (2, 0), (0, 3), (0, 4), (4, 0), (1, 3), (1, 4), (4, 1), (4, 2), (3, 4)]"
4034,10,"[(0, 2), (2, 0), (0, 3), (0, 4), (4, 0), (1, 3), (1, 4), (4, 1), (4, 2), (4, 3)]"
4035,10,"[(0, 2), (2, 0), (0, 3), (0, 4), (4, 0), (3, 1), (1, 4), (2, 4), (3, 4), (4, 3)]"
4036,10,"[(0, 2), (2, 0), (0, 3), (0, 4), (4, 0), (3, 1), (1, 4), (4, 2), (3, 4), (4, 3)]"
4037,10,"[(0, 2), (2, 0), (0, 3), (0, 4), (4, 0), (3, 1), (1, 4), (2, 4), (4, 2), (3, 4)]"
4038,10,"[(0, 2), (2, 0), (0, 3), (0, 4), (4, 0), (3, 1), (1, 4), (2, 4), (4, 2), (4, 3)]"
4039,10,"[(0, 2), (2, 0), (0, 3), (0, 4), (4, 0), (3, 1), (4, 1), (2, 4), (3, 4), (4, 3)]"
4040,10,"[(0, 2), (2, 0), (0, 3), (0, 4), (4, 0), (3, 1), (4, 1), (4, 2), (3, 4), (4, 3)]"
4041,10,"[(0, 2), (2, 0), (0, 3), (0, 4), (4, 0), (3, 1), (4, 1), (2, 4), (4, 2), (3, 4)]"
4042,10,"[(0, 2), (2, 0), (0, 3), (0, 4), (4, 0), (3, 1), (4, 1), (2, 4), (4, 2), (4, 3)]"
4043,10,"[(0, 2), (2, 0), (0, 3), (0, 4), (4, 0), (3, 1), (1, 4), (4, 1), (2, 4), (3, 4)]"
4044,10,"[(0, 2), (2, 0), (0, 3), (0, 4), (4, 0), (3, 1), (1, 4), (4, 1), (2, 4), (4, 3)]"
4045,10,"[(0, 2), (2, 0), (0, 3), (0, 4), (4, 0), (3, 1), (1, 4), (4, 1), (4, 2), (3, 4)]"
4046,10,"[(0, 2), (2, 0), (0, 3), (0, 4), (4, 0), (3, 1), (1, 4), (4, 1), (4, 2), (4, 3)]"
4047,10,"[(0, 2), (2, 0), (0, 3), (0, 4), (4, 0), (1, 3), (3, 1), (1, 4), (2, 4), (3, 4)]"
4048,10,"[(0, 2), (2, 0), (0, 3), (0, 4), (4, 0), (1, 3), (3, 1), (1, 4), (2, 4), (4, 3)]"
4049,10,"[(0, 2), (2, 0), (0, 3), (0, 4), (4, 0), (1, 3), (3, 1), (1, 4), (4, 2), (3, 4)]"
4050,10,"[(0, 2), (2, 0), (0, 3), (0, 4), (4, 0), (1, 3), (3, 1), (1, 4), (4, 2), (4, 3)]"
4051,10,"[(0, 2), (2, 0), (0, 3), (0, 4), (4, 0), (1, 3), (3, 1), (4, 1), (2, 4), (3, 4)]"
4052,10,"[(0, 2), (2, 0), (0, 3), (0, 4), (4, 0), (1, 3), (3, 1), (4, 1), (2, 4), (4, 3)]"
4053,10,"[(0, 2), (2, 0), (0, 3), (0, 4), (4, 0), (1, 3), (3, 1), (4, 1), (4, 2), (3, 4)]"
4054,10,"[(0, 2), (2, 0), (0, 3), (0, 4), (4, 0), (1, 3), (3, 1), (4, 1), (4, 2), (4, 3)]"
4055,10,"[(0, 2), (2, 0), (3, 0), (0, 4), (1, 3), (1, 4), (2, 4), (4, 2), (3, 4), (4, 3)]"
4056,10,"[(0, 2), (2, 0), (3, 0), (0, 4), (1, 3), (4, 1), (2, 4), (4, 2), (3, 4), (4, 3)]"
4057,10,"[(0, 2), (2, 0), (3, 0), (0, 4), (1, 3), (1, 4), (4, 1), (2, 4), (3, 4), (4, 3)]"
4058,10,"[(0, 2), (2, 0), (3, 0), (0, 4), (1, 3), (1, 4), (4, 1), (4, 2), (3, 4), (4, 3)]"
4059,10,"[(0, 2), (2, 0), (3, 0), (0, 4), (1, 3), (1, 4), (4, 1), (2, 4), (4, 2), (3, 4)]"
4060,10,"[(0, 2), (2, 0), (3, 0), (0, 4), (1, 3), (1, 4), (4, 1), (2, 4), (4, 2), (4, 3)]"
4061,10,"[(0, 2), (2, 0), (3, 0), (0, 4), (3, 1), (1, 4), (2, 4), (4, 2), (3, 4), (4, 3)]"
4062,10,"[(0, 2), (2, 0), (3, 0), (0, 4), (3, 1), (4, 1), (2, 4), (4, 2), (3, 4), (4, 3)]"
4063,10,"[(0, 2), (2, 0), (3, 0), (0, 4), (3, 1), (1, 4), (4, 1), (2, 4), (3, 4), (4, 3)]"
4064,10,"[(0, 2), (2, 0), (3, 0), (0, 4), (3, 1), (1, 4), (4, 1), (4, 2), (3, 4), (4, 3)]"
4065,10,"[(0, 2), (2, 0), (3, 0), (0, 4), (3, 1), (1, 4), (4, 1), (2, 4), (4, 2), (3, 4)]"
4066,10,"[(0, 2), (2, 0), (3, 0), (0, 4), (3, 1), (1, 4), (4, 1), (2, 4), (4, 2), (4, 3)]"
4067,10,"[(0, 2), (2, 0), (3, 0), (4, 0), (1, 3), (1, 4), (2, 4), (4, 2), (3, 4), (4, 3)]"
4068,10,"[(0, 2), (2, 0), (3, 0), (4, 0), (1, 3), (4, 1), (2, 4), (4, 2), (3, 4), (4, 3)]"
4069,10,"[(0, 2), (2, 0), (3, 0), (4, 0), (1, 3), (1, 4), (4, 1), (2, 4), (3, 4), (4, 3)]"
4070,10,"[(0, 2), (2, 0), (3, 0), (4, 0), (1, 3), (1, 4), (4, 1), (4, 2), (3, 4), (4, 3)]"
4071,10,"[(0, 2), (2, 0), (3, 0), (4, 0), (1, 3), (1, 4), (4, 1), (2, 4), (4, 2), (3, 4)]"
4072,10,"[(0, 2), (2, 0), (3, 0), (4, 0), (1, 3), (1, 4), (4, 1), (2, 4), (4, 2), (4, 3)]"
4073,10,"[(0, 2), (2, 0), (3, 0), (4, 0), (3, 1), (1, 4), (2, 4), (4, 2), (3, 4), (4, 3)]"
4074,10,"[(0, 2), (2, 0), (3, 0), (4, 0), (3, 1), (4, 1), (2, 4), (4, 2), (3, 4), (4, 3)]"
4075,10,"[(0, 2), (2, 0), (3, 0), (4, 0), (3, 1), (1, 4), (4, 1), (2, 4), (3, 4), (4, 3)]"
4076,10,"[(0, 2), (2, 0), (3, 0), (4, 0), (3, 1), (1, 4), (4, 1), (4, 2), (3, 4), (4, 3)]"
4077,10,"[(0, 2), (2, 0), (3, 0), (4, 0), (3, 1), (1, 4), (4, 1), (2, 4), (4, 2), (3, 4)]"
4078,10,"[(0, 2), (2, 0), (3, 0), (4, 0), (3, 1), (1, 4), (4, 1), (2, 4), (4, 2), (4, 3)]"
4079,10,"[(0, 2), (2, 0), (3, 0), (0, 4), (4, 0), (1, 3), (1, 4), (2, 4), (3, 4), (4, 3)]"
4080,10,"[(0, 2), (2, 0), (3, 0), (0, 4), (4, 0), (1, 3), (1, 4), (4, 2), (3, 4), (4, 3)]"
4081,10,"[(0, 2), (2, 0), (3, 0), (0, 4), (4, 0), (1, 3), (1, 4), (2, 4), (4, 2), (3, 4)]"
4082,10,"[(0, 2), (2, 0), (3, 0), (0, 4), (4, 0), (1, 3), (1, 4), (2, 4), (4, 2), (4, 3)]"
4083,10,"[(0, 2), (2, 0), (3, 0), (0, 4), (4, 0), (1, 3), (4, 1), (2, 4), (3, 4), (4, 3)]"
4084,10,"[(0, 2), (2, 0), (3, 0), (0, 4), (4, 0), (1, 3), (4, 1), (4, 2), (3, 4), (4, 3)]"
4085,10,"[(0, 2), (2, 0), (3, 0), (0, 4), (4, 0), (1, 3), (4, 1), (2, 4), (4, 2), (3, 4)]"
4086,10,"[(0, 2), (2, 0), (3, 0), (0, 4), (4, 0), (1, 3), (4, 1), (2, 4), (4, 2), (4, 3)]"
4087,10,"[(0, 2), (2, 0), (3, 0), (0, 4), (4, 0), (1, 3), (1, 4), (4, 1), (2, 4), (3, 4)]"
4088,10,"[(0, 2), (2, 0), (3, 0), (0, 4), (4, 0), (1, 3), (1, 4), (4, 1), (2, 4), (4, 3)]"
4089,10,"[(0, 2), (2, 0), (3, 0), (0, 4), (4, 0), (1, 3), (1, 4), (4, 1), (4, 2), (3, 4)]"
4090,10,"[(0, 2), (2, 0), (3, 0), (0, 4), (4, 0), (1, 3), (1, 4), (4, 1), (4, 2), (4, 3)]"
4091,10,"[(0, 2), (2, 0), (3, 0), (0, 4), (4, 0), (3, 1), (1, 4), (2, 4), (3, 4), (4, 3)]"
4092,10,"[(0, 2), (2, 0), (3, 0), (0, 4), (4, 0), (3, 1), (1, 4), (4, 2), (3, 4), (4, 3)]"
4093,10,"[(0, 2), (2, 0), (3, 0), (0, 4), (4, 0), (3, 1), (1, 4), (2, 4), (4, 2), (3, 4)]"
4094,10,"[(0, 2), (2, 0), (3, 0), (0, 4), (4, 0), (3, 1), (1, 4), (2, 4), (4, 2), (4, 3)]"
4095,10,"[(0, 2), (2, 0), (3, 0), (0, 4), (4, 0), (3, 1), (4, 1), (2, 4), (3, 4), (4, 3)]"
4096,10,"[(0, 2), (2, 0), (3, 0), (0, 4), (4, 0), (3, 1), (4, 1), (4, 2), (3, 4), (4, 3)]"
4097,10,"[(0, 2), (2, 0), (3, 0), (0, 4), (4, 0), (3, 1), (4, 1), (2, 4), (4, 2), (3, 4)]"
4098,10,"[(0, 2), (2, 0), (3, 0), (0, 4), (4, 0), (3, 1), (4, 1), (2, 4), (4, 2), (4, 3)]"
4099,10,"[(0, 2), (2, 0), (3, 0), (0, 4), (4, 0), (3, 1), (1, 4), (4, 1), (2, 4), (3, 4)]"
4100,10,"[(0, 2), (2, 0), (3, 0), (0, 4), (4, 0), (3, 1), (1, 4), (4, 1), (2, 4), (4, 3)]"
4101,10,"[(0, 2), (2, 0), (3, 0), (0, 4), (4, 0), (3, 1), (1, 4), (4, 1), (4, 2), (3, 4)]"
4102,10,"[(0, 2), (2, 0), (3, 0), (0, 4), (4, 0), (3, 1), (1, 4), (4, 1), (4, 2), (4, 3)]"
4103,10,"[(0, 2), (2, 0), (0, 3), (3, 0), (0, 4), (1, 3), (1, 4), (2, 4), (3, 4), (4, 3)]"
4104,10,"[(0, 2), (2, 0), (0, 3), (3, 0), (0, 4), (1, 3), (1, 4), (4, 2), (3, 4), (4, 3)]"
4105,10,"[(0, 2), (2, 0), (0, 3), (3, 0), (0, 4), (1, 3), (1, 4), (2, 4), (4, 2), (3, 4)]"
4106,10,"[(0, 2), (2, 0), (0, 3), (3, 0), (0, 4), (1, 3), (1, 4), (2, 4), (4, 2), (4, 3)]"
4107,10,"[(0, 2), (2, 0), (0, 3), (3, 0), (0, 4), (1, 3), (4, 1), (2, 4), (3, 4), (4, 3)]"
4108,10,"[(0, 2), (2, 0), (0, 3), (3, 0), (0, 4), (1, 3), (4, 1), (4, 2), (3, 4), (4, 3)]"
4109,10,"[(0, 2), (2, 0), (0, 3), (3, 0), (0, 4), (1, 3), (4, 1), (2, 4), (4, 2), (3, 4)]"
4110,10,"[(0, 2), (2, 0), (0, 3), (3, 0), (0, 4), (1, 3), (4, 1), (2, 4), (4, 2), (4, 3)]"
4111,10,"[(0, 2), (2, 0), (0, 3), (3, 0), (0, 4), (1, 3), (1, 4), (4, 1), (2, 4), (3, 4)]"
4112,10,"[(0, 2), (2, 0), (0, 3), (3, 0), (0, 4), (1, 3), (1, 4), (4, 1), (2, 4), (4, 3)]"
4113,10,"[(0, 2), (2, 0), (0, 3), (3, 0), (0, 4), (1, 3), (1, 4), (4, 1), (4, 2), (3, 4)]"
4114,10,"[(0, 2), (2, 0), (0, 3), (3, 0), (0, 4), (1, 3), (1, 4), (4, 1), (4, 2), (4, 3)]"
4115,10,"[(0, 2), (2, 0), (0, 3), (3, 0), (0, 4), (3, 1), (1, 4), (2, 4), (3, 4), (4, 3)]"
4116,10,"[(0, 2), (2, 0), (0, 3), (3, 0), (0, 4), (3, 1), (1, 4), (4, 2), (3, 4), (4, 3)]"
4117,10,"[(0, 2), (2, 0), (0, 3), (3, 0), (0, 4), (3, 1), (1, 4), (2, 4), (4, 2), (3, 4)]"
4118,10,"[(0, 2), (2, 0), (0, 3), (3, 0), (0, 4), (3, 1), (1, 4), (2, 4), (4, 2), (4, 3)]"
4119,10,"[(0, 2), (2, 0), (0, 3), (3, 0), (0, 4), (3, 1), (4, 1), (2, 4), (3, 4), (4, 3)]"
4120,10,"[(0, 2), (2, 0), (0, 3), (3, 0), (0, 4), (3, 1), (4, 1), (4, 2), (3, 4), (4, 3)]"
4121,10,"[(0, 2), (2, 0), (0, 3), (3, 0), (0, 4), (3, 1), (4, 1), (2, 4), (4, 2), (3, 4)]"
4122,10,"[(0, 2), (2, 0), (0, 3), (3, 0), (0, 4), (3, 1), (4, 1), (2, 4), (4, 2), (4, 3)]"
4123,10,"[(0, 2), (2, 0), (0, 3), (3, 0), (0, 4), (3, 1), (1, 4), (4, 1), (2, 4), (3, 4)]"
4124,10,"[(0, 2), (2, 0), (0, 3), (3, 0), (0, 4), (3, 1), (1, 4), (4, 1), (2, 4), (4, 3)]"
4125,10,"[(0, 2), (2, 0), (0, 3), (3, 0), (0, 4), (3, 1), (1, 4), (4, 1), (4, 2), (3, 4)]"
4126,10,"[(0, 2), (2, 0), (0, 3), (3, 0), (0, 4), (3, 1), (1, 4), (4, 1), (4, 2), (4, 3)]"
4127,10,"[(0, 2), (2, 0), (0, 3), (3, 0), (0, 4), (1, 3), (3, 1), (1, 4), (2, 4), (3, 4)]"
4128,10,"[(0, 2), (2, 0), (0, 3), (3, 0), (0, 4), (1, 3), (3, 1), (1, 4), (2, 4), (4, 3)]"
4129,10,"[(0, 2), (2, 0), (0, 3), (3, 0), (0, 4), (1, 3), (3, 1), (1, 4), (4, 2), (3, 4)]"
4130,10,"[(0, 2), (2, 0), (0, 3), (3, 0), (0, 4), (1, 3), (3, 1), (1, 4), (4, 2), (4, 3)]"
4131,10,"[(0, 2), (2, 0), (0, 3), (3, 0), (0, 4), (1, 3), (3, 1), (4, 1), (2, 4), (4, 3)]"
4132,10,"[(0, 2), (2, 0), (0, 3), (3, 0), (0, 4), (1, 3), (3, 1), (4, 1), (4, 2), (3, 4)]"
4133,10,"[(0, 2), (2, 0), (0, 3), (3, 0), (0, 4), (1, 3), (3, 1), (4, 1), (4, 2), (4, 3)]"
4134,10,"[(0, 2), (2, 0), (0, 3), (3, 0), (4, 0), (1, 3), (1, 4), (2, 4), (3, 4), (4, 3)]"
4135,10,"[(0, 2), (2, 0), (0, 3), (3, 0), (4, 0), (1, 3), (1, 4), (4, 2), (3, 4), (4, 3)]"
4136,10,"[(0, 2), (2, 0), (0, 3), (3, 0), (4, 0), (1, 3), (1, 4), (2, 4), (4, 2), (3, 4)]"
4137,10,"[(0, 2), (2, 0), (0, 3), (3, 0), (4, 0), (1, 3), (1, 4), (2, 4), (4, 2), (4, 3)]"
4138,10,"[(0, 2), (2, 0), (0, 3), (3, 0), (4, 0), (1, 3), (4, 1), (2, 4), (3, 4), (4, 3)]"
4139,10,"[(0, 2), (2, 0), (0, 3), (3, 0), (4, 0), (1, 3), (4, 1), (4, 2), (3, 4), (4, 3)]"
4140,10,"[(0, 2), (2, 0), (0, 3), (3, 0), (4, 0), (1, 3), (4, 1), (2, 4), (4, 2), (3, 4)]"
4141,10,"[(0, 2), (2, 0), (0, 3), (3, 0), (4, 0), (1, 3), (4, 1), (2, 4), (4, 2), (4, 3)]"
4142,10,"[(0, 2), (2, 0), (0, 3), (3, 0), (4, 0), (1, 3), (1, 4), (4, 1), (2, 4), (3, 4)]"
4143,10,"[(0, 2), (2, 0), (0, 3), (3, 0), (4, 0), (1, 3), (1, 4), (4, 1), (2, 4), (4, 3)]"
4144,10,"[(0, 2), (2, 0), (0, 3), (3, 0), (4, 0), (1, 3), (1, 4), (4, 1), (4, 2), (3, 4)]"
4145,10,"[(0, 2), (2, 0), (0, 3), (3, 0), (4, 0), (1, 3), (1, 4), (4, 1), (4, 2), (4, 3)]"
4146,10,"[(0, 2), (2, 0), (0, 3), (3, 0), (4, 0), (3, 1), (1, 4), (2, 4), (3, 4), (4, 3)]"
4147,10,"[(0, 2), (2, 0), (0, 3), (3, 0), (4, 0), (3, 1), (1, 4), (4, 2), (3, 4), (4, 3)]"
4148,10,"[(0, 2), (2, 0), (0, 3), (3, 0), (4, 0), (3, 1), (1, 4), (2, 4), (4, 2), (3, 4)]"
4149,10,"[(0, 2), (2, 0), (0, 3), (3, 0), (4, 0), (3, 1), (1, 4), (2, 4), (4, 2), (4, 3)]"
4150,10,"[(0, 2), (2, 0), (0, 3), (3, 0), (4, 0), (3, 1), (4, 1), (2, 4), (3, 4), (4, 3)]"
4151,10,"[(0, 2), (2, 0), (0, 3), (3, 0), (4, 0), (3, 1), (4, 1), (4, 2), (3, 4), (4, 3)]"
4152,10,"[(0, 2), (2, 0), (0, 3), (3, 0), (4, 0), (3, 1), (4, 1), (2, 4), (4, 2), (3, 4)]"
4153,10,"[(0, 2), (2, 0), (0, 3), (3, 0), (4, 0), (3, 1), (4, 1), (2, 4), (4, 2), (4, 3)]"
4154,10,"[(0, 2), (2, 0), (0, 3), (3, 0), (4, 0), (3, 1), (1, 4), (4, 1), (2, 4), (3, 4)]"
4155,10,"[(0, 2), (2, 0), (0, 3), (3, 0), (4, 0), (3, 1), (1, 4), (4, 1), (2, 4), (4, 3)]"
4156,10,"[(0, 2), (2, 0), (0, 3), (3, 0), (4, 0), (3, 1), (1, 4), (4, 1), (4, 2), (3, 4)]"
4157,10,"[(0, 2), (2, 0), (0, 3), (3, 0), (4, 0), (3, 1), (1, 4), (4, 1), (4, 2), (4, 3)]"
4158,10,"[(0, 2), (2, 0), (0, 3), (3, 0), (4, 0), (1, 3), (3, 1), (1, 4), (2, 4), (4, 3)]"
4159,10,"[(0, 2), (2, 0), (0, 3), (3, 0), (4, 0), (1, 3), (3, 1), (1, 4), (4, 2), (4, 3)]"
4160,10,"[(0, 2), (2, 0), (0, 3), (3, 0), (4, 0), (1, 3), (3, 1), (4, 1), (4, 2), (4, 3)]"
4161,10,"[(0, 2), (2, 0), (0, 3), (3, 0), (0, 4), (4, 0), (1, 3), (1, 4), (2, 4), (3, 4)]"
4162,10,"[(0, 2), (2, 0), (0, 3), (3, 0), (0, 4), (4, 0), (1, 3), (1, 4), (2, 4), (4, 3)]"
4163,10,"[(0, 2), (2, 0), (0, 3), (3, 0), (0, 4), (4, 0), (1, 3), (1, 4), (4, 2), (3, 4)]"
4164,10,"[(0, 2), (2, 0), (0, 3), (3, 0), (0, 4), (4, 0), (1, 3), (1, 4), (4, 2), (4, 3)]"
4165,10,"[(0, 2), (2, 0), (0, 3), (3, 0), (0, 4), (4, 0), (1, 3), (4, 1), (2, 4), (3, 4)]"
4166,10,"[(0, 2), (2, 0), (0, 3), (3, 0), (0, 4), (4, 0), (1, 3), (4, 1), (2, 4), (4, 3)]"
4167,10,"[(0, 2), (2, 0), (0, 3), (3, 0), (0, 4), (4, 0), (1, 3), (4, 1), (4, 2), (3, 4)]"
4168,10,"[(0, 2), (2, 0), (0, 3), (3, 0), (0, 4), (4, 0), (1, 3), (4, 1), (4, 2), (4, 3)]"
4169,10,"[(0, 2), (2, 0), (0, 3), (3, 0), (0, 4), (4, 0), (3, 1), (1, 4), (2, 4), (3, 4)]"
4170,10,"[(0, 2), (2, 0), (0, 3), (3, 0), (0, 4), (4, 0), (3, 1), (1, 4), (2, 4), (4, 3)]"
4171,10,"[(0, 2), (2, 0), (0, 3), (3, 0), (0, 4), (4, 0), (3, 1), (1, 4), (4, 2), (3, 4)]"
4172,10,"[(0, 2), (2, 0), (0, 3), (3, 0), (0, 4), (4, 0), (3, 1), (1, 4), (4, 2), (4, 3)]"
4173,10,"[(0, 2), (2, 0), (0, 3), (3, 0), (0, 4), (4, 0), (3, 1), (4, 1), (2, 4), (3, 4)]"
4174,10,"[(0, 2), (2, 0), (0, 3), (3, 0), (0, 4), (4, 0), (3, 1), (4, 1), (2, 4), (4, 3)]"
4175,10,"[(0, 2), (2, 0), (0, 3), (3, 0), (0, 4), (4, 0), (3, 1), (4, 1), (4, 2), (3, 4)]"
4176,10,"[(0, 2), (2, 0), (0, 3), (3, 0), (0, 4), (4, 0), (3, 1), (4, 1), (4, 2), (4, 3)]"
4177,10,"[(0, 2), (0, 3), (0, 4), (4, 0), (1, 4), (4, 1), (2, 3), (3, 2), (2, 4), (4, 2)]"
4178,10,"[(0, 2), (3, 0), (0, 4), (4, 0), (1, 4), (4, 1), (2, 3), (3, 2), (2, 4), (4, 2)]"
4179,10,"[(0, 2), (0, 3), (3, 0), (0, 4), (1, 4), (4, 1), (2, 3), (3, 2), (2, 4), (4, 2)]"
4180,10,"[(0, 2), (0, 3), (3, 0), (4, 0), (1, 4), (4, 1), (2, 3), (3, 2), (2, 4), (4, 2)]"
4181,10,"[(0, 2), (0, 3), (3, 0), (0, 4), (4, 0), (1, 4), (2, 3), (3, 2), (2, 4), (4, 2)]"
4182,10,"[(0, 2), (0, 3), (3, 0), (0, 4), (4, 0), (4, 1), (2, 3), (3, 2), (2, 4), (4, 2)]"
4183,10,"[(0, 2), (0, 3), (3, 0), (0, 4), (4, 0), (1, 4), (4, 1), (2, 3), (2, 4), (4, 2)]"
4184,10,"[(0, 2), (0, 3), (3, 0), (0, 4), (4, 0), (1, 4), (4, 1), (3, 2), (2, 4), (4, 2)]"
4185,10,"[(0, 2), (0, 3), (3, 0), (0, 4), (4, 0), (1, 4), (4, 1), (2, 3), (3, 2), (2, 4)]"
4186,10,"[(0, 2), (0, 3), (3, 0), (0, 4), (4, 0), (1, 4), (4, 1), (2, 3), (3, 2), (4, 2)]"
4187,10,"[(0, 2), (2, 0), (0, 3), (0, 4), (4, 0), (1, 4), (4, 1), (2, 3), (2, 4), (4, 2)]"
4188,10,"[(0, 2), (2, 0), (0, 3), (0, 4), (4, 0), (1, 4), (4, 1), (3, 2), (2, 4), (4, 2)]"
4189,10,"[(0, 2), (2, 0), (3, 0), (0, 4), (4, 0), (1, 4), (4, 1), (3, 2), (2, 4), (4, 2)]"
4190,10,"[(0, 2), (2, 0), (0, 3), (3, 0), (0, 4), (1, 4), (4, 1), (2, 3), (2, 4), (4, 2)]"
4191,10,"[(0, 2), (2, 0), (0, 3), (3, 0), (0, 4), (1, 4), (4, 1), (3, 2), (2, 4), (4, 2)]"
4192,10,"[(0, 2), (2, 0), (0, 3), (3, 0), (0, 4), (1, 4), (4, 1), (2, 3), (3, 2), (2, 4)]"
4193,10,"[(0, 2), (2, 0), (0, 3), (3, 0), (0, 4), (1, 4), (4, 1), (2, 3), (3, 2), (4, 2)]"
4194,10,"[(0, 2), (2, 0), (0, 3), (3, 0), (4, 0), (1, 4), (4, 1), (2, 3), (2, 4), (4, 2)]"
4195,10,"[(0, 2), (2, 0), (0, 3), (3, 0), (4, 0), (1, 4), (4, 1), (3, 2), (2, 4), (4, 2)]"
4196,10,"[(0, 2), (2, 0), (0, 3), (3, 0), (4, 0), (1, 4), (4, 1), (2, 3), (3, 2), (4, 2)]"
4197,10,"[(0, 2), (2, 0), (0, 3), (3, 0), (0, 4), (4, 0), (1, 4), (2, 3), (2, 4), (4, 2)]"
4198,10,"[(0, 2), (2, 0), (0, 3), (3, 0), (0, 4), (4, 0), (1, 4), (3, 2), (2, 4), (4, 2)]"
4199,10,"[(0, 2), (2, 0), (0, 3), (3, 0), (0, 4), (4, 0), (1, 4), (2, 3), (3, 2), (2, 4)]"
4200,10,"[(0, 2), (2, 0), (0, 3), (3, 0), (0, 4), (4, 0), (1, 4), (2, 3), (3, 2), (4, 2)]"
4201,10,"[(0, 2), (2, 0), (0, 3), (3, 0), (0, 4), (4, 0), (4, 1), (2, 3), (2, 4), (4, 2)]"
4202,10,"[(0, 2), (2, 0), (0, 3), (3, 0), (0, 4), (4, 0), (4, 1), (3, 2), (2, 4), (4, 2)]"
4203,10,"[(0, 2), (2, 0), (0, 3), (3, 0), (0, 4), (4, 0), (4, 1), (2, 3), (3, 2), (2, 4)]"
4204,10,"[(0, 2), (2, 0), (0, 3), (3, 0), (0, 4), (4, 0), (4, 1), (2, 3), (3, 2), (4, 2)]"
4205,10,"[(0, 2), (2, 0), (0, 3), (3, 0), (0, 4), (4, 0), (1, 4), (4, 1), (2, 3), (2, 4)]"
4206,10,"[(0, 2), (2, 0), (0, 3), (3, 0), (0, 4), (4, 0), (1, 4), (4, 1), (2, 3), (4, 2)]"
4207,10,"[(0, 2), (2, 0), (0, 3), (3, 0), (0, 4), (4, 0), (1, 4), (4, 1), (3, 2), (2, 4)]"
4208,10,"[(0, 2), (2, 0), (0, 3), (3, 0), (0, 4), (4, 0), (1, 4), (4, 1), (3, 2), (4, 2)]"
4209,10,"[(0, 2), (0, 3), (0, 4), (1, 4), (4, 1), (2, 3), (2, 4), (4, 2), (3, 4), (4, 3)]"
4210,10,"[(0, 2), (0, 3), (4, 0), (1, 4), (4, 1), (2, 3), (2, 4), (4, 2), (3, 4), (4, 3)]"
4211,10,"[(0, 2), (0, 3), (0, 4), (4, 0), (1, 4), (2, 3), (2, 4), (4, 2), (3, 4), (4, 3)]"
4212,10,"[(0, 2), (0, 3), (0, 4), (4, 0), (4, 1), (2, 3), (2, 4), (4, 2), (3, 4), (4, 3)]"
4213,10,"[(0, 2), (0, 3), (0, 4), (4, 0), (1, 4), (4, 1), (2, 3), (2, 4), (3, 4), (4, 3)]"
4214,10,"[(0, 2), (0, 3), (0, 4), (4, 0), (1, 4), (4, 1), (2, 3), (4, 2), (3, 4), (4, 3)]"
4215,10,"[(0, 2), (0, 3), (0, 4), (4, 0), (1, 4), (4, 1), (2, 3), (2, 4), (4, 2), (3, 4)]"
4216,10,"[(0, 2), (0, 3), (0, 4), (4, 0), (1, 4), (4, 1), (2, 3), (2, 4), (4, 2), (4, 3)]"
4217,10,"[(0, 2), (3, 0), (0, 4), (4, 0), (1, 4), (2, 3), (2, 4), (4, 2), (3, 4), (4, 3)]"
4218,10,"[(0, 2), (3, 0), (0, 4), (4, 0), (4, 1), (2, 3), (2, 4), (4, 2), (3, 4), (4, 3)]"
4219,10,"[(0, 2), (3, 0), (0, 4), (4, 0), (1, 4), (4, 1), (2, 3), (2, 4), (4, 2), (3, 4)]"
4220,10,"[(0, 2), (3, 0), (0, 4), (4, 0), (1, 4), (4, 1), (2, 3), (2, 4), (4, 2), (4, 3)]"
4221,10,"[(0, 2), (2, 0), (0, 3), (0, 4), (1, 4), (3, 2), (2, 4), (4, 2), (3, 4), (4, 3)]"
4222,10,"[(0, 2), (2, 0), (0, 3), (0, 4), (4, 1), (3, 2), (2, 4), (4, 2), (3, 4), (4, 3)]"
4223,10,"[(0, 2), (2, 0), (0, 3), (0, 4), (1, 4), (4, 1), (2, 3), (2, 4), (3, 4), (4, 3)]"
4224,10,"[(0, 2), (2, 0), (0, 3), (0, 4), (1, 4), (4, 1), (2, 3), (4, 2), (3, 4), (4, 3)]"
4225,10,"[(0, 2), (2, 0), (0, 3), (0, 4), (1, 4), (4, 1), (3, 2), (2, 4), (3, 4), (4, 3)]"
4226,10,"[(0, 2), (2, 0), (0, 3), (0, 4), (1, 4), (4, 1), (3, 2), (4, 2), (3, 4), (4, 3)]"
4227,10,"[(0, 2), (2, 0), (0, 3), (0, 4), (1, 4), (4, 1), (3, 2), (2, 4), (4, 2), (3, 4)]"
4228,10,"[(0, 2), (2, 0), (0, 3), (0, 4), (1, 4), (4, 1), (3, 2), (2, 4), (4, 2), (4, 3)]"
4229,10,"[(0, 2), (2, 0), (0, 3), (4, 0), (1, 4), (3, 2), (2, 4), (4, 2), (3, 4), (4, 3)]"
4230,10,"[(0, 2), (2, 0), (0, 3), (4, 0), (4, 1), (3, 2), (2, 4), (4, 2), (3, 4), (4, 3)]"
4231,10,"[(0, 2), (2, 0), (0, 3), (4, 0), (1, 4), (4, 1), (2, 3), (4, 2), (3, 4), (4, 3)]"
4232,10,"[(0, 2), (2, 0), (0, 3), (4, 0), (1, 4), (4, 1), (3, 2), (2, 4), (3, 4), (4, 3)]"
4233,10,"[(0, 2), (2, 0), (0, 3), (4, 0), (1, 4), (4, 1), (3, 2), (4, 2), (3, 4), (4, 3)]"
4234,10,"[(0, 2), (2, 0), (0, 3), (4, 0), (1, 4), (4, 1), (3, 2), (2, 4), (4, 2), (3, 4)]"
4235,10,"[(0, 2), (2, 0), (0, 3), (4, 0), (1, 4), (4, 1), (3, 2), (2, 4), (4, 2), (4, 3)]"
4236,10,"[(0, 2), (2, 0), (0, 3), (0, 4), (4, 0), (1, 4), (2, 3), (2, 4), (3, 4), (4, 3)]"
4237,10,"[(0, 2), (2, 0), (0, 3), (0, 4), (4, 0), (1, 4), (2, 3), (4, 2), (3, 4), (4, 3)]"
4238,10,"[(0, 2), (2, 0), (0, 3), (0, 4), (4, 0), (1, 4), (2, 3), (2, 4), (4, 2), (3, 4)]"
4239,10,"[(0, 2), (2, 0), (0, 3), (0, 4), (4, 0), (1, 4), (2, 3), (2, 4), (4, 2), (4, 3)]"
4240,10,"[(0, 2), (2, 0), (0, 3), (0, 4), (4, 0), (1, 4), (3, 2), (2, 4), (3, 4), (4, 3)]"
4241,10,"[(0, 2), (2, 0), (0, 3), (0, 4), (4, 0), (1, 4), (3, 2), (4, 2), (3, 4), (4, 3)]"
4242,10,"[(0, 2), (2, 0), (0, 3), (0, 4), (4, 0), (1, 4), (3, 2), (2, 4), (4, 2), (3, 4)]"
4243,10,"[(0, 2), (2, 0), (0, 3), (0, 4), (4, 0), (1, 4), (3, 2), (2, 4), (4, 2), (4, 3)]"
4244,10,"[(0, 2), (2, 0), (0, 3), (0, 4), (4, 0), (4, 1), (2, 3), (2, 4), (3, 4), (4, 3)]"
4245,10,"[(0, 2), (2, 0), (0, 3), (0, 4), (4, 0), (4, 1), (2, 3), (4, 2), (3, 4), (4, 3)]"
4246,10,"[(0, 2), (2, 0), (0, 3), (0, 4), (4, 0), (4, 1), (2, 3), (2, 4), (4, 2), (3, 4)]"
4247,10,"[(0, 2), (2, 0), (0, 3), (0, 4), (4, 0), (4, 1), (2, 3), (2, 4), (4, 2), (4, 3)]"
4248,10,"[(0, 2), (2, 0), (0, 3), (0, 4), (4, 0), (4, 1), (3, 2), (2, 4), (3, 4), (4, 3)]"
4249,10,"[(0, 2), (2, 0), (0, 3), (0, 4), (4, 0), (4, 1), (3, 2), (4, 2), (3, 4), (4, 3)]"
4250,10,"[(0, 2), (2, 0), (0, 3), (0, 4), (4, 0), (4, 1), (3, 2), (2, 4), (4, 2), (3, 4)]"
4251,10,"[(0, 2), (2, 0), (0, 3), (0, 4), (4, 0), (4, 1), (3, 2), (2, 4), (4, 2), (4, 3)]"
4252,10,"[(0, 2), (2, 0), (0, 3), (0, 4), (4, 0), (1, 4), (4, 1), (2, 3), (2, 4), (3, 4)]"
4253,10,"[(0, 2), (2, 0), (0, 3), (0, 4), (4, 0), (1, 4), (4, 1), (2, 3), (2, 4), (4, 3)]"
4254,10,"[(0, 2), (2, 0), (0, 3), (0, 4), (4, 0), (1, 4), (4, 1), (2, 3), (4, 2), (3, 4)]"
4255,10,"[(0, 2), (2, 0), (0, 3), (0, 4), (4, 0), (1, 4), (4, 1), (2, 3), (4, 2), (4, 3)]"
4256,10,"[(0, 2), (2, 0), (0, 3), (0, 4), (4, 0), (1, 4), (4, 1), (3, 2), (2, 4), (3, 4)]"
4257,10,"[(0, 2), (2, 0), (0, 3), (0, 4), (4, 0), (1, 4), (4, 1), (3, 2), (2, 4), (4, 3)]"
4258,10,"[(0, 2), (2, 0), (0, 3), (0, 4), (4, 0), (1, 4), (4, 1), (3, 2), (4, 2), (3, 4)]"
4259,10,"[(0, 2), (2, 0), (0, 3), (0, 4), (4, 0), (1, 4), (4, 1), (3, 2), (4, 2), (4, 3)]"
4260,10,"[(0, 2), (2, 0), (3, 0), (0, 4), (1, 4), (4, 1), (3, 2), (2, 4), (3, 4), (4, 3)]"
4261,10,"[(0, 2), (2, 0), (3, 0), (0, 4), (1, 4), (4, 1), (3, 2), (4, 2), (3, 4), (4, 3)]"
4262,10,"[(0, 2), (2, 0), (3, 0), (4, 0), (1, 4), (4, 1), (3, 2), (4, 2), (3, 4), (4, 3)]"
4263,10,"[(0, 2), (2, 0), (3, 0), (0, 4), (4, 0), (1, 4), (3, 2), (2, 4), (3, 4), (4, 3)]"
4264,10,"[(0, 2), (2, 0), (3, 0), (0, 4), (4, 0), (1, 4), (3, 2), (4, 2), (3, 4), (4, 3)]"
4265,10,"[(0, 2), (2, 0), (3, 0), (0, 4), (4, 0), (1, 4), (3, 2), (2, 4), (4, 2), (3, 4)]"
4266,10,"[(0, 2), (2, 0), (3, 0), (0, 4), (4, 0), (1, 4), (3, 2), (2, 4), (4, 2), (4, 3)]"
4267,10,"[(0, 2), (2, 0), (3, 0), (0, 4), (4, 0), (4, 1), (3, 2), (2, 4), (3, 4), (4, 3)]"
4268,10,"[(0, 2), (2, 0), (3, 0), (0, 4), (4, 0), (4, 1), (3, 2), (4, 2), (3, 4), (4, 3)]"
4269,10,"[(0, 2), (2, 0), (3, 0), (0, 4), (4, 0), (4, 1), (3, 2), (2, 4), (4, 2), (3, 4)]"
4270,10,"[(0, 2), (2, 0), (3, 0), (0, 4), (4, 0), (4, 1), (3, 2), (2, 4), (4, 2), (4, 3)]"
4271,10,"[(0, 2), (2, 0), (3, 0), (0, 4), (4, 0), (1, 4), (4, 1), (3, 2), (2, 4), (3, 4)]"
4272,10,"[(0, 2), (2, 0), (3, 0), (0, 4), (4, 0), (1, 4), (4, 1), (3, 2), (2, 4), (4, 3)]"
4273,10,"[(0, 2), (2, 0), (3, 0), (0, 4), (4, 0), (1, 4), (4, 1), (3, 2), (4, 2), (3, 4)]"
4274,10,"[(0, 2), (2, 0), (3, 0), (0, 4), (4, 0), (1, 4), (4, 1), (3, 2), (4, 2), (4, 3)]"
4275,10,"[(0, 2), (2, 0), (0, 3), (3, 0), (0, 4), (1, 4), (2, 3), (2, 4), (3, 4), (4, 3)]"
4276,10,"[(0, 2), (2, 0), (0, 3), (3, 0), (0, 4), (1, 4), (2, 3), (4, 2), (3, 4), (4, 3)]"
4277,10,"[(0, 2), (2, 0), (0, 3), (3, 0), (0, 4), (1, 4), (2, 3), (2, 4), (4, 2), (3, 4)]"
4278,10,"[(0, 2), (2, 0), (0, 3), (3, 0), (0, 4), (1, 4), (2, 3), (2, 4), (4, 2), (4, 3)]"
4279,10,"[(0, 2), (2, 0), (0, 3), (3, 0), (0, 4), (1, 4), (2, 3), (3, 2), (2, 4), (3, 4)]"
4280,10,"[(0, 2), (2, 0), (0, 3), (3, 0), (0, 4), (1, 4), (2, 3), (3, 2), (2, 4), (4, 3)]"
4281,10,"[(0, 2), (2, 0), (0, 3), (3, 0), (0, 4), (1, 4), (2, 3), (3, 2), (4, 2), (4, 3)]"
4282,10,"[(0, 2), (2, 0), (0, 3), (3, 0), (0, 4), (4, 1), (2, 3), (2, 4), (3, 4), (4, 3)]"
4283,10,"[(0, 2), (2, 0), (0, 3), (3, 0), (0, 4), (4, 1), (2, 3), (4, 2), (3, 4), (4, 3)]"
4284,10,"[(0, 2), (2, 0), (0, 3), (3, 0), (0, 4), (4, 1), (2, 3), (2, 4), (4, 2), (3, 4)]"
4285,10,"[(0, 2), (2, 0), (0, 3), (3, 0), (0, 4), (4, 1), (2, 3), (2, 4), (4, 2), (4, 3)]"
4286,10,"[(0, 2), (2, 0), (0, 3), (3, 0), (0, 4), (4, 1), (2, 3), (3, 2), (2, 4), (3, 4)]"
4287,10,"[(0, 2), (2, 0), (0, 3), (3, 0), (0, 4), (4, 1), (2, 3), (3, 2), (2, 4), (4, 3)]"
4288,10,"[(0, 2), (2, 0), (0, 3), (3, 0), (0, 4), (4, 1), (2, 3), (3, 2), (4, 2), (4, 3)]"
4289,10,"[(0, 2), (2, 0), (0, 3), (3, 0), (0, 4), (1, 4), (4, 1), (2, 3), (2, 4), (3, 4)]"
4290,10,"[(0, 2), (2, 0), (0, 3), (3, 0), (0, 4), (1, 4), (4, 1), (2, 3), (2, 4), (4, 3)]"
4291,10,"[(0, 2), (2, 0), (0, 3), (3, 0), (0, 4), (1, 4), (4, 1), (2, 3), (4, 2), (3, 4)]"
4292,10,"[(0, 2), (2, 0), (0, 3), (3, 0), (0, 4), (1, 4), (4, 1), (2, 3), (4, 2), (4, 3)]"
4293,10,"[(0, 2), (2, 0), (0, 3), (3, 0), (4, 0), (1, 4), (2, 3), (2, 4), (3, 4), (4, 3)]"
4294,10,"[(0, 2), (2, 0), (0, 3), (3, 0), (4, 0), (1, 4), (2, 3), (4, 2), (3, 4), (4, 3)]"
4295,10,"[(0, 2), (2, 0), (0, 3), (3, 0), (4, 0), (1, 4), (2, 3), (2, 4), (4, 2), (3, 4)]"
4296,10,"[(0, 2), (2, 0), (0, 3), (3, 0), (4, 0), (1, 4), (2, 3), (2, 4), (4, 2), (4, 3)]"
4297,10,"[(0, 2), (2, 0), (0, 3), (3, 0), (4, 0), (1, 4), (2, 3), (3, 2), (4, 2), (4, 3)]"
4298,10,"[(0, 2), (2, 0), (0, 3), (3, 0), (4, 0), (4, 1), (2, 3), (2, 4), (3, 4), (4, 3)]"
4299,10,"[(0, 2), (2, 0), (0, 3), (3, 0), (4, 0), (4, 1), (2, 3), (4, 2), (3, 4), (4, 3)]"
4300,10,"[(0, 2), (2, 0), (0, 3), (3, 0), (4, 0), (4, 1), (2, 3), (2, 4), (4, 2), (3, 4)]"
4301,10,"[(0, 2), (2, 0), (0, 3), (3, 0), (4, 0), (4, 1), (2, 3), (2, 4), (4, 2), (4, 3)]"
4302,10,"[(0, 2), (2, 0), (0, 3), (3, 0), (4, 0), (4, 1), (2, 3), (3, 2), (4, 2), (4, 3)]"
4303,10,"[(0, 2), (2, 0), (0, 3), (3, 0), (4, 0), (1, 4), (4, 1), (2, 3), (2, 4), (3, 4)]"
4304,10,"[(0, 2), (2, 0), (0, 3), (3, 0), (4, 0), (1, 4), (4, 1), (2, 3), (2, 4), (4, 3)]"
4305,10,"[(0, 2), (2, 0), (0, 3), (3, 0), (4, 0), (1, 4), (4, 1), (2, 3), (4, 2), (3, 4)]"
4306,10,"[(0, 2), (2, 0), (0, 3), (3, 0), (4, 0), (1, 4), (4, 1), (2, 3), (4, 2), (4, 3)]"
4307,10,"[(0, 2), (2, 0), (0, 3), (3, 0), (0, 4), (4, 0), (1, 4), (2, 3), (2, 4), (3, 4)]"
4308,10,"[(0, 2), (2, 0), (0, 3), (3, 0), (0, 4), (4, 0), (1, 4), (2, 3), (2, 4), (4, 3)]"
4309,10,"[(0, 2), (2, 0), (0, 3), (3, 0), (0, 4), (4, 0), (1, 4), (2, 3), (4, 2), (3, 4)]"
4310,10,"[(0, 2), (2, 0), (0, 3), (3, 0), (0, 4), (4, 0), (1, 4), (2, 3), (4, 2), (4, 3)]"
4311,10,"[(0, 2), (2, 0), (0, 3), (3, 0), (0, 4), (4, 0), (4, 1), (2, 3), (2, 4), (3, 4)]"
4312,10,"[(0, 2), (2, 0), (0, 3), (3, 0), (0, 4), (4, 0), (4, 1), (2, 3), (2, 4), (4, 3)]"
4313,10,"[(0, 2), (2, 0), (0, 3), (3, 0), (0, 4), (4, 0), (4, 1), (2, 3), (4, 2), (3, 4)]"
4314,10,"[(0, 2), (2, 0), (0, 3), (3, 0), (0, 4), (4, 0), (4, 1), (2, 3), (4, 2), (4, 3)]"
4315,10,"[(0, 2), (0, 3), (0, 4), (1, 3), (1, 4), (2, 3), (3, 2), (2, 4), (3, 4), (4, 3)]"
4316,10,"[(0, 2), (0, 3), (0, 4), (1, 3), (1, 4), (2, 3), (3, 2), (4, 2), (3, 4), (4, 3)]"
4317,10,"[(0, 2), (0, 3), (0, 4), (1, 3), (1, 4), (2, 3), (3, 2), (2, 4), (4, 2), (3, 4)]"
4318,10,"[(0, 2), (0, 3), (0, 4), (1, 3), (4, 1), (2, 3), (2, 4), (4, 2), (3, 4), (4, 3)]"
4319,10,"[(0, 2), (0, 3), (0, 4), (1, 3), (4, 1), (3, 2), (2, 4), (4, 2), (3, 4), (4, 3)]"
4320,10,"[(0, 2), (0, 3), (0, 4), (1, 3), (4, 1), (2, 3), (3, 2), (2, 4), (3, 4), (4, 3)]"
4321,10,"[(0, 2), (0, 3), (0, 4), (1, 3), (4, 1), (2, 3), (3, 2), (4, 2), (3, 4), (4, 3)]"
4322,10,"[(0, 2), (0, 3), (0, 4), (1, 3), (4, 1), (2, 3), (3, 2), (2, 4), (4, 2), (3, 4)]"
4323,10,"[(0, 2), (0, 3), (0, 4), (1, 3), (4, 1), (2, 3), (3, 2), (2, 4), (4, 2), (4, 3)]"
4324,10,"[(0, 2), (0, 3), (0, 4), (3, 1), (4, 1), (2, 3), (3, 2), (2, 4), (3, 4), (4, 3)]"
4325,10,"[(0, 2), (0, 3), (0, 4), (3, 1), (4, 1), (2, 3), (3, 2), (4, 2), (3, 4), (4, 3)]"
4326,10,"[(0, 2), (0, 3), (0, 4), (3, 1), (4, 1), (2, 3), (3, 2), (2, 4), (4, 2), (3, 4)]"
4327,10,"[(0, 2), (0, 3), (0, 4), (1, 3), (3, 1), (1, 4), (2, 3), (2, 4), (3, 4), (4, 3)]"
4328,10,"[(0, 2), (0, 3), (0, 4), (1, 3), (3, 1), (1, 4), (2, 3), (4, 2), (3, 4), (4, 3)]"
4329,10,"[(0, 2), (0, 3), (0, 4), (1, 3), (3, 1), (1, 4), (2, 3), (2, 4), (4, 2), (3, 4)]"
4330,10,"[(0, 2), (0, 3), (0, 4), (1, 3), (3, 1), (1, 4), (2, 3), (2, 4), (4, 2), (4, 3)]"
4331,10,"[(0, 2), (0, 3), (0, 4), (1, 3), (3, 1), (1, 4), (3, 2), (2, 4), (3, 4), (4, 3)]"
4332,10,"[(0, 2), (0, 3), (0, 4), (1, 3), (3, 1), (1, 4), (3, 2), (4, 2), (3, 4), (4, 3)]"
4333,10,"[(0, 2), (0, 3), (0, 4), (1, 3), (3, 1), (1, 4), (3, 2), (2, 4), (4, 2), (3, 4)]"
4334,10,"[(0, 2), (0, 3), (0, 4), (1, 3), (3, 1), (1, 4), (3, 2), (2, 4), (4, 2), (4, 3)]"
4335,10,"[(0, 2), (0, 3), (0, 4), (1, 3), (3, 1), (1, 4), (2, 3), (3, 2), (2, 4), (3, 4)]"
4336,10,"[(0, 2), (0, 3), (0, 4), (1, 3), (3, 1), (1, 4), (2, 3), (3, 2), (2, 4), (4, 3)]"
4337,10,"[(0, 2), (0, 3), (0, 4), (1, 3), (3, 1), (1, 4), (2, 3), (3, 2), (4, 2), (3, 4)]"
4338,10,"[(0, 2), (0, 3), (0, 4), (1, 3), (3, 1), (1, 4), (2, 3), (3, 2), (4, 2), (4, 3)]"
4339,10,"[(0, 2), (0, 3), (0, 4), (1, 3), (3, 1), (4, 1), (2, 3), (2, 4), (3, 4), (4, 3)]"
4340,10,"[(0, 2), (0, 3), (0, 4), (1, 3), (3, 1), (4, 1), (2, 3), (4, 2), (3, 4), (4, 3)]"
4341,10,"[(0, 2), (0, 3), (0, 4), (1, 3), (3, 1), (4, 1), (2, 3), (2, 4), (4, 2), (3, 4)]"
4342,10,"[(0, 2), (0, 3), (0, 4), (1, 3), (3, 1), (4, 1), (2, 3), (2, 4), (4, 2), (4, 3)]"
4343,10,"[(0, 2), (0, 3), (0, 4), (1, 3), (3, 1), (4, 1), (3, 2), (2, 4), (3, 4), (4, 3)]"
4344,10,"[(0, 2), (0, 3), (0, 4), (1, 3), (3, 1), (4, 1), (3, 2), (4, 2), (3, 4), (4, 3)]"
4345,10,"[(0, 2), (0, 3), (0, 4), (1, 3), (3, 1), (4, 1), (3, 2), (2, 4), (4, 2), (3, 4)]"
4346,10,"[(0, 2), (0, 3), (0, 4), (1, 3), (3, 1), (4, 1), (3, 2), (2, 4), (4, 2), (4, 3)]"
4347,10,"[(0, 2), (0, 3), (0, 4), (1, 3), (3, 1), (4, 1), (2, 3), (3, 2), (2, 4), (3, 4)]"
4348,10,"[(0, 2), (0, 3), (0, 4), (1, 3), (3, 1), (4, 1), (2, 3), (3, 2), (2, 4), (4, 3)]"
4349,10,"[(0, 2), (0, 3), (0, 4), (1, 3), (3, 1), (4, 1), (2, 3), (3, 2), (4, 2), (3, 4)]"
4350,10,"[(0, 2), (0, 3), (0, 4), (1, 3), (3, 1), (4, 1), (2, 3), (3, 2), (4, 2), (4, 3)]"
4351,10,"[(0, 2), (0, 3), (0, 4), (1, 3), (3, 1), (1, 4), (4, 1), (2, 3), (2, 4), (3, 4)]"
4352,10,"[(0, 2), (0, 3), (0, 4), (1, 3), (3, 1), (1, 4), (4, 1), (2, 3), (4, 2), (3, 4)]"
4353,10,"[(0, 2), (0, 3), (0, 4), (1, 3), (3, 1), (1, 4), (4, 1), (2, 3), (4, 2), (4, 3)]"
4354,10,"[(0, 2), (0, 3), (0, 4), (1, 3), (3, 1), (1, 4), (4, 1), (3, 2), (4, 2), (3, 4)]"
4355,10,"[(0, 2), (0, 3), (4, 0), (1, 3), (1, 4), (2, 3), (2, 4), (4, 2), (3, 4), (4, 3)]"
4356,10,"[(0, 2), (0, 3), (4, 0), (1, 3), (1, 4), (3, 2), (2, 4), (4, 2), (3, 4), (4, 3)]"
4357,10,"[(0, 2), (0, 3), (4, 0), (1, 3), (1, 4), (2, 3), (3, 2), (2, 4), (3, 4), (4, 3)]"
4358,10,"[(0, 2), (0, 3), (4, 0), (1, 3), (1, 4), (2, 3), (3, 2), (4, 2), (3, 4), (4, 3)]"
4359,10,"[(0, 2), (0, 3), (4, 0), (1, 3), (1, 4), (2, 3), (3, 2), (2, 4), (4, 2), (3, 4)]"
4360,10,"[(0, 2), (0, 3), (4, 0), (1, 3), (1, 4), (2, 3), (3, 2), (2, 4), (4, 2), (4, 3)]"
4361,10,"[(0, 2), (0, 3), (4, 0), (1, 3), (4, 1), (2, 3), (2, 4), (4, 2), (3, 4), (4, 3)]"
4362,10,"[(0, 2), (0, 3), (4, 0), (1, 3), (4, 1), (3, 2), (2, 4), (4, 2), (3, 4), (4, 3)]"
4363,10,"[(0, 2), (0, 3), (4, 0), (1, 3), (4, 1), (2, 3), (3, 2), (2, 4), (3, 4), (4, 3)]"
4364,10,"[(0, 2), (0, 3), (4, 0), (1, 3), (4, 1), (2, 3), (3, 2), (4, 2), (3, 4), (4, 3)]"
4365,10,"[(0, 2), (0, 3), (4, 0), (1, 3), (4, 1), (2, 3), (3, 2), (2, 4), (4, 2), (3, 4)]"
4366,10,"[(0, 2), (0, 3), (4, 0), (1, 3), (4, 1), (2, 3), (3, 2), (2, 4), (4, 2), (4, 3)]"
4367,10,"[(0, 2), (0, 3), (4, 0), (1, 3), (1, 4), (4, 1), (2, 3), (2, 4), (3, 4), (4, 3)]"
4368,10,"[(0, 2), (0, 3), (4, 0), (1, 3), (1, 4), (4, 1), (2, 3), (4, 2), (3, 4), (4, 3)]"
4369,10,"[(0, 2), (0, 3), (4, 0), (1, 3), (1, 4), (4, 1), (2, 3), (2, 4), (4, 2), (3, 4)]"
4370,10,"[(0, 2), (0, 3), (4, 0), (1, 3), (1, 4), (4, 1), (2, 3), (2, 4), (4, 2), (4, 3)]"
4371,10,"[(0, 2), (0, 3), (4, 0), (1, 3), (1, 4), (4, 1), (3, 2), (2, 4), (3, 4), (4, 3)]"
4372,10,"[(0, 2), (0, 3), (4, 0), (1, 3), (1, 4), (4, 1), (3, 2), (4, 2), (3, 4), (4, 3)]"
4373,10,"[(0, 2), (0, 3), (4, 0), (1, 3), (1, 4), (4, 1), (3, 2), (2, 4), (4, 2), (3, 4)]"
4374,10,"[(0, 2), (0, 3), (4, 0), (1, 3), (1, 4), (4, 1), (3, 2), (2, 4), (4, 2), (4, 3)]"
4375,10,"[(0, 2), (0, 3), (4, 0), (1, 3), (1, 4), (4, 1), (2, 3), (3, 2), (2, 4), (3, 4)]"
4376,10,"[(0, 2), (0, 3), (4, 0), (1, 3), (1, 4), (4, 1), (2, 3), (3, 2), (2, 4), (4, 3)]"
4377,10,"[(0, 2), (0, 3), (4, 0), (1, 3), (1, 4), (4, 1), (2, 3), (3, 2), (4, 2), (3, 4)]"
4378,10,"[(0, 2), (0, 3), (4, 0), (1, 3), (1, 4), (4, 1), (2, 3), (3, 2), (4, 2), (4, 3)]"
4379,10,"[(0, 2), (0, 3), (4, 0), (3, 1), (1, 4), (2, 3), (2, 4), (4, 2), (3, 4), (4, 3)]"
4380,10,"[(0, 2), (0, 3), (4, 0), (3, 1), (1, 4), (3, 2), (2, 4), (4, 2), (3, 4), (4, 3)]"
4381,10,"[(0, 2), (0, 3), (4, 0), (3, 1), (1, 4), (2, 3), (3, 2), (2, 4), (3, 4), (4, 3)]"
4382,10,"[(0, 2), (0, 3), (4, 0), (3, 1), (1, 4), (2, 3), (3, 2), (4, 2), (3, 4), (4, 3)]"
4383,10,"[(0, 2), (0, 3), (4, 0), (3, 1), (1, 4), (2, 3), (3, 2), (2, 4), (4, 2), (3, 4)]"
4384,10,"[(0, 2), (0, 3), (4, 0), (3, 1), (1, 4), (2, 3), (3, 2), (2, 4), (4, 2), (4, 3)]"
4385,10,"[(0, 2), (0, 3), (4, 0), (3, 1), (4, 1), (2, 3), (2, 4), (4, 2), (3, 4), (4, 3)]"
4386,10,"[(0, 2), (0, 3), (4, 0), (3, 1), (4, 1), (3, 2), (2, 4), (4, 2), (3, 4), (4, 3)]"
4387,10,"[(0, 2), (0, 3), (4, 0), (3, 1), (4, 1), (2, 3), (3, 2), (2, 4), (3, 4), (4, 3)]"
4388,10,"[(0, 2), (0, 3), (4, 0), (3, 1), (4, 1), (2, 3), (3, 2), (4, 2), (3, 4), (4, 3)]"
4389,10,"[(0, 2), (0, 3), (4, 0), (3, 1), (4, 1), (2, 3), (3, 2), (2, 4), (4, 2), (3, 4)]"
4390,10,"[(0, 2), (0, 3), (4, 0), (3, 1), (4, 1), (2, 3), (3, 2), (2, 4), (4, 2), (4, 3)]"
4391,10,"[(0, 2), (0, 3), (4, 0), (3, 1), (1, 4), (4, 1), (2, 3), (2, 4), (3, 4), (4, 3)]"
4392,10,"[(0, 2), (0, 3), (4, 0), (3, 1), (1, 4), (4, 1), (2, 3), (4, 2), (3, 4), (4, 3)]"
4393,10,"[(0, 2), (0, 3), (4, 0), (3, 1), (1, 4), (4, 1), (2, 3), (2, 4), (4, 2), (3, 4)]"
4394,10,"[(0, 2), (0, 3), (4, 0), (3, 1), (1, 4), (4, 1), (2, 3), (2, 4), (4, 2), (4, 3)]"
4395,10,"[(0, 2), (0, 3), (4, 0), (3, 1), (1, 4), (4, 1), (3, 2), (2, 4), (3, 4), (4, 3)]"
4396,10,"[(0, 2), (0, 3), (4, 0), (3, 1), (1, 4), (4, 1), (3, 2), (4, 2), (3, 4), (4, 3)]"
4397,10,"[(0, 2), (0, 3), (4, 0), (3, 1), (1, 4), (4, 1), (3, 2), (2, 4), (4, 2), (3, 4)]"
4398,10,"[(0, 2), (0, 3), (4, 0), (3, 1), (1, 4), (4, 1), (3, 2), (2, 4), (4, 2), (4, 3)]"
4399,10,"[(0, 2), (0, 3), (4, 0), (3, 1), (1, 4), (4, 1), (2, 3), (3, 2), (2, 4), (3, 4)]"
4400,10,"[(0, 2), (0, 3), (4, 0), (3, 1), (1, 4), (4, 1), (2, 3), (3, 2), (2, 4), (4, 3)]"
4401,10,"[(0, 2), (0, 3), (4, 0), (3, 1), (1, 4), (4, 1), (2, 3), (3, 2), (4, 2), (3, 4)]"
4402,10,"[(0, 2), (0, 3), (4, 0), (3, 1), (1, 4), (4, 1), (2, 3), (3, 2), (4, 2), (4, 3)]"
4403,10,"[(0, 2), (0, 3), (4, 0), (1, 3), (3, 1), (1, 4), (2, 3), (2, 4), (3, 4), (4, 3)]"
4404,10,"[(0, 2), (0, 3), (4, 0), (1, 3), (3, 1), (1, 4), (2, 3), (4, 2), (3, 4), (4, 3)]"
4405,10,"[(0, 2), (0, 3), (4, 0), (1, 3), (3, 1), (1, 4), (2, 3), (2, 4), (4, 2), (3, 4)]"
4406,10,"[(0, 2), (0, 3), (4, 0), (1, 3), (3, 1), (1, 4), (2, 3), (2, 4), (4, 2), (4, 3)]"
4407,10,"[(0, 2), (0, 3), (4, 0), (1, 3), (3, 1), (1, 4), (3, 2), (2, 4), (3, 4), (4, 3)]"
4408,10,"[(0, 2), (0, 3), (4, 0), (1, 3), (3, 1), (1, 4), (3, 2), (4, 2), (3, 4), (4, 3)]"
4409,10,"[(0, 2), (0, 3), (4, 0), (1, 3), (3, 1), (1, 4), (3, 2), (2, 4), (4, 2), (3, 4)]"
4410,10,"[(0, 2), (0, 3), (4, 0), (1, 3), (3, 1), (1, 4), (3, 2), (2, 4), (4, 2), (4, 3)]"
4411,10,"[(0, 2), (0, 3), (4, 0), (1, 3), (3, 1), (1, 4), (2, 3), (3, 2), (2, 4), (3, 4)]"
4412,10,"[(0, 2), (0, 3), (4, 0), (1, 3), (3, 1), (1, 4), (2, 3), (3, 2), (2, 4), (4, 3)]"
4413,10,"[(0, 2), (0, 3), (4, 0), (1, 3), (3, 1), (1, 4), (2, 3), (3, 2), (4, 2), (3, 4)]"
4414,10,"[(0, 2), (0, 3), (4, 0), (1, 3), (3, 1), (1, 4), (2, 3), (3, 2), (4, 2), (4, 3)]"
4415,10,"[(0, 2), (0, 3), (4, 0), (1, 3), (3, 1), (4, 1), (2, 3), (2, 4), (3, 4), (4, 3)]"
4416,10,"[(0, 2), (0, 3), (4, 0), (1, 3), (3, 1), (4, 1), (2, 3), (4, 2), (3, 4), (4, 3)]"
4417,10,"[(0, 2), (0, 3), (4, 0), (1, 3), (3, 1), (4, 1), (2, 3), (2, 4), (4, 2), (3, 4)]"
4418,10,"[(0, 2), (0, 3), (4, 0), (1, 3), (3, 1), (4, 1), (2, 3), (2, 4), (4, 2), (4, 3)]"
4419,10,"[(0, 2), (0, 3), (4, 0), (1, 3), (3, 1), (4, 1), (3, 2), (2, 4), (3, 4), (4, 3)]"
4420,10,"[(0, 2), (0, 3), (4, 0), (1, 3), (3, 1), (4, 1), (3, 2), (4, 2), (3, 4), (4, 3)]"
4421,10,"[(0, 2), (0, 3), (4, 0), (1, 3), (3, 1), (4, 1), (3, 2), (2, 4), (4, 2), (3, 4)]"
4422,10,"[(0, 2), (0, 3), (4, 0), (1, 3), (3, 1), (4, 1), (3, 2), (2, 4), (4, 2), (4, 3)]"
4423,10,"[(0, 2), (0, 3), (4, 0), (1, 3), (3, 1), (4, 1), (2, 3), (3, 2), (2, 4), (3, 4)]"
4424,10,"[(0, 2), (0, 3), (4, 0), (1, 3), (3, 1), (4, 1), (2, 3), (3, 2), (2, 4), (4, 3)]"
4425,10,"[(0, 2), (0, 3), (4, 0), (1, 3), (3, 1), (4, 1), (2, 3), (3, 2), (4, 2), (3, 4)]"
4426,10,"[(0, 2), (0, 3), (4, 0), (1, 3), (3, 1), (4, 1), (2, 3), (3, 2), (4, 2), (4, 3)]"
4427,10,"[(0, 2), (0, 3), (4, 0), (1, 3), (3, 1), (1, 4), (4, 1), (2, 3), (2, 4), (3, 4)]"
4428,10,"[(0, 2), (0, 3), (4, 0), (1, 3), (3, 1), (1, 4), (4, 1), (2, 3), (2, 4), (4, 3)]"
4429,10,"[(0, 2), (0, 3), (4, 0), (1, 3), (3, 1), (1, 4), (4, 1), (2, 3), (4, 2), (3, 4)]"
4430,10,"[(0, 2), (0, 3), (4, 0), (1, 3), (3, 1), (1, 4), (4, 1), (2, 3), (4, 2), (4, 3)]"
4431,10,"[(0, 2), (0, 3), (4, 0), (1, 3), (3, 1), (1, 4), (4, 1), (3, 2), (2, 4), (3, 4)]"
4432,10,"[(0, 2), (0, 3), (4, 0), (1, 3), (3, 1), (1, 4), (4, 1), (3, 2), (2, 4), (4, 3)]"
4433,10,"[(0, 2), (0, 3), (4, 0), (1, 3), (3, 1), (1, 4), (4, 1), (3, 2), (4, 2), (3, 4)]"
4434,10,"[(0, 2), (0, 3), (4, 0), (1, 3), (3, 1), (1, 4), (4, 1), (3, 2), (4, 2), (4, 3)]"
4435,10,"[(0, 2), (3, 0), (4, 0), (1, 3), (1, 4), (2, 3), (3, 2), (2, 4), (3, 4), (4, 3)]"
4436,10,"[(0, 2), (3, 0), (4, 0), (1, 3), (1, 4), (2, 3), (3, 2), (4, 2), (3, 4), (4, 3)]"
4437,10,"[(0, 2), (3, 0), (4, 0), (1, 3), (1, 4), (2, 3), (3, 2), (2, 4), (4, 2), (3, 4)]"
4438,10,"[(0, 2), (3, 0), (4, 0), (1, 3), (4, 1), (2, 3), (2, 4), (4, 2), (3, 4), (4, 3)]"
4439,10,"[(0, 2), (3, 0), (4, 0), (1, 3), (4, 1), (3, 2), (2, 4), (4, 2), (3, 4), (4, 3)]"
4440,10,"[(0, 2), (3, 0), (4, 0), (1, 3), (4, 1), (2, 3), (3, 2), (2, 4), (3, 4), (4, 3)]"
4441,10,"[(0, 2), (3, 0), (4, 0), (1, 3), (4, 1), (2, 3), (3, 2), (4, 2), (3, 4), (4, 3)]"
4442,10,"[(0, 2), (3, 0), (4, 0), (1, 3), (4, 1), (2, 3), (3, 2), (2, 4), (4, 2), (3, 4)]"
4443,10,"[(0, 2), (3, 0), (4, 0), (1, 3), (4, 1), (2, 3), (3, 2), (2, 4), (4, 2), (4, 3)]"
4444,10,"[(0, 2), (3, 0), (4, 0), (3, 1), (4, 1), (2, 3), (3, 2), (2, 4), (3, 4), (4, 3)]"
4445,10,"[(0, 2), (3, 0), (4, 0), (3, 1), (4, 1), (2, 3), (3, 2), (4, 2), (3, 4), (4, 3)]"
4446,10,"[(0, 2), (3, 0), (4, 0), (3, 1), (4, 1), (2, 3), (3, 2), (2, 4), (4, 2), (3, 4)]"
4447,10,"[(0, 2), (3, 0), (4, 0), (1, 3), (3, 1), (1, 4), (2, 3), (2, 4), (3, 4), (4, 3)]"
4448,10,"[(0, 2), (3, 0), (4, 0), (1, 3), (3, 1), (1, 4), (2, 3), (4, 2), (3, 4), (4, 3)]"
4449,10,"[(0, 2), (3, 0), (4, 0), (1, 3), (3, 1), (1, 4), (2, 3), (2, 4), (4, 2), (3, 4)]"
4450,10,"[(0, 2), (3, 0), (4, 0), (1, 3), (3, 1), (1, 4), (2, 3), (2, 4), (4, 2), (4, 3)]"
4451,10,"[(0, 2), (3, 0), (4, 0), (1, 3), (3, 1), (1, 4), (3, 2), (2, 4), (3, 4), (4, 3)]"
4452,10,"[(0, 2), (3, 0), (4, 0), (1, 3), (3, 1), (1, 4), (3, 2), (4, 2), (3, 4), (4, 3)]"
4453,10,"[(0, 2), (3, 0), (4, 0), (1, 3), (3, 1), (1, 4), (3, 2), (2, 4), (4, 2), (3, 4)]"
4454,10,"[(0, 2), (3, 0), (4, 0), (1, 3), (3, 1), (1, 4), (3, 2), (2, 4), (4, 2), (4, 3)]"
4455,10,"[(0, 2), (3, 0), (4, 0), (1, 3), (3, 1), (1, 4), (2, 3), (3, 2), (2, 4), (3, 4)]"
4456,10,"[(0, 2), (3, 0), (4, 0), (1, 3), (3, 1), (1, 4), (2, 3), (3, 2), (2, 4), (4, 3)]"
4457,10,"[(0, 2), (3, 0), (4, 0), (1, 3), (3, 1), (1, 4), (2, 3), (3, 2), (4, 2), (3, 4)]"
4458,10,"[(0, 2), (3, 0), (4, 0), (1, 3), (3, 1), (1, 4), (2, 3), (3, 2), (4, 2), (4, 3)]"
4459,10,"[(0, 2), (3, 0), (4, 0), (1, 3), (3, 1), (4, 1), (2, 3), (2, 4), (3, 4), (4, 3)]"
4460,10,"[(0, 2), (3, 0), (4, 0), (1, 3), (3, 1), (4, 1), (2, 3), (4, 2), (3, 4), (4, 3)]"
4461,10,"[(0, 2), (3, 0), (4, 0), (1, 3), (3, 1), (4, 1), (2, 3), (2, 4), (4, 2), (3, 4)]"
4462,10,"[(0, 2), (3, 0), (4, 0), (1, 3), (3, 1), (4, 1), (2, 3), (2, 4), (4, 2), (4, 3)]"
4463,10,"[(0, 2), (3, 0), (4, 0), (1, 3), (3, 1), (4, 1), (3, 2), (2, 4), (3, 4), (4, 3)]"
4464,10,"[(0, 2), (3, 0), (4, 0), (1, 3), (3, 1), (4, 1), (3, 2), (4, 2), (3, 4), (4, 3)]"
4465,10,"[(0, 2), (3, 0), (4, 0), (1, 3), (3, 1), (4, 1), (3, 2), (2, 4), (4, 2), (3, 4)]"
4466,10,"[(0, 2), (3, 0), (4, 0), (1, 3), (3, 1), (4, 1), (3, 2), (2, 4), (4, 2), (4, 3)]"
4467,10,"[(0, 2), (3, 0), (4, 0), (1, 3), (3, 1), (4, 1), (2, 3), (3, 2), (2, 4), (3, 4)]"
4468,10,"[(0, 2), (3, 0), (4, 0), (1, 3), (3, 1), (4, 1), (2, 3), (3, 2), (2, 4), (4, 3)]"
4469,10,"[(0, 2), (3, 0), (4, 0), (1, 3), (3, 1), (4, 1), (2, 3), (3, 2), (4, 2), (3, 4)]"
4470,10,"[(0, 2), (3, 0), (4, 0), (1, 3), (3, 1), (4, 1), (2, 3), (3, 2), (4, 2), (4, 3)]"
4471,10,"[(0, 2), (3, 0), (4, 0), (1, 3), (3, 1), (1, 4), (4, 1), (2, 3), (2, 4), (3, 4)]"
4472,10,"[(0, 2), (3, 0), (4, 0), (1, 3), (3, 1), (1, 4), (4, 1), (2, 3), (4, 2), (3, 4)]"
4473,10,"[(0, 2), (3, 0), (4, 0), (1, 3), (3, 1), (1, 4), (4, 1), (2, 3), (4, 2), (4, 3)]"
4474,10,"[(0, 2), (3, 0), (4, 0), (1, 3), (3, 1), (1, 4), (4, 1), (3, 2), (4, 2), (3, 4)]"
4475,10,"[(0, 2), (0, 3), (3, 0), (0, 4), (1, 3), (1, 4), (2, 3), (2, 4), (3, 4), (4, 3)]"
4476,10,"[(0, 2), (0, 3), (3, 0), (0, 4), (1, 3), (1, 4), (2, 3), (4, 2), (3, 4), (4, 3)]"
4477,10,"[(0, 2), (0, 3), (3, 0), (0, 4), (1, 3), (1, 4), (2, 3), (2, 4), (4, 2), (3, 4)]"
4478,10,"[(0, 2), (0, 3), (3, 0), (0, 4), (1, 3), (1, 4), (2, 3), (2, 4), (4, 2), (4, 3)]"
4479,10,"[(0, 2), (0, 3), (3, 0), (0, 4), (1, 3), (1, 4), (3, 2), (2, 4), (3, 4), (4, 3)]"
4480,10,"[(0, 2), (0, 3), (3, 0), (0, 4), (1, 3), (1, 4), (3, 2), (4, 2), (3, 4), (4, 3)]"
4481,10,"[(0, 2), (0, 3), (3, 0), (0, 4), (1, 3), (1, 4), (3, 2), (2, 4), (4, 2), (3, 4)]"
4482,10,"[(0, 2), (0, 3), (3, 0), (0, 4), (1, 3), (1, 4), (3, 2), (2, 4), (4, 2), (4, 3)]"
4483,10,"[(0, 2), (0, 3), (3, 0), (0, 4), (1, 3), (1, 4), (2, 3), (3, 2), (2, 4), (3, 4)]"
4484,10,"[(0, 2), (0, 3), (3, 0), (0, 4), (1, 3), (1, 4), (2, 3), (3, 2), (2, 4), (4, 3)]"
4485,10,"[(0, 2), (0, 3), (3, 0), (0, 4), (1, 3), (1, 4), (2, 3), (3, 2), (4, 2), (3, 4)]"
4486,10,"[(0, 2), (0, 3), (3, 0), (0, 4), (1, 3), (1, 4), (2, 3), (3, 2), (4, 2), (4, 3)]"
4487,10,"[(0, 2), (0, 3), (3, 0), (0, 4), (1, 3), (4, 1), (2, 3), (2, 4), (3, 4), (4, 3)]"
4488,10,"[(0, 2), (0, 3), (3, 0), (0, 4), (1, 3), (4, 1), (2, 3), (4, 2), (3, 4), (4, 3)]"
4489,10,"[(0, 2), (0, 3), (3, 0), (0, 4), (1, 3), (4, 1), (2, 3), (2, 4), (4, 2), (3, 4)]"
4490,10,"[(0, 2), (0, 3), (3, 0), (0, 4), (1, 3), (4, 1), (2, 3), (2, 4), (4, 2), (4, 3)]"
4491,10,"[(0, 2), (0, 3), (3, 0), (0, 4), (1, 3), (4, 1), (3, 2), (2, 4), (3, 4), (4, 3)]"
4492,10,"[(0, 2), (0, 3), (3, 0), (0, 4), (1, 3), (4, 1), (3, 2), (4, 2), (3, 4), (4, 3)]"
4493,10,"[(0, 2), (0, 3), (3, 0), (0, 4), (1, 3), (4, 1), (3, 2), (2, 4), (4, 2), (3, 4)]"
4494,10,"[(0, 2), (0, 3), (3, 0), (0, 4), (1, 3), (4, 1), (3, 2), (2, 4), (4, 2), (4, 3)]"
4495,10,"[(0, 2), (0, 3), (3, 0), (0, 4), (1, 3), (4, 1), (2, 3), (3, 2), (2, 4), (3, 4)]"
4496,10,"[(0, 2), (0, 3), (3, 0), (0, 4), (1, 3), (4, 1), (2, 3), (3, 2), (2, 4), (4, 3)]"
4497,10,"[(0, 2), (0, 3), (3, 0), (0, 4), (1, 3), (4, 1), (2, 3), (3, 2), (4, 2), (3, 4)]"
4498,10,"[(0, 2), (0, 3), (3, 0), (0, 4), (1, 3), (4, 1), (2, 3), (3, 2), (4, 2), (4, 3)]"
4499,10,"[(0, 2), (0, 3), (3, 0), (0, 4), (1, 3), (1, 4), (4, 1), (2, 3), (2, 4), (3, 4)]"
4500,10,"[(0, 2), (0, 3), (3, 0), (0, 4), (1, 3), (1, 4), (4, 1), (2, 3), (2, 4), (4, 3)]"
4501,10,"[(0, 2), (0, 3), (3, 0), (0, 4), (1, 3), (1, 4), (4, 1), (2, 3), (4, 2), (3, 4)]"
4502,10,"[(0, 2), (0, 3), (3, 0), (0, 4), (1, 3), (1, 4), (4, 1), (2, 3), (4, 2), (4, 3)]"
4503,10,"[(0, 2), (0, 3), (3, 0), (0, 4), (1, 3), (1, 4), (4, 1), (3, 2), (2, 4), (3, 4)]"
4504,10,"[(0, 2), (0, 3), (3, 0), (0, 4), (1, 3), (1, 4), (4, 1), (3, 2), (2, 4), (4, 3)]"
4505,10,"[(0, 2), (0, 3), (3, 0), (0, 4), (1, 3), (1, 4), (4, 1), (3, 2), (4, 2), (3, 4)]"
4506,10,"[(0, 2), (0, 3), (3, 0), (0, 4), (1, 3), (1, 4), (4, 1), (3, 2), (4, 2), (4, 3)]"
4507,10,"[(0, 2), (0, 3), (3, 0), (0, 4), (3, 1), (1, 4), (2, 3), (2, 4), (3, 4), (4, 3)]"
4508,10,"[(0, 2), (0, 3), (3, 0), (0, 4), (3, 1), (1, 4), (2, 3), (4, 2), (3, 4), (4, 3)]"
4509,10,"[(0, 2), (0, 3), (3, 0), (0, 4), (3, 1), (1, 4), (2, 3), (2, 4), (4, 2), (3, 4)]"
4510,10,"[(0, 2), (0, 3), (3, 0), (0, 4), (3, 1), (1, 4), (2, 3), (2, 4), (4, 2), (4, 3)]"
4511,10,"[(0, 2), (0, 3), (3, 0), (0, 4), (3, 1), (1, 4), (3, 2), (2, 4), (3, 4), (4, 3)]"
4512,10,"[(0, 2), (0, 3), (3, 0), (0, 4), (3, 1), (1, 4), (3, 2), (4, 2), (3, 4), (4, 3)]"
4513,10,"[(0, 2), (0, 3), (3, 0), (0, 4), (3, 1), (1, 4), (3, 2), (2, 4), (4, 2), (3, 4)]"
4514,10,"[(0, 2), (0, 3), (3, 0), (0, 4), (3, 1), (1, 4), (3, 2), (2, 4), (4, 2), (4, 3)]"
4515,10,"[(0, 2), (0, 3), (3, 0), (0, 4), (3, 1), (1, 4), (2, 3), (3, 2), (2, 4), (3, 4)]"
4516,10,"[(0, 2), (0, 3), (3, 0), (0, 4), (3, 1), (1, 4), (2, 3), (3, 2), (2, 4), (4, 3)]"
4517,10,"[(0, 2), (0, 3), (3, 0), (0, 4), (3, 1), (1, 4), (2, 3), (3, 2), (4, 2), (3, 4)]"
4518,10,"[(0, 2), (0, 3), (3, 0), (0, 4), (3, 1), (1, 4), (2, 3), (3, 2), (4, 2), (4, 3)]"
4519,10,"[(0, 2), (0, 3), (3, 0), (0, 4), (3, 1), (4, 1), (2, 3), (2, 4), (3, 4), (4, 3)]"
4520,10,"[(0, 2), (0, 3), (3, 0), (0, 4), (3, 1), (4, 1), (2, 3), (4, 2), (3, 4), (4, 3)]"
4521,10,"[(0, 2), (0, 3), (3, 0), (0, 4), (3, 1), (4, 1), (2, 3), (2, 4), (4, 2), (3, 4)]"
4522,10,"[(0, 2), (0, 3), (3, 0), (0, 4), (3, 1), (4, 1), (2, 3), (2, 4), (4, 2), (4, 3)]"
4523,10,"[(0, 2), (0, 3), (3, 0), (0, 4), (3, 1), (4, 1), (3, 2), (2, 4), (3, 4), (4, 3)]"
4524,10,"[(0, 2), (0, 3), (3, 0), (0, 4), (3, 1), (4, 1), (3, 2), (4, 2), (3, 4), (4, 3)]"
4525,10,"[(0, 2), (0, 3), (3, 0), (0, 4), (3, 1), (4, 1), (3, 2), (2, 4), (4, 2), (3, 4)]"
4526,10,"[(0, 2), (0, 3), (3, 0), (0, 4), (3, 1), (4, 1), (3, 2), (2, 4), (4, 2), (4, 3)]"
4527,10,"[(0, 2), (0, 3), (3, 0), (0, 4), (3, 1), (4, 1), (2, 3), (3, 2), (2, 4), (3, 4)]"
4528,10,"[(0, 2), (0, 3), (3, 0), (0, 4), (3, 1), (4, 1), (2, 3), (3, 2), (2, 4), (4, 3)]"
4529,10,"[(0, 2), (0, 3), (3, 0), (0, 4), (3, 1), (4, 1), (2, 3), (3, 2), (4, 2), (3, 4)]"
4530,10,"[(0, 2), (0, 3), (3, 0), (0, 4), (3, 1), (4, 1), (2, 3), (3, 2), (4, 2), (4, 3)]"
4531,10,"[(0, 2), (0, 3), (3, 0), (0, 4), (3, 1), (1, 4), (4, 1), (2, 3), (2, 4), (3, 4)]"
4532,10,"[(0, 2), (0, 3), (3, 0), (0, 4), (3, 1), (1, 4), (4, 1), (2, 3), (2, 4), (4, 3)]"
4533,10,"[(0, 2), (0, 3), (3, 0), (0, 4), (3, 1), (1, 4), (4, 1), (2, 3), (4, 2), (3, 4)]"
4534,10,"[(0, 2), (0, 3), (3, 0), (0, 4), (3, 1), (1, 4), (4, 1), (2, 3), (4, 2), (4, 3)]"
4535,10,"[(0, 2), (0, 3), (3, 0), (0, 4), (3, 1), (1, 4), (4, 1), (3, 2), (2, 4), (3, 4)]"
4536,10,"[(0, 2), (0, 3), (3, 0), (0, 4), (3, 1), (1, 4), (4, 1), (3, 2), (2, 4), (4, 3)]"
4537,10,"[(0, 2), (0, 3), (3, 0), (0, 4), (3, 1), (1, 4), (4, 1), (3, 2), (4, 2), (3, 4)]"
4538,10,"[(0, 2), (0, 3), (3, 0), (0, 4), (3, 1), (1, 4), (4, 1), (3, 2), (4, 2), (4, 3)]"
4539,10,"[(0, 2), (0, 3), (3, 0), (0, 4), (1, 3), (3, 1), (1, 4), (2, 3), (2, 4), (3, 4)]"
4540,10,"[(0, 2), (0, 3), (3, 0), (0, 4), (1, 3), (3, 1), (1, 4), (2, 3), (2, 4), (4, 3)]"
4541,10,"[(0, 2), (0, 3), (3, 0), (0, 4), (1, 3), (3, 1), (1, 4), (2, 3), (4, 2), (3, 4)]"
4542,10,"[(0, 2), (0, 3), (3, 0), (0, 4), (1, 3), (3, 1), (1, 4), (2, 3), (4, 2), (4, 3)]"
4543,10,"[(0, 2), (0, 3), (3, 0), (0, 4), (1, 3), (3, 1), (1, 4), (3, 2), (2, 4), (3, 4)]"
4544,10,"[(0, 2), (0, 3), (3, 0), (0, 4), (1, 3), (3, 1), (1, 4), (3, 2), (2, 4), (4, 3)]"
4545,10,"[(0, 2), (0, 3), (3, 0), (0, 4), (1, 3), (3, 1), (1, 4), (3, 2), (4, 2), (3, 4)]"
4546,10,"[(0, 2), (0, 3), (3, 0), (0, 4), (1, 3), (3, 1), (1, 4), (3, 2), (4, 2), (4, 3)]"
4547,10,"[(0, 2), (0, 3), (3, 0), (0, 4), (1, 3), (3, 1), (4, 1), (2, 3), (2, 4), (3, 4)]"
4548,10,"[(0, 2), (0, 3), (3, 0), (0, 4), (1, 3), (3, 1), (4, 1), (2, 3), (2, 4), (4, 3)]"
4549,10,"[(0, 2), (0, 3), (3, 0), (0, 4), (1, 3), (3, 1), (4, 1), (2, 3), (4, 2), (3, 4)]"
4550,10,"[(0, 2), (0, 3), (3, 0), (0, 4), (1, 3), (3, 1), (4, 1), (2, 3), (4, 2), (4, 3)]"
4551,10,"[(0, 2), (0, 3), (3, 0), (0, 4), (1, 3), (3, 1), (4, 1), (3, 2), (2, 4), (3, 4)]"
4552,10,"[(0, 2), (0, 3), (3, 0), (0, 4), (1, 3), (3, 1), (4, 1), (3, 2), (2, 4), (4, 3)]"
4553,10,"[(0, 2), (0, 3), (3, 0), (0, 4), (1, 3), (3, 1), (4, 1), (3, 2), (4, 2), (3, 4)]"
4554,10,"[(0, 2), (0, 3), (3, 0), (0, 4), (1, 3), (3, 1), (4, 1), (3, 2), (4, 2), (4, 3)]"
4555,10,"[(0, 2), (0, 3), (3, 0), (4, 0), (1, 3), (1, 4), (2, 3), (2, 4), (3, 4), (4, 3)]"
4556,10,"[(0, 2), (0, 3), (3, 0), (4, 0), (1, 3), (1, 4), (2, 3), (4, 2), (3, 4), (4, 3)]"
4557,10,"[(0, 2), (0, 3), (3, 0), (4, 0), (1, 3), (1, 4), (2, 3), (2, 4), (4, 2), (3, 4)]"
4558,10,"[(0, 2), (0, 3), (3, 0), (4, 0), (1, 3), (1, 4), (2, 3), (2, 4), (4, 2), (4, 3)]"
4559,10,"[(0, 2), (0, 3), (3, 0), (4, 0), (1, 3), (1, 4), (3, 2), (2, 4), (3, 4), (4, 3)]"
4560,10,"[(0, 2), (0, 3), (3, 0), (4, 0), (1, 3), (1, 4), (3, 2), (4, 2), (3, 4), (4, 3)]"
4561,10,"[(0, 2), (0, 3), (3, 0), (4, 0), (1, 3), (1, 4), (3, 2), (2, 4), (4, 2), (3, 4)]"
4562,10,"[(0, 2), (0, 3), (3, 0), (4, 0), (1, 3), (1, 4), (3, 2), (2, 4), (4, 2), (4, 3)]"
4563,10,"[(0, 2), (0, 3), (3, 0), (4, 0), (1, 3), (1, 4), (2, 3), (3, 2), (2, 4), (3, 4)]"
4564,10,"[(0, 2), (0, 3), (3, 0), (4, 0), (1, 3), (1, 4), (2, 3), (3, 2), (2, 4), (4, 3)]"
4565,10,"[(0, 2), (0, 3), (3, 0), (4, 0), (1, 3), (1, 4), (2, 3), (3, 2), (4, 2), (3, 4)]"
4566,10,"[(0, 2), (0, 3), (3, 0), (4, 0), (1, 3), (1, 4), (2, 3), (3, 2), (4, 2), (4, 3)]"
4567,10,"[(0, 2), (0, 3), (3, 0), (4, 0), (1, 3), (4, 1), (2, 3), (2, 4), (3, 4), (4, 3)]"
4568,10,"[(0, 2), (0, 3), (3, 0), (4, 0), (1, 3), (4, 1), (2, 3), (4, 2), (3, 4), (4, 3)]"
4569,10,"[(0, 2), (0, 3), (3, 0), (4, 0), (1, 3), (4, 1), (2, 3), (2, 4), (4, 2), (3, 4)]"
4570,10,"[(0, 2), (0, 3), (3, 0), (4, 0), (1, 3), (4, 1), (2, 3), (2, 4), (4, 2), (4, 3)]"
4571,10,"[(0, 2), (0, 3), (3, 0), (4, 0), (1, 3), (4, 1), (3, 2), (2, 4), (3, 4), (4, 3)]"
4572,10,"[(0, 2), (0, 3), (3, 0), (4, 0), (1, 3), (4, 1), (3, 2), (4, 2), (3, 4), (4, 3)]"
4573,10,"[(0, 2), (0, 3), (3, 0), (4, 0), (1, 3), (4, 1), (3, 2), (2, 4), (4, 2), (3, 4)]"
4574,10,"[(0, 2), (0, 3), (3, 0), (4, 0), (1, 3), (4, 1), (3, 2), (2, 4), (4, 2), (4, 3)]"
4575,10,"[(0, 2), (0, 3), (3, 0), (4, 0), (1, 3), (4, 1), (2, 3), (3, 2), (2, 4), (3, 4)]"
4576,10,"[(0, 2), (0, 3), (3, 0), (4, 0), (1, 3), (4, 1), (2, 3), (3, 2), (2, 4), (4, 3)]"
4577,10,"[(0, 2), (0, 3), (3, 0), (4, 0), (1, 3), (4, 1), (2, 3), (3, 2), (4, 2), (3, 4)]"
4578,10,"[(0, 2), (0, 3), (3, 0), (4, 0), (1, 3), (4, 1), (2, 3), (3, 2), (4, 2), (4, 3)]"
4579,10,"[(0, 2), (0, 3), (3, 0), (4, 0), (1, 3), (1, 4), (4, 1), (2, 3), (2, 4), (3, 4)]"
4580,10,"[(0, 2), (0, 3), (3, 0), (4, 0), (1, 3), (1, 4), (4, 1), (2, 3), (2, 4), (4, 3)]"
4581,10,"[(0, 2), (0, 3), (3, 0), (4, 0), (1, 3), (1, 4), (4, 1), (2, 3), (4, 2), (3, 4)]"
4582,10,"[(0, 2), (0, 3), (3, 0), (4, 0), (1, 3), (1, 4), (4, 1), (2, 3), (4, 2), (4, 3)]"
4583,10,"[(0, 2), (0, 3), (3, 0), (4, 0), (1, 3), (1, 4), (4, 1), (3, 2), (2, 4), (3, 4)]"
4584,10,"[(0, 2), (0, 3), (3, 0), (4, 0), (1, 3), (1, 4), (4, 1), (3, 2), (2, 4), (4, 3)]"
4585,10,"[(0, 2), (0, 3), (3, 0), (4, 0), (1, 3), (1, 4), (4, 1), (3, 2), (4, 2), (3, 4)]"
4586,10,"[(0, 2), (0, 3), (3, 0), (4, 0), (1, 3), (1, 4), (4, 1), (3, 2), (4, 2), (4, 3)]"
4587,10,"[(0, 2), (0, 3), (3, 0), (4, 0), (3, 1), (1, 4), (2, 3), (2, 4), (3, 4), (4, 3)]"
4588,10,"[(0, 2), (0, 3), (3, 0), (4, 0), (3, 1), (1, 4), (2, 3), (4, 2), (3, 4), (4, 3)]"
4589,10,"[(0, 2), (0, 3), (3, 0), (4, 0), (3, 1), (1, 4), (2, 3), (2, 4), (4, 2), (3, 4)]"
4590,10,"[(0, 2), (0, 3), (3, 0), (4, 0), (3, 1), (1, 4), (2, 3), (2, 4), (4, 2), (4, 3)]"
4591,10,"[(0, 2), (0, 3), (3, 0), (4, 0), (3, 1), (1, 4), (3, 2), (2, 4), (3, 4), (4, 3)]"
4592,10,"[(0, 2), (0, 3), (3, 0), (4, 0), (3, 1), (1, 4), (3, 2), (4, 2), (3, 4), (4, 3)]"
4593,10,"[(0, 2), (0, 3), (3, 0), (4, 0), (3, 1), (1, 4), (3, 2), (2, 4), (4, 2), (3, 4)]"
4594,10,"[(0, 2), (0, 3), (3, 0), (4, 0), (3, 1), (1, 4), (3, 2), (2, 4), (4, 2), (4, 3)]"
4595,10,"[(0, 2), (0, 3), (3, 0), (4, 0), (3, 1), (1, 4), (2, 3), (3, 2), (2, 4), (3, 4)]"
4596,10,"[(0, 2), (0, 3), (3, 0), (4, 0), (3, 1), (1, 4), (2, 3), (3, 2), (2, 4), (4, 3)]"
4597,10,"[(0, 2), (0, 3), (3, 0), (4, 0), (3, 1), (1, 4), (2, 3), (3, 2), (4, 2), (3, 4)]"
4598,10,"[(0, 2), (0, 3), (3, 0), (4, 0), (3, 1), (1, 4), (2, 3), (3, 2), (4, 2), (4, 3)]"
4599,10,"[(0, 2), (0, 3), (3, 0), (4, 0), (3, 1), (4, 1), (2, 3), (2, 4), (3, 4), (4, 3)]"
4600,10,"[(0, 2), (0, 3), (3, 0), (4, 0), (3, 1), (4, 1), (2, 3), (4, 2), (3, 4), (4, 3)]"
4601,10,"[(0, 2), (0, 3), (3, 0), (4, 0), (3, 1), (4, 1), (2, 3), (2, 4), (4, 2), (3, 4)]"
4602,10,"[(0, 2), (0, 3), (3, 0), (4, 0), (3, 1), (4, 1), (2, 3), (2, 4), (4, 2), (4, 3)]"
4603,10,"[(0, 2), (0, 3), (3, 0), (4, 0), (3, 1), (4, 1), (3, 2), (2, 4), (3, 4), (4, 3)]"
4604,10,"[(0, 2), (0, 3), (3, 0), (4, 0), (3, 1), (4, 1), (3, 2), (4, 2), (3, 4), (4, 3)]"
4605,10,"[(0, 2), (0, 3), (3, 0), (4, 0), (3, 1), (4, 1), (3, 2), (2, 4), (4, 2), (3, 4)]"
4606,10,"[(0, 2), (0, 3), (3, 0), (4, 0), (3, 1), (4, 1), (3, 2), (2, 4), (4, 2), (4, 3)]"
4607,10,"[(0, 2), (0, 3), (3, 0), (4, 0), (3, 1), (4, 1), (2, 3), (3, 2), (2, 4), (3, 4)]"
4608,10,"[(0, 2), (0, 3), (3, 0), (4, 0), (3, 1), (4, 1), (2, 3), (3, 2), (2, 4), (4, 3)]"
4609,10,"[(0, 2), (0, 3), (3, 0), (4, 0), (3, 1), (4, 1), (2, 3), (3, 2), (4, 2), (3, 4)]"
4610,10,"[(0, 2), (0, 3), (3, 0), (4, 0), (3, 1), (4, 1), (2, 3), (3, 2), (4, 2), (4, 3)]"
4611,10,"[(0, 2), (0, 3), (3, 0), (4, 0), (3, 1), (1, 4), (4, 1), (2, 3), (2, 4), (3, 4)]"
4612,10,"[(0, 2), (0, 3), (3, 0), (4, 0), (3, 1), (1, 4), (4, 1), (2, 3), (2, 4), (4, 3)]"
4613,10,"[(0, 2), (0, 3), (3, 0), (4, 0), (3, 1), (1, 4), (4, 1), (2, 3), (4, 2), (3, 4)]"
4614,10,"[(0, 2), (0, 3), (3, 0), (4, 0), (3, 1), (1, 4), (4, 1), (2, 3), (4, 2), (4, 3)]"
4615,10,"[(0, 2), (0, 3), (3, 0), (4, 0), (3, 1), (1, 4), (4, 1), (3, 2), (2, 4), (3, 4)]"
4616,10,"[(0, 2), (0, 3), (3, 0), (4, 0), (3, 1), (1, 4), (4, 1), (3, 2), (2, 4), (4, 3)]"
4617,10,"[(0, 2), (0, 3), (3, 0), (4, 0), (3, 1), (1, 4), (4, 1), (3, 2), (4, 2), (3, 4)]"
4618,10,"[(0, 2), (0, 3), (3, 0), (4, 0), (3, 1), (1, 4), (4, 1), (3, 2), (4, 2), (4, 3)]"
4619,10,"[(0, 2), (0, 3), (3, 0), (4, 0), (1, 3), (3, 1), (1, 4), (2, 3), (2, 4), (3, 4)]"
4620,10,"[(0, 2), (0, 3), (3, 0), (4, 0), (1, 3), (3, 1), (1, 4), (2, 3), (2, 4), (4, 3)]"
4621,10,"[(0, 2), (0, 3), (3, 0), (4, 0), (1, 3), (3, 1), (1, 4), (2, 3), (4, 2), (3, 4)]"
4622,10,"[(0, 2), (0, 3), (3, 0), (4, 0), (1, 3), (3, 1), (1, 4), (2, 3), (4, 2), (4, 3)]"
4623,10,"[(0, 2), (0, 3), (3, 0), (4, 0), (1, 3), (3, 1), (1, 4), (3, 2), (2, 4), (3, 4)]"
4624,10,"[(0, 2), (0, 3), (3, 0), (4, 0), (1, 3), (3, 1), (1, 4), (3, 2), (2, 4), (4, 3)]"
4625,10,"[(0, 2), (0, 3), (3, 0), (4, 0), (1, 3), (3, 1), (1, 4), (3, 2), (4, 2), (3, 4)]"
4626,10,"[(0, 2), (0, 3), (3, 0), (4, 0), (1, 3), (3, 1), (1, 4), (3, 2), (4, 2), (4, 3)]"
4627,10,"[(0, 2), (0, 3), (3, 0), (4, 0), (1, 3), (3, 1), (4, 1), (2, 3), (2, 4), (3, 4)]"
4628,10,"[(0, 2), (0, 3), (3, 0), (4, 0), (1, 3), (3, 1), (4, 1), (2, 3), (2, 4), (4, 3)]"
4629,10,"[(0, 2), (0, 3), (3, 0), (4, 0), (1, 3), (3, 1), (4, 1), (2, 3), (4, 2), (3, 4)]"
4630,10,"[(0, 2), (0, 3), (3, 0), (4, 0), (1, 3), (3, 1), (4, 1), (2, 3), (4, 2), (4, 3)]"
4631,10,"[(0, 2), (0, 3), (3, 0), (4, 0), (1, 3), (3, 1), (4, 1), (3, 2), (2, 4), (3, 4)]"
4632,10,"[(0, 2), (0, 3), (3, 0), (4, 0), (1, 3), (3, 1), (4, 1), (3, 2), (2, 4), (4, 3)]"
4633,10,"[(0, 2), (0, 3), (3, 0), (4, 0), (1, 3), (3, 1), (4, 1), (3, 2), (4, 2), (3, 4)]"
4634,10,"[(0, 2), (0, 3), (3, 0), (4, 0), (1, 3), (3, 1), (4, 1), (3, 2), (4, 2), (4, 3)]"
4635,10,"[(0, 2), (0, 3), (3, 0), (0, 4), (4, 0), (1, 3), (1, 4), (2, 3), (2, 4), (3, 4)]"
4636,10,"[(0, 2), (0, 3), (3, 0), (0, 4), (4, 0), (1, 3), (1, 4), (2, 3), (4, 2), (3, 4)]"
4637,10,"[(0, 2), (0, 3), (3, 0), (0, 4), (4, 0), (1, 3), (1, 4), (2, 3), (4, 2), (4, 3)]"
4638,10,"[(0, 2), (0, 3), (3, 0), (0, 4), (4, 0), (1, 3), (1, 4), (3, 2), (4, 2), (3, 4)]"
4639,10,"[(0, 2), (0, 3), (3, 0), (0, 4), (4, 0), (1, 3), (4, 1), (2, 3), (2, 4), (3, 4)]"
4640,10,"[(0, 2), (0, 3), (3, 0), (0, 4), (4, 0), (1, 3), (4, 1), (2, 3), (2, 4), (4, 3)]"
4641,10,"[(0, 2), (0, 3), (3, 0), (0, 4), (4, 0), (1, 3), (4, 1), (2, 3), (4, 2), (3, 4)]"
4642,10,"[(0, 2), (0, 3), (3, 0), (0, 4), (4, 0), (1, 3), (4, 1), (2, 3), (4, 2), (4, 3)]"
4643,10,"[(0, 2), (0, 3), (3, 0), (0, 4), (4, 0), (1, 3), (4, 1), (3, 2), (2, 4), (3, 4)]"
4644,10,"[(0, 2), (0, 3), (3, 0), (0, 4), (4, 0), (1, 3), (4, 1), (3, 2), (2, 4), (4, 3)]"
4645,10,"[(0, 2), (0, 3), (3, 0), (0, 4), (4, 0), (1, 3), (4, 1), (3, 2), (4, 2), (3, 4)]"
4646,10,"[(0, 2), (0, 3), (3, 0), (0, 4), (4, 0), (1, 3), (4, 1), (3, 2), (4, 2), (4, 3)]"
4647,10,"[(0, 2), (0, 3), (3, 0), (0, 4), (4, 0), (3, 1), (4, 1), (2, 3), (2, 4), (3, 4)]"
4648,10,"[(0, 2), (0, 3), (3, 0), (0, 4), (4, 0), (3, 1), (4, 1), (2, 3), (4, 2), (3, 4)]"
4649,10,"[(0, 2), (0, 3), (3, 0), (0, 4), (4, 0), (3, 1), (4, 1), (2, 3), (4, 2), (4, 3)]"
4650,10,"[(0, 2), (0, 3), (3, 0), (0, 4), (4, 0), (3, 1), (4, 1), (3, 2), (4, 2), (3, 4)]"
4651,10,"[(0, 2), (2, 0), (0, 3), (0, 4), (1, 3), (1, 4), (2, 3), (2, 4), (3, 4), (4, 3)]"
4652,10,"[(0, 2), (2, 0), (0, 3), (0, 4), (1, 3), (1, 4), (2, 3), (4, 2), (3, 4), (4, 3)]"
4653,10,"[(0, 2), (2, 0), (0, 3), (0, 4), (1, 3), (1, 4), (3, 2), (4, 2), (3, 4), (4, 3)]"
4654,10,"[(0, 2), (2, 0), (0, 3), (0, 4), (1, 3), (4, 1), (2, 3), (2, 4), (3, 4), (4, 3)]"
4655,10,"[(0, 2), (2, 0), (0, 3), (0, 4), (1, 3), (4, 1), (2, 3), (4, 2), (3, 4), (4, 3)]"
4656,10,"[(0, 2), (2, 0), (0, 3), (0, 4), (1, 3), (4, 1), (3, 2), (2, 4), (3, 4), (4, 3)]"
4657,10,"[(0, 2), (2, 0), (0, 3), (0, 4), (1, 3), (4, 1), (3, 2), (4, 2), (3, 4), (4, 3)]"
4658,10,"[(0, 2), (2, 0), (0, 3), (0, 4), (3, 1), (4, 1), (2, 3), (2, 4), (3, 4), (4, 3)]"
4659,10,"[(0, 2), (2, 0), (0, 3), (0, 4), (3, 1), (4, 1), (2, 3), (4, 2), (3, 4), (4, 3)]"
4660,10,"[(0, 2), (2, 0), (0, 3), (0, 4), (3, 1), (4, 1), (3, 2), (4, 2), (3, 4), (4, 3)]"
4661,10,"[(0, 2), (2, 0), (0, 3), (0, 4), (1, 3), (3, 1), (1, 4), (2, 3), (2, 4), (3, 4)]"
4662,10,"[(0, 2), (2, 0), (0, 3), (0, 4), (1, 3), (3, 1), (1, 4), (2, 3), (2, 4), (4, 3)]"
4663,10,"[(0, 2), (2, 0), (0, 3), (0, 4), (1, 3), (3, 1), (1, 4), (2, 3), (4, 2), (3, 4)]"
4664,10,"[(0, 2), (2, 0), (0, 3), (0, 4), (1, 3), (3, 1), (1, 4), (2, 3), (4, 2), (4, 3)]"
4665,10,"[(0, 2), (2, 0), (0, 3), (0, 4), (1, 3), (3, 1), (1, 4), (3, 2), (2, 4), (3, 4)]"
4666,10,"[(0, 2), (2, 0), (0, 3), (0, 4), (1, 3), (3, 1), (1, 4), (3, 2), (2, 4), (4, 3)]"
4667,10,"[(0, 2), (2, 0), (0, 3), (0, 4), (1, 3), (3, 1), (1, 4), (3, 2), (4, 2), (3, 4)]"
4668,10,"[(0, 2), (2, 0), (0, 3), (0, 4), (1, 3), (3, 1), (1, 4), (3, 2), (4, 2), (4, 3)]"
4669,10,"[(0, 2), (2, 0), (0, 3), (0, 4), (1, 3), (3, 1), (4, 1), (2, 3), (2, 4), (3, 4)]"
4670,10,"[(0, 2), (2, 0), (0, 3), (0, 4), (1, 3), (3, 1), (4, 1), (2, 3), (2, 4), (4, 3)]"
4671,10,"[(0, 2), (2, 0), (0, 3), (0, 4), (1, 3), (3, 1), (4, 1), (2, 3), (4, 2), (3, 4)]"
4672,10,"[(0, 2), (2, 0), (0, 3), (0, 4), (1, 3), (3, 1), (4, 1), (2, 3), (4, 2), (4, 3)]"
4673,10,"[(0, 2), (2, 0), (0, 3), (0, 4), (1, 3), (3, 1), (4, 1), (3, 2), (2, 4), (3, 4)]"
4674,10,"[(0, 2), (2, 0), (0, 3), (0, 4), (1, 3), (3, 1), (4, 1), (3, 2), (2, 4), (4, 3)]"
4675,10,"[(0, 2), (2, 0), (0, 3), (0, 4), (1, 3), (3, 1), (4, 1), (3, 2), (4, 2), (3, 4)]"
4676,10,"[(0, 2), (2, 0), (0, 3), (0, 4), (1, 3), (3, 1), (4, 1), (3, 2), (4, 2), (4, 3)]"
4677,10,"[(0, 2), (2, 0), (0, 3), (4, 0), (1, 3), (1, 4), (2, 3), (4, 2), (3, 4), (4, 3)]"
4678,10,"[(0, 2), (2, 0), (0, 3), (4, 0), (1, 3), (1, 4), (3, 2), (2, 4), (3, 4), (4, 3)]"
4679,10,"[(0, 2), (2, 0), (0, 3), (4, 0), (1, 3), (1, 4), (3, 2), (4, 2), (3, 4), (4, 3)]"
4680,10,"[(0, 2), (2, 0), (0, 3), (4, 0), (1, 3), (4, 1), (2, 3), (4, 2), (3, 4), (4, 3)]"
4681,10,"[(0, 2), (2, 0), (0, 3), (4, 0), (1, 3), (4, 1), (3, 2), (2, 4), (3, 4), (4, 3)]"
4682,10,"[(0, 2), (2, 0), (0, 3), (4, 0), (1, 3), (4, 1), (3, 2), (4, 2), (3, 4), (4, 3)]"
4683,10,"[(0, 2), (2, 0), (0, 3), (4, 0), (1, 3), (1, 4), (4, 1), (2, 3), (4, 2), (3, 4)]"
4684,10,"[(0, 2), (2, 0), (0, 3), (4, 0), (1, 3), (1, 4), (4, 1), (2, 3), (4, 2), (4, 3)]"
4685,10,"[(0, 2), (2, 0), (0, 3), (4, 0), (1, 3), (1, 4), (4, 1), (3, 2), (4, 2), (3, 4)]"
4686,10,"[(0, 2), (2, 0), (0, 3), (4, 0), (1, 3), (1, 4), (4, 1), (3, 2), (4, 2), (4, 3)]"
4687,10,"[(0, 2), (2, 0), (0, 3), (4, 0), (3, 1), (1, 4), (2, 3), (4, 2), (3, 4), (4, 3)]"
4688,10,"[(0, 2), (2, 0), (0, 3), (4, 0), (3, 1), (1, 4), (3, 2), (4, 2), (3, 4), (4, 3)]"
4689,10,"[(0, 2), (2, 0), (0, 3), (4, 0), (3, 1), (4, 1), (2, 3), (4, 2), (3, 4), (4, 3)]"
4690,10,"[(0, 2), (2, 0), (0, 3), (4, 0), (3, 1), (4, 1), (3, 2), (2, 4), (3, 4), (4, 3)]"
4691,10,"[(0, 2), (2, 0), (0, 3), (4, 0), (3, 1), (4, 1), (3, 2), (4, 2), (3, 4), (4, 3)]"
4692,10,"[(0, 2), (2, 0), (0, 3), (4, 0), (3, 1), (1, 4), (4, 1), (2, 3), (4, 2), (3, 4)]"
4693,10,"[(0, 2), (2, 0), (0, 3), (4, 0), (3, 1), (1, 4), (4, 1), (2, 3), (4, 2), (4, 3)]"
4694,10,"[(0, 2), (2, 0), (0, 3), (4, 0), (3, 1), (1, 4), (4, 1), (3, 2), (4, 2), (3, 4)]"
4695,10,"[(0, 2), (2, 0), (0, 3), (4, 0), (3, 1), (1, 4), (4, 1), (3, 2), (4, 2), (4, 3)]"
4696,10,"[(0, 2), (2, 0), (0, 3), (4, 0), (1, 3), (3, 1), (1, 4), (2, 3), (4, 2), (3, 4)]"
4697,10,"[(0, 2), (2, 0), (0, 3), (4, 0), (1, 3), (3, 1), (1, 4), (2, 3), (4, 2), (4, 3)]"
4698,10,"[(0, 2), (2, 0), (0, 3), (4, 0), (1, 3), (3, 1), (1, 4), (3, 2), (2, 4), (3, 4)]"
4699,10,"[(0, 2), (2, 0), (0, 3), (4, 0), (1, 3), (3, 1), (1, 4), (3, 2), (2, 4), (4, 3)]"
4700,10,"[(0, 2), (2, 0), (0, 3), (4, 0), (1, 3), (3, 1), (1, 4), (3, 2), (4, 2), (3, 4)]"
4701,10,"[(0, 2), (2, 0), (0, 3), (4, 0), (1, 3), (3, 1), (1, 4), (3, 2), (4, 2), (4, 3)]"
4702,10,"[(0, 2), (2, 0), (0, 3), (4, 0), (1, 3), (3, 1), (4, 1), (2, 3), (4, 2), (3, 4)]"
4703,10,"[(0, 2), (2, 0), (0, 3), (4, 0), (1, 3), (3, 1), (4, 1), (2, 3), (4, 2), (4, 3)]"
4704,10,"[(0, 2), (2, 0), (0, 3), (4, 0), (1, 3), (3, 1), (4, 1), (3, 2), (2, 4), (3, 4)]"
4705,10,"[(0, 2), (2, 0), (0, 3), (4, 0), (1, 3), (3, 1), (4, 1), (3, 2), (2, 4), (4, 3)]"
4706,10,"[(0, 2), (2, 0), (0, 3), (4, 0), (1, 3), (3, 1), (4, 1), (3, 2), (4, 2), (3, 4)]"
4707,10,"[(0, 2), (2, 0), (0, 3), (4, 0), (1, 3), (3, 1), (4, 1), (3, 2), (4, 2), (4, 3)]"
4708,10,"[(0, 2), (2, 0), (3, 0), (4, 0), (1, 3), (1, 4), (3, 2), (4, 2), (3, 4), (4, 3)]"
4709,10,"[(0, 2), (2, 0), (3, 0), (4, 0), (1, 3), (4, 1), (3, 2), (4, 2), (3, 4), (4, 3)]"
4710,10,"[(0, 2), (2, 0), (3, 0), (4, 0), (3, 1), (4, 1), (3, 2), (4, 2), (3, 4), (4, 3)]"
4711,10,"[(0, 2), (2, 0), (3, 0), (4, 0), (1, 3), (3, 1), (1, 4), (3, 2), (4, 2), (3, 4)]"
4712,10,"[(0, 2), (2, 0), (3, 0), (4, 0), (1, 3), (3, 1), (1, 4), (3, 2), (4, 2), (4, 3)]"
4713,10,"[(0, 2), (2, 0), (3, 0), (4, 0), (1, 3), (3, 1), (4, 1), (3, 2), (4, 2), (3, 4)]"
4714,10,"[(0, 2), (2, 0), (3, 0), (4, 0), (1, 3), (3, 1), (4, 1), (3, 2), (4, 2), (4, 3)]"
4715,10,"[(0, 2), (2, 0), (0, 3), (3, 0), (0, 4), (1, 3), (1, 4), (2, 3), (2, 4), (3, 4)]"
4716,10,"[(0, 2), (2, 0), (0, 3), (3, 0), (0, 4), (1, 3), (1, 4), (2, 3), (2, 4), (4, 3)]"
4717,10,"[(0, 2), (2, 0), (0, 3), (3, 0), (0, 4), (1, 3), (1, 4), (2, 3), (4, 2), (3, 4)]"
4718,10,"[(0, 2), (2, 0), (0, 3), (3, 0), (0, 4), (1, 3), (1, 4), (2, 3), (4, 2), (4, 3)]"
4719,10,"[(0, 2), (2, 0), (0, 3), (3, 0), (0, 4), (1, 3), (1, 4), (3, 2), (2, 4), (3, 4)]"
4720,10,"[(0, 2), (2, 0), (0, 3), (3, 0), (0, 4), (1, 3), (1, 4), (3, 2), (2, 4), (4, 3)]"
4721,10,"[(0, 2), (2, 0), (0, 3), (3, 0), (0, 4), (1, 3), (1, 4), (3, 2), (4, 2), (3, 4)]"
4722,10,"[(0, 2), (2, 0), (0, 3), (3, 0), (0, 4), (1, 3), (1, 4), (3, 2), (4, 2), (4, 3)]"
4723,10,"[(0, 2), (2, 0), (0, 3), (3, 0), (0, 4), (1, 3), (4, 1), (2, 3), (2, 4), (3, 4)]"
4724,10,"[(0, 2), (2, 0), (0, 3), (3, 0), (0, 4), (1, 3), (4, 1), (2, 3), (2, 4), (4, 3)]"
4725,10,"[(0, 2), (2, 0), (0, 3), (3, 0), (0, 4), (1, 3), (4, 1), (2, 3), (4, 2), (3, 4)]"
4726,10,"[(0, 2), (2, 0), (0, 3), (3, 0), (0, 4), (1, 3), (4, 1), (2, 3), (4, 2), (4, 3)]"
4727,10,"[(0, 2), (2, 0), (0, 3), (3, 0), (0, 4), (1, 3), (4, 1), (3, 2), (2, 4), (3, 4)]"
4728,10,"[(0, 2), (2, 0), (0, 3), (3, 0), (0, 4), (1, 3), (4, 1), (3, 2), (2, 4), (4, 3)]"
4729,10,"[(0, 2), (2, 0), (0, 3), (3, 0), (0, 4), (1, 3), (4, 1), (3, 2), (4, 2), (3, 4)]"
4730,10,"[(0, 2), (2, 0), (0, 3), (3, 0), (0, 4), (1, 3), (4, 1), (3, 2), (4, 2), (4, 3)]"
4731,10,"[(0, 2), (2, 0), (0, 3), (3, 0), (0, 4), (3, 1), (1, 4), (2, 3), (2, 4), (3, 4)]"
4732,10,"[(0, 2), (2, 0), (0, 3), (3, 0), (0, 4), (3, 1), (1, 4), (2, 3), (2, 4), (4, 3)]"
4733,10,"[(0, 2), (2, 0), (0, 3), (3, 0), (0, 4), (3, 1), (1, 4), (2, 3), (4, 2), (3, 4)]"
4734,10,"[(0, 2), (2, 0), (0, 3), (3, 0), (0, 4), (3, 1), (1, 4), (2, 3), (4, 2), (4, 3)]"
4735,10,"[(0, 2), (2, 0), (0, 3), (3, 0), (0, 4), (3, 1), (1, 4), (3, 2), (2, 4), (3, 4)]"
4736,10,"[(0, 2), (2, 0), (0, 3), (3, 0), (0, 4), (3, 1), (1, 4), (3, 2), (2, 4), (4, 3)]"
4737,10,"[(0, 2), (2, 0), (0, 3), (3, 0), (0, 4), (3, 1), (1, 4), (3, 2), (4, 2), (3, 4)]"
4738,10,"[(0, 2), (2, 0), (0, 3), (3, 0), (0, 4), (3, 1), (1, 4), (3, 2), (4, 2), (4, 3)]"
4739,10,"[(0, 2), (2, 0), (0, 3), (3, 0), (0, 4), (3, 1), (4, 1), (2, 3), (2, 4), (3, 4)]"
4740,10,"[(0, 2), (2, 0), (0, 3), (3, 0), (0, 4), (3, 1), (4, 1), (2, 3), (2, 4), (4, 3)]"
4741,10,"[(0, 2), (2, 0), (0, 3), (3, 0), (0, 4), (3, 1), (4, 1), (2, 3), (4, 2), (3, 4)]"
4742,10,"[(0, 2), (2, 0), (0, 3), (3, 0), (0, 4), (3, 1), (4, 1), (2, 3), (4, 2), (4, 3)]"
4743,10,"[(0, 2), (2, 0), (0, 3), (3, 0), (0, 4), (3, 1), (4, 1), (3, 2), (2, 4), (3, 4)]"
4744,10,"[(0, 2), (2, 0), (0, 3), (3, 0), (0, 4), (3, 1), (4, 1), (3, 2), (2, 4), (4, 3)]"
4745,10,"[(0, 2), (2, 0), (0, 3), (3, 0), (0, 4), (3, 1), (4, 1), (3, 2), (4, 2), (3, 4)]"
4746,10,"[(0, 2), (2, 0), (0, 3), (3, 0), (0, 4), (3, 1), (4, 1), (3, 2), (4, 2), (4, 3)]"
4747,10,"[(0, 2), (2, 0), (0, 3), (3, 0), (4, 0), (1, 3), (1, 4), (2, 3), (2, 4), (3, 4)]"
4748,10,"[(0, 2), (2, 0), (0, 3), (3, 0), (4, 0), (1, 3), (1, 4), (2, 3), (2, 4), (4, 3)]"
4749,10,"[(0, 2), (2, 0), (0, 3), (3, 0), (4, 0), (1, 3), (1, 4), (2, 3), (4, 2), (3, 4)]"
4750,10,"[(0, 2), (2, 0), (0, 3), (3, 0), (4, 0), (1, 3), (1, 4), (2, 3), (4, 2), (4, 3)]"
4751,10,"[(0, 2), (2, 0), (0, 3), (3, 0), (4, 0), (1, 3), (1, 4), (3, 2), (2, 4), (3, 4)]"
4752,10,"[(0, 2), (2, 0), (0, 3), (3, 0), (4, 0), (1, 3), (1, 4), (3, 2), (2, 4), (4, 3)]"
4753,10,"[(0, 2), (2, 0), (0, 3), (3, 0), (4, 0), (1, 3), (1, 4), (3, 2), (4, 2), (3, 4)]"
4754,10,"[(0, 2), (2, 0), (0, 3), (3, 0), (4, 0), (1, 3), (1, 4), (3, 2), (4, 2), (4, 3)]"
4755,10,"[(0, 2), (2, 0), (0, 3), (3, 0), (4, 0), (1, 3), (4, 1), (2, 3), (2, 4), (3, 4)]"
4756,10,"[(0, 2), (2, 0), (0, 3), (3, 0), (4, 0), (1, 3), (4, 1), (2, 3), (2, 4), (4, 3)]"
4757,10,"[(0, 2), (2, 0), (0, 3), (3, 0), (4, 0), (1, 3), (4, 1), (2, 3), (4, 2), (3, 4)]"
4758,10,"[(0, 2), (2, 0), (0, 3), (3, 0), (4, 0), (1, 3), (4, 1), (2, 3), (4, 2), (4, 3)]"
4759,10,"[(0, 2), (2, 0), (0, 3), (3, 0), (4, 0), (1, 3), (4, 1), (3, 2), (2, 4), (3, 4)]"
4760,10,"[(0, 2), (2, 0), (0, 3), (3, 0), (4, 0), (1, 3), (4, 1), (3, 2), (2, 4), (4, 3)]"
4761,10,"[(0, 2), (2, 0), (0, 3), (3, 0), (4, 0), (1, 3), (4, 1), (3, 2), (4, 2), (3, 4)]"
4762,10,"[(0, 2), (2, 0), (0, 3), (3, 0), (4, 0), (1, 3), (4, 1), (3, 2), (4, 2), (4, 3)]"
4763,10,"[(0, 2), (2, 0), (0, 3), (3, 0), (4, 0), (3, 1), (1, 4), (2, 3), (2, 4), (3, 4)]"
4764,10,"[(0, 2), (2, 0), (0, 3), (3, 0), (4, 0), (3, 1), (1, 4), (2, 3), (2, 4), (4, 3)]"
4765,10,"[(0, 2), (2, 0), (0, 3), (3, 0), (4, 0), (3, 1), (1, 4), (2, 3), (4, 2), (3, 4)]"
4766,10,"[(0, 2), (2, 0), (0, 3), (3, 0), (4, 0), (3, 1), (1, 4), (2, 3), (4, 2), (4, 3)]"
4767,10,"[(0, 2), (2, 0), (0, 3), (3, 0), (4, 0), (3, 1), (1, 4), (3, 2), (2, 4), (3, 4)]"
4768,10,"[(0, 2), (2, 0), (0, 3), (3, 0), (4, 0), (3, 1), (1, 4), (3, 2), (2, 4), (4, 3)]"
4769,10,"[(0, 2), (2, 0), (0, 3), (3, 0), (4, 0), (3, 1), (1, 4), (3, 2), (4, 2), (3, 4)]"
4770,10,"[(0, 2), (2, 0), (0, 3), (3, 0), (4, 0), (3, 1), (1, 4), (3, 2), (4, 2), (4, 3)]"
4771,10,"[(0, 2), (2, 0), (0, 3), (3, 0), (4, 0), (3, 1), (4, 1), (2, 3), (2, 4), (3, 4)]"
4772,10,"[(0, 2), (2, 0), (0, 3), (3, 0), (4, 0), (3, 1), (4, 1), (2, 3), (2, 4), (4, 3)]"
4773,10,"[(0, 2), (2, 0), (0, 3), (3, 0), (4, 0), (3, 1), (4, 1), (2, 3), (4, 2), (3, 4)]"
4774,10,"[(0, 2), (2, 0), (0, 3), (3, 0), (4, 0), (3, 1), (4, 1), (2, 3), (4, 2), (4, 3)]"
4775,10,"[(0, 2), (2, 0), (0, 3), (3, 0), (4, 0), (3, 1), (4, 1), (3, 2), (2, 4), (3, 4)]"
4776,10,"[(0, 2), (2, 0), (0, 3), (3, 0), (4, 0), (3, 1), (4, 1), (3, 2), (2, 4), (4, 3)]"
4777,10,"[(0, 2), (2, 0), (0, 3), (3, 0), (4, 0), (3, 1), (4, 1), (3, 2), (4, 2), (3, 4)]"
4778,10,"[(0, 2), (2, 0), (0, 3), (3, 0), (4, 0), (3, 1), (4, 1), (3, 2), (4, 2), (4, 3)]"
4779,10,"[(0, 2), (0, 3), (3, 0), (0, 4), (1, 2), (1, 3), (3, 1), (1, 4), (2, 4), (4, 2)]"
4780,10,"[(0, 2), (0, 3), (3, 0), (0, 4), (1, 2), (1, 3), (3, 1), (4, 1), (2, 4), (4, 2)]"
4781,10,"[(0, 2), (0, 3), (3, 0), (0, 4), (2, 1), (1, 3), (3, 1), (4, 1), (2, 4), (4, 2)]"
4782,10,"[(0, 2), (0, 3), (3, 0), (4, 0), (1, 2), (1, 3), (3, 1), (4, 1), (2, 4), (4, 2)]"
4783,10,"[(0, 2), (0, 3), (3, 0), (4, 0), (2, 1), (1, 3), (3, 1), (1, 4), (2, 4), (4, 2)]"
4784,10,"[(0, 2), (0, 3), (3, 0), (4, 0), (2, 1), (1, 3), (3, 1), (4, 1), (2, 4), (4, 2)]"
4785,10,"[(2, 0), (0, 3), (3, 0), (4, 0), (2, 1), (1, 3), (3, 1), (4, 1), (2, 4), (4, 2)]"
4786,10,"[(0, 2), (2, 0), (0, 3), (0, 4), (1, 2), (1, 3), (1, 4), (4, 1), (2, 4), (4, 2)]"
4787,10,"[(0, 2), (2, 0), (0, 3), (0, 4), (1, 2), (3, 1), (1, 4), (4, 1), (2, 4), (4, 2)]"
4788,10,"[(0, 2), (2, 0), (0, 3), (0, 4), (1, 2), (1, 3), (3, 1), (1, 4), (2, 4), (4, 2)]"
4789,10,"[(0, 2), (2, 0), (0, 3), (0, 4), (1, 2), (1, 3), (3, 1), (4, 1), (2, 4), (4, 2)]"
4790,10,"[(0, 2), (2, 0), (0, 3), (0, 4), (2, 1), (1, 3), (1, 4), (4, 1), (2, 4), (4, 2)]"
4791,10,"[(0, 2), (2, 0), (0, 3), (0, 4), (2, 1), (3, 1), (1, 4), (4, 1), (2, 4), (4, 2)]"
4792,10,"[(0, 2), (2, 0), (0, 3), (0, 4), (2, 1), (1, 3), (3, 1), (1, 4), (2, 4), (4, 2)]"
4793,10,"[(0, 2), (2, 0), (0, 3), (0, 4), (2, 1), (1, 3), (3, 1), (4, 1), (2, 4), (4, 2)]"
4794,10,"[(0, 2), (2, 0), (0, 3), (0, 4), (1, 2), (2, 1), (1, 3), (1, 4), (2, 4), (4, 2)]"
4795,10,"[(0, 2), (2, 0), (0, 3), (0, 4), (1, 2), (2, 1), (1, 3), (4, 1), (2, 4), (4, 2)]"
4796,10,"[(0, 2), (2, 0), (0, 3), (0, 4), (1, 2), (2, 1), (3, 1), (1, 4), (2, 4), (4, 2)]"
4797,10,"[(0, 2), (2, 0), (0, 3), (0, 4), (1, 2), (2, 1), (3, 1), (4, 1), (2, 4), (4, 2)]"
4798,10,"[(0, 2), (2, 0), (0, 3), (0, 4), (1, 2), (2, 1), (3, 1), (1, 4), (4, 1), (2, 4)]"
4799,10,"[(0, 2), (2, 0), (0, 3), (0, 4), (1, 2), (2, 1), (3, 1), (1, 4), (4, 1), (4, 2)]"
4800,10,"[(0, 2), (2, 0), (0, 3), (4, 0), (1, 2), (3, 1), (1, 4), (4, 1), (2, 4), (4, 2)]"
4801,10,"[(0, 2), (2, 0), (0, 3), (4, 0), (1, 2), (1, 3), (3, 1), (1, 4), (2, 4), (4, 2)]"
4802,10,"[(0, 2), (2, 0), (0, 3), (4, 0), (1, 2), (1, 3), (3, 1), (4, 1), (2, 4), (4, 2)]"
4803,10,"[(0, 2), (2, 0), (0, 3), (4, 0), (2, 1), (1, 3), (1, 4), (4, 1), (2, 4), (4, 2)]"
4804,10,"[(0, 2), (2, 0), (0, 3), (4, 0), (2, 1), (3, 1), (1, 4), (4, 1), (2, 4), (4, 2)]"
4805,10,"[(0, 2), (2, 0), (0, 3), (4, 0), (2, 1), (1, 3), (3, 1), (1, 4), (2, 4), (4, 2)]"
4806,10,"[(0, 2), (2, 0), (0, 3), (4, 0), (2, 1), (1, 3), (3, 1), (4, 1), (2, 4), (4, 2)]"
4807,10,"[(0, 2), (2, 0), (0, 3), (4, 0), (1, 2), (2, 1), (1, 3), (4, 1), (2, 4), (4, 2)]"
4808,10,"[(0, 2), (2, 0), (0, 3), (4, 0), (1, 2), (2, 1), (3, 1), (1, 4), (2, 4), (4, 2)]"
4809,10,"[(0, 2), (2, 0), (0, 3), (4, 0), (1, 2), (2, 1), (3, 1), (4, 1), (2, 4), (4, 2)]"
4810,10,"[(0, 2), (2, 0), (0, 3), (4, 0), (1, 2), (2, 1), (3, 1), (1, 4), (4, 1), (2, 4)]"
4811,10,"[(0, 2), (2, 0), (0, 3), (4, 0), (1, 2), (2, 1), (3, 1), (1, 4), (4, 1), (4, 2)]"
4812,10,"[(0, 2), (2, 0), (0, 3), (0, 4), (4, 0), (1, 2), (1, 3), (1, 4), (2, 4), (4, 2)]"
4813,10,"[(0, 2), (2, 0), (0, 3), (0, 4), (4, 0), (1, 2), (1, 3), (4, 1), (2, 4), (4, 2)]"
4814,10,"[(0, 2), (2, 0), (0, 3), (0, 4), (4, 0), (1, 2), (3, 1), (1, 4), (2, 4), (4, 2)]"
4815,10,"[(0, 2), (2, 0), (0, 3), (0, 4), (4, 0), (1, 2), (3, 1), (4, 1), (2, 4), (4, 2)]"
4816,10,"[(0, 2), (2, 0), (0, 3), (0, 4), (4, 0), (1, 2), (1, 3), (3, 1), (1, 4), (2, 4)]"
4817,10,"[(0, 2), (2, 0), (0, 3), (0, 4), (4, 0), (1, 2), (1, 3), (3, 1), (4, 1), (2, 4)]"
4818,10,"[(0, 2), (2, 0), (0, 3), (0, 4), (4, 0), (1, 2), (1, 3), (3, 1), (4, 1), (4, 2)]"
4819,10,"[(0, 2), (2, 0), (0, 3), (0, 4), (4, 0), (2, 1), (1, 3), (4, 1), (2, 4), (4, 2)]"
4820,10,"[(0, 2), (2, 0), (0, 3), (0, 4), (4, 0), (2, 1), (3, 1), (4, 1), (2, 4), (4, 2)]"
4821,10,"[(0, 2), (2, 0), (0, 3), (0, 4), (4, 0), (2, 1), (1, 3), (3, 1), (4, 1), (2, 4)]"
4822,10,"[(0, 2), (2, 0), (0, 3), (0, 4), (4, 0), (1, 2), (2, 1), (1, 3), (1, 4), (2, 4)]"
4823,10,"[(0, 2), (2, 0), (0, 3), (0, 4), (4, 0), (1, 2), (2, 1), (1, 3), (1, 4), (4, 2)]"
4824,10,"[(0, 2), (2, 0), (0, 3), (0, 4), (4, 0), (1, 2), (2, 1), (1, 3), (4, 1), (2, 4)]"
4825,10,"[(0, 2), (2, 0), (0, 3), (0, 4), (4, 0), (1, 2), (2, 1), (1, 3), (4, 1), (4, 2)]"
4826,10,"[(0, 2), (2, 0), (0, 3), (0, 4), (4, 0), (1, 2), (2, 1), (3, 1), (1, 4), (2, 4)]"
4827,10,"[(0, 2), (2, 0), (0, 3), (0, 4), (4, 0), (1, 2), (2, 1), (3, 1), (1, 4), (4, 2)]"
4828,10,"[(0, 2), (2, 0), (0, 3), (0, 4), (4, 0), (1, 2), (2, 1), (3, 1), (4, 1), (2, 4)]"
4829,10,"[(0, 2), (2, 0), (0, 3), (0, 4), (4, 0), (1, 2), (2, 1), (3, 1), (4, 1), (4, 2)]"
4830,10,"[(0, 2), (2, 0), (3, 0), (0, 4), (1, 2), (3, 1), (1, 4), (4, 1), (2, 4), (4, 2)]"
4831,10,"[(0, 2), (2, 0), (3, 0), (0, 4), (1, 2), (1, 3), (3, 1), (1, 4), (2, 4), (4, 2)]"
4832,10,"[(0, 2), (2, 0), (3, 0), (0, 4), (1, 2), (1, 3), (3, 1), (4, 1), (2, 4), (4, 2)]"
4833,10,"[(0, 2), (2, 0), (3, 0), (0, 4), (2, 1), (3, 1), (1, 4), (4, 1), (2, 4), (4, 2)]"
4834,10,"[(0, 2), (2, 0), (3, 0), (0, 4), (2, 1), (1, 3), (3, 1), (1, 4), (2, 4), (4, 2)]"
4835,10,"[(0, 2), (2, 0), (3, 0), (0, 4), (2, 1), (1, 3), (3, 1), (4, 1), (2, 4), (4, 2)]"
4836,10,"[(0, 2), (2, 0), (3, 0), (0, 4), (1, 2), (2, 1), (3, 1), (1, 4), (2, 4), (4, 2)]"
4837,10,"[(0, 2), (2, 0), (3, 0), (0, 4), (1, 2), (2, 1), (3, 1), (4, 1), (2, 4), (4, 2)]"
4838,10,"[(0, 2), (2, 0), (3, 0), (4, 0), (1, 2), (1, 3), (3, 1), (1, 4), (2, 4), (4, 2)]"
4839,10,"[(0, 2), (2, 0), (3, 0), (4, 0), (1, 2), (1, 3), (3, 1), (4, 1), (2, 4), (4, 2)]"
4840,10,"[(0, 2), (2, 0), (3, 0), (4, 0), (2, 1), (3, 1), (1, 4), (4, 1), (2, 4), (4, 2)]"
4841,10,"[(0, 2), (2, 0), (3, 0), (4, 0), (2, 1), (1, 3), (3, 1), (1, 4), (2, 4), (4, 2)]"
4842,10,"[(0, 2), (2, 0), (3, 0), (4, 0), (2, 1), (1, 3), (3, 1), (4, 1), (2, 4), (4, 2)]"
4843,10,"[(0, 2), (2, 0), (3, 0), (4, 0), (1, 2), (2, 1), (3, 1), (4, 1), (2, 4), (4, 2)]"
4844,10,"[(0, 2), (2, 0), (3, 0), (0, 4), (4, 0), (1, 2), (1, 3), (1, 4), (2, 4), (4, 2)]"
4845,10,"[(0, 2), (2, 0), (3, 0), (0, 4), (4, 0), (1, 2), (1, 3), (4, 1), (2, 4), (4, 2)]"
4846,10,"[(0, 2), (2, 0), (3, 0), (0, 4), (4, 0), (1, 2), (3, 1), (1, 4), (2, 4), (4, 2)]"
4847,10,"[(0, 2), (2, 0), (3, 0), (0, 4), (4, 0), (1, 2), (3, 1), (4, 1), (2, 4), (4, 2)]"
4848,10,"[(0, 2), (2, 0), (3, 0), (0, 4), (4, 0), (1, 2), (1, 3), (3, 1), (1, 4), (2, 4)]"
4849,10,"[(0, 2), (2, 0), (3, 0), (0, 4), (4, 0), (1, 2), (1, 3), (3, 1), (4, 1), (2, 4)]"
4850,10,"[(0, 2), (2, 0), (3, 0), (0, 4), (4, 0), (1, 2), (1, 3), (3, 1), (4, 1), (4, 2)]"
4851,10,"[(0, 2), (2, 0), (3, 0), (0, 4), (4, 0), (2, 1), (1, 3), (4, 1), (2, 4), (4, 2)]"
4852,10,"[(0, 2), (2, 0), (3, 0), (0, 4), (4, 0), (2, 1), (3, 1), (4, 1), (2, 4), (4, 2)]"
4853,10,"[(0, 2), (2, 0), (3, 0), (0, 4), (4, 0), (2, 1), (1, 3), (3, 1), (4, 1), (2, 4)]"
4854,10,"[(0, 2), (2, 0), (3, 0), (0, 4), (4, 0), (1, 2), (2, 1), (3, 1), (1, 4), (2, 4)]"
4855,10,"[(0, 2), (2, 0), (3, 0), (0, 4), (4, 0), (1, 2), (2, 1), (3, 1), (1, 4), (4, 2)]"
4856,10,"[(0, 2), (2, 0), (3, 0), (0, 4), (4, 0), (1, 2), (2, 1), (3, 1), (4, 1), (2, 4)]"
4857,10,"[(0, 2), (2, 0), (3, 0), (0, 4), (4, 0), (1, 2), (2, 1), (3, 1), (4, 1), (4, 2)]"
4858,10,"[(0, 2), (2, 0), (0, 3), (3, 0), (0, 4), (1, 2), (1, 3), (1, 4), (2, 4), (4, 2)]"
4859,10,"[(0, 2), (2, 0), (0, 3), (3, 0), (0, 4), (1, 2), (1, 3), (4, 1), (2, 4), (4, 2)]"
4860,10,"[(0, 2), (2, 0), (0, 3), (3, 0), (0, 4), (1, 2), (1, 3), (1, 4), (4, 1), (2, 4)]"
4861,10,"[(0, 2), (2, 0), (0, 3), (3, 0), (0, 4), (1, 2), (1, 3), (1, 4), (4, 1), (4, 2)]"
4862,10,"[(0, 2), (2, 0), (0, 3), (3, 0), (0, 4), (1, 2), (3, 1), (1, 4), (2, 4), (4, 2)]"
4863,10,"[(0, 2), (2, 0), (0, 3), (3, 0), (0, 4), (1, 2), (3, 1), (4, 1), (2, 4), (4, 2)]"
4864,10,"[(0, 2), (2, 0), (0, 3), (3, 0), (0, 4), (1, 2), (3, 1), (1, 4), (4, 1), (2, 4)]"
4865,10,"[(0, 2), (2, 0), (0, 3), (3, 0), (0, 4), (1, 2), (3, 1), (1, 4), (4, 1), (4, 2)]"
4866,10,"[(0, 2), (2, 0), (0, 3), (3, 0), (0, 4), (1, 2), (1, 3), (3, 1), (1, 4), (2, 4)]"
4867,10,"[(0, 2), (2, 0), (0, 3), (3, 0), (0, 4), (1, 2), (1, 3), (3, 1), (1, 4), (4, 2)]"
4868,10,"[(0, 2), (2, 0), (0, 3), (3, 0), (0, 4), (1, 2), (1, 3), (3, 1), (4, 1), (2, 4)]"
4869,10,"[(0, 2), (2, 0), (0, 3), (3, 0), (0, 4), (1, 2), (1, 3), (3, 1), (4, 1), (4, 2)]"
4870,10,"[(0, 2), (2, 0), (0, 3), (3, 0), (0, 4), (2, 1), (1, 3), (1, 4), (2, 4), (4, 2)]"
4871,10,"[(0, 2), (2, 0), (0, 3), (3, 0), (0, 4), (2, 1), (1, 3), (4, 1), (2, 4), (4, 2)]"
4872,10,"[(0, 2), (2, 0), (0, 3), (3, 0), (0, 4), (2, 1), (1, 3), (1, 4), (4, 1), (2, 4)]"
4873,10,"[(0, 2), (2, 0), (0, 3), (3, 0), (0, 4), (2, 1), (1, 3), (1, 4), (4, 1), (4, 2)]"
4874,10,"[(0, 2), (2, 0), (0, 3), (3, 0), (0, 4), (2, 1), (3, 1), (1, 4), (2, 4), (4, 2)]"
4875,10,"[(0, 2), (2, 0), (0, 3), (3, 0), (0, 4), (2, 1), (3, 1), (4, 1), (2, 4), (4, 2)]"
4876,10,"[(0, 2), (2, 0), (0, 3), (3, 0), (0, 4), (2, 1), (3, 1), (1, 4), (4, 1), (2, 4)]"
4877,10,"[(0, 2), (2, 0), (0, 3), (3, 0), (0, 4), (2, 1), (3, 1), (1, 4), (4, 1), (4, 2)]"
4878,10,"[(0, 2), (2, 0), (0, 3), (3, 0), (0, 4), (2, 1), (1, 3), (3, 1), (1, 4), (2, 4)]"
4879,10,"[(0, 2), (2, 0), (0, 3), (3, 0), (0, 4), (2, 1), (1, 3), (3, 1), (1, 4), (4, 2)]"
4880,10,"[(0, 2), (2, 0), (0, 3), (3, 0), (0, 4), (2, 1), (1, 3), (3, 1), (4, 1), (2, 4)]"
4881,10,"[(0, 2), (2, 0), (0, 3), (3, 0), (0, 4), (2, 1), (1, 3), (3, 1), (4, 1), (4, 2)]"
4882,10,"[(0, 2), (2, 0), (0, 3), (3, 0), (0, 4), (1, 2), (2, 1), (1, 3), (1, 4), (2, 4)]"
4883,10,"[(0, 2), (2, 0), (0, 3), (3, 0), (0, 4), (1, 2), (2, 1), (1, 3), (1, 4), (4, 2)]"
4884,10,"[(0, 2), (2, 0), (0, 3), (3, 0), (0, 4), (1, 2), (2, 1), (1, 3), (4, 1), (2, 4)]"
4885,10,"[(0, 2), (2, 0), (0, 3), (3, 0), (0, 4), (1, 2), (2, 1), (1, 3), (4, 1), (4, 2)]"
4886,10,"[(0, 2), (2, 0), (0, 3), (3, 0), (0, 4), (1, 2), (2, 1), (3, 1), (1, 4), (2, 4)]"
4887,10,"[(0, 2), (2, 0), (0, 3), (3, 0), (0, 4), (1, 2), (2, 1), (3, 1), (1, 4), (4, 2)]"
4888,10,"[(0, 2), (2, 0), (0, 3), (3, 0), (0, 4), (1, 2), (2, 1), (3, 1), (4, 1), (2, 4)]"
4889,10,"[(0, 2), (2, 0), (0, 3), (3, 0), (0, 4), (1, 2), (2, 1), (3, 1), (4, 1), (4, 2)]"
4890,10,"[(0, 2), (2, 0), (0, 3), (3, 0), (4, 0), (1, 2), (1, 3), (1, 4), (2, 4), (4, 2)]"
4891,10,"[(0, 2), (2, 0), (0, 3), (3, 0), (4, 0), (1, 2), (1, 3), (4, 1), (2, 4), (4, 2)]"
4892,10,"[(0, 2), (2, 0), (0, 3), (3, 0), (4, 0), (1, 2), (1, 3), (1, 4), (4, 1), (2, 4)]"
4893,10,"[(0, 2), (2, 0), (0, 3), (3, 0), (4, 0), (1, 2), (1, 3), (1, 4), (4, 1), (4, 2)]"
4894,10,"[(0, 2), (2, 0), (0, 3), (3, 0), (4, 0), (1, 2), (3, 1), (1, 4), (2, 4), (4, 2)]"
4895,10,"[(0, 2), (2, 0), (0, 3), (3, 0), (4, 0), (1, 2), (3, 1), (4, 1), (2, 4), (4, 2)]"
4896,10,"[(0, 2), (2, 0), (0, 3), (3, 0), (4, 0), (1, 2), (3, 1), (1, 4), (4, 1), (2, 4)]"
4897,10,"[(0, 2), (2, 0), (0, 3), (3, 0), (4, 0), (1, 2), (3, 1), (1, 4), (4, 1), (4, 2)]"
4898,10,"[(0, 2), (2, 0), (0, 3), (3, 0), (4, 0), (1, 2), (1, 3), (3, 1), (1, 4), (2, 4)]"
4899,10,"[(0, 2), (2, 0), (0, 3), (3, 0), (4, 0), (1, 2), (1, 3), (3, 1), (1, 4), (4, 2)]"
4900,10,"[(0, 2), (2, 0), (0, 3), (3, 0), (4, 0), (1, 2), (1, 3), (3, 1), (4, 1), (2, 4)]"
4901,10,"[(0, 2), (2, 0), (0, 3), (3, 0), (4, 0), (1, 2), (1, 3), (3, 1), (4, 1), (4, 2)]"
4902,10,"[(0, 2), (2, 0), (0, 3), (3, 0), (4, 0), (2, 1), (1, 3), (1, 4), (2, 4), (4, 2)]"
4903,10,"[(0, 2), (2, 0), (0, 3), (3, 0), (4, 0), (2, 1), (1, 3), (4, 1), (2, 4), (4, 2)]"
4904,10,"[(0, 2), (2, 0), (0, 3), (3, 0), (4, 0), (2, 1), (1, 3), (1, 4), (4, 1), (2, 4)]"
4905,10,"[(0, 2), (2, 0), (0, 3), (3, 0), (4, 0), (2, 1), (1, 3), (1, 4), (4, 1), (4, 2)]"
4906,10,"[(0, 2), (2, 0), (0, 3), (3, 0), (4, 0), (2, 1), (3, 1), (1, 4), (2, 4), (4, 2)]"
4907,10,"[(0, 2), (2, 0), (0, 3), (3, 0), (4, 0), (2, 1), (3, 1), (4, 1), (2, 4), (4, 2)]"
4908,10,"[(0, 2), (2, 0), (0, 3), (3, 0), (4, 0), (2, 1), (3, 1), (1, 4), (4, 1), (2, 4)]"
4909,10,"[(0, 2), (2, 0), (0, 3), (3, 0), (4, 0), (2, 1), (3, 1), (1, 4), (4, 1), (4, 2)]"
4910,10,"[(0, 2), (2, 0), (0, 3), (3, 0), (4, 0), (2, 1), (1, 3), (3, 1), (1, 4), (2, 4)]"
4911,10,"[(0, 2), (2, 0), (0, 3), (3, 0), (4, 0), (2, 1), (1, 3), (3, 1), (1, 4), (4, 2)]"
4912,10,"[(0, 2), (2, 0), (0, 3), (3, 0), (4, 0), (2, 1), (1, 3), (3, 1), (4, 1), (2, 4)]"
4913,10,"[(0, 2), (2, 0), (0, 3), (3, 0), (4, 0), (2, 1), (1, 3), (3, 1), (4, 1), (4, 2)]"
4914,10,"[(0, 2), (2, 0), (0, 3), (3, 0), (4, 0), (1, 2), (2, 1), (1, 3), (1, 4), (2, 4)]"
4915,10,"[(0, 2), (2, 0), (0, 3), (3, 0), (4, 0), (1, 2), (2, 1), (1, 3), (1, 4), (4, 2)]"
4916,10,"[(0, 2), (2, 0), (0, 3), (3, 0), (4, 0), (1, 2), (2, 1), (1, 3), (4, 1), (2, 4)]"
4917,10,"[(0, 2), (2, 0), (0, 3), (3, 0), (4, 0), (1, 2), (2, 1), (1, 3), (4, 1), (4, 2)]"
4918,10,"[(0, 2), (2, 0), (0, 3), (3, 0), (4, 0), (1, 2), (2, 1), (3, 1), (1, 4), (2, 4)]"
4919,10,"[(0, 2), (2, 0), (0, 3), (3, 0), (4, 0), (1, 2), (2, 1), (3, 1), (1, 4), (4, 2)]"
4920,10,"[(0, 2), (2, 0), (0, 3), (3, 0), (4, 0), (1, 2), (2, 1), (3, 1), (4, 1), (2, 4)]"
4921,10,"[(0, 2), (2, 0), (0, 3), (3, 0), (4, 0), (1, 2), (2, 1), (3, 1), (4, 1), (4, 2)]"
4922,10,"[(0, 2), (2, 0), (0, 3), (3, 0), (0, 4), (4, 0), (1, 2), (1, 3), (1, 4), (2, 4)]"
4923,10,"[(0, 2), (2, 0), (0, 3), (3, 0), (0, 4), (4, 0), (1, 2), (1, 3), (4, 1), (2, 4)]"
4924,10,"[(0, 2), (2, 0), (0, 3), (3, 0), (0, 4), (4, 0), (1, 2), (1, 3), (4, 1), (4, 2)]"
4925,10,"[(0, 2), (2, 0), (0, 3), (3, 0), (0, 4), (4, 0), (1, 2), (3, 1), (1, 4), (2, 4)]"
4926,10,"[(0, 2), (2, 0), (0, 3), (3, 0), (0, 4), (4, 0), (1, 2), (3, 1), (4, 1), (2, 4)]"
4927,10,"[(0, 2), (2, 0), (0, 3), (3, 0), (0, 4), (4, 0), (1, 2), (3, 1), (4, 1), (4, 2)]"
4928,10,"[(0, 2), (2, 0), (0, 3), (3, 0), (0, 4), (4, 0), (2, 1), (1, 3), (4, 1), (2, 4)]"
4929,10,"[(0, 2), (2, 0), (0, 3), (3, 0), (0, 4), (4, 0), (2, 1), (3, 1), (4, 1), (2, 4)]"
4930,10,"[(0, 2), (0, 3), (0, 4), (1, 2), (1, 3), (1, 4), (2, 4), (4, 2), (3, 4), (4, 3)]"
4931,10,"[(0, 2), (0, 3), (0, 4), (1, 2), (1, 3), (4, 1), (2, 4), (4, 2), (3, 4), (4, 3)]"
4932,10,"[(0, 2), (0, 3), (0, 4), (1, 2), (3, 1), (1, 4), (2, 4), (4, 2), (3, 4), (4, 3)]"
4933,10,"[(0, 2), (0, 3), (0, 4), (1, 2), (3, 1), (4, 1), (2, 4), (4, 2), (3, 4), (4, 3)]"
4934,10,"[(0, 2), (0, 3), (0, 4), (1, 2), (3, 1), (1, 4), (4, 1), (2, 4), (3, 4), (4, 3)]"
4935,10,"[(0, 2), (0, 3), (0, 4), (1, 2), (3, 1), (1, 4), (4, 1), (4, 2), (3, 4), (4, 3)]"
4936,10,"[(0, 2), (0, 3), (0, 4), (1, 2), (3, 1), (1, 4), (4, 1), (2, 4), (4, 2), (3, 4)]"
4937,10,"[(0, 2), (0, 3), (0, 4), (1, 2), (3, 1), (1, 4), (4, 1), (2, 4), (4, 2), (4, 3)]"
4938,10,"[(0, 2), (0, 3), (0, 4), (2, 1), (3, 1), (1, 4), (2, 4), (4, 2), (3, 4), (4, 3)]"
4939,10,"[(0, 2), (0, 3), (0, 4), (2, 1), (3, 1), (4, 1), (2, 4), (4, 2), (3, 4), (4, 3)]"
4940,10,"[(0, 2), (0, 3), (0, 4), (2, 1), (3, 1), (1, 4), (4, 1), (2, 4), (4, 2), (3, 4)]"
4941,10,"[(0, 2), (0, 3), (0, 4), (2, 1), (3, 1), (1, 4), (4, 1), (2, 4), (4, 2), (4, 3)]"
4942,10,"[(0, 2), (0, 3), (4, 0), (1, 2), (1, 3), (4, 1), (2, 4), (4, 2), (3, 4), (4, 3)]"
4943,10,"[(0, 2), (0, 3), (4, 0), (1, 2), (3, 1), (1, 4), (2, 4), (4, 2), (3, 4), (4, 3)]"
4944,10,"[(0, 2), (0, 3), (4, 0), (1, 2), (3, 1), (4, 1), (2, 4), (4, 2), (3, 4), (4, 3)]"
4945,10,"[(0, 2), (0, 3), (4, 0), (1, 2), (3, 1), (1, 4), (4, 1), (2, 4), (3, 4), (4, 3)]"
4946,10,"[(0, 2), (0, 3), (4, 0), (1, 2), (3, 1), (1, 4), (4, 1), (4, 2), (3, 4), (4, 3)]"
4947,10,"[(0, 2), (0, 3), (4, 0), (1, 2), (3, 1), (1, 4), (4, 1), (2, 4), (4, 2), (3, 4)]"
4948,10,"[(0, 2), (0, 3), (4, 0), (1, 2), (3, 1), (1, 4), (4, 1), (2, 4), (4, 2), (4, 3)]"
4949,10,"[(0, 2), (0, 3), (4, 0), (2, 1), (3, 1), (1, 4), (2, 4), (4, 2), (3, 4), (4, 3)]"
4950,10,"[(0, 2), (0, 3), (4, 0), (2, 1), (3, 1), (4, 1), (2, 4), (4, 2), (3, 4), (4, 3)]"
4951,10,"[(0, 2), (0, 3), (4, 0), (2, 1), (3, 1), (1, 4), (4, 1), (2, 4), (4, 2), (3, 4)]"
4952,10,"[(0, 2), (0, 3), (4, 0), (2, 1), (3, 1), (1, 4), (4, 1), (2, 4), (4, 2), (4, 3)]"
4953,10,"[(0, 2), (0, 3), (0, 4), (4, 0), (1, 2), (1, 3), (1, 4), (2, 4), (4, 2), (3, 4)]"
4954,10,"[(0, 2), (0, 3), (0, 4), (4, 0), (1, 2), (1, 3), (1, 4), (2, 4), (4, 2), (4, 3)]"
4955,10,"[(0, 2), (0, 3), (0, 4), (4, 0), (1, 2), (1, 3), (4, 1), (2, 4), (4, 2), (3, 4)]"
4956,10,"[(0, 2), (0, 3), (0, 4), (4, 0), (1, 2), (1, 3), (4, 1), (2, 4), (4, 2), (4, 3)]"
4957,10,"[(0, 2), (0, 3), (0, 4), (4, 0), (1, 2), (1, 3), (1, 4), (4, 1), (2, 4), (3, 4)]"
4958,10,"[(0, 2), (0, 3), (0, 4), (4, 0), (1, 2), (1, 3), (1, 4), (4, 1), (2, 4), (4, 3)]"
4959,10,"[(0, 2), (0, 3), (0, 4), (4, 0), (1, 2), (1, 3), (1, 4), (4, 1), (4, 2), (4, 3)]"
4960,10,"[(0, 2), (0, 3), (0, 4), (4, 0), (1, 2), (3, 1), (1, 4), (2, 4), (3, 4), (4, 3)]"
4961,10,"[(0, 2), (0, 3), (0, 4), (4, 0), (1, 2), (3, 1), (1, 4), (4, 2), (3, 4), (4, 3)]"
4962,10,"[(0, 2), (0, 3), (0, 4), (4, 0), (1, 2), (3, 1), (1, 4), (2, 4), (4, 2), (3, 4)]"
4963,10,"[(0, 2), (0, 3), (0, 4), (4, 0), (1, 2), (3, 1), (1, 4), (2, 4), (4, 2), (4, 3)]"
4964,10,"[(0, 2), (0, 3), (0, 4), (4, 0), (1, 2), (3, 1), (4, 1), (2, 4), (3, 4), (4, 3)]"
4965,10,"[(0, 2), (0, 3), (0, 4), (4, 0), (1, 2), (3, 1), (4, 1), (4, 2), (3, 4), (4, 3)]"
4966,10,"[(0, 2), (0, 3), (0, 4), (4, 0), (1, 2), (3, 1), (4, 1), (2, 4), (4, 2), (3, 4)]"
4967,10,"[(0, 2), (0, 3), (0, 4), (4, 0), (1, 2), (3, 1), (4, 1), (2, 4), (4, 2), (4, 3)]"
4968,10,"[(0, 2), (0, 3), (0, 4), (4, 0), (1, 2), (3, 1), (1, 4), (4, 1), (2, 4), (3, 4)]"
4969,10,"[(0, 2), (0, 3), (0, 4), (4, 0), (1, 2), (3, 1), (1, 4), (4, 1), (2, 4), (4, 3)]"
4970,10,"[(0, 2), (0, 3), (0, 4), (4, 0), (1, 2), (3, 1), (1, 4), (4, 1), (4, 2), (3, 4)]"
4971,10,"[(0, 2), (0, 3), (0, 4), (4, 0), (1, 2), (3, 1), (1, 4), (4, 1), (4, 2), (4, 3)]"
4972,10,"[(0, 2), (0, 3), (0, 4), (4, 0), (2, 1), (3, 1), (1, 4), (2, 4), (4, 2), (3, 4)]"
4973,10,"[(0, 2), (0, 3), (0, 4), (4, 0), (2, 1), (3, 1), (1, 4), (2, 4), (4, 2), (4, 3)]"
4974,10,"[(0, 2), (0, 3), (0, 4), (4, 0), (2, 1), (3, 1), (4, 1), (2, 4), (4, 2), (3, 4)]"
4975,10,"[(0, 2), (0, 3), (0, 4), (4, 0), (2, 1), (3, 1), (4, 1), (2, 4), (4, 2), (4, 3)]"
4976,10,"[(0, 2), (0, 3), (0, 4), (4, 0), (2, 1), (3, 1), (1, 4), (4, 1), (2, 4), (3, 4)]"
4977,10,"[(0, 2), (0, 3), (0, 4), (4, 0), (2, 1), (3, 1), (1, 4), (4, 1), (2, 4), (4, 3)]"
4978,10,"[(0, 2), (0, 3), (0, 4), (4, 0), (2, 1), (3, 1), (1, 4), (4, 1), (4, 2), (4, 3)]"
4979,10,"[(0, 2), (3, 0), (0, 4), (4, 0), (2, 1), (1, 3), (1, 4), (4, 2), (3, 4), (4, 3)]"
4980,10,"[(0, 2), (3, 0), (0, 4), (4, 0), (2, 1), (1, 3), (1, 4), (2, 4), (4, 2), (3, 4)]"
4981,10,"[(0, 2), (3, 0), (0, 4), (4, 0), (2, 1), (1, 3), (1, 4), (2, 4), (4, 2), (4, 3)]"
4982,10,"[(0, 2), (3, 0), (0, 4), (4, 0), (2, 1), (1, 3), (4, 1), (2, 4), (4, 2), (4, 3)]"
4983,10,"[(0, 2), (3, 0), (0, 4), (4, 0), (2, 1), (1, 3), (1, 4), (4, 1), (2, 4), (3, 4)]"
4984,10,"[(0, 2), (3, 0), (0, 4), (4, 0), (2, 1), (1, 3), (1, 4), (4, 1), (2, 4), (4, 3)]"
4985,10,"[(0, 2), (3, 0), (0, 4), (4, 0), (2, 1), (1, 3), (1, 4), (4, 1), (4, 2), (4, 3)]"
4986,10,"[(0, 2), (2, 0), (0, 3), (0, 4), (1, 2), (1, 3), (1, 4), (2, 4), (3, 4), (4, 3)]"
4987,10,"[(0, 2), (2, 0), (0, 3), (0, 4), (1, 2), (1, 3), (1, 4), (4, 2), (3, 4), (4, 3)]"
4988,10,"[(0, 2), (2, 0), (0, 3), (0, 4), (1, 2), (1, 3), (1, 4), (2, 4), (4, 2), (3, 4)]"
4989,10,"[(0, 2), (2, 0), (0, 3), (0, 4), (1, 2), (1, 3), (1, 4), (2, 4), (4, 2), (4, 3)]"
4990,10,"[(0, 2), (2, 0), (0, 3), (0, 4), (1, 2), (1, 3), (4, 1), (2, 4), (3, 4), (4, 3)]"
4991,10,"[(0, 2), (2, 0), (0, 3), (0, 4), (1, 2), (1, 3), (4, 1), (4, 2), (3, 4), (4, 3)]"
4992,10,"[(0, 2), (2, 0), (0, 3), (0, 4), (1, 2), (1, 3), (4, 1), (2, 4), (4, 2), (3, 4)]"
4993,10,"[(0, 2), (2, 0), (0, 3), (0, 4), (1, 2), (1, 3), (4, 1), (2, 4), (4, 2), (4, 3)]"
4994,10,"[(0, 2), (2, 0), (0, 3), (0, 4), (1, 2), (1, 3), (1, 4), (4, 1), (2, 4), (3, 4)]"
4995,10,"[(0, 2), (2, 0), (0, 3), (0, 4), (1, 2), (1, 3), (1, 4), (4, 1), (2, 4), (4, 3)]"
4996,10,"[(0, 2), (2, 0), (0, 3), (0, 4), (1, 2), (1, 3), (1, 4), (4, 1), (4, 2), (3, 4)]"
4997,10,"[(0, 2), (2, 0), (0, 3), (0, 4), (1, 2), (1, 3), (1, 4), (4, 1), (4, 2), (4, 3)]"
4998,10,"[(0, 2), (2, 0), (0, 3), (0, 4), (1, 2), (3, 1), (1, 4), (2, 4), (3, 4), (4, 3)]"
4999,10,"[(0, 2), (2, 0), (0, 3), (0, 4), (1, 2), (3, 1), (1, 4), (4, 2), (3, 4), (4, 3)]"
5000,10,"[(0, 2), (2, 0), (0, 3), (0, 4), (1, 2), (3, 1), (1, 4), (2, 4), (4, 2), (3, 4)]"
5001,10,"[(0, 2), (2, 0), (0, 3), (0, 4), (1, 2), (3, 1), (1, 4), (2, 4), (4, 2), (4, 3)]"
5002,10,"[(0, 2), (2, 0), (0, 3), (0, 4), (1, 2), (3, 1), (4, 1), (2, 4), (3, 4), (4, 3)]"
5003,10,"[(0, 2), (2, 0), (0, 3), (0, 4), (1, 2), (3, 1), (4, 1), (4, 2), (3, 4), (4, 3)]"
5004,10,"[(0, 2), (2, 0), (0, 3), (0, 4), (1, 2), (3, 1), (4, 1), (2, 4), (4, 2), (3, 4)]"
5005,10,"[(0, 2), (2, 0), (0, 3), (0, 4), (1, 2), (3, 1), (4, 1), (2, 4), (4, 2), (4, 3)]"
5006,10,"[(0, 2), (2, 0), (0, 3), (0, 4), (1, 2), (3, 1), (1, 4), (4, 1), (2, 4), (3, 4)]"
5007,10,"[(0, 2), (2, 0), (0, 3), (0, 4), (1, 2), (3, 1), (1, 4), (4, 1), (2, 4), (4, 3)]"
5008,10,"[(0, 2), (2, 0), (0, 3), (0, 4), (1, 2), (3, 1), (1, 4), (4, 1), (4, 2), (3, 4)]"
5009,10,"[(0, 2), (2, 0), (0, 3), (0, 4), (1, 2), (3, 1), (1, 4), (4, 1), (4, 2), (4, 3)]"
5010,10,"[(0, 2), (2, 0), (0, 3), (0, 4), (1, 2), (1, 3), (3, 1), (1, 4), (2, 4), (3, 4)]"
5011,10,"[(0, 2), (2, 0), (0, 3), (0, 4), (1, 2), (1, 3), (3, 1), (1, 4), (2, 4), (4, 3)]"
5012,10,"[(0, 2), (2, 0), (0, 3), (0, 4), (1, 2), (1, 3), (3, 1), (1, 4), (4, 2), (4, 3)]"
5013,10,"[(0, 2), (2, 0), (0, 3), (0, 4), (1, 2), (1, 3), (3, 1), (4, 1), (2, 4), (3, 4)]"
5014,10,"[(0, 2), (2, 0), (0, 3), (0, 4), (1, 2), (1, 3), (3, 1), (4, 1), (2, 4), (4, 3)]"
5015,10,"[(0, 2), (2, 0), (0, 3), (0, 4), (1, 2), (1, 3), (3, 1), (4, 1), (4, 2), (3, 4)]"
5016,10,"[(0, 2), (2, 0), (0, 3), (0, 4), (1, 2), (1, 3), (3, 1), (4, 1), (4, 2), (4, 3)]"
5017,10,"[(0, 2), (2, 0), (0, 3), (0, 4), (2, 1), (1, 3), (1, 4), (2, 4), (3, 4), (4, 3)]"
5018,10,"[(0, 2), (2, 0), (0, 3), (0, 4), (2, 1), (1, 3), (1, 4), (4, 2), (3, 4), (4, 3)]"
5019,10,"[(0, 2), (2, 0), (0, 3), (0, 4), (2, 1), (1, 3), (4, 1), (2, 4), (3, 4), (4, 3)]"
5020,10,"[(0, 2), (2, 0), (0, 3), (0, 4), (2, 1), (1, 3), (4, 1), (4, 2), (3, 4), (4, 3)]"
5021,10,"[(0, 2), (2, 0), (0, 3), (0, 4), (2, 1), (1, 3), (1, 4), (4, 1), (2, 4), (3, 4)]"
5022,10,"[(0, 2), (2, 0), (0, 3), (0, 4), (2, 1), (1, 3), (1, 4), (4, 1), (2, 4), (4, 3)]"
5023,10,"[(0, 2), (2, 0), (0, 3), (0, 4), (2, 1), (1, 3), (1, 4), (4, 1), (4, 2), (3, 4)]"
5024,10,"[(0, 2), (2, 0), (0, 3), (0, 4), (2, 1), (1, 3), (1, 4), (4, 1), (4, 2), (4, 3)]"
5025,10,"[(0, 2), (2, 0), (0, 3), (0, 4), (2, 1), (3, 1), (1, 4), (4, 2), (3, 4), (4, 3)]"
5026,10,"[(0, 2), (2, 0), (0, 3), (0, 4), (2, 1), (3, 1), (4, 1), (4, 2), (3, 4), (4, 3)]"
5027,10,"[(0, 2), (2, 0), (0, 3), (0, 4), (2, 1), (3, 1), (1, 4), (4, 1), (4, 2), (3, 4)]"
5028,10,"[(0, 2), (2, 0), (0, 3), (0, 4), (2, 1), (3, 1), (1, 4), (4, 1), (4, 2), (4, 3)]"
5029,10,"[(0, 2), (2, 0), (0, 3), (0, 4), (2, 1), (1, 3), (3, 1), (1, 4), (2, 4), (3, 4)]"
5030,10,"[(0, 2), (2, 0), (0, 3), (0, 4), (2, 1), (1, 3), (3, 1), (1, 4), (2, 4), (4, 3)]"
5031,10,"[(0, 2), (2, 0), (0, 3), (0, 4), (2, 1), (1, 3), (3, 1), (1, 4), (4, 2), (3, 4)]"
5032,10,"[(0, 2), (2, 0), (0, 3), (0, 4), (2, 1), (1, 3), (3, 1), (1, 4), (4, 2), (4, 3)]"
5033,10,"[(0, 2), (2, 0), (0, 3), (0, 4), (2, 1), (1, 3), (3, 1), (4, 1), (2, 4), (4, 3)]"
5034,10,"[(0, 2), (2, 0), (0, 3), (0, 4), (2, 1), (1, 3), (3, 1), (4, 1), (4, 2), (3, 4)]"
5035,10,"[(0, 2), (2, 0), (0, 3), (0, 4), (2, 1), (1, 3), (3, 1), (4, 1), (4, 2), (4, 3)]"
5036,10,"[(0, 2), (2, 0), (0, 3), (4, 0), (1, 2), (1, 3), (1, 4), (2, 4), (3, 4), (4, 3)]"
5037,10,"[(0, 2), (2, 0), (0, 3), (4, 0), (1, 2), (1, 3), (1, 4), (4, 2), (3, 4), (4, 3)]"
5038,10,"[(0, 2), (2, 0), (0, 3), (4, 0), (1, 2), (1, 3), (1, 4), (2, 4), (4, 2), (3, 4)]"
5039,10,"[(0, 2), (2, 0), (0, 3), (4, 0), (1, 2), (1, 3), (1, 4), (2, 4), (4, 2), (4, 3)]"
5040,10,"[(0, 2), (2, 0), (0, 3), (4, 0), (1, 2), (1, 3), (4, 1), (2, 4), (3, 4), (4, 3)]"
5041,10,"[(0, 2), (2, 0), (0, 3), (4, 0), (1, 2), (1, 3), (4, 1), (4, 2), (3, 4), (4, 3)]"
5042,10,"[(0, 2), (2, 0), (0, 3), (4, 0), (1, 2), (1, 3), (4, 1), (2, 4), (4, 2), (3, 4)]"
5043,10,"[(0, 2), (2, 0), (0, 3), (4, 0), (1, 2), (1, 3), (4, 1), (2, 4), (4, 2), (4, 3)]"
5044,10,"[(0, 2), (2, 0), (0, 3), (4, 0), (1, 2), (1, 3), (1, 4), (4, 1), (2, 4), (3, 4)]"
5045,10,"[(0, 2), (2, 0), (0, 3), (4, 0), (1, 2), (1, 3), (1, 4), (4, 1), (2, 4), (4, 3)]"
5046,10,"[(0, 2), (2, 0), (0, 3), (4, 0), (1, 2), (1, 3), (1, 4), (4, 1), (4, 2), (3, 4)]"
5047,10,"[(0, 2), (2, 0), (0, 3), (4, 0), (1, 2), (1, 3), (1, 4), (4, 1), (4, 2), (4, 3)]"
5048,10,"[(0, 2), (2, 0), (0, 3), (4, 0), (1, 2), (3, 1), (1, 4), (2, 4), (3, 4), (4, 3)]"
5049,10,"[(0, 2), (2, 0), (0, 3), (4, 0), (1, 2), (3, 1), (1, 4), (4, 2), (3, 4), (4, 3)]"
5050,10,"[(0, 2), (2, 0), (0, 3), (4, 0), (1, 2), (3, 1), (1, 4), (2, 4), (4, 2), (3, 4)]"
5051,10,"[(0, 2), (2, 0), (0, 3), (4, 0), (1, 2), (3, 1), (1, 4), (2, 4), (4, 2), (4, 3)]"
5052,10,"[(0, 2), (2, 0), (0, 3), (4, 0), (1, 2), (3, 1), (4, 1), (2, 4), (3, 4), (4, 3)]"
5053,10,"[(0, 2), (2, 0), (0, 3), (4, 0), (1, 2), (3, 1), (4, 1), (4, 2), (3, 4), (4, 3)]"
5054,10,"[(0, 2), (2, 0), (0, 3), (4, 0), (1, 2), (3, 1), (4, 1), (2, 4), (4, 2), (3, 4)]"
5055,10,"[(0, 2), (2, 0), (0, 3), (4, 0), (1, 2), (3, 1), (4, 1), (2, 4), (4, 2), (4, 3)]"
5056,10,"[(0, 2), (2, 0), (0, 3), (4, 0), (1, 2), (3, 1), (1, 4), (4, 1), (2, 4), (3, 4)]"
5057,10,"[(0, 2), (2, 0), (0, 3), (4, 0), (1, 2), (3, 1), (1, 4), (4, 1), (2, 4), (4, 3)]"
5058,10,"[(0, 2), (2, 0), (0, 3), (4, 0), (1, 2), (3, 1), (1, 4), (4, 1), (4, 2), (3, 4)]"
5059,10,"[(0, 2), (2, 0), (0, 3), (4, 0), (1, 2), (3, 1), (1, 4), (4, 1), (4, 2), (4, 3)]"
5060,10,"[(0, 2), (2, 0), (0, 3), (4, 0), (1, 2), (1, 3), (3, 1), (4, 1), (2, 4), (3, 4)]"
5061,10,"[(0, 2), (2, 0), (0, 3), (4, 0), (1, 2), (1, 3), (3, 1), (4, 1), (2, 4), (4, 3)]"
5062,10,"[(0, 2), (2, 0), (0, 3), (4, 0), (1, 2), (1, 3), (3, 1), (4, 1), (4, 2), (4, 3)]"
5063,10,"[(0, 2), (2, 0), (0, 3), (4, 0), (2, 1), (1, 3), (1, 4), (4, 2), (3, 4), (4, 3)]"
5064,10,"[(0, 2), (2, 0), (0, 3), (4, 0), (2, 1), (1, 3), (4, 1), (4, 2), (3, 4), (4, 3)]"
5065,10,"[(0, 2), (2, 0), (0, 3), (4, 0), (2, 1), (1, 3), (1, 4), (4, 1), (4, 2), (3, 4)]"
5066,10,"[(0, 2), (2, 0), (0, 3), (4, 0), (2, 1), (1, 3), (1, 4), (4, 1), (4, 2), (4, 3)]"
5067,10,"[(0, 2), (2, 0), (0, 3), (4, 0), (2, 1), (1, 3), (3, 1), (1, 4), (4, 2), (3, 4)]"
5068,10,"[(0, 2), (2, 0), (0, 3), (4, 0), (2, 1), (1, 3), (3, 1), (1, 4), (4, 2), (4, 3)]"
5069,10,"[(0, 2), (2, 0), (0, 3), (4, 0), (2, 1), (1, 3), (3, 1), (4, 1), (4, 2), (4, 3)]"
5070,10,"[(0, 2), (2, 0), (0, 3), (0, 4), (4, 0), (1, 2), (1, 3), (1, 4), (2, 4), (3, 4)]"
5071,10,"[(0, 2), (2, 0), (0, 3), (0, 4), (4, 0), (1, 2), (1, 3), (1, 4), (2, 4), (4, 3)]"
5072,10,"[(0, 2), (2, 0), (0, 3), (0, 4), (4, 0), (1, 2), (1, 3), (1, 4), (4, 2), (3, 4)]"
5073,10,"[(0, 2), (2, 0), (0, 3), (0, 4), (4, 0), (1, 2), (1, 3), (1, 4), (4, 2), (4, 3)]"
5074,10,"[(0, 2), (2, 0), (0, 3), (0, 4), (4, 0), (1, 2), (1, 3), (4, 1), (2, 4), (3, 4)]"
5075,10,"[(0, 2), (2, 0), (0, 3), (0, 4), (4, 0), (1, 2), (1, 3), (4, 1), (2, 4), (4, 3)]"
5076,10,"[(0, 2), (2, 0), (0, 3), (0, 4), (4, 0), (1, 2), (1, 3), (4, 1), (4, 2), (3, 4)]"
5077,10,"[(0, 2), (2, 0), (0, 3), (0, 4), (4, 0), (1, 2), (1, 3), (4, 1), (4, 2), (4, 3)]"
5078,10,"[(0, 2), (2, 0), (0, 3), (0, 4), (4, 0), (1, 2), (3, 1), (1, 4), (2, 4), (3, 4)]"
5079,10,"[(0, 2), (2, 0), (0, 3), (0, 4), (4, 0), (1, 2), (3, 1), (1, 4), (2, 4), (4, 3)]"
5080,10,"[(0, 2), (2, 0), (0, 3), (0, 4), (4, 0), (1, 2), (3, 1), (1, 4), (4, 2), (3, 4)]"
5081,10,"[(0, 2), (2, 0), (0, 3), (0, 4), (4, 0), (1, 2), (3, 1), (1, 4), (4, 2), (4, 3)]"
5082,10,"[(0, 2), (2, 0), (0, 3), (0, 4), (4, 0), (1, 2), (3, 1), (4, 1), (2, 4), (3, 4)]"
5083,10,"[(0, 2), (2, 0), (0, 3), (0, 4), (4, 0), (1, 2), (3, 1), (4, 1), (2, 4), (4, 3)]"
5084,10,"[(0, 2), (2, 0), (0, 3), (0, 4), (4, 0), (1, 2), (3, 1), (4, 1), (4, 2), (3, 4)]"
5085,10,"[(0, 2), (2, 0), (0, 3), (0, 4), (4, 0), (1, 2), (3, 1), (4, 1), (4, 2), (4, 3)]"
5086,10,"[(0, 2), (2, 0), (0, 3), (0, 4), (4, 0), (2, 1), (1, 3), (1, 4), (2, 4), (3, 4)]"
5087,10,"[(0, 2), (2, 0), (0, 3), (0, 4), (4, 0), (2, 1), (1, 3), (1, 4), (2, 4), (4, 3)]"
5088,10,"[(0, 2), (2, 0), (0, 3), (0, 4), (4, 0), (2, 1), (1, 3), (1, 4), (4, 2), (3, 4)]"
5089,10,"[(0, 2), (2, 0), (0, 3), (0, 4), (4, 0), (2, 1), (1, 3), (1, 4), (4, 2), (4, 3)]"
5090,10,"[(0, 2), (2, 0), (0, 3), (0, 4), (4, 0), (2, 1), (1, 3), (4, 1), (2, 4), (3, 4)]"
5091,10,"[(0, 2), (2, 0), (0, 3), (0, 4), (4, 0), (2, 1), (1, 3), (4, 1), (2, 4), (4, 3)]"
5092,10,"[(0, 2), (2, 0), (0, 3), (0, 4), (4, 0), (2, 1), (1, 3), (4, 1), (4, 2), (3, 4)]"
5093,10,"[(0, 2), (2, 0), (0, 3), (0, 4), (4, 0), (2, 1), (1, 3), (4, 1), (4, 2), (4, 3)]"
5094,10,"[(0, 2), (2, 0), (0, 3), (0, 4), (4, 0), (2, 1), (3, 1), (1, 4), (2, 4), (3, 4)]"
5095,10,"[(0, 2), (2, 0), (0, 3), (0, 4), (4, 0), (2, 1), (3, 1), (1, 4), (2, 4), (4, 3)]"
5096,10,"[(0, 2), (2, 0), (0, 3), (0, 4), (4, 0), (2, 1), (3, 1), (1, 4), (4, 2), (3, 4)]"
5097,10,"[(0, 2), (2, 0), (0, 3), (0, 4), (4, 0), (2, 1), (3, 1), (1, 4), (4, 2), (4, 3)]"
5098,10,"[(0, 2), (2, 0), (0, 3), (0, 4), (4, 0), (2, 1), (3, 1), (4, 1), (2, 4), (3, 4)]"
5099,10,"[(0, 2), (2, 0), (0, 3), (0, 4), (4, 0), (2, 1), (3, 1), (4, 1), (2, 4), (4, 3)]"
5100,10,"[(0, 2), (2, 0), (0, 3), (0, 4), (4, 0), (2, 1), (3, 1), (4, 1), (4, 2), (3, 4)]"
5101,10,"[(0, 2), (2, 0), (0, 3), (0, 4), (4, 0), (2, 1), (3, 1), (4, 1), (4, 2), (4, 3)]"
5102,10,"[(0, 2), (2, 0), (3, 0), (0, 4), (1, 2), (1, 3), (1, 4), (2, 4), (3, 4), (4, 3)]"
5103,10,"[(0, 2), (2, 0), (3, 0), (0, 4), (1, 2), (1, 3), (1, 4), (4, 2), (3, 4), (4, 3)]"
5104,10,"[(0, 2), (2, 0), (3, 0), (0, 4), (1, 2), (1, 3), (4, 1), (2, 4), (3, 4), (4, 3)]"
5105,10,"[(0, 2), (2, 0), (3, 0), (0, 4), (1, 2), (1, 3), (4, 1), (4, 2), (3, 4), (4, 3)]"
5106,10,"[(0, 2), (2, 0), (3, 0), (0, 4), (1, 2), (1, 3), (1, 4), (4, 1), (2, 4), (3, 4)]"
5107,10,"[(0, 2), (2, 0), (3, 0), (0, 4), (1, 2), (1, 3), (1, 4), (4, 1), (2, 4), (4, 3)]"
5108,10,"[(0, 2), (2, 0), (3, 0), (0, 4), (1, 2), (1, 3), (1, 4), (4, 1), (4, 2), (3, 4)]"
5109,10,"[(0, 2), (2, 0), (3, 0), (0, 4), (1, 2), (1, 3), (1, 4), (4, 1), (4, 2), (4, 3)]"
5110,10,"[(0, 2), (2, 0), (3, 0), (0, 4), (1, 2), (3, 1), (1, 4), (4, 2), (3, 4), (4, 3)]"
5111,10,"[(0, 2), (2, 0), (3, 0), (0, 4), (1, 2), (3, 1), (4, 1), (4, 2), (3, 4), (4, 3)]"
5112,10,"[(0, 2), (2, 0), (3, 0), (0, 4), (1, 2), (3, 1), (1, 4), (4, 1), (4, 2), (3, 4)]"
5113,10,"[(0, 2), (2, 0), (3, 0), (0, 4), (1, 2), (3, 1), (1, 4), (4, 1), (4, 2), (4, 3)]"
5114,10,"[(0, 2), (2, 0), (3, 0), (4, 0), (1, 2), (1, 3), (1, 4), (4, 2), (3, 4), (4, 3)]"
5115,10,"[(0, 2), (2, 0), (3, 0), (4, 0), (1, 2), (1, 3), (4, 1), (4, 2), (3, 4), (4, 3)]"
5116,10,"[(0, 2), (2, 0), (3, 0), (4, 0), (1, 2), (1, 3), (1, 4), (4, 1), (4, 2), (3, 4)]"
5117,10,"[(0, 2), (2, 0), (3, 0), (4, 0), (1, 2), (1, 3), (1, 4), (4, 1), (4, 2), (4, 3)]"
5118,10,"[(0, 2), (2, 0), (3, 0), (0, 4), (4, 0), (1, 2), (1, 3), (1, 4), (2, 4), (3, 4)]"
5119,10,"[(0, 2), (2, 0), (3, 0), (0, 4), (4, 0), (1, 2), (1, 3), (1, 4), (2, 4), (4, 3)]"
5120,10,"[(0, 2), (2, 0), (3, 0), (0, 4), (4, 0), (1, 2), (1, 3), (1, 4), (4, 2), (3, 4)]"
5121,10,"[(0, 2), (2, 0), (3, 0), (0, 4), (4, 0), (1, 2), (1, 3), (1, 4), (4, 2), (4, 3)]"
5122,10,"[(0, 2), (2, 0), (3, 0), (0, 4), (4, 0), (1, 2), (1, 3), (4, 1), (2, 4), (3, 4)]"
5123,10,"[(0, 2), (2, 0), (3, 0), (0, 4), (4, 0), (1, 2), (1, 3), (4, 1), (2, 4), (4, 3)]"
5124,10,"[(0, 2), (2, 0), (3, 0), (0, 4), (4, 0), (1, 2), (1, 3), (4, 1), (4, 2), (3, 4)]"
5125,10,"[(0, 2), (2, 0), (3, 0), (0, 4), (4, 0), (1, 2), (1, 3), (4, 1), (4, 2), (4, 3)]"
5126,10,"[(0, 2), (2, 0), (3, 0), (0, 4), (4, 0), (1, 2), (3, 1), (1, 4), (2, 4), (3, 4)]"
5127,10,"[(0, 2), (2, 0), (3, 0), (0, 4), (4, 0), (1, 2), (3, 1), (1, 4), (2, 4), (4, 3)]"
5128,10,"[(0, 2), (2, 0), (3, 0), (0, 4), (4, 0), (1, 2), (3, 1), (1, 4), (4, 2), (3, 4)]"
5129,10,"[(0, 2), (2, 0), (3, 0), (0, 4), (4, 0), (1, 2), (3, 1), (1, 4), (4, 2), (4, 3)]"
5130,10,"[(0, 2), (2, 0), (3, 0), (0, 4), (4, 0), (1, 2), (3, 1), (4, 1), (2, 4), (3, 4)]"
5131,10,"[(0, 2), (2, 0), (3, 0), (0, 4), (4, 0), (1, 2), (3, 1), (4, 1), (2, 4), (4, 3)]"
5132,10,"[(0, 2), (2, 0), (3, 0), (0, 4), (4, 0), (1, 2), (3, 1), (4, 1), (4, 2), (3, 4)]"
5133,10,"[(0, 2), (2, 0), (3, 0), (0, 4), (4, 0), (1, 2), (3, 1), (4, 1), (4, 2), (4, 3)]"
5134,10,"[(0, 2), (2, 0), (0, 3), (3, 0), (0, 4), (1, 2), (1, 3), (1, 4), (2, 4), (3, 4)]"
5135,10,"[(0, 2), (2, 0), (0, 3), (3, 0), (0, 4), (1, 2), (1, 3), (1, 4), (2, 4), (4, 3)]"
5136,10,"[(0, 2), (2, 0), (0, 3), (3, 0), (0, 4), (1, 2), (1, 3), (1, 4), (4, 2), (4, 3)]"
5137,10,"[(0, 2), (2, 0), (0, 3), (3, 0), (0, 4), (1, 2), (1, 3), (4, 1), (2, 4), (3, 4)]"
5138,10,"[(0, 2), (2, 0), (0, 3), (3, 0), (0, 4), (1, 2), (1, 3), (4, 1), (2, 4), (4, 3)]"
5139,10,"[(0, 2), (2, 0), (0, 3), (3, 0), (0, 4), (1, 2), (1, 3), (4, 1), (4, 2), (4, 3)]"
5140,10,"[(0, 2), (2, 0), (0, 3), (3, 0), (0, 4), (1, 2), (3, 1), (1, 4), (2, 4), (3, 4)]"
5141,10,"[(0, 2), (2, 0), (0, 3), (3, 0), (0, 4), (1, 2), (3, 1), (1, 4), (2, 4), (4, 3)]"
5142,10,"[(0, 2), (2, 0), (0, 3), (3, 0), (0, 4), (1, 2), (3, 1), (1, 4), (4, 2), (3, 4)]"
5143,10,"[(0, 2), (2, 0), (0, 3), (3, 0), (0, 4), (1, 2), (3, 1), (1, 4), (4, 2), (4, 3)]"
5144,10,"[(0, 2), (2, 0), (0, 3), (3, 0), (0, 4), (1, 2), (3, 1), (4, 1), (2, 4), (3, 4)]"
5145,10,"[(0, 2), (2, 0), (0, 3), (3, 0), (0, 4), (1, 2), (3, 1), (4, 1), (2, 4), (4, 3)]"
5146,10,"[(0, 2), (2, 0), (0, 3), (3, 0), (0, 4), (1, 2), (3, 1), (4, 1), (4, 2), (3, 4)]"
5147,10,"[(0, 2), (2, 0), (0, 3), (3, 0), (0, 4), (1, 2), (3, 1), (4, 1), (4, 2), (4, 3)]"
5148,10,"[(0, 2), (2, 0), (0, 3), (3, 0), (0, 4), (2, 1), (3, 1), (1, 4), (2, 4), (3, 4)]"
5149,10,"[(0, 2), (2, 0), (0, 3), (3, 0), (0, 4), (2, 1), (3, 1), (1, 4), (2, 4), (4, 3)]"
5150,10,"[(0, 2), (2, 0), (0, 3), (3, 0), (0, 4), (2, 1), (3, 1), (1, 4), (4, 2), (4, 3)]"
5151,10,"[(0, 2), (2, 0), (0, 3), (3, 0), (0, 4), (2, 1), (3, 1), (4, 1), (2, 4), (3, 4)]"
5152,10,"[(0, 2), (2, 0), (0, 3), (3, 0), (0, 4), (2, 1), (3, 1), (4, 1), (2, 4), (4, 3)]"
5153,10,"[(0, 2), (2, 0), (0, 3), (3, 0), (0, 4), (2, 1), (3, 1), (4, 1), (4, 2), (4, 3)]"
5154,10,"[(0, 2), (2, 0), (0, 3), (3, 0), (4, 0), (1, 2), (1, 3), (1, 4), (2, 4), (3, 4)]"
5155,10,"[(0, 2), (2, 0), (0, 3), (3, 0), (4, 0), (1, 2), (1, 3), (1, 4), (2, 4), (4, 3)]"
5156,10,"[(0, 2), (2, 0), (0, 3), (3, 0), (4, 0), (1, 2), (1, 3), (1, 4), (4, 2), (4, 3)]"
5157,10,"[(0, 2), (2, 0), (0, 3), (3, 0), (4, 0), (1, 2), (1, 3), (4, 1), (2, 4), (3, 4)]"
5158,10,"[(0, 2), (2, 0), (0, 3), (3, 0), (4, 0), (1, 2), (1, 3), (4, 1), (2, 4), (4, 3)]"
5159,10,"[(0, 2), (2, 0), (0, 3), (3, 0), (4, 0), (1, 2), (1, 3), (4, 1), (4, 2), (4, 3)]"
5160,10,"[(0, 2), (2, 0), (0, 3), (3, 0), (4, 0), (1, 2), (3, 1), (1, 4), (2, 4), (3, 4)]"
5161,10,"[(0, 2), (2, 0), (0, 3), (3, 0), (4, 0), (1, 2), (3, 1), (1, 4), (2, 4), (4, 3)]"
5162,10,"[(0, 2), (2, 0), (0, 3), (3, 0), (4, 0), (1, 2), (3, 1), (1, 4), (4, 2), (3, 4)]"
5163,10,"[(0, 2), (2, 0), (0, 3), (3, 0), (4, 0), (1, 2), (3, 1), (1, 4), (4, 2), (4, 3)]"
5164,10,"[(0, 2), (2, 0), (0, 3), (3, 0), (4, 0), (1, 2), (3, 1), (4, 1), (2, 4), (3, 4)]"
5165,10,"[(0, 2), (2, 0), (0, 3), (3, 0), (4, 0), (1, 2), (3, 1), (4, 1), (2, 4), (4, 3)]"
5166,10,"[(0, 2), (2, 0), (0, 3), (3, 0), (4, 0), (1, 2), (3, 1), (4, 1), (4, 2), (3, 4)]"
5167,10,"[(0, 2), (2, 0), (0, 3), (3, 0), (4, 0), (1, 2), (3, 1), (4, 1), (4, 2), (4, 3)]"
5168,10,"[(0, 2), (2, 0), (0, 3), (3, 0), (4, 0), (2, 1), (3, 1), (1, 4), (2, 4), (3, 4)]"
5169,10,"[(0, 2), (2, 0), (0, 3), (3, 0), (4, 0), (2, 1), (3, 1), (1, 4), (2, 4), (4, 3)]"
5170,10,"[(0, 2), (2, 0), (0, 3), (3, 0), (4, 0), (2, 1), (3, 1), (1, 4), (4, 2), (4, 3)]"
5171,10,"[(0, 2), (2, 0), (0, 3), (3, 0), (4, 0), (2, 1), (3, 1), (4, 1), (2, 4), (3, 4)]"
5172,10,"[(0, 2), (2, 0), (0, 3), (3, 0), (4, 0), (2, 1), (3, 1), (4, 1), (2, 4), (4, 3)]"
5173,10,"[(0, 2), (2, 0), (0, 3), (3, 0), (4, 0), (2, 1), (3, 1), (4, 1), (4, 2), (4, 3)]"
5174,10,"[(0, 2), (0, 3), (0, 4), (1, 2), (1, 3), (1, 4), (2, 3), (3, 2), (2, 4), (3, 4)]"
5175,10,"[(0, 2), (0, 3), (0, 4), (1, 2), (1, 3), (1, 4), (2, 3), (3, 2), (2, 4), (4, 3)]"
5176,10,"[(0, 2), (0, 3), (0, 4), (1, 2), (1, 3), (1, 4), (2, 3), (3, 2), (4, 2), (4, 3)]"
5177,10,"[(0, 2), (0, 3), (0, 4), (1, 2), (1, 3), (4, 1), (2, 3), (2, 4), (3, 4), (4, 3)]"
5178,10,"[(0, 2), (0, 3), (0, 4), (1, 2), (1, 3), (4, 1), (2, 3), (4, 2), (3, 4), (4, 3)]"
5179,10,"[(0, 2), (0, 3), (0, 4), (1, 2), (1, 3), (4, 1), (2, 3), (2, 4), (4, 2), (3, 4)]"
5180,10,"[(0, 2), (0, 3), (0, 4), (1, 2), (1, 3), (4, 1), (2, 3), (2, 4), (4, 2), (4, 3)]"
5181,10,"[(0, 2), (0, 3), (0, 4), (1, 2), (1, 3), (4, 1), (2, 3), (3, 2), (2, 4), (3, 4)]"
5182,10,"[(0, 2), (0, 3), (0, 4), (1, 2), (1, 3), (4, 1), (2, 3), (3, 2), (2, 4), (4, 3)]"
5183,10,"[(0, 2), (0, 3), (0, 4), (1, 2), (1, 3), (4, 1), (2, 3), (3, 2), (4, 2), (4, 3)]"
5184,10,"[(0, 2), (0, 3), (0, 4), (1, 2), (3, 1), (4, 1), (2, 3), (2, 4), (3, 4), (4, 3)]"
5185,10,"[(0, 2), (0, 3), (0, 4), (1, 2), (3, 1), (4, 1), (2, 3), (4, 2), (3, 4), (4, 3)]"
5186,10,"[(0, 2), (0, 3), (0, 4), (1, 2), (3, 1), (4, 1), (3, 2), (4, 2), (3, 4), (4, 3)]"
5187,10,"[(0, 2), (0, 3), (0, 4), (1, 2), (3, 1), (4, 1), (2, 3), (3, 2), (2, 4), (3, 4)]"
5188,10,"[(0, 2), (0, 3), (0, 4), (1, 2), (3, 1), (4, 1), (2, 3), (3, 2), (2, 4), (4, 3)]"
5189,10,"[(0, 2), (0, 3), (0, 4), (1, 2), (3, 1), (4, 1), (2, 3), (3, 2), (4, 2), (3, 4)]"
5190,10,"[(0, 2), (0, 3), (0, 4), (1, 2), (3, 1), (4, 1), (2, 3), (3, 2), (4, 2), (4, 3)]"
5191,10,"[(0, 2), (0, 3), (0, 4), (2, 1), (3, 1), (4, 1), (2, 3), (3, 2), (2, 4), (3, 4)]"
5192,10,"[(0, 2), (0, 3), (0, 4), (2, 1), (3, 1), (4, 1), (2, 3), (3, 2), (2, 4), (4, 3)]"
5193,10,"[(0, 2), (0, 3), (0, 4), (2, 1), (3, 1), (4, 1), (2, 3), (3, 2), (4, 2), (4, 3)]"
5194,10,"[(0, 2), (0, 3), (4, 0), (1, 2), (1, 3), (4, 1), (2, 3), (2, 4), (3, 4), (4, 3)]"
5195,10,"[(0, 2), (0, 3), (4, 0), (1, 2), (1, 3), (4, 1), (2, 3), (4, 2), (3, 4), (4, 3)]"
5196,10,"[(0, 2), (0, 3), (4, 0), (1, 2), (1, 3), (4, 1), (2, 3), (2, 4), (4, 2), (3, 4)]"
5197,10,"[(0, 2), (0, 3), (4, 0), (1, 2), (1, 3), (4, 1), (2, 3), (2, 4), (4, 2), (4, 3)]"
5198,10,"[(0, 2), (0, 3), (4, 0), (1, 2), (1, 3), (4, 1), (2, 3), (3, 2), (2, 4), (3, 4)]"
5199,10,"[(0, 2), (0, 3), (4, 0), (1, 2), (1, 3), (4, 1), (2, 3), (3, 2), (2, 4), (4, 3)]"
5200,10,"[(0, 2), (0, 3), (4, 0), (1, 2), (1, 3), (4, 1), (2, 3), (3, 2), (4, 2), (4, 3)]"
5201,10,"[(0, 2), (0, 3), (4, 0), (1, 2), (3, 1), (1, 4), (2, 3), (2, 4), (3, 4), (4, 3)]"
5202,10,"[(0, 2), (0, 3), (4, 0), (1, 2), (3, 1), (1, 4), (2, 3), (4, 2), (3, 4), (4, 3)]"
5203,10,"[(0, 2), (0, 3), (4, 0), (1, 2), (3, 1), (1, 4), (3, 2), (4, 2), (3, 4), (4, 3)]"
5204,10,"[(0, 2), (0, 3), (4, 0), (1, 2), (3, 1), (1, 4), (2, 3), (3, 2), (2, 4), (3, 4)]"
5205,10,"[(0, 2), (0, 3), (4, 0), (1, 2), (3, 1), (1, 4), (2, 3), (3, 2), (2, 4), (4, 3)]"
5206,10,"[(0, 2), (0, 3), (4, 0), (1, 2), (3, 1), (1, 4), (2, 3), (3, 2), (4, 2), (3, 4)]"
5207,10,"[(0, 2), (0, 3), (4, 0), (1, 2), (3, 1), (1, 4), (2, 3), (3, 2), (4, 2), (4, 3)]"
5208,10,"[(0, 2), (0, 3), (4, 0), (1, 2), (3, 1), (4, 1), (2, 3), (2, 4), (3, 4), (4, 3)]"
5209,10,"[(0, 2), (0, 3), (4, 0), (1, 2), (3, 1), (4, 1), (2, 3), (4, 2), (3, 4), (4, 3)]"
5210,10,"[(0, 2), (0, 3), (4, 0), (1, 2), (3, 1), (4, 1), (2, 3), (2, 4), (4, 2), (3, 4)]"
5211,10,"[(0, 2), (0, 3), (4, 0), (1, 2), (3, 1), (4, 1), (2, 3), (2, 4), (4, 2), (4, 3)]"
5212,10,"[(0, 2), (0, 3), (4, 0), (1, 2), (3, 1), (4, 1), (3, 2), (2, 4), (3, 4), (4, 3)]"
5213,10,"[(0, 2), (0, 3), (4, 0), (1, 2), (3, 1), (4, 1), (3, 2), (4, 2), (3, 4), (4, 3)]"
5214,10,"[(0, 2), (0, 3), (4, 0), (1, 2), (3, 1), (4, 1), (3, 2), (2, 4), (4, 2), (3, 4)]"
5215,10,"[(0, 2), (0, 3), (4, 0), (1, 2), (3, 1), (4, 1), (3, 2), (2, 4), (4, 2), (4, 3)]"
5216,10,"[(0, 2), (0, 3), (4, 0), (1, 2), (3, 1), (4, 1), (2, 3), (3, 2), (2, 4), (3, 4)]"
5217,10,"[(0, 2), (0, 3), (4, 0), (1, 2), (3, 1), (4, 1), (2, 3), (3, 2), (2, 4), (4, 3)]"
5218,10,"[(0, 2), (0, 3), (4, 0), (1, 2), (3, 1), (4, 1), (2, 3), (3, 2), (4, 2), (3, 4)]"
5219,10,"[(0, 2), (0, 3), (4, 0), (1, 2), (3, 1), (4, 1), (2, 3), (3, 2), (4, 2), (4, 3)]"
5220,10,"[(0, 2), (0, 3), (4, 0), (2, 1), (3, 1), (1, 4), (2, 3), (2, 4), (3, 4), (4, 3)]"
5221,10,"[(0, 2), (0, 3), (4, 0), (2, 1), (3, 1), (1, 4), (2, 3), (4, 2), (3, 4), (4, 3)]"
5222,10,"[(0, 2), (0, 3), (4, 0), (2, 1), (3, 1), (1, 4), (2, 3), (2, 4), (4, 2), (3, 4)]"
5223,10,"[(0, 2), (0, 3), (4, 0), (2, 1), (3, 1), (1, 4), (2, 3), (2, 4), (4, 2), (4, 3)]"
5224,10,"[(0, 2), (0, 3), (4, 0), (2, 1), (3, 1), (1, 4), (2, 3), (3, 2), (2, 4), (3, 4)]"
5225,10,"[(0, 2), (0, 3), (4, 0), (2, 1), (3, 1), (1, 4), (2, 3), (3, 2), (2, 4), (4, 3)]"
5226,10,"[(0, 2), (0, 3), (4, 0), (2, 1), (3, 1), (1, 4), (2, 3), (3, 2), (4, 2), (4, 3)]"
5227,10,"[(0, 2), (0, 3), (4, 0), (2, 1), (3, 1), (4, 1), (2, 3), (2, 4), (3, 4), (4, 3)]"
5228,10,"[(0, 2), (0, 3), (4, 0), (2, 1), (3, 1), (4, 1), (2, 3), (4, 2), (3, 4), (4, 3)]"
5229,10,"[(0, 2), (0, 3), (4, 0), (2, 1), (3, 1), (4, 1), (2, 3), (2, 4), (4, 2), (3, 4)]"
5230,10,"[(0, 2), (0, 3), (4, 0), (2, 1), (3, 1), (4, 1), (2, 3), (2, 4), (4, 2), (4, 3)]"
5231,10,"[(0, 2), (0, 3), (4, 0), (2, 1), (3, 1), (4, 1), (2, 3), (3, 2), (2, 4), (3, 4)]"
5232,10,"[(0, 2), (0, 3), (4, 0), (2, 1), (3, 1), (4, 1), (2, 3), (3, 2), (2, 4), (4, 3)]"
5233,10,"[(0, 2), (0, 3), (4, 0), (2, 1), (3, 1), (4, 1), (2, 3), (3, 2), (4, 2), (4, 3)]"
5234,10,"[(0, 2), (3, 0), (4, 0), (1, 2), (3, 1), (4, 1), (2, 3), (2, 4), (3, 4), (4, 3)]"
5235,10,"[(0, 2), (3, 0), (4, 0), (1, 2), (3, 1), (4, 1), (2, 3), (4, 2), (3, 4), (4, 3)]"
5236,10,"[(0, 2), (3, 0), (4, 0), (1, 2), (3, 1), (4, 1), (3, 2), (4, 2), (3, 4), (4, 3)]"
5237,10,"[(0, 2), (3, 0), (4, 0), (1, 2), (3, 1), (4, 1), (2, 3), (3, 2), (2, 4), (3, 4)]"
5238,10,"[(0, 2), (3, 0), (4, 0), (1, 2), (3, 1), (4, 1), (2, 3), (3, 2), (2, 4), (4, 3)]"
5239,10,"[(0, 2), (3, 0), (4, 0), (1, 2), (3, 1), (4, 1), (2, 3), (3, 2), (4, 2), (3, 4)]"
5240,10,"[(0, 2), (3, 0), (4, 0), (1, 2), (3, 1), (4, 1), (2, 3), (3, 2), (4, 2), (4, 3)]"
5241,10,"[(0, 2), (3, 0), (4, 0), (2, 1), (1, 3), (4, 1), (2, 3), (2, 4), (3, 4), (4, 3)]"
5242,10,"[(0, 2), (3, 0), (4, 0), (2, 1), (1, 3), (4, 1), (2, 3), (4, 2), (3, 4), (4, 3)]"
5243,10,"[(0, 2), (3, 0), (4, 0), (2, 1), (1, 3), (4, 1), (2, 3), (2, 4), (4, 2), (3, 4)]"
5244,10,"[(0, 2), (3, 0), (4, 0), (2, 1), (1, 3), (4, 1), (2, 3), (2, 4), (4, 2), (4, 3)]"
5245,10,"[(0, 2), (3, 0), (4, 0), (2, 1), (1, 3), (4, 1), (2, 3), (3, 2), (2, 4), (3, 4)]"
5246,10,"[(0, 2), (3, 0), (4, 0), (2, 1), (1, 3), (4, 1), (2, 3), (3, 2), (2, 4), (4, 3)]"
5247,10,"[(0, 2), (3, 0), (4, 0), (2, 1), (1, 3), (4, 1), (2, 3), (3, 2), (4, 2), (4, 3)]"
5248,10,"[(0, 2), (3, 0), (4, 0), (2, 1), (3, 1), (4, 1), (2, 3), (2, 4), (3, 4), (4, 3)]"
5249,10,"[(0, 2), (3, 0), (4, 0), (2, 1), (3, 1), (4, 1), (2, 3), (4, 2), (3, 4), (4, 3)]"
5250,10,"[(0, 2), (3, 0), (4, 0), (2, 1), (3, 1), (4, 1), (3, 2), (4, 2), (3, 4), (4, 3)]"
5251,10,"[(0, 2), (3, 0), (4, 0), (2, 1), (3, 1), (4, 1), (2, 3), (3, 2), (2, 4), (3, 4)]"
5252,10,"[(0, 2), (3, 0), (4, 0), (2, 1), (3, 1), (4, 1), (2, 3), (3, 2), (2, 4), (4, 3)]"
5253,10,"[(0, 2), (3, 0), (4, 0), (2, 1), (3, 1), (4, 1), (2, 3), (3, 2), (4, 2), (3, 4)]"
5254,10,"[(0, 2), (3, 0), (4, 0), (2, 1), (3, 1), (4, 1), (2, 3), (3, 2), (4, 2), (4, 3)]"
5255,10,"[(2, 0), (3, 0), (4, 0), (2, 1), (3, 1), (4, 1), (2, 3), (3, 2), (2, 4), (3, 4)]"
5256,10,"[(2, 0), (3, 0), (4, 0), (2, 1), (3, 1), (4, 1), (2, 3), (3, 2), (2, 4), (4, 3)]"
5257,10,"[(2, 0), (3, 0), (4, 0), (2, 1), (3, 1), (4, 1), (2, 3), (3, 2), (4, 2), (4, 3)]"
5258,10,"[(0, 2), (2, 0), (0, 3), (0, 4), (1, 2), (1, 3), (1, 4), (2, 3), (2, 4), (3, 4)]"
5259,10,"[(0, 2), (2, 0), (0, 3), (0, 4), (1, 2), (1, 3), (1, 4), (2, 3), (4, 2), (3, 4)]"
5260,10,"[(0, 2), (2, 0), (0, 3), (0, 4), (1, 2), (1, 3), (1, 4), (2, 3), (4, 2), (4, 3)]"
5261,10,"[(0, 2), (2, 0), (0, 3), (0, 4), (1, 2), (1, 3), (1, 4), (3, 2), (4, 2), (3, 4)]"
5262,10,"[(0, 2), (2, 0), (0, 3), (0, 4), (1, 2), (1, 3), (4, 1), (2, 3), (2, 4), (3, 4)]"
5263,10,"[(0, 2), (2, 0), (0, 3), (0, 4), (1, 2), (1, 3), (4, 1), (2, 3), (2, 4), (4, 3)]"
5264,10,"[(0, 2), (2, 0), (0, 3), (0, 4), (1, 2), (1, 3), (4, 1), (2, 3), (4, 2), (3, 4)]"
5265,10,"[(0, 2), (2, 0), (0, 3), (0, 4), (1, 2), (1, 3), (4, 1), (2, 3), (4, 2), (4, 3)]"
5266,10,"[(0, 2), (2, 0), (0, 3), (0, 4), (1, 2), (1, 3), (4, 1), (3, 2), (2, 4), (3, 4)]"
5267,10,"[(0, 2), (2, 0), (0, 3), (0, 4), (1, 2), (1, 3), (4, 1), (3, 2), (2, 4), (4, 3)]"
5268,10,"[(0, 2), (2, 0), (0, 3), (0, 4), (1, 2), (1, 3), (4, 1), (3, 2), (4, 2), (3, 4)]"
5269,10,"[(0, 2), (2, 0), (0, 3), (0, 4), (1, 2), (1, 3), (4, 1), (3, 2), (4, 2), (4, 3)]"
5270,10,"[(0, 2), (2, 0), (0, 3), (0, 4), (1, 2), (3, 1), (4, 1), (2, 3), (2, 4), (3, 4)]"
5271,10,"[(0, 2), (2, 0), (0, 3), (0, 4), (1, 2), (3, 1), (4, 1), (2, 3), (4, 2), (3, 4)]"
5272,10,"[(0, 2), (2, 0), (0, 3), (0, 4), (1, 2), (3, 1), (4, 1), (2, 3), (4, 2), (4, 3)]"
5273,10,"[(0, 2), (2, 0), (0, 3), (0, 4), (1, 2), (3, 1), (4, 1), (3, 2), (4, 2), (3, 4)]"
5274,10,"[(0, 2), (2, 0), (0, 3), (0, 4), (2, 1), (1, 3), (1, 4), (2, 3), (2, 4), (3, 4)]"
5275,10,"[(0, 2), (2, 0), (0, 3), (0, 4), (2, 1), (1, 3), (1, 4), (2, 3), (4, 2), (3, 4)]"
5276,10,"[(0, 2), (2, 0), (0, 3), (0, 4), (2, 1), (1, 3), (1, 4), (2, 3), (4, 2), (4, 3)]"
5277,10,"[(0, 2), (2, 0), (0, 3), (0, 4), (2, 1), (1, 3), (1, 4), (3, 2), (4, 2), (3, 4)]"
5278,10,"[(0, 2), (2, 0), (0, 3), (0, 4), (2, 1), (1, 3), (4, 1), (2, 3), (2, 4), (3, 4)]"
5279,10,"[(0, 2), (2, 0), (0, 3), (0, 4), (2, 1), (1, 3), (4, 1), (2, 3), (2, 4), (4, 3)]"
5280,10,"[(0, 2), (2, 0), (0, 3), (0, 4), (2, 1), (1, 3), (4, 1), (2, 3), (4, 2), (3, 4)]"
5281,10,"[(0, 2), (2, 0), (0, 3), (0, 4), (2, 1), (1, 3), (4, 1), (2, 3), (4, 2), (4, 3)]"
5282,10,"[(0, 2), (2, 0), (0, 3), (0, 4), (2, 1), (1, 3), (4, 1), (3, 2), (2, 4), (3, 4)]"
5283,10,"[(0, 2), (2, 0), (0, 3), (0, 4), (2, 1), (1, 3), (4, 1), (3, 2), (2, 4), (4, 3)]"
5284,10,"[(0, 2), (2, 0), (0, 3), (0, 4), (2, 1), (1, 3), (4, 1), (3, 2), (4, 2), (3, 4)]"
5285,10,"[(0, 2), (2, 0), (0, 3), (0, 4), (2, 1), (1, 3), (4, 1), (3, 2), (4, 2), (4, 3)]"
5286,10,"[(0, 2), (2, 0), (0, 3), (0, 4), (2, 1), (3, 1), (4, 1), (2, 3), (2, 4), (3, 4)]"
5287,10,"[(0, 2), (2, 0), (0, 3), (0, 4), (2, 1), (3, 1), (4, 1), (2, 3), (4, 2), (3, 4)]"
5288,10,"[(0, 2), (2, 0), (0, 3), (0, 4), (2, 1), (3, 1), (4, 1), (2, 3), (4, 2), (4, 3)]"
5289,10,"[(0, 2), (2, 0), (0, 3), (0, 4), (2, 1), (3, 1), (4, 1), (3, 2), (4, 2), (3, 4)]"
5290,10,"[(0, 2), (2, 0), (0, 3), (4, 0), (1, 2), (1, 3), (1, 4), (2, 3), (2, 4), (3, 4)]"
5291,10,"[(0, 2), (2, 0), (0, 3), (4, 0), (1, 2), (1, 3), (1, 4), (2, 3), (2, 4), (4, 3)]"
5292,10,"[(0, 2), (2, 0), (0, 3), (4, 0), (1, 2), (1, 3), (1, 4), (2, 3), (4, 2), (3, 4)]"
5293,10,"[(0, 2), (2, 0), (0, 3), (4, 0), (1, 2), (1, 3), (1, 4), (2, 3), (4, 2), (4, 3)]"
5294,10,"[(0, 2), (2, 0), (0, 3), (4, 0), (1, 2), (1, 3), (1, 4), (3, 2), (2, 4), (3, 4)]"
5295,10,"[(0, 2), (2, 0), (0, 3), (4, 0), (1, 2), (1, 3), (1, 4), (3, 2), (2, 4), (4, 3)]"
5296,10,"[(0, 2), (2, 0), (0, 3), (4, 0), (1, 2), (1, 3), (1, 4), (3, 2), (4, 2), (3, 4)]"
5297,10,"[(0, 2), (2, 0), (0, 3), (4, 0), (1, 2), (1, 3), (1, 4), (3, 2), (4, 2), (4, 3)]"
5298,10,"[(0, 2), (2, 0), (0, 3), (4, 0), (1, 2), (1, 3), (4, 1), (2, 3), (2, 4), (3, 4)]"
5299,10,"[(0, 2), (2, 0), (0, 3), (4, 0), (1, 2), (1, 3), (4, 1), (2, 3), (2, 4), (4, 3)]"
5300,10,"[(0, 2), (2, 0), (0, 3), (4, 0), (1, 2), (1, 3), (4, 1), (2, 3), (4, 2), (3, 4)]"
5301,10,"[(0, 2), (2, 0), (0, 3), (4, 0), (1, 2), (1, 3), (4, 1), (2, 3), (4, 2), (4, 3)]"
5302,10,"[(0, 2), (2, 0), (0, 3), (4, 0), (1, 2), (1, 3), (4, 1), (3, 2), (2, 4), (3, 4)]"
5303,10,"[(0, 2), (2, 0), (0, 3), (4, 0), (1, 2), (1, 3), (4, 1), (3, 2), (2, 4), (4, 3)]"
5304,10,"[(0, 2), (2, 0), (0, 3), (4, 0), (1, 2), (1, 3), (4, 1), (3, 2), (4, 2), (3, 4)]"
5305,10,"[(0, 2), (2, 0), (0, 3), (4, 0), (1, 2), (1, 3), (4, 1), (3, 2), (4, 2), (4, 3)]"
5306,10,"[(0, 2), (2, 0), (0, 3), (4, 0), (1, 2), (3, 1), (1, 4), (2, 3), (2, 4), (3, 4)]"
5307,10,"[(0, 2), (2, 0), (0, 3), (4, 0), (1, 2), (3, 1), (1, 4), (2, 3), (2, 4), (4, 3)]"
5308,10,"[(0, 2), (2, 0), (0, 3), (4, 0), (1, 2), (3, 1), (1, 4), (2, 3), (4, 2), (3, 4)]"
5309,10,"[(0, 2), (2, 0), (0, 3), (4, 0), (1, 2), (3, 1), (1, 4), (2, 3), (4, 2), (4, 3)]"
5310,10,"[(0, 2), (2, 0), (0, 3), (4, 0), (1, 2), (3, 1), (1, 4), (3, 2), (2, 4), (3, 4)]"
5311,10,"[(0, 2), (2, 0), (0, 3), (4, 0), (1, 2), (3, 1), (1, 4), (3, 2), (2, 4), (4, 3)]"
5312,10,"[(0, 2), (2, 0), (0, 3), (4, 0), (1, 2), (3, 1), (1, 4), (3, 2), (4, 2), (3, 4)]"
5313,10,"[(0, 2), (2, 0), (0, 3), (4, 0), (1, 2), (3, 1), (1, 4), (3, 2), (4, 2), (4, 3)]"
5314,10,"[(0, 2), (2, 0), (0, 3), (4, 0), (1, 2), (3, 1), (4, 1), (2, 3), (2, 4), (3, 4)]"
5315,10,"[(0, 2), (2, 0), (0, 3), (4, 0), (1, 2), (3, 1), (4, 1), (2, 3), (2, 4), (4, 3)]"
5316,10,"[(0, 2), (2, 0), (0, 3), (4, 0), (1, 2), (3, 1), (4, 1), (2, 3), (4, 2), (3, 4)]"
5317,10,"[(0, 2), (2, 0), (0, 3), (4, 0), (1, 2), (3, 1), (4, 1), (2, 3), (4, 2), (4, 3)]"
5318,10,"[(0, 2), (2, 0), (0, 3), (4, 0), (1, 2), (3, 1), (4, 1), (3, 2), (2, 4), (3, 4)]"
5319,10,"[(0, 2), (2, 0), (0, 3), (4, 0), (1, 2), (3, 1), (4, 1), (3, 2), (2, 4), (4, 3)]"
5320,10,"[(0, 2), (2, 0), (0, 3), (4, 0), (1, 2), (3, 1), (4, 1), (3, 2), (4, 2), (3, 4)]"
5321,10,"[(0, 2), (2, 0), (0, 3), (4, 0), (1, 2), (3, 1), (4, 1), (3, 2), (4, 2), (4, 3)]"
5322,10,"[(0, 2), (2, 0), (0, 3), (4, 0), (2, 1), (1, 3), (1, 4), (2, 3), (2, 4), (3, 4)]"
5323,10,"[(0, 2), (2, 0), (0, 3), (4, 0), (2, 1), (1, 3), (1, 4), (2, 3), (2, 4), (4, 3)]"
5324,10,"[(0, 2), (2, 0), (0, 3), (4, 0), (2, 1), (1, 3), (1, 4), (2, 3), (4, 2), (3, 4)]"
5325,10,"[(0, 2), (2, 0), (0, 3), (4, 0), (2, 1), (1, 3), (1, 4), (2, 3), (4, 2), (4, 3)]"
5326,10,"[(0, 2), (2, 0), (0, 3), (4, 0), (2, 1), (1, 3), (1, 4), (3, 2), (2, 4), (3, 4)]"
5327,10,"[(0, 2), (2, 0), (0, 3), (4, 0), (2, 1), (1, 3), (1, 4), (3, 2), (2, 4), (4, 3)]"
5328,10,"[(0, 2), (2, 0), (0, 3), (4, 0), (2, 1), (1, 3), (1, 4), (3, 2), (4, 2), (3, 4)]"
5329,10,"[(0, 2), (2, 0), (0, 3), (4, 0), (2, 1), (1, 3), (1, 4), (3, 2), (4, 2), (4, 3)]"
5330,10,"[(0, 2), (2, 0), (0, 3), (4, 0), (2, 1), (1, 3), (4, 1), (2, 3), (2, 4), (3, 4)]"
5331,10,"[(0, 2), (2, 0), (0, 3), (4, 0), (2, 1), (1, 3), (4, 1), (2, 3), (2, 4), (4, 3)]"
5332,10,"[(0, 2), (2, 0), (0, 3), (4, 0), (2, 1), (1, 3), (4, 1), (2, 3), (4, 2), (3, 4)]"
5333,10,"[(0, 2), (2, 0), (0, 3), (4, 0), (2, 1), (1, 3), (4, 1), (2, 3), (4, 2), (4, 3)]"
5334,10,"[(0, 2), (2, 0), (0, 3), (4, 0), (2, 1), (1, 3), (4, 1), (3, 2), (2, 4), (3, 4)]"
5335,10,"[(0, 2), (2, 0), (0, 3), (4, 0), (2, 1), (1, 3), (4, 1), (3, 2), (2, 4), (4, 3)]"
5336,10,"[(0, 2), (2, 0), (0, 3), (4, 0), (2, 1), (1, 3), (4, 1), (3, 2), (4, 2), (3, 4)]"
5337,10,"[(0, 2), (2, 0), (0, 3), (4, 0), (2, 1), (1, 3), (4, 1), (3, 2), (4, 2), (4, 3)]"
5338,10,"[(0, 2), (2, 0), (0, 3), (4, 0), (2, 1), (3, 1), (1, 4), (2, 3), (2, 4), (3, 4)]"
5339,10,"[(0, 2), (2, 0), (0, 3), (4, 0), (2, 1), (3, 1), (1, 4), (2, 3), (2, 4), (4, 3)]"
5340,10,"[(0, 2), (2, 0), (0, 3), (4, 0), (2, 1), (3, 1), (1, 4), (2, 3), (4, 2), (3, 4)]"
5341,10,"[(0, 2), (2, 0), (0, 3), (4, 0), (2, 1), (3, 1), (1, 4), (2, 3), (4, 2), (4, 3)]"
5342,10,"[(0, 2), (2, 0), (0, 3), (4, 0), (2, 1), (3, 1), (1, 4), (3, 2), (2, 4), (3, 4)]"
5343,10,"[(0, 2), (2, 0), (0, 3), (4, 0), (2, 1), (3, 1), (1, 4), (3, 2), (2, 4), (4, 3)]"
5344,10,"[(0, 2), (2, 0), (0, 3), (4, 0), (2, 1), (3, 1), (1, 4), (3, 2), (4, 2), (3, 4)]"
5345,10,"[(0, 2), (2, 0), (0, 3), (4, 0), (2, 1), (3, 1), (1, 4), (3, 2), (4, 2), (4, 3)]"
5346,10,"[(0, 2), (2, 0), (0, 3), (4, 0), (2, 1), (3, 1), (4, 1), (2, 3), (2, 4), (3, 4)]"
5347,10,"[(0, 2), (2, 0), (0, 3), (4, 0), (2, 1), (3, 1), (4, 1), (2, 3), (2, 4), (4, 3)]"
5348,10,"[(0, 2), (2, 0), (0, 3), (4, 0), (2, 1), (3, 1), (4, 1), (2, 3), (4, 2), (3, 4)]"
5349,10,"[(0, 2), (2, 0), (0, 3), (4, 0), (2, 1), (3, 1), (4, 1), (2, 3), (4, 2), (4, 3)]"
5350,10,"[(0, 2), (2, 0), (0, 3), (4, 0), (2, 1), (3, 1), (4, 1), (3, 2), (2, 4), (3, 4)]"
5351,10,"[(0, 2), (2, 0), (0, 3), (4, 0), (2, 1), (3, 1), (4, 1), (3, 2), (2, 4), (4, 3)]"
5352,10,"[(0, 2), (2, 0), (0, 3), (4, 0), (2, 1), (3, 1), (4, 1), (3, 2), (4, 2), (3, 4)]"
5353,10,"[(0, 2), (2, 0), (0, 3), (4, 0), (2, 1), (3, 1), (4, 1), (3, 2), (4, 2), (4, 3)]"
5354,10,"[(0, 2), (2, 0), (3, 0), (4, 0), (1, 2), (1, 3), (1, 4), (2, 3), (2, 4), (3, 4)]"
5355,10,"[(0, 2), (2, 0), (3, 0), (4, 0), (1, 2), (1, 3), (1, 4), (2, 3), (4, 2), (3, 4)]"
5356,10,"[(0, 2), (2, 0), (3, 0), (4, 0), (1, 2), (1, 3), (1, 4), (2, 3), (4, 2), (4, 3)]"
5357,10,"[(0, 2), (2, 0), (3, 0), (4, 0), (1, 2), (1, 3), (1, 4), (3, 2), (4, 2), (3, 4)]"
5358,10,"[(0, 2), (2, 0), (3, 0), (4, 0), (1, 2), (1, 3), (4, 1), (2, 3), (2, 4), (3, 4)]"
5359,10,"[(0, 2), (2, 0), (3, 0), (4, 0), (1, 2), (1, 3), (4, 1), (2, 3), (2, 4), (4, 3)]"
5360,10,"[(0, 2), (2, 0), (3, 0), (4, 0), (1, 2), (1, 3), (4, 1), (2, 3), (4, 2), (3, 4)]"
5361,10,"[(0, 2), (2, 0), (3, 0), (4, 0), (1, 2), (1, 3), (4, 1), (2, 3), (4, 2), (4, 3)]"
5362,10,"[(0, 2), (2, 0), (3, 0), (4, 0), (1, 2), (1, 3), (4, 1), (3, 2), (2, 4), (3, 4)]"
5363,10,"[(0, 2), (2, 0), (3, 0), (4, 0), (1, 2), (1, 3), (4, 1), (3, 2), (2, 4), (4, 3)]"
5364,10,"[(0, 2), (2, 0), (3, 0), (4, 0), (1, 2), (1, 3), (4, 1), (3, 2), (4, 2), (3, 4)]"
5365,10,"[(0, 2), (2, 0), (3, 0), (4, 0), (1, 2), (1, 3), (4, 1), (3, 2), (4, 2), (4, 3)]"
5366,10,"[(0, 2), (2, 0), (3, 0), (4, 0), (1, 2), (3, 1), (4, 1), (2, 3), (2, 4), (3, 4)]"
5367,10,"[(0, 2), (2, 0), (3, 0), (4, 0), (1, 2), (3, 1), (4, 1), (2, 3), (4, 2), (3, 4)]"
5368,10,"[(0, 2), (2, 0), (3, 0), (4, 0), (1, 2), (3, 1), (4, 1), (2, 3), (4, 2), (4, 3)]"
5369,10,"[(0, 2), (2, 0), (3, 0), (4, 0), (1, 2), (3, 1), (4, 1), (3, 2), (4, 2), (3, 4)]"
5370,10,"[(0, 2), (2, 0), (3, 0), (4, 0), (2, 1), (1, 3), (1, 4), (2, 3), (2, 4), (3, 4)]"
5371,10,"[(0, 2), (2, 0), (3, 0), (4, 0), (2, 1), (1, 3), (1, 4), (2, 3), (4, 2), (3, 4)]"
5372,10,"[(0, 2), (2, 0), (3, 0), (4, 0), (2, 1), (1, 3), (1, 4), (2, 3), (4, 2), (4, 3)]"
5373,10,"[(0, 2), (2, 0), (3, 0), (4, 0), (2, 1), (1, 3), (1, 4), (3, 2), (4, 2), (3, 4)]"
5374,10,"[(0, 2), (2, 0), (3, 0), (4, 0), (2, 1), (1, 3), (4, 1), (2, 3), (2, 4), (3, 4)]"
5375,10,"[(0, 2), (2, 0), (3, 0), (4, 0), (2, 1), (1, 3), (4, 1), (2, 3), (2, 4), (4, 3)]"
5376,10,"[(0, 2), (2, 0), (3, 0), (4, 0), (2, 1), (1, 3), (4, 1), (2, 3), (4, 2), (3, 4)]"
5377,10,"[(0, 2), (2, 0), (3, 0), (4, 0), (2, 1), (1, 3), (4, 1), (2, 3), (4, 2), (4, 3)]"
5378,10,"[(0, 2), (2, 0), (3, 0), (4, 0), (2, 1), (1, 3), (4, 1), (3, 2), (2, 4), (3, 4)]"
5379,10,"[(0, 2), (2, 0), (3, 0), (4, 0), (2, 1), (1, 3), (4, 1), (3, 2), (2, 4), (4, 3)]"
5380,10,"[(0, 2), (2, 0), (3, 0), (4, 0), (2, 1), (1, 3), (4, 1), (3, 2), (4, 2), (3, 4)]"
5381,10,"[(0, 2), (2, 0), (3, 0), (4, 0), (2, 1), (1, 3), (4, 1), (3, 2), (4, 2), (4, 3)]"
5382,10,"[(0, 2), (2, 0), (3, 0), (4, 0), (2, 1), (3, 1), (4, 1), (2, 3), (2, 4), (3, 4)]"
5383,10,"[(0, 2), (2, 0), (3, 0), (4, 0), (2, 1), (3, 1), (4, 1), (2, 3), (4, 2), (3, 4)]"
5384,10,"[(0, 2), (2, 0), (3, 0), (4, 0), (2, 1), (3, 1), (4, 1), (2, 3), (4, 2), (4, 3)]"
5385,10,"[(0, 2), (2, 0), (3, 0), (4, 0), (2, 1), (3, 1), (4, 1), (3, 2), (4, 2), (3, 4)]"
5386,10,"[(0, 1), (0, 2), (0, 3), (0, 4), (1, 2), (1, 3), (1, 4), (2, 3), (2, 4), (3, 4)]"
5387,10,"[(0, 1), (0, 2), (0, 3), (0, 4), (1, 2), (1, 3), (1, 4), (2, 3), (4, 2), (3, 4)]"
5388,10,"[(0, 1), (0, 2), (0, 3), (0, 4), (1, 2), (1, 3), (4, 1), (2, 3), (2, 4), (3, 4)]"
5389,10,"[(0, 1), (0, 2), (0, 3), (0, 4), (1, 2), (1, 3), (4, 1), (2, 3), (2, 4), (4, 3)]"
5390,10,"[(0, 1), (0, 2), (0, 3), (4, 0), (1, 2), (1, 3), (1, 4), (2, 3), (2, 4), (3, 4)]"
5391,10,"[(0, 1), (0, 2), (0, 3), (4, 0), (1, 2), (1, 3), (1, 4), (2, 3), (2, 4), (4, 3)]"
5392,10,"[(0, 1), (0, 2), (0, 3), (4, 0), (1, 2), (1, 3), (1, 4), (2, 3), (4, 2), (3, 4)]"
5393,10,"[(0, 1), (0, 2), (0, 3), (4, 0), (1, 2), (1, 3), (1, 4), (2, 3), (4, 2), (4, 3)]"
5394,10,"[(0, 1), (0, 2), (0, 3), (4, 0), (1, 2), (1, 3), (4, 1), (2, 3), (2, 4), (3, 4)]"
5395,10,"[(0, 1), (0, 2), (0, 3), (4, 0), (1, 2), (3, 1), (1, 4), (2, 3), (2, 4), (3, 4)]"
5396,10,"[(0, 1), (0, 2), (0, 3), (4, 0), (1, 2), (3, 1), (1, 4), (2, 3), (2, 4), (4, 3)]"
5397,10,"[(0, 1), (0, 2), (3, 0), (4, 0), (1, 2), (1, 3), (4, 1), (2, 3), (2, 4), (3, 4)]"
5398,11,"[(0, 3), (3, 0), (0, 4), (4, 0), (1, 3), (1, 4), (4, 1), (2, 4), (4, 2), (3, 4), (4, 3)]"
5399,11,"[(0, 3), (3, 0), (0, 4), (4, 0), (3, 1), (1, 4), (4, 1), (2, 4), (4, 2), (3, 4), (4, 3)]"
5400,11,"[(0, 3), (3, 0), (0, 4), (4, 0), (1, 3), (3, 1), (1, 4), (2, 4), (4, 2), (3, 4), (4, 3)]"
5401,11,"[(0, 3), (3, 0), (0, 4), (4, 0), (1, 3), (3, 1), (4, 1), (2, 4), (4, 2), (3, 4), (4, 3)]"
5402,11,"[(0, 3), (3, 0), (0, 4), (4, 0), (1, 3), (3, 1), (1, 4), (4, 1), (2, 4), (3, 4), (4, 3)]"
5403,11,"[(0, 3), (3, 0), (0, 4), (4, 0), (1, 3), (3, 1), (1, 4), (4, 1), (4, 2), (3, 4), (4, 3)]"
5404,11,"[(0, 3), (3, 0), (0, 4), (4, 0), (1, 3), (3, 1), (1, 4), (4, 1), (2, 4), (4, 2), (3, 4)]"
5405,11,"[(0, 3), (3, 0), (0, 4), (4, 0), (1, 3), (3, 1), (1, 4), (4, 1), (2, 4), (4, 2), (4, 3)]"
5406,11,"[(0, 3), (3, 0), (0, 4), (4, 0), (1, 3), (3, 1), (1, 4), (4, 1), (2, 3), (3, 2), (2, 4)]"
5407,11,"[(0, 3), (3, 0), (0, 4), (4, 0), (1, 3), (3, 1), (1, 4), (4, 1), (2, 3), (3, 2), (4, 2)]"
5408,11,"[(0, 3), (3, 0), (0, 4), (3, 1), (1, 4), (4, 1), (3, 2), (2, 4), (4, 2), (3, 4), (4, 3)]"
5409,11,"[(0, 3), (3, 0), (0, 4), (1, 3), (3, 1), (1, 4), (2, 3), (2, 4), (4, 2), (3, 4), (4, 3)]"
5410,11,"[(0, 3), (3, 0), (0, 4), (1, 3), (3, 1), (1, 4), (3, 2), (2, 4), (4, 2), (3, 4), (4, 3)]"
5411,11,"[(0, 3), (3, 0), (0, 4), (1, 3), (3, 1), (1, 4), (2, 3), (3, 2), (2, 4), (3, 4), (4, 3)]"
5412,11,"[(0, 3), (3, 0), (0, 4), (1, 3), (3, 1), (1, 4), (2, 3), (3, 2), (4, 2), (3, 4), (4, 3)]"
5413,11,"[(0, 3), (3, 0), (0, 4), (1, 3), (3, 1), (4, 1), (2, 3), (2, 4), (4, 2), (3, 4), (4, 3)]"
5414,11,"[(0, 3), (3, 0), (0, 4), (1, 3), (3, 1), (4, 1), (3, 2), (2, 4), (4, 2), (3, 4), (4, 3)]"
5415,11,"[(0, 3), (3, 0), (0, 4), (1, 3), (3, 1), (4, 1), (2, 3), (3, 2), (4, 2), (3, 4), (4, 3)]"
5416,11,"[(0, 3), (3, 0), (4, 0), (1, 3), (3, 1), (4, 1), (3, 2), (2, 4), (4, 2), (3, 4), (4, 3)]"
5417,11,"[(0, 3), (3, 0), (4, 0), (1, 3), (3, 1), (4, 1), (2, 3), (3, 2), (4, 2), (3, 4), (4, 3)]"
5418,11,"[(0, 3), (3, 0), (0, 4), (4, 0), (1, 3), (3, 1), (1, 4), (2, 3), (2, 4), (3, 4), (4, 3)]"
5419,11,"[(0, 3), (3, 0), (0, 4), (4, 0), (1, 3), (3, 1), (1, 4), (2, 3), (4, 2), (3, 4), (4, 3)]"
5420,11,"[(0, 3), (3, 0), (0, 4), (4, 0), (1, 3), (3, 1), (1, 4), (2, 3), (2, 4), (4, 2), (3, 4)]"
5421,11,"[(0, 3), (3, 0), (0, 4), (4, 0), (1, 3), (3, 1), (1, 4), (3, 2), (2, 4), (3, 4), (4, 3)]"
5422,11,"[(0, 3), (3, 0), (0, 4), (4, 0), (1, 3), (3, 1), (1, 4), (3, 2), (4, 2), (3, 4), (4, 3)]"
5423,11,"[(0, 3), (3, 0), (0, 4), (4, 0), (1, 3), (3, 1), (1, 4), (3, 2), (2, 4), (4, 2), (3, 4)]"
5424,11,"[(0, 3), (3, 0), (0, 4), (4, 0), (1, 3), (3, 1), (1, 4), (3, 2), (2, 4), (4, 2), (4, 3)]"
5425,11,"[(0, 3), (3, 0), (0, 4), (4, 0), (1, 3), (3, 1), (1, 4), (2, 3), (3, 2), (2, 4), (3, 4)]"
5426,11,"[(0, 3), (3, 0), (0, 4), (4, 0), (1, 3), (3, 1), (1, 4), (2, 3), (3, 2), (2, 4), (4, 3)]"
5427,11,"[(0, 3), (3, 0), (0, 4), (4, 0), (1, 3), (3, 1), (1, 4), (2, 3), (3, 2), (4, 2), (3, 4)]"
5428,11,"[(0, 3), (3, 0), (0, 4), (4, 0), (1, 3), (3, 1), (1, 4), (2, 3), (3, 2), (4, 2), (4, 3)]"
5429,11,"[(0, 3), (3, 0), (0, 4), (4, 0), (1, 3), (3, 1), (4, 1), (2, 3), (2, 4), (3, 4), (4, 3)]"
5430,11,"[(0, 3), (3, 0), (0, 4), (4, 0), (1, 3), (3, 1), (4, 1), (2, 3), (4, 2), (3, 4), (4, 3)]"
5431,11,"[(0, 3), (3, 0), (0, 4), (4, 0), (1, 3), (3, 1), (4, 1), (3, 2), (2, 4), (3, 4), (4, 3)]"
5432,11,"[(0, 3), (3, 0), (0, 4), (4, 0), (1, 3), (3, 1), (4, 1), (3, 2), (4, 2), (3, 4), (4, 3)]"
5433,11,"[(0, 3), (3, 0), (0, 4), (4, 0), (1, 3), (3, 1), (4, 1), (3, 2), (2, 4), (4, 2), (3, 4)]"
5434,11,"[(0, 3), (3, 0), (0, 4), (4, 0), (1, 3), (3, 1), (4, 1), (2, 3), (3, 2), (4, 2), (3, 4)]"
5435,11,"[(0, 3), (3, 0), (0, 4), (4, 0), (1, 3), (3, 1), (4, 1), (2, 3), (3, 2), (4, 2), (4, 3)]"
5436,11,"[(0, 3), (3, 0), (0, 4), (4, 0), (1, 3), (3, 1), (1, 4), (4, 1), (2, 3), (2, 4), (3, 4)]"
5437,11,"[(0, 3), (3, 0), (0, 4), (4, 0), (1, 3), (3, 1), (1, 4), (4, 1), (2, 3), (4, 2), (3, 4)]"
5438,11,"[(0, 3), (3, 0), (0, 4), (4, 0), (1, 3), (3, 1), (1, 4), (4, 1), (2, 3), (4, 2), (4, 3)]"
5439,11,"[(0, 3), (3, 0), (0, 4), (4, 0), (1, 3), (3, 1), (1, 4), (4, 1), (3, 2), (4, 2), (3, 4)]"
5440,11,"[(0, 2), (2, 0), (0, 4), (4, 0), (1, 3), (1, 4), (4, 1), (2, 4), (4, 2), (3, 4), (4, 3)]"
5441,11,"[(0, 2), (2, 0), (0, 4), (4, 0), (1, 3), (3, 1), (1, 4), (4, 1), (2, 4), (4, 2), (3, 4)]"
5442,11,"[(0, 2), (2, 0), (0, 4), (4, 0), (1, 3), (3, 1), (1, 4), (4, 1), (2, 4), (4, 2), (4, 3)]"
5443,11,"[(0, 2), (2, 0), (0, 3), (3, 0), (0, 4), (1, 3), (3, 1), (1, 4), (4, 1), (2, 4), (4, 2)]"
5444,11,"[(0, 2), (2, 0), (0, 3), (3, 0), (0, 4), (4, 0), (1, 3), (1, 4), (4, 1), (2, 4), (4, 2)]"
5445,11,"[(0, 2), (2, 0), (0, 3), (3, 0), (0, 4), (4, 0), (1, 3), (3, 1), (1, 4), (2, 4), (4, 2)]"
5446,11,"[(0, 2), (2, 0), (0, 3), (3, 0), (0, 4), (4, 0), (1, 3), (3, 1), (4, 1), (2, 4), (4, 2)]"
5447,11,"[(0, 2), (2, 0), (0, 3), (3, 0), (0, 4), (4, 0), (1, 3), (3, 1), (1, 4), (4, 1), (2, 4)]"
5448,11,"[(0, 2), (2, 0), (0, 3), (3, 0), (0, 4), (4, 0), (1, 3), (3, 1), (1, 4), (4, 1), (4, 2)]"
5449,11,"[(0, 2), (0, 3), (0, 4), (4, 0), (1, 3), (1, 4), (4, 1), (2, 4), (4, 2), (3, 4), (4, 3)]"
5450,11,"[(0, 2), (0, 3), (0, 4), (4, 0), (3, 1), (1, 4), (4, 1), (2, 4), (4, 2), (3, 4), (4, 3)]"
5451,11,"[(0, 2), (3, 0), (0, 4), (4, 0), (1, 3), (1, 4), (4, 1), (2, 4), (4, 2), (3, 4), (4, 3)]"
5452,11,"[(0, 2), (0, 3), (3, 0), (0, 4), (1, 3), (1, 4), (4, 1), (2, 4), (4, 2), (3, 4), (4, 3)]"
5453,11,"[(0, 2), (0, 3), (3, 0), (4, 0), (1, 3), (1, 4), (4, 1), (2, 4), (4, 2), (3, 4), (4, 3)]"
5454,11,"[(0, 2), (0, 3), (3, 0), (0, 4), (4, 0), (1, 3), (1, 4), (2, 4), (4, 2), (3, 4), (4, 3)]"
5455,11,"[(0, 2), (0, 3), (3, 0), (0, 4), (4, 0), (1, 3), (4, 1), (2, 4), (4, 2), (3, 4), (4, 3)]"
5456,11,"[(0, 2), (0, 3), (3, 0), (0, 4), (4, 0), (1, 3), (1, 4), (4, 1), (2, 4), (3, 4), (4, 3)]"
5457,11,"[(0, 2), (0, 3), (3, 0), (0, 4), (4, 0), (1, 3), (1, 4), (4, 1), (4, 2), (3, 4), (4, 3)]"
5458,11,"[(0, 2), (0, 3), (3, 0), (0, 4), (4, 0), (1, 3), (1, 4), (4, 1), (2, 4), (4, 2), (3, 4)]"
5459,11,"[(0, 2), (0, 3), (3, 0), (0, 4), (4, 0), (1, 3), (1, 4), (4, 1), (2, 4), (4, 2), (4, 3)]"
5460,11,"[(0, 2), (0, 3), (3, 0), (0, 4), (4, 0), (3, 1), (1, 4), (4, 1), (2, 4), (3, 4), (4, 3)]"
5461,11,"[(0, 2), (0, 3), (3, 0), (0, 4), (4, 0), (3, 1), (1, 4), (4, 1), (4, 2), (3, 4), (4, 3)]"
5462,11,"[(0, 2), (0, 3), (3, 0), (0, 4), (4, 0), (3, 1), (1, 4), (4, 1), (2, 4), (4, 2), (3, 4)]"
5463,11,"[(0, 2), (0, 3), (3, 0), (0, 4), (4, 0), (3, 1), (1, 4), (4, 1), (2, 4), (4, 2), (4, 3)]"
5464,11,"[(2, 0), (0, 3), (0, 4), (4, 0), (1, 3), (1, 4), (4, 1), (2, 4), (4, 2), (3, 4), (4, 3)]"
5465,11,"[(2, 0), (0, 3), (3, 0), (0, 4), (4, 0), (1, 3), (1, 4), (4, 1), (2, 4), (3, 4), (4, 3)]"
5466,11,"[(2, 0), (0, 3), (3, 0), (0, 4), (4, 0), (1, 3), (1, 4), (4, 1), (4, 2), (3, 4), (4, 3)]"
5467,11,"[(2, 0), (0, 3), (3, 0), (0, 4), (4, 0), (1, 3), (1, 4), (4, 1), (2, 4), (4, 2), (3, 4)]"
5468,11,"[(2, 0), (0, 3), (3, 0), (0, 4), (4, 0), (1, 3), (1, 4), (4, 1), (2, 4), (4, 2), (4, 3)]"
5469,11,"[(0, 2), (2, 0), (0, 3), (0, 4), (1, 3), (1, 4), (4, 1), (2, 4), (4, 2), (3, 4), (4, 3)]"
5470,11,"[(0, 2), (2, 0), (0, 3), (0, 4), (3, 1), (1, 4), (4, 1), (2, 4), (4, 2), (3, 4), (4, 3)]"
5471,11,"[(0, 2), (2, 0), (0, 3), (0, 4), (1, 3), (3, 1), (1, 4), (2, 4), (4, 2), (3, 4), (4, 3)]"
5472,11,"[(0, 2), (2, 0), (0, 3), (0, 4), (1, 3), (3, 1), (4, 1), (2, 4), (4, 2), (3, 4), (4, 3)]"
5473,11,"[(0, 2), (2, 0), (0, 3), (0, 4), (1, 3), (3, 1), (1, 4), (4, 1), (2, 4), (3, 4), (4, 3)]"
5474,11,"[(0, 2), (2, 0), (0, 3), (0, 4), (1, 3), (3, 1), (1, 4), (4, 1), (4, 2), (3, 4), (4, 3)]"
5475,11,"[(0, 2), (2, 0), (0, 3), (0, 4), (1, 3), (3, 1), (1, 4), (4, 1), (2, 4), (4, 2), (3, 4)]"
5476,11,"[(0, 2), (2, 0), (0, 3), (0, 4), (1, 3), (3, 1), (1, 4), (4, 1), (2, 4), (4, 2), (4, 3)]"
5477,11,"[(0, 2), (2, 0), (0, 3), (4, 0), (1, 3), (1, 4), (4, 1), (2, 4), (4, 2), (3, 4), (4, 3)]"
5478,11,"[(0, 2), (2, 0), (0, 3), (4, 0), (3, 1), (1, 4), (4, 1), (2, 4), (4, 2), (3, 4), (4, 3)]"
5479,11,"[(0, 2), (2, 0), (0, 3), (4, 0), (1, 3), (3, 1), (1, 4), (2, 4), (4, 2), (3, 4), (4, 3)]"
5480,11,"[(0, 2), (2, 0), (0, 3), (4, 0), (1, 3), (3, 1), (4, 1), (2, 4), (4, 2), (3, 4), (4, 3)]"
5481,11,"[(0, 2), (2, 0), (0, 3), (4, 0), (1, 3), (3, 1), (1, 4), (4, 1), (2, 4), (3, 4), (4, 3)]"
5482,11,"[(0, 2), (2, 0), (0, 3), (4, 0), (1, 3), (3, 1), (1, 4), (4, 1), (4, 2), (3, 4), (4, 3)]"
5483,11,"[(0, 2), (2, 0), (0, 3), (4, 0), (1, 3), (3, 1), (1, 4), (4, 1), (2, 4), (4, 2), (3, 4)]"
5484,11,"[(0, 2), (2, 0), (0, 3), (4, 0), (1, 3), (3, 1), (1, 4), (4, 1), (2, 4), (4, 2), (4, 3)]"
5485,11,"[(0, 2), (2, 0), (0, 3), (0, 4), (4, 0), (1, 3), (1, 4), (2, 4), (4, 2), (3, 4), (4, 3)]"
5486,11,"[(0, 2), (2, 0), (0, 3), (0, 4), (4, 0), (1, 3), (4, 1), (2, 4), (4, 2), (3, 4), (4, 3)]"
5487,11,"[(0, 2), (2, 0), (0, 3), (0, 4), (4, 0), (1, 3), (1, 4), (4, 1), (2, 4), (3, 4), (4, 3)]"
5488,11,"[(0, 2), (2, 0), (0, 3), (0, 4), (4, 0), (1, 3), (1, 4), (4, 1), (4, 2), (3, 4), (4, 3)]"
5489,11,"[(0, 2), (2, 0), (0, 3), (0, 4), (4, 0), (1, 3), (1, 4), (4, 1), (2, 4), (4, 2), (3, 4)]"
5490,11,"[(0, 2), (2, 0), (0, 3), (0, 4), (4, 0), (1, 3), (1, 4), (4, 1), (2, 4), (4, 2), (4, 3)]"
5491,11,"[(0, 2), (2, 0), (0, 3), (0, 4), (4, 0), (3, 1), (1, 4), (2, 4), (4, 2), (3, 4), (4, 3)]"
5492,11,"[(0, 2), (2, 0), (0, 3), (0, 4), (4, 0), (3, 1), (4, 1), (2, 4), (4, 2), (3, 4), (4, 3)]"
5493,11,"[(0, 2), (2, 0), (0, 3), (0, 4), (4, 0), (3, 1), (1, 4), (4, 1), (2, 4), (3, 4), (4, 3)]"
5494,11,"[(0, 2), (2, 0), (0, 3), (0, 4), (4, 0), (3, 1), (1, 4), (4, 1), (4, 2), (3, 4), (4, 3)]"
5495,11,"[(0, 2), (2, 0), (0, 3), (0, 4), (4, 0), (3, 1), (1, 4), (4, 1), (2, 4), (4, 2), (3, 4)]"
5496,11,"[(0, 2), (2, 0), (0, 3), (0, 4), (4, 0), (3, 1), (1, 4), (4, 1), (2, 4), (4, 2), (4, 3)]"
5497,11,"[(0, 2), (2, 0), (0, 3), (0, 4), (4, 0), (1, 3), (3, 1), (1, 4), (2, 4), (3, 4), (4, 3)]"
5498,11,"[(0, 2), (2, 0), (0, 3), (0, 4), (4, 0), (1, 3), (3, 1), (1, 4), (4, 2), (3, 4), (4, 3)]"
5499,11,"[(0, 2), (2, 0), (0, 3), (0, 4), (4, 0), (1, 3), (3, 1), (1, 4), (2, 4), (4, 2), (3, 4)]"
5500,11,"[(0, 2), (2, 0), (0, 3), (0, 4), (4, 0), (1, 3), (3, 1), (1, 4), (2, 4), (4, 2), (4, 3)]"
5501,11,"[(0, 2), (2, 0), (0, 3), (0, 4), (4, 0), (1, 3), (3, 1), (4, 1), (2, 4), (3, 4), (4, 3)]"
5502,11,"[(0, 2), (2, 0), (0, 3), (0, 4), (4, 0), (1, 3), (3, 1), (4, 1), (4, 2), (3, 4), (4, 3)]"
5503,11,"[(0, 2), (2, 0), (0, 3), (0, 4), (4, 0), (1, 3), (3, 1), (4, 1), (2, 4), (4, 2), (3, 4)]"
5504,11,"[(0, 2), (2, 0), (0, 3), (0, 4), (4, 0), (1, 3), (3, 1), (4, 1), (2, 4), (4, 2), (4, 3)]"
5505,11,"[(0, 2), (2, 0), (0, 3), (0, 4), (4, 0), (1, 3), (3, 1), (1, 4), (4, 1), (2, 4), (3, 4)]"
5506,11,"[(0, 2), (2, 0), (0, 3), (0, 4), (4, 0), (1, 3), (3, 1), (1, 4), (4, 1), (2, 4), (4, 3)]"
5507,11,"[(0, 2), (2, 0), (0, 3), (0, 4), (4, 0), (1, 3), (3, 1), (1, 4), (4, 1), (4, 2), (3, 4)]"
5508,11,"[(0, 2), (2, 0), (0, 3), (0, 4), (4, 0), (1, 3), (3, 1), (1, 4), (4, 1), (4, 2), (4, 3)]"
5509,11,"[(0, 2), (2, 0), (3, 0), (0, 4), (1, 3), (1, 4), (4, 1), (2, 4), (4, 2), (3, 4), (4, 3)]"
5510,11,"[(0, 2), (2, 0), (3, 0), (0, 4), (3, 1), (1, 4), (4, 1), (2, 4), (4, 2), (3, 4), (4, 3)]"
5511,11,"[(0, 2), (2, 0), (3, 0), (4, 0), (1, 3), (1, 4), (4, 1), (2, 4), (4, 2), (3, 4), (4, 3)]"
5512,11,"[(0, 2), (2, 0), (3, 0), (4, 0), (3, 1), (1, 4), (4, 1), (2, 4), (4, 2), (3, 4), (4, 3)]"
5513,11,"[(0, 2), (2, 0), (3, 0), (0, 4), (4, 0), (1, 3), (1, 4), (2, 4), (4, 2), (3, 4), (4, 3)]"
5514,11,"[(0, 2), (2, 0), (3, 0), (0, 4), (4, 0), (1, 3), (4, 1), (2, 4), (4, 2), (3, 4), (4, 3)]"
5515,11,"[(0, 2), (2, 0), (3, 0), (0, 4), (4, 0), (1, 3), (1, 4), (4, 1), (2, 4), (3, 4), (4, 3)]"
5516,11,"[(0, 2), (2, 0), (3, 0), (0, 4), (4, 0), (1, 3), (1, 4), (4, 1), (4, 2), (3, 4), (4, 3)]"
5517,11,"[(0, 2), (2, 0), (3, 0), (0, 4), (4, 0), (1, 3), (1, 4), (4, 1), (2, 4), (4, 2), (3, 4)]"
5518,11,"[(0, 2), (2, 0), (3, 0), (0, 4), (4, 0), (1, 3), (1, 4), (4, 1), (2, 4), (4, 2), (4, 3)]"
5519,11,"[(0, 2), (2, 0), (3, 0), (0, 4), (4, 0), (3, 1), (1, 4), (2, 4), (4, 2), (3, 4), (4, 3)]"
5520,11,"[(0, 2), (2, 0), (3, 0), (0, 4), (4, 0), (3, 1), (4, 1), (2, 4), (4, 2), (3, 4), (4, 3)]"
5521,11,"[(0, 2), (2, 0), (3, 0), (0, 4), (4, 0), (3, 1), (1, 4), (4, 1), (2, 4), (3, 4), (4, 3)]"
5522,11,"[(0, 2), (2, 0), (3, 0), (0, 4), (4, 0), (3, 1), (1, 4), (4, 1), (4, 2), (3, 4), (4, 3)]"
5523,11,"[(0, 2), (2, 0), (3, 0), (0, 4), (4, 0), (3, 1), (1, 4), (4, 1), (2, 4), (4, 2), (3, 4)]"
5524,11,"[(0, 2), (2, 0), (3, 0), (0, 4), (4, 0), (3, 1), (1, 4), (4, 1), (2, 4), (4, 2), (4, 3)]"
5525,11,"[(0, 2), (2, 0), (0, 3), (3, 0), (0, 4), (1, 3), (1, 4), (2, 4), (4, 2), (3, 4), (4, 3)]"
5526,11,"[(0, 2), (2, 0), (0, 3), (3, 0), (0, 4), (1, 3), (4, 1), (2, 4), (4, 2), (3, 4), (4, 3)]"
5527,11,"[(0, 2), (2, 0), (0, 3), (3, 0), (0, 4), (1, 3), (1, 4), (4, 1), (2, 4), (3, 4), (4, 3)]"
5528,11,"[(0, 2), (2, 0), (0, 3), (3, 0), (0, 4), (1, 3), (1, 4), (4, 1), (4, 2), (3, 4), (4, 3)]"
5529,11,"[(0, 2), (2, 0), (0, 3), (3, 0), (0, 4), (1, 3), (1, 4), (4, 1), (2, 4), (4, 2), (3, 4)]"
5530,11,"[(0, 2), (2, 0), (0, 3), (3, 0), (0, 4), (1, 3), (1, 4), (4, 1), (2, 4), (4, 2), (4, 3)]"
5531,11,"[(0, 2), (2, 0), (0, 3), (3, 0), (0, 4), (3, 1), (1, 4), (2, 4), (4, 2), (3, 4), (4, 3)]"
5532,11,"[(0, 2), (2, 0), (0, 3), (3, 0), (0, 4), (3, 1), (4, 1), (2, 4), (4, 2), (3, 4), (4, 3)]"
5533,11,"[(0, 2), (2, 0), (0, 3), (3, 0), (0, 4), (3, 1), (1, 4), (4, 1), (2, 4), (3, 4), (4, 3)]"
5534,11,"[(0, 2), (2, 0), (0, 3), (3, 0), (0, 4), (3, 1), (1, 4), (4, 1), (4, 2), (3, 4), (4, 3)]"
5535,11,"[(0, 2), (2, 0), (0, 3), (3, 0), (0, 4), (3, 1), (1, 4), (4, 1), (2, 4), (4, 2), (3, 4)]"
5536,11,"[(0, 2), (2, 0), (0, 3), (3, 0), (0, 4), (3, 1), (1, 4), (4, 1), (2, 4), (4, 2), (4, 3)]"
5537,11,"[(0, 2), (2, 0), (0, 3), (3, 0), (0, 4), (1, 3), (3, 1), (1, 4), (2, 4), (4, 2), (4, 3)]"
5538,11,"[(0, 2), (2, 0), (0, 3), (3, 0), (0, 4), (1, 3), (3, 1), (4, 1), (2, 4), (4, 2), (4, 3)]"
5539,11,"[(0, 2), (2, 0), (0, 3), (3, 0), (0, 4), (1, 3), (3, 1), (1, 4), (4, 1), (2, 4), (3, 4)]"
5540,11,"[(0, 2), (2, 0), (0, 3), (3, 0), (0, 4), (1, 3), (3, 1), (1, 4), (4, 1), (2, 4), (4, 3)]"
5541,11,"[(0, 2), (2, 0), (0, 3), (3, 0), (0, 4), (1, 3), (3, 1), (1, 4), (4, 1), (4, 2), (3, 4)]"
5542,11,"[(0, 2), (2, 0), (0, 3), (3, 0), (0, 4), (1, 3), (3, 1), (1, 4), (4, 1), (4, 2), (4, 3)]"
5543,11,"[(0, 2), (2, 0), (0, 3), (3, 0), (4, 0), (1, 3), (1, 4), (2, 4), (4, 2), (3, 4), (4, 3)]"
5544,11,"[(0, 2), (2, 0), (0, 3), (3, 0), (4, 0), (1, 3), (4, 1), (2, 4), (4, 2), (3, 4), (4, 3)]"
5545,11,"[(0, 2), (2, 0), (0, 3), (3, 0), (4, 0), (1, 3), (1, 4), (4, 1), (2, 4), (3, 4), (4, 3)]"
5546,11,"[(0, 2), (2, 0), (0, 3), (3, 0), (4, 0), (1, 3), (1, 4), (4, 1), (4, 2), (3, 4), (4, 3)]"
5547,11,"[(0, 2), (2, 0), (0, 3), (3, 0), (4, 0), (1, 3), (1, 4), (4, 1), (2, 4), (4, 2), (3, 4)]"
5548,11,"[(0, 2), (2, 0), (0, 3), (3, 0), (4, 0), (1, 3), (1, 4), (4, 1), (2, 4), (4, 2), (4, 3)]"
5549,11,"[(0, 2), (2, 0), (0, 3), (3, 0), (4, 0), (3, 1), (1, 4), (2, 4), (4, 2), (3, 4), (4, 3)]"
5550,11,"[(0, 2), (2, 0), (0, 3), (3, 0), (4, 0), (3, 1), (4, 1), (2, 4), (4, 2), (3, 4), (4, 3)]"
5551,11,"[(0, 2), (2, 0), (0, 3), (3, 0), (4, 0), (3, 1), (1, 4), (4, 1), (2, 4), (3, 4), (4, 3)]"
5552,11,"[(0, 2), (2, 0), (0, 3), (3, 0), (4, 0), (3, 1), (1, 4), (4, 1), (4, 2), (3, 4), (4, 3)]"
5553,11,"[(0, 2), (2, 0), (0, 3), (3, 0), (4, 0), (3, 1), (1, 4), (4, 1), (2, 4), (4, 2), (3, 4)]"
5554,11,"[(0, 2), (2, 0), (0, 3), (3, 0), (4, 0), (3, 1), (1, 4), (4, 1), (2, 4), (4, 2), (4, 3)]"
5555,11,"[(0, 2), (2, 0), (0, 3), (3, 0), (4, 0), (1, 3), (3, 1), (1, 4), (4, 1), (2, 4), (4, 3)]"
5556,11,"[(0, 2), (2, 0), (0, 3), (3, 0), (4, 0), (1, 3), (3, 1), (1, 4), (4, 1), (4, 2), (4, 3)]"
5557,11,"[(0, 2), (2, 0), (0, 3), (3, 0), (0, 4), (4, 0), (1, 3), (1, 4), (2, 4), (3, 4), (4, 3)]"
5558,11,"[(0, 2), (2, 0), (0, 3), (3, 0), (0, 4), (4, 0), (1, 3), (1, 4), (4, 2), (3, 4), (4, 3)]"
5559,11,"[(0, 2), (2, 0), (0, 3), (3, 0), (0, 4), (4, 0), (1, 3), (1, 4), (2, 4), (4, 2), (3, 4)]"
5560,11,"[(0, 2), (2, 0), (0, 3), (3, 0), (0, 4), (4, 0), (1, 3), (1, 4), (2, 4), (4, 2), (4, 3)]"
5561,11,"[(0, 2), (2, 0), (0, 3), (3, 0), (0, 4), (4, 0), (1, 3), (4, 1), (2, 4), (3, 4), (4, 3)]"
5562,11,"[(0, 2), (2, 0), (0, 3), (3, 0), (0, 4), (4, 0), (1, 3), (4, 1), (4, 2), (3, 4), (4, 3)]"
5563,11,"[(0, 2), (2, 0), (0, 3), (3, 0), (0, 4), (4, 0), (1, 3), (4, 1), (2, 4), (4, 2), (3, 4)]"
5564,11,"[(0, 2), (2, 0), (0, 3), (3, 0), (0, 4), (4, 0), (1, 3), (4, 1), (2, 4), (4, 2), (4, 3)]"
5565,11,"[(0, 2), (2, 0), (0, 3), (3, 0), (0, 4), (4, 0), (1, 3), (1, 4), (4, 1), (2, 4), (3, 4)]"
5566,11,"[(0, 2), (2, 0), (0, 3), (3, 0), (0, 4), (4, 0), (1, 3), (1, 4), (4, 1), (2, 4), (4, 3)]"
5567,11,"[(0, 2), (2, 0), (0, 3), (3, 0), (0, 4), (4, 0), (1, 3), (1, 4), (4, 1), (4, 2), (3, 4)]"
5568,11,"[(0, 2), (2, 0), (0, 3), (3, 0), (0, 4), (4, 0), (1, 3), (1, 4), (4, 1), (4, 2), (4, 3)]"
5569,11,"[(0, 2), (2, 0), (0, 3), (3, 0), (0, 4), (4, 0), (3, 1), (1, 4), (2, 4), (3, 4), (4, 3)]"
5570,11,"[(0, 2), (2, 0), (0, 3), (3, 0), (0, 4), (4, 0), (3, 1), (1, 4), (4, 2), (3, 4), (4, 3)]"
5571,11,"[(0, 2), (2, 0), (0, 3), (3, 0), (0, 4), (4, 0), (3, 1), (1, 4), (2, 4), (4, 2), (3, 4)]"
5572,11,"[(0, 2), (2, 0), (0, 3), (3, 0), (0, 4), (4, 0), (3, 1), (1, 4), (2, 4), (4, 2), (4, 3)]"
5573,11,"[(0, 2), (2, 0), (0, 3), (3, 0), (0, 4), (4, 0), (3, 1), (4, 1), (2, 4), (3, 4), (4, 3)]"
5574,11,"[(0, 2), (2, 0), (0, 3), (3, 0), (0, 4), (4, 0), (3, 1), (4, 1), (4, 2), (3, 4), (4, 3)]"
5575,11,"[(0, 2), (2, 0), (0, 3), (3, 0), (0, 4), (4, 0), (3, 1), (4, 1), (2, 4), (4, 2), (3, 4)]"
5576,11,"[(0, 2), (2, 0), (0, 3), (3, 0), (0, 4), (4, 0), (3, 1), (4, 1), (2, 4), (4, 2), (4, 3)]"
5577,11,"[(0, 2), (2, 0), (0, 3), (3, 0), (0, 4), (4, 0), (3, 1), (1, 4), (4, 1), (2, 4), (3, 4)]"
5578,11,"[(0, 2), (2, 0), (0, 3), (3, 0), (0, 4), (4, 0), (3, 1), (1, 4), (4, 1), (2, 4), (4, 3)]"
5579,11,"[(0, 2), (2, 0), (0, 3), (3, 0), (0, 4), (4, 0), (3, 1), (1, 4), (4, 1), (4, 2), (3, 4)]"
5580,11,"[(0, 2), (2, 0), (0, 3), (3, 0), (0, 4), (4, 0), (3, 1), (1, 4), (4, 1), (4, 2), (4, 3)]"
5581,11,"[(0, 2), (2, 0), (0, 3), (3, 0), (0, 4), (4, 0), (1, 3), (3, 1), (1, 4), (2, 4), (3, 4)]"
5582,11,"[(0, 2), (2, 0), (0, 3), (3, 0), (0, 4), (4, 0), (1, 3), (3, 1), (1, 4), (2, 4), (4, 3)]"
5583,11,"[(0, 2), (2, 0), (0, 3), (3, 0), (0, 4), (4, 0), (1, 3), (3, 1), (1, 4), (4, 2), (3, 4)]"
5584,11,"[(0, 2), (2, 0), (0, 3), (3, 0), (0, 4), (4, 0), (1, 3), (3, 1), (1, 4), (4, 2), (4, 3)]"
5585,11,"[(0, 2), (2, 0), (0, 3), (3, 0), (0, 4), (4, 0), (1, 3), (3, 1), (4, 1), (2, 4), (3, 4)]"
5586,11,"[(0, 2), (2, 0), (0, 3), (3, 0), (0, 4), (4, 0), (1, 3), (3, 1), (4, 1), (2, 4), (4, 3)]"
5587,11,"[(0, 2), (2, 0), (0, 3), (3, 0), (0, 4), (4, 0), (1, 3), (3, 1), (4, 1), (4, 2), (3, 4)]"
5588,11,"[(0, 2), (2, 0), (0, 3), (3, 0), (0, 4), (4, 0), (1, 3), (3, 1), (4, 1), (4, 2), (4, 3)]"
5589,11,"[(0, 2), (0, 3), (3, 0), (0, 4), (4, 0), (1, 4), (4, 1), (2, 3), (3, 2), (2, 4), (4, 2)]"
5590,11,"[(0, 2), (2, 0), (0, 3), (3, 0), (0, 4), (4, 0), (1, 4), (2, 3), (3, 2), (2, 4), (4, 2)]"
5591,11,"[(0, 2), (2, 0), (0, 3), (3, 0), (0, 4), (4, 0), (4, 1), (2, 3), (3, 2), (2, 4), (4, 2)]"
5592,11,"[(0, 2), (2, 0), (0, 3), (3, 0), (0, 4), (4, 0), (1, 4), (4, 1), (2, 3), (2, 4), (4, 2)]"
5593,11,"[(0, 2), (2, 0), (0, 3), (3, 0), (0, 4), (4, 0), (1, 4), (4, 1), (3, 2), (2, 4), (4, 2)]"
5594,11,"[(0, 2), (2, 0), (0, 3), (3, 0), (0, 4), (4, 0), (1, 4), (4, 1), (2, 3), (3, 2), (2, 4)]"
5595,11,"[(0, 2), (2, 0), (0, 3), (3, 0), (0, 4), (4, 0), (1, 4), (4, 1), (2, 3), (3, 2), (4, 2)]"
5596,11,"[(0, 2), (0, 3), (0, 4), (4, 0), (1, 4), (4, 1), (2, 3), (2, 4), (4, 2), (3, 4), (4, 3)]"
5597,11,"[(0, 2), (3, 0), (0, 4), (4, 0), (1, 4), (4, 1), (2, 3), (2, 4), (4, 2), (3, 4), (4, 3)]"
5598,11,"[(0, 2), (2, 0), (0, 3), (0, 4), (1, 4), (4, 1), (3, 2), (2, 4), (4, 2), (3, 4), (4, 3)]"
5599,11,"[(0, 2), (2, 0), (0, 3), (4, 0), (1, 4), (4, 1), (3, 2), (2, 4), (4, 2), (3, 4), (4, 3)]"
5600,11,"[(0, 2), (2, 0), (0, 3), (0, 4), (4, 0), (1, 4), (2, 3), (2, 4), (4, 2), (3, 4), (4, 3)]"
5601,11,"[(0, 2), (2, 0), (0, 3), (0, 4), (4, 0), (1, 4), (3, 2), (2, 4), (4, 2), (3, 4), (4, 3)]"
5602,11,"[(0, 2), (2, 0), (0, 3), (0, 4), (4, 0), (4, 1), (2, 3), (2, 4), (4, 2), (3, 4), (4, 3)]"
5603,11,"[(0, 2), (2, 0), (0, 3), (0, 4), (4, 0), (4, 1), (3, 2), (2, 4), (4, 2), (3, 4), (4, 3)]"
5604,11,"[(0, 2), (2, 0), (0, 3), (0, 4), (4, 0), (1, 4), (4, 1), (2, 3), (2, 4), (3, 4), (4, 3)]"
5605,11,"[(0, 2), (2, 0), (0, 3), (0, 4), (4, 0), (1, 4), (4, 1), (2, 3), (4, 2), (3, 4), (4, 3)]"
5606,11,"[(0, 2), (2, 0), (0, 3), (0, 4), (4, 0), (1, 4), (4, 1), (2, 3), (2, 4), (4, 2), (3, 4)]"
5607,11,"[(0, 2), (2, 0), (0, 3), (0, 4), (4, 0), (1, 4), (4, 1), (2, 3), (2, 4), (4, 2), (4, 3)]"
5608,11,"[(0, 2), (2, 0), (0, 3), (0, 4), (4, 0), (1, 4), (4, 1), (3, 2), (2, 4), (3, 4), (4, 3)]"
5609,11,"[(0, 2), (2, 0), (0, 3), (0, 4), (4, 0), (1, 4), (4, 1), (3, 2), (4, 2), (3, 4), (4, 3)]"
5610,11,"[(0, 2), (2, 0), (0, 3), (0, 4), (4, 0), (1, 4), (4, 1), (3, 2), (2, 4), (4, 2), (3, 4)]"
5611,11,"[(0, 2), (2, 0), (0, 3), (0, 4), (4, 0), (1, 4), (4, 1), (3, 2), (2, 4), (4, 2), (4, 3)]"
5612,11,"[(0, 2), (2, 0), (3, 0), (0, 4), (4, 0), (1, 4), (3, 2), (2, 4), (4, 2), (3, 4), (4, 3)]"
5613,11,"[(0, 2), (2, 0), (3, 0), (0, 4), (4, 0), (4, 1), (3, 2), (2, 4), (4, 2), (3, 4), (4, 3)]"
5614,11,"[(0, 2), (2, 0), (3, 0), (0, 4), (4, 0), (1, 4), (4, 1), (3, 2), (2, 4), (3, 4), (4, 3)]"
5615,11,"[(0, 2), (2, 0), (3, 0), (0, 4), (4, 0), (1, 4), (4, 1), (3, 2), (4, 2), (3, 4), (4, 3)]"
5616,11,"[(0, 2), (2, 0), (3, 0), (0, 4), (4, 0), (1, 4), (4, 1), (3, 2), (2, 4), (4, 2), (3, 4)]"
5617,11,"[(0, 2), (2, 0), (3, 0), (0, 4), (4, 0), (1, 4), (4, 1), (3, 2), (2, 4), (4, 2), (4, 3)]"
5618,11,"[(0, 2), (2, 0), (0, 3), (3, 0), (0, 4), (1, 4), (2, 3), (2, 4), (4, 2), (3, 4), (4, 3)]"
5619,11,"[(0, 2), (2, 0), (0, 3), (3, 0), (0, 4), (4, 1), (2, 3), (2, 4), (4, 2), (3, 4), (4, 3)]"
5620,11,"[(0, 2), (2, 0), (0, 3), (3, 0), (0, 4), (1, 4), (4, 1), (2, 3), (2, 4), (3, 4), (4, 3)]"
5621,11,"[(0, 2), (2, 0), (0, 3), (3, 0), (0, 4), (1, 4), (4, 1), (2, 3), (4, 2), (3, 4), (4, 3)]"
5622,11,"[(0, 2), (2, 0), (0, 3), (3, 0), (0, 4), (1, 4), (4, 1), (2, 3), (2, 4), (4, 2), (3, 4)]"
5623,11,"[(0, 2), (2, 0), (0, 3), (3, 0), (0, 4), (1, 4), (4, 1), (2, 3), (2, 4), (4, 2), (4, 3)]"
5624,11,"[(0, 2), (2, 0), (0, 3), (3, 0), (0, 4), (1, 4), (4, 1), (2, 3), (3, 2), (2, 4), (3, 4)]"
5625,11,"[(0, 2), (2, 0), (0, 3), (3, 0), (0, 4), (1, 4), (4, 1), (2, 3), (3, 2), (2, 4), (4, 3)]"
5626,11,"[(0, 2), (2, 0), (0, 3), (3, 0), (0, 4), (1, 4), (4, 1), (2, 3), (3, 2), (4, 2), (4, 3)]"
5627,11,"[(0, 2), (2, 0), (0, 3), (3, 0), (4, 0), (1, 4), (2, 3), (2, 4), (4, 2), (3, 4), (4, 3)]"
5628,11,"[(0, 2), (2, 0), (0, 3), (3, 0), (4, 0), (4, 1), (2, 3), (2, 4), (4, 2), (3, 4), (4, 3)]"
5629,11,"[(0, 2), (2, 0), (0, 3), (3, 0), (4, 0), (1, 4), (4, 1), (2, 3), (2, 4), (3, 4), (4, 3)]"
5630,11,"[(0, 2), (2, 0), (0, 3), (3, 0), (4, 0), (1, 4), (4, 1), (2, 3), (4, 2), (3, 4), (4, 3)]"
5631,11,"[(0, 2), (2, 0), (0, 3), (3, 0), (4, 0), (1, 4), (4, 1), (2, 3), (2, 4), (4, 2), (3, 4)]"
5632,11,"[(0, 2), (2, 0), (0, 3), (3, 0), (4, 0), (1, 4), (4, 1), (2, 3), (2, 4), (4, 2), (4, 3)]"
5633,11,"[(0, 2), (2, 0), (0, 3), (3, 0), (4, 0), (1, 4), (4, 1), (2, 3), (3, 2), (4, 2), (4, 3)]"
5634,11,"[(0, 2), (2, 0), (0, 3), (3, 0), (0, 4), (4, 0), (1, 4), (2, 3), (2, 4), (3, 4), (4, 3)]"
5635,11,"[(0, 2), (2, 0), (0, 3), (3, 0), (0, 4), (4, 0), (1, 4), (2, 3), (4, 2), (3, 4), (4, 3)]"
5636,11,"[(0, 2), (2, 0), (0, 3), (3, 0), (0, 4), (4, 0), (1, 4), (2, 3), (2, 4), (4, 2), (3, 4)]"
5637,11,"[(0, 2), (2, 0), (0, 3), (3, 0), (0, 4), (4, 0), (1, 4), (2, 3), (2, 4), (4, 2), (4, 3)]"
5638,11,"[(0, 2), (2, 0), (0, 3), (3, 0), (0, 4), (4, 0), (1, 4), (2, 3), (3, 2), (2, 4), (3, 4)]"
5639,11,"[(0, 2), (2, 0), (0, 3), (3, 0), (0, 4), (4, 0), (1, 4), (2, 3), (3, 2), (2, 4), (4, 3)]"
5640,11,"[(0, 2), (2, 0), (0, 3), (3, 0), (0, 4), (4, 0), (1, 4), (2, 3), (3, 2), (4, 2), (4, 3)]"
5641,11,"[(0, 2), (2, 0), (0, 3), (3, 0), (0, 4), (4, 0), (4, 1), (2, 3), (2, 4), (3, 4), (4, 3)]"
5642,11,"[(0, 2), (2, 0), (0, 3), (3, 0), (0, 4), (4, 0), (4, 1), (2, 3), (4, 2), (3, 4), (4, 3)]"
5643,11,"[(0, 2), (2, 0), (0, 3), (3, 0), (0, 4), (4, 0), (4, 1), (2, 3), (2, 4), (4, 2), (3, 4)]"
5644,11,"[(0, 2), (2, 0), (0, 3), (3, 0), (0, 4), (4, 0), (4, 1), (2, 3), (2, 4), (4, 2), (4, 3)]"
5645,11,"[(0, 2), (2, 0), (0, 3), (3, 0), (0, 4), (4, 0), (4, 1), (2, 3), (3, 2), (2, 4), (3, 4)]"
5646,11,"[(0, 2), (2, 0), (0, 3), (3, 0), (0, 4), (4, 0), (4, 1), (2, 3), (3, 2), (2, 4), (4, 3)]"
5647,11,"[(0, 2), (2, 0), (0, 3), (3, 0), (0, 4), (4, 0), (4, 1), (2, 3), (3, 2), (4, 2), (4, 3)]"
5648,11,"[(0, 2), (2, 0), (0, 3), (3, 0), (0, 4), (4, 0), (1, 4), (4, 1), (2, 3), (2, 4), (3, 4)]"
5649,11,"[(0, 2), (2, 0), (0, 3), (3, 0), (0, 4), (4, 0), (1, 4), (4, 1), (2, 3), (2, 4), (4, 3)]"
5650,11,"[(0, 2), (2, 0), (0, 3), (3, 0), (0, 4), (4, 0), (1, 4), (4, 1), (2, 3), (4, 2), (3, 4)]"
5651,11,"[(0, 2), (2, 0), (0, 3), (3, 0), (0, 4), (4, 0), (1, 4), (4, 1), (2, 3), (4, 2), (4, 3)]"
5652,11,"[(0, 2), (0, 3), (0, 4), (1, 3), (1, 4), (2, 3), (3, 2), (2, 4), (4, 2), (3, 4), (4, 3)]"
5653,11,"[(0, 2), (0, 3), (0, 4), (1, 3), (4, 1), (2, 3), (3, 2), (2, 4), (4, 2), (3, 4), (4, 3)]"
5654,11,"[(0, 2), (0, 3), (0, 4), (3, 1), (4, 1), (2, 3), (3, 2), (2, 4), (4, 2), (3, 4), (4, 3)]"
5655,11,"[(0, 2), (0, 3), (0, 4), (1, 3), (3, 1), (1, 4), (2, 3), (2, 4), (4, 2), (3, 4), (4, 3)]"
5656,11,"[(0, 2), (0, 3), (0, 4), (1, 3), (3, 1), (1, 4), (3, 2), (2, 4), (4, 2), (3, 4), (4, 3)]"
5657,11,"[(0, 2), (0, 3), (0, 4), (1, 3), (3, 1), (1, 4), (2, 3), (3, 2), (2, 4), (3, 4), (4, 3)]"
5658,11,"[(0, 2), (0, 3), (0, 4), (1, 3), (3, 1), (1, 4), (2, 3), (3, 2), (4, 2), (3, 4), (4, 3)]"
5659,11,"[(0, 2), (0, 3), (0, 4), (1, 3), (3, 1), (1, 4), (2, 3), (3, 2), (2, 4), (4, 2), (3, 4)]"
5660,11,"[(0, 2), (0, 3), (0, 4), (1, 3), (3, 1), (1, 4), (2, 3), (3, 2), (2, 4), (4, 2), (4, 3)]"
5661,11,"[(0, 2), (0, 3), (0, 4), (1, 3), (3, 1), (4, 1), (2, 3), (2, 4), (4, 2), (3, 4), (4, 3)]"
5662,11,"[(0, 2), (0, 3), (0, 4), (1, 3), (3, 1), (4, 1), (3, 2), (2, 4), (4, 2), (3, 4), (4, 3)]"
5663,11,"[(0, 2), (0, 3), (0, 4), (1, 3), (3, 1), (4, 1), (2, 3), (3, 2), (2, 4), (3, 4), (4, 3)]"
5664,11,"[(0, 2), (0, 3), (0, 4), (1, 3), (3, 1), (4, 1), (2, 3), (3, 2), (4, 2), (3, 4), (4, 3)]"
5665,11,"[(0, 2), (0, 3), (0, 4), (1, 3), (3, 1), (4, 1), (2, 3), (3, 2), (2, 4), (4, 2), (3, 4)]"
5666,11,"[(0, 2), (0, 3), (0, 4), (1, 3), (3, 1), (4, 1), (2, 3), (3, 2), (2, 4), (4, 2), (4, 3)]"
5667,11,"[(0, 2), (0, 3), (0, 4), (1, 3), (3, 1), (1, 4), (4, 1), (2, 3), (2, 4), (3, 4), (4, 3)]"
5668,11,"[(0, 2), (0, 3), (0, 4), (1, 3), (3, 1), (1, 4), (4, 1), (2, 3), (4, 2), (3, 4), (4, 3)]"
5669,11,"[(0, 2), (0, 3), (0, 4), (1, 3), (3, 1), (1, 4), (4, 1), (3, 2), (4, 2), (3, 4), (4, 3)]"
5670,11,"[(0, 2), (0, 3), (0, 4), (1, 3), (3, 1), (1, 4), (4, 1), (2, 3), (3, 2), (2, 4), (3, 4)]"
5671,11,"[(0, 2), (0, 3), (0, 4), (1, 3), (3, 1), (1, 4), (4, 1), (2, 3), (3, 2), (2, 4), (4, 3)]"
5672,11,"[(0, 2), (0, 3), (0, 4), (1, 3), (3, 1), (1, 4), (4, 1), (2, 3), (3, 2), (4, 2), (3, 4)]"
5673,11,"[(0, 2), (0, 3), (0, 4), (1, 3), (3, 1), (1, 4), (4, 1), (2, 3), (3, 2), (4, 2), (4, 3)]"
5674,11,"[(0, 2), (0, 3), (4, 0), (1, 3), (1, 4), (2, 3), (3, 2), (2, 4), (4, 2), (3, 4), (4, 3)]"
5675,11,"[(0, 2), (0, 3), (4, 0), (1, 3), (4, 1), (2, 3), (3, 2), (2, 4), (4, 2), (3, 4), (4, 3)]"
5676,11,"[(0, 2), (0, 3), (4, 0), (1, 3), (1, 4), (4, 1), (2, 3), (2, 4), (4, 2), (3, 4), (4, 3)]"
5677,11,"[(0, 2), (0, 3), (4, 0), (1, 3), (1, 4), (4, 1), (3, 2), (2, 4), (4, 2), (3, 4), (4, 3)]"
5678,11,"[(0, 2), (0, 3), (4, 0), (1, 3), (1, 4), (4, 1), (2, 3), (3, 2), (2, 4), (3, 4), (4, 3)]"
5679,11,"[(0, 2), (0, 3), (4, 0), (1, 3), (1, 4), (4, 1), (2, 3), (3, 2), (4, 2), (3, 4), (4, 3)]"
5680,11,"[(0, 2), (0, 3), (4, 0), (1, 3), (1, 4), (4, 1), (2, 3), (3, 2), (2, 4), (4, 2), (3, 4)]"
5681,11,"[(0, 2), (0, 3), (4, 0), (1, 3), (1, 4), (4, 1), (2, 3), (3, 2), (2, 4), (4, 2), (4, 3)]"
5682,11,"[(0, 2), (0, 3), (4, 0), (3, 1), (1, 4), (2, 3), (3, 2), (2, 4), (4, 2), (3, 4), (4, 3)]"
5683,11,"[(0, 2), (0, 3), (4, 0), (3, 1), (4, 1), (2, 3), (3, 2), (2, 4), (4, 2), (3, 4), (4, 3)]"
5684,11,"[(0, 2), (0, 3), (4, 0), (3, 1), (1, 4), (4, 1), (2, 3), (2, 4), (4, 2), (3, 4), (4, 3)]"
5685,11,"[(0, 2), (0, 3), (4, 0), (3, 1), (1, 4), (4, 1), (3, 2), (2, 4), (4, 2), (3, 4), (4, 3)]"
5686,11,"[(0, 2), (0, 3), (4, 0), (3, 1), (1, 4), (4, 1), (2, 3), (3, 2), (2, 4), (3, 4), (4, 3)]"
5687,11,"[(0, 2), (0, 3), (4, 0), (3, 1), (1, 4), (4, 1), (2, 3), (3, 2), (4, 2), (3, 4), (4, 3)]"
5688,11,"[(0, 2), (0, 3), (4, 0), (3, 1), (1, 4), (4, 1), (2, 3), (3, 2), (2, 4), (4, 2), (3, 4)]"
5689,11,"[(0, 2), (0, 3), (4, 0), (3, 1), (1, 4), (4, 1), (2, 3), (3, 2), (2, 4), (4, 2), (4, 3)]"
5690,11,"[(0, 2), (0, 3), (4, 0), (1, 3), (3, 1), (1, 4), (2, 3), (2, 4), (4, 2), (3, 4), (4, 3)]"
5691,11,"[(0, 2), (0, 3), (4, 0), (1, 3), (3, 1), (1, 4), (3, 2), (2, 4), (4, 2), (3, 4), (4, 3)]"
5692,11,"[(0, 2), (0, 3), (4, 0), (1, 3), (3, 1), (1, 4), (2, 3), (3, 2), (2, 4), (3, 4), (4, 3)]"
5693,11,"[(0, 2), (0, 3), (4, 0), (1, 3), (3, 1), (1, 4), (2, 3), (3, 2), (4, 2), (3, 4), (4, 3)]"
5694,11,"[(0, 2), (0, 3), (4, 0), (1, 3), (3, 1), (1, 4), (2, 3), (3, 2), (2, 4), (4, 2), (3, 4)]"
5695,11,"[(0, 2), (0, 3), (4, 0), (1, 3), (3, 1), (1, 4), (2, 3), (3, 2), (2, 4), (4, 2), (4, 3)]"
5696,11,"[(0, 2), (0, 3), (4, 0), (1, 3), (3, 1), (4, 1), (2, 3), (2, 4), (4, 2), (3, 4), (4, 3)]"
5697,11,"[(0, 2), (0, 3), (4, 0), (1, 3), (3, 1), (4, 1), (3, 2), (2, 4), (4, 2), (3, 4), (4, 3)]"
5698,11,"[(0, 2), (0, 3), (4, 0), (1, 3), (3, 1), (4, 1), (2, 3), (3, 2), (2, 4), (3, 4), (4, 3)]"
5699,11,"[(0, 2), (0, 3), (4, 0), (1, 3), (3, 1), (4, 1), (2, 3), (3, 2), (4, 2), (3, 4), (4, 3)]"
5700,11,"[(0, 2), (0, 3), (4, 0), (1, 3), (3, 1), (4, 1), (2, 3), (3, 2), (2, 4), (4, 2), (3, 4)]"
5701,11,"[(0, 2), (0, 3), (4, 0), (1, 3), (3, 1), (4, 1), (2, 3), (3, 2), (2, 4), (4, 2), (4, 3)]"
5702,11,"[(0, 2), (0, 3), (4, 0), (1, 3), (3, 1), (1, 4), (4, 1), (2, 3), (2, 4), (3, 4), (4, 3)]"
5703,11,"[(0, 2), (0, 3), (4, 0), (1, 3), (3, 1), (1, 4), (4, 1), (2, 3), (4, 2), (3, 4), (4, 3)]"
5704,11,"[(0, 2), (0, 3), (4, 0), (1, 3), (3, 1), (1, 4), (4, 1), (2, 3), (2, 4), (4, 2), (3, 4)]"
5705,11,"[(0, 2), (0, 3), (4, 0), (1, 3), (3, 1), (1, 4), (4, 1), (2, 3), (2, 4), (4, 2), (4, 3)]"
5706,11,"[(0, 2), (0, 3), (4, 0), (1, 3), (3, 1), (1, 4), (4, 1), (3, 2), (2, 4), (3, 4), (4, 3)]"
5707,11,"[(0, 2), (0, 3), (4, 0), (1, 3), (3, 1), (1, 4), (4, 1), (3, 2), (4, 2), (3, 4), (4, 3)]"
5708,11,"[(0, 2), (0, 3), (4, 0), (1, 3), (3, 1), (1, 4), (4, 1), (3, 2), (2, 4), (4, 2), (3, 4)]"
5709,11,"[(0, 2), (0, 3), (4, 0), (1, 3), (3, 1), (1, 4), (4, 1), (3, 2), (2, 4), (4, 2), (4, 3)]"
5710,11,"[(0, 2), (0, 3), (4, 0), (1, 3), (3, 1), (1, 4), (4, 1), (2, 3), (3, 2), (2, 4), (3, 4)]"
5711,11,"[(0, 2), (0, 3), (4, 0), (1, 3), (3, 1), (1, 4), (4, 1), (2, 3), (3, 2), (2, 4), (4, 3)]"
5712,11,"[(0, 2), (0, 3), (4, 0), (1, 3), (3, 1), (1, 4), (4, 1), (2, 3), (3, 2), (4, 2), (3, 4)]"
5713,11,"[(0, 2), (0, 3), (4, 0), (1, 3), (3, 1), (1, 4), (4, 1), (2, 3), (3, 2), (4, 2), (4, 3)]"
5714,11,"[(0, 2), (3, 0), (4, 0), (1, 3), (1, 4), (2, 3), (3, 2), (2, 4), (4, 2), (3, 4), (4, 3)]"
5715,11,"[(0, 2), (3, 0), (4, 0), (1, 3), (4, 1), (2, 3), (3, 2), (2, 4), (4, 2), (3, 4), (4, 3)]"
5716,11,"[(0, 2), (3, 0), (4, 0), (3, 1), (4, 1), (2, 3), (3, 2), (2, 4), (4, 2), (3, 4), (4, 3)]"
5717,11,"[(0, 2), (3, 0), (4, 0), (1, 3), (3, 1), (1, 4), (2, 3), (2, 4), (4, 2), (3, 4), (4, 3)]"
5718,11,"[(0, 2), (3, 0), (4, 0), (1, 3), (3, 1), (1, 4), (3, 2), (2, 4), (4, 2), (3, 4), (4, 3)]"
5719,11,"[(0, 2), (3, 0), (4, 0), (1, 3), (3, 1), (1, 4), (2, 3), (3, 2), (2, 4), (3, 4), (4, 3)]"
5720,11,"[(0, 2), (3, 0), (4, 0), (1, 3), (3, 1), (1, 4), (2, 3), (3, 2), (4, 2), (3, 4), (4, 3)]"
5721,11,"[(0, 2), (3, 0), (4, 0), (1, 3), (3, 1), (1, 4), (2, 3), (3, 2), (2, 4), (4, 2), (3, 4)]"
5722,11,"[(0, 2), (3, 0), (4, 0), (1, 3), (3, 1), (1, 4), (2, 3), (3, 2), (2, 4), (4, 2), (4, 3)]"
5723,11,"[(0, 2), (3, 0), (4, 0), (1, 3), (3, 1), (4, 1), (2, 3), (2, 4), (4, 2), (3, 4), (4, 3)]"
5724,11,"[(0, 2), (3, 0), (4, 0), (1, 3), (3, 1), (4, 1), (3, 2), (2, 4), (4, 2), (3, 4), (4, 3)]"
5725,11,"[(0, 2), (3, 0), (4, 0), (1, 3), (3, 1), (4, 1), (2, 3), (3, 2), (2, 4), (3, 4), (4, 3)]"
5726,11,"[(0, 2), (3, 0), (4, 0), (1, 3), (3, 1), (4, 1), (2, 3), (3, 2), (4, 2), (3, 4), (4, 3)]"
5727,11,"[(0, 2), (3, 0), (4, 0), (1, 3), (3, 1), (4, 1), (2, 3), (3, 2), (2, 4), (4, 2), (3, 4)]"
5728,11,"[(0, 2), (3, 0), (4, 0), (1, 3), (3, 1), (4, 1), (2, 3), (3, 2), (2, 4), (4, 2), (4, 3)]"
5729,11,"[(0, 2), (3, 0), (4, 0), (1, 3), (3, 1), (1, 4), (4, 1), (2, 3), (2, 4), (3, 4), (4, 3)]"
5730,11,"[(0, 2), (3, 0), (4, 0), (1, 3), (3, 1), (1, 4), (4, 1), (2, 3), (4, 2), (3, 4), (4, 3)]"
5731,11,"[(0, 2), (3, 0), (4, 0), (1, 3), (3, 1), (1, 4), (4, 1), (3, 2), (4, 2), (3, 4), (4, 3)]"
5732,11,"[(0, 2), (3, 0), (4, 0), (1, 3), (3, 1), (1, 4), (4, 1), (2, 3), (3, 2), (2, 4), (3, 4)]"
5733,11,"[(0, 2), (3, 0), (4, 0), (1, 3), (3, 1), (1, 4), (4, 1), (2, 3), (3, 2), (2, 4), (4, 3)]"
5734,11,"[(0, 2), (3, 0), (4, 0), (1, 3), (3, 1), (1, 4), (4, 1), (2, 3), (3, 2), (4, 2), (3, 4)]"
5735,11,"[(0, 2), (3, 0), (4, 0), (1, 3), (3, 1), (1, 4), (4, 1), (2, 3), (3, 2), (4, 2), (4, 3)]"
5736,11,"[(0, 2), (0, 3), (3, 0), (0, 4), (1, 3), (1, 4), (2, 3), (2, 4), (4, 2), (3, 4), (4, 3)]"
5737,11,"[(0, 2), (0, 3), (3, 0), (0, 4), (1, 3), (1, 4), (3, 2), (2, 4), (4, 2), (3, 4), (4, 3)]"
5738,11,"[(0, 2), (0, 3), (3, 0), (0, 4), (1, 3), (1, 4), (2, 3), (3, 2), (2, 4), (3, 4), (4, 3)]"
5739,11,"[(0, 2), (0, 3), (3, 0), (0, 4), (1, 3), (1, 4), (2, 3), (3, 2), (4, 2), (3, 4), (4, 3)]"
5740,11,"[(0, 2), (0, 3), (3, 0), (0, 4), (1, 3), (1, 4), (2, 3), (3, 2), (2, 4), (4, 2), (3, 4)]"
5741,11,"[(0, 2), (0, 3), (3, 0), (0, 4), (1, 3), (1, 4), (2, 3), (3, 2), (2, 4), (4, 2), (4, 3)]"
5742,11,"[(0, 2), (0, 3), (3, 0), (0, 4), (1, 3), (4, 1), (2, 3), (2, 4), (4, 2), (3, 4), (4, 3)]"
5743,11,"[(0, 2), (0, 3), (3, 0), (0, 4), (1, 3), (4, 1), (3, 2), (2, 4), (4, 2), (3, 4), (4, 3)]"
5744,11,"[(0, 2), (0, 3), (3, 0), (0, 4), (1, 3), (4, 1), (2, 3), (3, 2), (2, 4), (3, 4), (4, 3)]"
5745,11,"[(0, 2), (0, 3), (3, 0), (0, 4), (1, 3), (4, 1), (2, 3), (3, 2), (4, 2), (3, 4), (4, 3)]"
5746,11,"[(0, 2), (0, 3), (3, 0), (0, 4), (1, 3), (4, 1), (2, 3), (3, 2), (2, 4), (4, 2), (3, 4)]"
5747,11,"[(0, 2), (0, 3), (3, 0), (0, 4), (1, 3), (4, 1), (2, 3), (3, 2), (2, 4), (4, 2), (4, 3)]"
5748,11,"[(0, 2), (0, 3), (3, 0), (0, 4), (1, 3), (1, 4), (4, 1), (2, 3), (2, 4), (3, 4), (4, 3)]"
5749,11,"[(0, 2), (0, 3), (3, 0), (0, 4), (1, 3), (1, 4), (4, 1), (2, 3), (4, 2), (3, 4), (4, 3)]"
5750,11,"[(0, 2), (0, 3), (3, 0), (0, 4), (1, 3), (1, 4), (4, 1), (2, 3), (2, 4), (4, 2), (3, 4)]"
5751,11,"[(0, 2), (0, 3), (3, 0), (0, 4), (1, 3), (1, 4), (4, 1), (2, 3), (2, 4), (4, 2), (4, 3)]"
5752,11,"[(0, 2), (0, 3), (3, 0), (0, 4), (1, 3), (1, 4), (4, 1), (3, 2), (2, 4), (3, 4), (4, 3)]"
5753,11,"[(0, 2), (0, 3), (3, 0), (0, 4), (1, 3), (1, 4), (4, 1), (3, 2), (4, 2), (3, 4), (4, 3)]"
5754,11,"[(0, 2), (0, 3), (3, 0), (0, 4), (1, 3), (1, 4), (4, 1), (3, 2), (2, 4), (4, 2), (3, 4)]"
5755,11,"[(0, 2), (0, 3), (3, 0), (0, 4), (1, 3), (1, 4), (4, 1), (3, 2), (2, 4), (4, 2), (4, 3)]"
5756,11,"[(0, 2), (0, 3), (3, 0), (0, 4), (1, 3), (1, 4), (4, 1), (2, 3), (3, 2), (2, 4), (3, 4)]"
5757,11,"[(0, 2), (0, 3), (3, 0), (0, 4), (1, 3), (1, 4), (4, 1), (2, 3), (3, 2), (2, 4), (4, 3)]"
5758,11,"[(0, 2), (0, 3), (3, 0), (0, 4), (1, 3), (1, 4), (4, 1), (2, 3), (3, 2), (4, 2), (3, 4)]"
5759,11,"[(0, 2), (0, 3), (3, 0), (0, 4), (1, 3), (1, 4), (4, 1), (2, 3), (3, 2), (4, 2), (4, 3)]"
5760,11,"[(0, 2), (0, 3), (3, 0), (0, 4), (3, 1), (1, 4), (2, 3), (2, 4), (4, 2), (3, 4), (4, 3)]"
5761,11,"[(0, 2), (0, 3), (3, 0), (0, 4), (3, 1), (1, 4), (3, 2), (2, 4), (4, 2), (3, 4), (4, 3)]"
5762,11,"[(0, 2), (0, 3), (3, 0), (0, 4), (3, 1), (1, 4), (2, 3), (3, 2), (2, 4), (3, 4), (4, 3)]"
5763,11,"[(0, 2), (0, 3), (3, 0), (0, 4), (3, 1), (1, 4), (2, 3), (3, 2), (4, 2), (3, 4), (4, 3)]"
5764,11,"[(0, 2), (0, 3), (3, 0), (0, 4), (3, 1), (1, 4), (2, 3), (3, 2), (2, 4), (4, 2), (3, 4)]"
5765,11,"[(0, 2), (0, 3), (3, 0), (0, 4), (3, 1), (1, 4), (2, 3), (3, 2), (2, 4), (4, 2), (4, 3)]"
5766,11,"[(0, 2), (0, 3), (3, 0), (0, 4), (3, 1), (4, 1), (2, 3), (2, 4), (4, 2), (3, 4), (4, 3)]"
5767,11,"[(0, 2), (0, 3), (3, 0), (0, 4), (3, 1), (4, 1), (3, 2), (2, 4), (4, 2), (3, 4), (4, 3)]"
5768,11,"[(0, 2), (0, 3), (3, 0), (0, 4), (3, 1), (4, 1), (2, 3), (3, 2), (2, 4), (3, 4), (4, 3)]"
5769,11,"[(0, 2), (0, 3), (3, 0), (0, 4), (3, 1), (4, 1), (2, 3), (3, 2), (4, 2), (3, 4), (4, 3)]"
5770,11,"[(0, 2), (0, 3), (3, 0), (0, 4), (3, 1), (4, 1), (2, 3), (3, 2), (2, 4), (4, 2), (3, 4)]"
5771,11,"[(0, 2), (0, 3), (3, 0), (0, 4), (3, 1), (4, 1), (2, 3), (3, 2), (2, 4), (4, 2), (4, 3)]"
5772,11,"[(0, 2), (0, 3), (3, 0), (0, 4), (3, 1), (1, 4), (4, 1), (2, 3), (2, 4), (3, 4), (4, 3)]"
5773,11,"[(0, 2), (0, 3), (3, 0), (0, 4), (3, 1), (1, 4), (4, 1), (2, 3), (4, 2), (3, 4), (4, 3)]"
5774,11,"[(0, 2), (0, 3), (3, 0), (0, 4), (3, 1), (1, 4), (4, 1), (2, 3), (2, 4), (4, 2), (3, 4)]"
5775,11,"[(0, 2), (0, 3), (3, 0), (0, 4), (3, 1), (1, 4), (4, 1), (2, 3), (2, 4), (4, 2), (4, 3)]"
5776,11,"[(0, 2), (0, 3), (3, 0), (0, 4), (3, 1), (1, 4), (4, 1), (3, 2), (2, 4), (3, 4), (4, 3)]"
5777,11,"[(0, 2), (0, 3), (3, 0), (0, 4), (3, 1), (1, 4), (4, 1), (3, 2), (4, 2), (3, 4), (4, 3)]"
5778,11,"[(0, 2), (0, 3), (3, 0), (0, 4), (3, 1), (1, 4), (4, 1), (3, 2), (2, 4), (4, 2), (3, 4)]"
5779,11,"[(0, 2), (0, 3), (3, 0), (0, 4), (3, 1), (1, 4), (4, 1), (3, 2), (2, 4), (4, 2), (4, 3)]"
5780,11,"[(0, 2), (0, 3), (3, 0), (0, 4), (3, 1), (1, 4), (4, 1), (2, 3), (3, 2), (2, 4), (3, 4)]"
5781,11,"[(0, 2), (0, 3), (3, 0), (0, 4), (3, 1), (1, 4), (4, 1), (2, 3), (3, 2), (2, 4), (4, 3)]"
5782,11,"[(0, 2), (0, 3), (3, 0), (0, 4), (3, 1), (1, 4), (4, 1), (2, 3), (3, 2), (4, 2), (3, 4)]"
5783,11,"[(0, 2), (0, 3), (3, 0), (0, 4), (3, 1), (1, 4), (4, 1), (2, 3), (3, 2), (4, 2), (4, 3)]"
5784,11,"[(0, 2), (0, 3), (3, 0), (0, 4), (1, 3), (3, 1), (1, 4), (2, 3), (2, 4), (3, 4), (4, 3)]"
5785,11,"[(0, 2), (0, 3), (3, 0), (0, 4), (1, 3), (3, 1), (1, 4), (2, 3), (4, 2), (3, 4), (4, 3)]"
5786,11,"[(0, 2), (0, 3), (3, 0), (0, 4), (1, 3), (3, 1), (1, 4), (2, 3), (2, 4), (4, 2), (3, 4)]"
5787,11,"[(0, 2), (0, 3), (3, 0), (0, 4), (1, 3), (3, 1), (1, 4), (2, 3), (2, 4), (4, 2), (4, 3)]"
5788,11,"[(0, 2), (0, 3), (3, 0), (0, 4), (1, 3), (3, 1), (1, 4), (3, 2), (2, 4), (3, 4), (4, 3)]"
5789,11,"[(0, 2), (0, 3), (3, 0), (0, 4), (1, 3), (3, 1), (1, 4), (3, 2), (4, 2), (3, 4), (4, 3)]"
5790,11,"[(0, 2), (0, 3), (3, 0), (0, 4), (1, 3), (3, 1), (1, 4), (3, 2), (2, 4), (4, 2), (3, 4)]"
5791,11,"[(0, 2), (0, 3), (3, 0), (0, 4), (1, 3), (3, 1), (1, 4), (3, 2), (2, 4), (4, 2), (4, 3)]"
5792,11,"[(0, 2), (0, 3), (3, 0), (0, 4), (1, 3), (3, 1), (1, 4), (2, 3), (3, 2), (2, 4), (3, 4)]"
5793,11,"[(0, 2), (0, 3), (3, 0), (0, 4), (1, 3), (3, 1), (1, 4), (2, 3), (3, 2), (2, 4), (4, 3)]"
5794,11,"[(0, 2), (0, 3), (3, 0), (0, 4), (1, 3), (3, 1), (1, 4), (2, 3), (3, 2), (4, 2), (3, 4)]"
5795,11,"[(0, 2), (0, 3), (3, 0), (0, 4), (1, 3), (3, 1), (1, 4), (2, 3), (3, 2), (4, 2), (4, 3)]"
5796,11,"[(0, 2), (0, 3), (3, 0), (0, 4), (1, 3), (3, 1), (4, 1), (2, 3), (2, 4), (3, 4), (4, 3)]"
5797,11,"[(0, 2), (0, 3), (3, 0), (0, 4), (1, 3), (3, 1), (4, 1), (2, 3), (4, 2), (3, 4), (4, 3)]"
5798,11,"[(0, 2), (0, 3), (3, 0), (0, 4), (1, 3), (3, 1), (4, 1), (2, 3), (2, 4), (4, 2), (3, 4)]"
5799,11,"[(0, 2), (0, 3), (3, 0), (0, 4), (1, 3), (3, 1), (4, 1), (2, 3), (2, 4), (4, 2), (4, 3)]"
5800,11,"[(0, 2), (0, 3), (3, 0), (0, 4), (1, 3), (3, 1), (4, 1), (3, 2), (2, 4), (3, 4), (4, 3)]"
5801,11,"[(0, 2), (0, 3), (3, 0), (0, 4), (1, 3), (3, 1), (4, 1), (3, 2), (4, 2), (3, 4), (4, 3)]"
5802,11,"[(0, 2), (0, 3), (3, 0), (0, 4), (1, 3), (3, 1), (4, 1), (3, 2), (2, 4), (4, 2), (3, 4)]"
5803,11,"[(0, 2), (0, 3), (3, 0), (0, 4), (1, 3), (3, 1), (4, 1), (3, 2), (2, 4), (4, 2), (4, 3)]"
5804,11,"[(0, 2), (0, 3), (3, 0), (0, 4), (1, 3), (3, 1), (4, 1), (2, 3), (3, 2), (2, 4), (3, 4)]"
5805,11,"[(0, 2), (0, 3), (3, 0), (0, 4), (1, 3), (3, 1), (4, 1), (2, 3), (3, 2), (2, 4), (4, 3)]"
5806,11,"[(0, 2), (0, 3), (3, 0), (0, 4), (1, 3), (3, 1), (4, 1), (2, 3), (3, 2), (4, 2), (3, 4)]"
5807,11,"[(0, 2), (0, 3), (3, 0), (0, 4), (1, 3), (3, 1), (4, 1), (2, 3), (3, 2), (4, 2), (4, 3)]"
5808,11,"[(0, 2), (0, 3), (3, 0), (0, 4), (1, 3), (3, 1), (1, 4), (4, 1), (2, 3), (2, 4), (3, 4)]"
5809,11,"[(0, 2), (0, 3), (3, 0), (0, 4), (1, 3), (3, 1), (1, 4), (4, 1), (2, 3), (2, 4), (4, 3)]"
5810,11,"[(0, 2), (0, 3), (3, 0), (0, 4), (1, 3), (3, 1), (1, 4), (4, 1), (2, 3), (4, 2), (3, 4)]"
5811,11,"[(0, 2), (0, 3), (3, 0), (0, 4), (1, 3), (3, 1), (1, 4), (4, 1), (2, 3), (4, 2), (4, 3)]"
5812,11,"[(0, 2), (0, 3), (3, 0), (0, 4), (1, 3), (3, 1), (1, 4), (4, 1), (3, 2), (2, 4), (3, 4)]"
5813,11,"[(0, 2), (0, 3), (3, 0), (0, 4), (1, 3), (3, 1), (1, 4), (4, 1), (3, 2), (2, 4), (4, 3)]"
5814,11,"[(0, 2), (0, 3), (3, 0), (0, 4), (1, 3), (3, 1), (1, 4), (4, 1), (3, 2), (4, 2), (3, 4)]"
5815,11,"[(0, 2), (0, 3), (3, 0), (0, 4), (1, 3), (3, 1), (1, 4), (4, 1), (3, 2), (4, 2), (4, 3)]"
5816,11,"[(0, 2), (0, 3), (3, 0), (4, 0), (1, 3), (1, 4), (2, 3), (2, 4), (4, 2), (3, 4), (4, 3)]"
5817,11,"[(0, 2), (0, 3), (3, 0), (4, 0), (1, 3), (1, 4), (3, 2), (2, 4), (4, 2), (3, 4), (4, 3)]"
5818,11,"[(0, 2), (0, 3), (3, 0), (4, 0), (1, 3), (1, 4), (2, 3), (3, 2), (2, 4), (3, 4), (4, 3)]"
5819,11,"[(0, 2), (0, 3), (3, 0), (4, 0), (1, 3), (1, 4), (2, 3), (3, 2), (4, 2), (3, 4), (4, 3)]"
5820,11,"[(0, 2), (0, 3), (3, 0), (4, 0), (1, 3), (1, 4), (2, 3), (3, 2), (2, 4), (4, 2), (3, 4)]"
5821,11,"[(0, 2), (0, 3), (3, 0), (4, 0), (1, 3), (1, 4), (2, 3), (3, 2), (2, 4), (4, 2), (4, 3)]"
5822,11,"[(0, 2), (0, 3), (3, 0), (4, 0), (1, 3), (4, 1), (2, 3), (2, 4), (4, 2), (3, 4), (4, 3)]"
5823,11,"[(0, 2), (0, 3), (3, 0), (4, 0), (1, 3), (4, 1), (3, 2), (2, 4), (4, 2), (3, 4), (4, 3)]"
5824,11,"[(0, 2), (0, 3), (3, 0), (4, 0), (1, 3), (4, 1), (2, 3), (3, 2), (2, 4), (3, 4), (4, 3)]"
5825,11,"[(0, 2), (0, 3), (3, 0), (4, 0), (1, 3), (4, 1), (2, 3), (3, 2), (4, 2), (3, 4), (4, 3)]"
5826,11,"[(0, 2), (0, 3), (3, 0), (4, 0), (1, 3), (4, 1), (2, 3), (3, 2), (2, 4), (4, 2), (3, 4)]"
5827,11,"[(0, 2), (0, 3), (3, 0), (4, 0), (1, 3), (4, 1), (2, 3), (3, 2), (2, 4), (4, 2), (4, 3)]"
5828,11,"[(0, 2), (0, 3), (3, 0), (4, 0), (1, 3), (1, 4), (4, 1), (2, 3), (2, 4), (3, 4), (4, 3)]"
5829,11,"[(0, 2), (0, 3), (3, 0), (4, 0), (1, 3), (1, 4), (4, 1), (2, 3), (4, 2), (3, 4), (4, 3)]"
5830,11,"[(0, 2), (0, 3), (3, 0), (4, 0), (1, 3), (1, 4), (4, 1), (2, 3), (2, 4), (4, 2), (3, 4)]"
5831,11,"[(0, 2), (0, 3), (3, 0), (4, 0), (1, 3), (1, 4), (4, 1), (2, 3), (2, 4), (4, 2), (4, 3)]"
5832,11,"[(0, 2), (0, 3), (3, 0), (4, 0), (1, 3), (1, 4), (4, 1), (3, 2), (2, 4), (3, 4), (4, 3)]"
5833,11,"[(0, 2), (0, 3), (3, 0), (4, 0), (1, 3), (1, 4), (4, 1), (3, 2), (4, 2), (3, 4), (4, 3)]"
5834,11,"[(0, 2), (0, 3), (3, 0), (4, 0), (1, 3), (1, 4), (4, 1), (3, 2), (2, 4), (4, 2), (3, 4)]"
5835,11,"[(0, 2), (0, 3), (3, 0), (4, 0), (1, 3), (1, 4), (4, 1), (3, 2), (2, 4), (4, 2), (4, 3)]"
5836,11,"[(0, 2), (0, 3), (3, 0), (4, 0), (1, 3), (1, 4), (4, 1), (2, 3), (3, 2), (2, 4), (3, 4)]"
5837,11,"[(0, 2), (0, 3), (3, 0), (4, 0), (1, 3), (1, 4), (4, 1), (2, 3), (3, 2), (2, 4), (4, 3)]"
5838,11,"[(0, 2), (0, 3), (3, 0), (4, 0), (1, 3), (1, 4), (4, 1), (2, 3), (3, 2), (4, 2), (3, 4)]"
5839,11,"[(0, 2), (0, 3), (3, 0), (4, 0), (1, 3), (1, 4), (4, 1), (2, 3), (3, 2), (4, 2), (4, 3)]"
5840,11,"[(0, 2), (0, 3), (3, 0), (4, 0), (3, 1), (1, 4), (2, 3), (2, 4), (4, 2), (3, 4), (4, 3)]"
5841,11,"[(0, 2), (0, 3), (3, 0), (4, 0), (3, 1), (1, 4), (3, 2), (2, 4), (4, 2), (3, 4), (4, 3)]"
5842,11,"[(0, 2), (0, 3), (3, 0), (4, 0), (3, 1), (1, 4), (2, 3), (3, 2), (2, 4), (3, 4), (4, 3)]"
5843,11,"[(0, 2), (0, 3), (3, 0), (4, 0), (3, 1), (1, 4), (2, 3), (3, 2), (4, 2), (3, 4), (4, 3)]"
5844,11,"[(0, 2), (0, 3), (3, 0), (4, 0), (3, 1), (1, 4), (2, 3), (3, 2), (2, 4), (4, 2), (3, 4)]"
5845,11,"[(0, 2), (0, 3), (3, 0), (4, 0), (3, 1), (1, 4), (2, 3), (3, 2), (2, 4), (4, 2), (4, 3)]"
5846,11,"[(0, 2), (0, 3), (3, 0), (4, 0), (3, 1), (4, 1), (2, 3), (2, 4), (4, 2), (3, 4), (4, 3)]"
5847,11,"[(0, 2), (0, 3), (3, 0), (4, 0), (3, 1), (4, 1), (3, 2), (2, 4), (4, 2), (3, 4), (4, 3)]"
5848,11,"[(0, 2), (0, 3), (3, 0), (4, 0), (3, 1), (4, 1), (2, 3), (3, 2), (2, 4), (3, 4), (4, 3)]"
5849,11,"[(0, 2), (0, 3), (3, 0), (4, 0), (3, 1), (4, 1), (2, 3), (3, 2), (4, 2), (3, 4), (4, 3)]"
5850,11,"[(0, 2), (0, 3), (3, 0), (4, 0), (3, 1), (4, 1), (2, 3), (3, 2), (2, 4), (4, 2), (3, 4)]"
5851,11,"[(0, 2), (0, 3), (3, 0), (4, 0), (3, 1), (4, 1), (2, 3), (3, 2), (2, 4), (4, 2), (4, 3)]"
5852,11,"[(0, 2), (0, 3), (3, 0), (4, 0), (3, 1), (1, 4), (4, 1), (2, 3), (2, 4), (3, 4), (4, 3)]"
5853,11,"[(0, 2), (0, 3), (3, 0), (4, 0), (3, 1), (1, 4), (4, 1), (2, 3), (4, 2), (3, 4), (4, 3)]"
5854,11,"[(0, 2), (0, 3), (3, 0), (4, 0), (3, 1), (1, 4), (4, 1), (2, 3), (2, 4), (4, 2), (3, 4)]"
5855,11,"[(0, 2), (0, 3), (3, 0), (4, 0), (3, 1), (1, 4), (4, 1), (2, 3), (2, 4), (4, 2), (4, 3)]"
5856,11,"[(0, 2), (0, 3), (3, 0), (4, 0), (3, 1), (1, 4), (4, 1), (3, 2), (2, 4), (3, 4), (4, 3)]"
5857,11,"[(0, 2), (0, 3), (3, 0), (4, 0), (3, 1), (1, 4), (4, 1), (3, 2), (4, 2), (3, 4), (4, 3)]"
5858,11,"[(0, 2), (0, 3), (3, 0), (4, 0), (3, 1), (1, 4), (4, 1), (3, 2), (2, 4), (4, 2), (3, 4)]"
5859,11,"[(0, 2), (0, 3), (3, 0), (4, 0), (3, 1), (1, 4), (4, 1), (3, 2), (2, 4), (4, 2), (4, 3)]"
5860,11,"[(0, 2), (0, 3), (3, 0), (4, 0), (3, 1), (1, 4), (4, 1), (2, 3), (3, 2), (2, 4), (3, 4)]"
5861,11,"[(0, 2), (0, 3), (3, 0), (4, 0), (3, 1), (1, 4), (4, 1), (2, 3), (3, 2), (2, 4), (4, 3)]"
5862,11,"[(0, 2), (0, 3), (3, 0), (4, 0), (3, 1), (1, 4), (4, 1), (2, 3), (3, 2), (4, 2), (3, 4)]"
5863,11,"[(0, 2), (0, 3), (3, 0), (4, 0), (3, 1), (1, 4), (4, 1), (2, 3), (3, 2), (4, 2), (4, 3)]"
5864,11,"[(0, 2), (0, 3), (3, 0), (4, 0), (1, 3), (3, 1), (1, 4), (2, 3), (2, 4), (3, 4), (4, 3)]"
5865,11,"[(0, 2), (0, 3), (3, 0), (4, 0), (1, 3), (3, 1), (1, 4), (2, 3), (4, 2), (3, 4), (4, 3)]"
5866,11,"[(0, 2), (0, 3), (3, 0), (4, 0), (1, 3), (3, 1), (1, 4), (2, 3), (2, 4), (4, 2), (3, 4)]"
5867,11,"[(0, 2), (0, 3), (3, 0), (4, 0), (1, 3), (3, 1), (1, 4), (2, 3), (2, 4), (4, 2), (4, 3)]"
5868,11,"[(0, 2), (0, 3), (3, 0), (4, 0), (1, 3), (3, 1), (1, 4), (3, 2), (2, 4), (3, 4), (4, 3)]"
5869,11,"[(0, 2), (0, 3), (3, 0), (4, 0), (1, 3), (3, 1), (1, 4), (3, 2), (4, 2), (3, 4), (4, 3)]"
5870,11,"[(0, 2), (0, 3), (3, 0), (4, 0), (1, 3), (3, 1), (1, 4), (3, 2), (2, 4), (4, 2), (3, 4)]"
5871,11,"[(0, 2), (0, 3), (3, 0), (4, 0), (1, 3), (3, 1), (1, 4), (3, 2), (2, 4), (4, 2), (4, 3)]"
5872,11,"[(0, 2), (0, 3), (3, 0), (4, 0), (1, 3), (3, 1), (1, 4), (2, 3), (3, 2), (2, 4), (3, 4)]"
5873,11,"[(0, 2), (0, 3), (3, 0), (4, 0), (1, 3), (3, 1), (1, 4), (2, 3), (3, 2), (2, 4), (4, 3)]"
5874,11,"[(0, 2), (0, 3), (3, 0), (4, 0), (1, 3), (3, 1), (1, 4), (2, 3), (3, 2), (4, 2), (3, 4)]"
5875,11,"[(0, 2), (0, 3), (3, 0), (4, 0), (1, 3), (3, 1), (1, 4), (2, 3), (3, 2), (4, 2), (4, 3)]"
5876,11,"[(0, 2), (0, 3), (3, 0), (4, 0), (1, 3), (3, 1), (4, 1), (2, 3), (2, 4), (3, 4), (4, 3)]"
5877,11,"[(0, 2), (0, 3), (3, 0), (4, 0), (1, 3), (3, 1), (4, 1), (2, 3), (4, 2), (3, 4), (4, 3)]"
5878,11,"[(0, 2), (0, 3), (3, 0), (4, 0), (1, 3), (3, 1), (4, 1), (2, 3), (2, 4), (4, 2), (3, 4)]"
5879,11,"[(0, 2), (0, 3), (3, 0), (4, 0), (1, 3), (3, 1), (4, 1), (2, 3), (2, 4), (4, 2), (4, 3)]"
5880,11,"[(0, 2), (0, 3), (3, 0), (4, 0), (1, 3), (3, 1), (4, 1), (3, 2), (2, 4), (3, 4), (4, 3)]"
5881,11,"[(0, 2), (0, 3), (3, 0), (4, 0), (1, 3), (3, 1), (4, 1), (3, 2), (4, 2), (3, 4), (4, 3)]"
5882,11,"[(0, 2), (0, 3), (3, 0), (4, 0), (1, 3), (3, 1), (4, 1), (3, 2), (2, 4), (4, 2), (3, 4)]"
5883,11,"[(0, 2), (0, 3), (3, 0), (4, 0), (1, 3), (3, 1), (4, 1), (3, 2), (2, 4), (4, 2), (4, 3)]"
5884,11,"[(0, 2), (0, 3), (3, 0), (4, 0), (1, 3), (3, 1), (4, 1), (2, 3), (3, 2), (2, 4), (3, 4)]"
5885,11,"[(0, 2), (0, 3), (3, 0), (4, 0), (1, 3), (3, 1), (4, 1), (2, 3), (3, 2), (2, 4), (4, 3)]"
5886,11,"[(0, 2), (0, 3), (3, 0), (4, 0), (1, 3), (3, 1), (4, 1), (2, 3), (3, 2), (4, 2), (3, 4)]"
5887,11,"[(0, 2), (0, 3), (3, 0), (4, 0), (1, 3), (3, 1), (4, 1), (2, 3), (3, 2), (4, 2), (4, 3)]"
5888,11,"[(0, 2), (0, 3), (3, 0), (4, 0), (1, 3), (3, 1), (1, 4), (4, 1), (2, 3), (2, 4), (3, 4)]"
5889,11,"[(0, 2), (0, 3), (3, 0), (4, 0), (1, 3), (3, 1), (1, 4), (4, 1), (2, 3), (2, 4), (4, 3)]"
5890,11,"[(0, 2), (0, 3), (3, 0), (4, 0), (1, 3), (3, 1), (1, 4), (4, 1), (2, 3), (4, 2), (3, 4)]"
5891,11,"[(0, 2), (0, 3), (3, 0), (4, 0), (1, 3), (3, 1), (1, 4), (4, 1), (2, 3), (4, 2), (4, 3)]"
5892,11,"[(0, 2), (0, 3), (3, 0), (4, 0), (1, 3), (3, 1), (1, 4), (4, 1), (3, 2), (2, 4), (3, 4)]"
5893,11,"[(0, 2), (0, 3), (3, 0), (4, 0), (1, 3), (3, 1), (1, 4), (4, 1), (3, 2), (2, 4), (4, 3)]"
5894,11,"[(0, 2), (0, 3), (3, 0), (4, 0), (1, 3), (3, 1), (1, 4), (4, 1), (3, 2), (4, 2), (3, 4)]"
5895,11,"[(0, 2), (0, 3), (3, 0), (4, 0), (1, 3), (3, 1), (1, 4), (4, 1), (3, 2), (4, 2), (4, 3)]"
5896,11,"[(0, 2), (0, 3), (3, 0), (0, 4), (4, 0), (1, 3), (1, 4), (2, 3), (2, 4), (3, 4), (4, 3)]"
5897,11,"[(0, 2), (0, 3), (3, 0), (0, 4), (4, 0), (1, 3), (1, 4), (2, 3), (4, 2), (3, 4), (4, 3)]"
5898,11,"[(0, 2), (0, 3), (3, 0), (0, 4), (4, 0), (1, 3), (1, 4), (3, 2), (4, 2), (3, 4), (4, 3)]"
5899,11,"[(0, 2), (0, 3), (3, 0), (0, 4), (4, 0), (1, 3), (1, 4), (2, 3), (3, 2), (2, 4), (3, 4)]"
5900,11,"[(0, 2), (0, 3), (3, 0), (0, 4), (4, 0), (1, 3), (1, 4), (2, 3), (3, 2), (2, 4), (4, 3)]"
5901,11,"[(0, 2), (0, 3), (3, 0), (0, 4), (4, 0), (1, 3), (1, 4), (2, 3), (3, 2), (4, 2), (3, 4)]"
5902,11,"[(0, 2), (0, 3), (3, 0), (0, 4), (4, 0), (1, 3), (1, 4), (2, 3), (3, 2), (4, 2), (4, 3)]"
5903,11,"[(0, 2), (0, 3), (3, 0), (0, 4), (4, 0), (1, 3), (4, 1), (2, 3), (2, 4), (3, 4), (4, 3)]"
5904,11,"[(0, 2), (0, 3), (3, 0), (0, 4), (4, 0), (1, 3), (4, 1), (2, 3), (4, 2), (3, 4), (4, 3)]"
5905,11,"[(0, 2), (0, 3), (3, 0), (0, 4), (4, 0), (1, 3), (4, 1), (2, 3), (2, 4), (4, 2), (3, 4)]"
5906,11,"[(0, 2), (0, 3), (3, 0), (0, 4), (4, 0), (1, 3), (4, 1), (2, 3), (2, 4), (4, 2), (4, 3)]"
5907,11,"[(0, 2), (0, 3), (3, 0), (0, 4), (4, 0), (1, 3), (4, 1), (3, 2), (2, 4), (3, 4), (4, 3)]"
5908,11,"[(0, 2), (0, 3), (3, 0), (0, 4), (4, 0), (1, 3), (4, 1), (3, 2), (4, 2), (3, 4), (4, 3)]"
5909,11,"[(0, 2), (0, 3), (3, 0), (0, 4), (4, 0), (1, 3), (4, 1), (3, 2), (2, 4), (4, 2), (3, 4)]"
5910,11,"[(0, 2), (0, 3), (3, 0), (0, 4), (4, 0), (1, 3), (4, 1), (3, 2), (2, 4), (4, 2), (4, 3)]"
5911,11,"[(0, 2), (0, 3), (3, 0), (0, 4), (4, 0), (1, 3), (4, 1), (2, 3), (3, 2), (2, 4), (3, 4)]"
5912,11,"[(0, 2), (0, 3), (3, 0), (0, 4), (4, 0), (1, 3), (4, 1), (2, 3), (3, 2), (2, 4), (4, 3)]"
5913,11,"[(0, 2), (0, 3), (3, 0), (0, 4), (4, 0), (1, 3), (4, 1), (2, 3), (3, 2), (4, 2), (3, 4)]"
5914,11,"[(0, 2), (0, 3), (3, 0), (0, 4), (4, 0), (1, 3), (4, 1), (2, 3), (3, 2), (4, 2), (4, 3)]"
5915,11,"[(0, 2), (0, 3), (3, 0), (0, 4), (4, 0), (3, 1), (4, 1), (2, 3), (2, 4), (3, 4), (4, 3)]"
5916,11,"[(0, 2), (0, 3), (3, 0), (0, 4), (4, 0), (3, 1), (4, 1), (2, 3), (4, 2), (3, 4), (4, 3)]"
5917,11,"[(0, 2), (0, 3), (3, 0), (0, 4), (4, 0), (3, 1), (4, 1), (3, 2), (4, 2), (3, 4), (4, 3)]"
5918,11,"[(0, 2), (0, 3), (3, 0), (0, 4), (4, 0), (3, 1), (4, 1), (2, 3), (3, 2), (2, 4), (3, 4)]"
5919,11,"[(0, 2), (0, 3), (3, 0), (0, 4), (4, 0), (3, 1), (4, 1), (2, 3), (3, 2), (2, 4), (4, 3)]"
5920,11,"[(0, 2), (0, 3), (3, 0), (0, 4), (4, 0), (3, 1), (4, 1), (2, 3), (3, 2), (4, 2), (3, 4)]"
5921,11,"[(0, 2), (0, 3), (3, 0), (0, 4), (4, 0), (3, 1), (4, 1), (2, 3), (3, 2), (4, 2), (4, 3)]"
5922,11,"[(0, 2), (0, 3), (3, 0), (0, 4), (4, 0), (1, 3), (3, 1), (1, 4), (2, 3), (2, 4), (3, 4)]"
5923,11,"[(0, 2), (0, 3), (3, 0), (0, 4), (4, 0), (1, 3), (3, 1), (1, 4), (2, 3), (2, 4), (4, 3)]"
5924,11,"[(0, 2), (0, 3), (3, 0), (0, 4), (4, 0), (1, 3), (3, 1), (1, 4), (2, 3), (4, 2), (3, 4)]"
5925,11,"[(0, 2), (0, 3), (3, 0), (0, 4), (4, 0), (1, 3), (3, 1), (1, 4), (2, 3), (4, 2), (4, 3)]"
5926,11,"[(0, 2), (0, 3), (3, 0), (0, 4), (4, 0), (1, 3), (3, 1), (1, 4), (3, 2), (2, 4), (3, 4)]"
5927,11,"[(0, 2), (0, 3), (3, 0), (0, 4), (4, 0), (1, 3), (3, 1), (1, 4), (3, 2), (2, 4), (4, 3)]"
5928,11,"[(0, 2), (0, 3), (3, 0), (0, 4), (4, 0), (1, 3), (3, 1), (1, 4), (3, 2), (4, 2), (3, 4)]"
5929,11,"[(0, 2), (0, 3), (3, 0), (0, 4), (4, 0), (1, 3), (3, 1), (1, 4), (3, 2), (4, 2), (4, 3)]"
5930,11,"[(0, 2), (0, 3), (3, 0), (0, 4), (4, 0), (1, 3), (3, 1), (4, 1), (2, 3), (2, 4), (3, 4)]"
5931,11,"[(0, 2), (0, 3), (3, 0), (0, 4), (4, 0), (1, 3), (3, 1), (4, 1), (2, 3), (2, 4), (4, 3)]"
5932,11,"[(0, 2), (0, 3), (3, 0), (0, 4), (4, 0), (1, 3), (3, 1), (4, 1), (2, 3), (4, 2), (3, 4)]"
5933,11,"[(0, 2), (0, 3), (3, 0), (0, 4), (4, 0), (1, 3), (3, 1), (4, 1), (2, 3), (4, 2), (4, 3)]"
5934,11,"[(0, 2), (0, 3), (3, 0), (0, 4), (4, 0), (1, 3), (3, 1), (4, 1), (3, 2), (2, 4), (3, 4)]"
5935,11,"[(0, 2), (0, 3), (3, 0), (0, 4), (4, 0), (1, 3), (3, 1), (4, 1), (3, 2), (2, 4), (4, 3)]"
5936,11,"[(0, 2), (0, 3), (3, 0), (0, 4), (4, 0), (1, 3), (3, 1), (4, 1), (3, 2), (4, 2), (3, 4)]"
5937,11,"[(0, 2), (0, 3), (3, 0), (0, 4), (4, 0), (1, 3), (3, 1), (4, 1), (3, 2), (4, 2), (4, 3)]"
5938,11,"[(0, 2), (2, 0), (0, 3), (0, 4), (1, 3), (3, 1), (1, 4), (2, 3), (2, 4), (3, 4), (4, 3)]"
5939,11,"[(0, 2), (2, 0), (0, 3), (0, 4), (1, 3), (3, 1), (1, 4), (2, 3), (4, 2), (3, 4), (4, 3)]"
5940,11,"[(0, 2), (2, 0), (0, 3), (0, 4), (1, 3), (3, 1), (1, 4), (3, 2), (2, 4), (3, 4), (4, 3)]"
5941,11,"[(0, 2), (2, 0), (0, 3), (0, 4), (1, 3), (3, 1), (1, 4), (3, 2), (4, 2), (3, 4), (4, 3)]"
5942,11,"[(0, 2), (2, 0), (0, 3), (0, 4), (1, 3), (3, 1), (4, 1), (2, 3), (2, 4), (3, 4), (4, 3)]"
5943,11,"[(0, 2), (2, 0), (0, 3), (0, 4), (1, 3), (3, 1), (4, 1), (2, 3), (4, 2), (3, 4), (4, 3)]"
5944,11,"[(0, 2), (2, 0), (0, 3), (0, 4), (1, 3), (3, 1), (4, 1), (3, 2), (2, 4), (3, 4), (4, 3)]"
5945,11,"[(0, 2), (2, 0), (0, 3), (0, 4), (1, 3), (3, 1), (4, 1), (3, 2), (4, 2), (3, 4), (4, 3)]"
5946,11,"[(0, 2), (2, 0), (0, 3), (0, 4), (1, 3), (3, 1), (1, 4), (4, 1), (2, 3), (2, 4), (3, 4)]"
5947,11,"[(0, 2), (2, 0), (0, 3), (0, 4), (1, 3), (3, 1), (1, 4), (4, 1), (2, 3), (4, 2), (3, 4)]"
5948,11,"[(0, 2), (2, 0), (0, 3), (0, 4), (1, 3), (3, 1), (1, 4), (4, 1), (2, 3), (4, 2), (4, 3)]"
5949,11,"[(0, 2), (2, 0), (0, 3), (0, 4), (1, 3), (3, 1), (1, 4), (4, 1), (3, 2), (4, 2), (3, 4)]"
5950,11,"[(0, 2), (2, 0), (0, 3), (4, 0), (1, 3), (1, 4), (4, 1), (2, 3), (4, 2), (3, 4), (4, 3)]"
5951,11,"[(0, 2), (2, 0), (0, 3), (4, 0), (1, 3), (1, 4), (4, 1), (3, 2), (4, 2), (3, 4), (4, 3)]"
5952,11,"[(0, 2), (2, 0), (0, 3), (4, 0), (3, 1), (1, 4), (4, 1), (2, 3), (4, 2), (3, 4), (4, 3)]"
5953,11,"[(0, 2), (2, 0), (0, 3), (4, 0), (3, 1), (1, 4), (4, 1), (3, 2), (4, 2), (3, 4), (4, 3)]"
5954,11,"[(0, 2), (2, 0), (0, 3), (4, 0), (1, 3), (3, 1), (1, 4), (2, 3), (4, 2), (3, 4), (4, 3)]"
5955,11,"[(0, 2), (2, 0), (0, 3), (4, 0), (1, 3), (3, 1), (1, 4), (3, 2), (2, 4), (3, 4), (4, 3)]"
5956,11,"[(0, 2), (2, 0), (0, 3), (4, 0), (1, 3), (3, 1), (1, 4), (3, 2), (4, 2), (3, 4), (4, 3)]"
5957,11,"[(0, 2), (2, 0), (0, 3), (4, 0), (1, 3), (3, 1), (4, 1), (2, 3), (4, 2), (3, 4), (4, 3)]"
5958,11,"[(0, 2), (2, 0), (0, 3), (4, 0), (1, 3), (3, 1), (4, 1), (3, 2), (2, 4), (3, 4), (4, 3)]"
5959,11,"[(0, 2), (2, 0), (0, 3), (4, 0), (1, 3), (3, 1), (4, 1), (3, 2), (4, 2), (3, 4), (4, 3)]"
5960,11,"[(0, 2), (2, 0), (0, 3), (4, 0), (1, 3), (3, 1), (1, 4), (4, 1), (2, 3), (4, 2), (3, 4)]"
5961,11,"[(0, 2), (2, 0), (0, 3), (4, 0), (1, 3), (3, 1), (1, 4), (4, 1), (2, 3), (4, 2), (4, 3)]"
5962,11,"[(0, 2), (2, 0), (0, 3), (4, 0), (1, 3), (3, 1), (1, 4), (4, 1), (3, 2), (2, 4), (3, 4)]"
5963,11,"[(0, 2), (2, 0), (0, 3), (4, 0), (1, 3), (3, 1), (1, 4), (4, 1), (3, 2), (4, 2), (3, 4)]"
5964,11,"[(0, 2), (2, 0), (0, 3), (4, 0), (1, 3), (3, 1), (1, 4), (4, 1), (3, 2), (4, 2), (4, 3)]"
5965,11,"[(0, 2), (2, 0), (3, 0), (4, 0), (1, 3), (3, 1), (1, 4), (3, 2), (4, 2), (3, 4), (4, 3)]"
5966,11,"[(0, 2), (2, 0), (3, 0), (4, 0), (1, 3), (3, 1), (4, 1), (3, 2), (4, 2), (3, 4), (4, 3)]"
5967,11,"[(0, 2), (2, 0), (3, 0), (4, 0), (1, 3), (3, 1), (1, 4), (4, 1), (3, 2), (4, 2), (3, 4)]"
5968,11,"[(0, 2), (2, 0), (0, 3), (3, 0), (0, 4), (1, 3), (1, 4), (2, 3), (2, 4), (3, 4), (4, 3)]"
5969,11,"[(0, 2), (2, 0), (0, 3), (3, 0), (0, 4), (1, 3), (1, 4), (2, 3), (4, 2), (3, 4), (4, 3)]"
5970,11,"[(0, 2), (2, 0), (0, 3), (3, 0), (0, 4), (1, 3), (1, 4), (2, 3), (2, 4), (4, 2), (3, 4)]"
5971,11,"[(0, 2), (2, 0), (0, 3), (3, 0), (0, 4), (1, 3), (1, 4), (3, 2), (2, 4), (3, 4), (4, 3)]"
5972,11,"[(0, 2), (2, 0), (0, 3), (3, 0), (0, 4), (1, 3), (1, 4), (3, 2), (4, 2), (3, 4), (4, 3)]"
5973,11,"[(0, 2), (2, 0), (0, 3), (3, 0), (0, 4), (1, 3), (1, 4), (3, 2), (2, 4), (4, 2), (3, 4)]"
5974,11,"[(0, 2), (2, 0), (0, 3), (3, 0), (0, 4), (1, 3), (1, 4), (3, 2), (2, 4), (4, 2), (4, 3)]"
5975,11,"[(0, 2), (2, 0), (0, 3), (3, 0), (0, 4), (1, 3), (1, 4), (2, 3), (3, 2), (2, 4), (3, 4)]"
5976,11,"[(0, 2), (2, 0), (0, 3), (3, 0), (0, 4), (1, 3), (1, 4), (2, 3), (3, 2), (2, 4), (4, 3)]"
5977,11,"[(0, 2), (2, 0), (0, 3), (3, 0), (0, 4), (1, 3), (1, 4), (2, 3), (3, 2), (4, 2), (3, 4)]"
5978,11,"[(0, 2), (2, 0), (0, 3), (3, 0), (0, 4), (1, 3), (1, 4), (2, 3), (3, 2), (4, 2), (4, 3)]"
5979,11,"[(0, 2), (2, 0), (0, 3), (3, 0), (0, 4), (1, 3), (4, 1), (2, 3), (2, 4), (3, 4), (4, 3)]"
5980,11,"[(0, 2), (2, 0), (0, 3), (3, 0), (0, 4), (1, 3), (4, 1), (2, 3), (4, 2), (3, 4), (4, 3)]"
5981,11,"[(0, 2), (2, 0), (0, 3), (3, 0), (0, 4), (1, 3), (4, 1), (2, 3), (2, 4), (4, 2), (3, 4)]"
5982,11,"[(0, 2), (2, 0), (0, 3), (3, 0), (0, 4), (1, 3), (4, 1), (2, 3), (2, 4), (4, 2), (4, 3)]"
5983,11,"[(0, 2), (2, 0), (0, 3), (3, 0), (0, 4), (1, 3), (4, 1), (3, 2), (2, 4), (3, 4), (4, 3)]"
5984,11,"[(0, 2), (2, 0), (0, 3), (3, 0), (0, 4), (1, 3), (4, 1), (3, 2), (4, 2), (3, 4), (4, 3)]"
5985,11,"[(0, 2), (2, 0), (0, 3), (3, 0), (0, 4), (1, 3), (4, 1), (3, 2), (2, 4), (4, 2), (3, 4)]"
5986,11,"[(0, 2), (2, 0), (0, 3), (3, 0), (0, 4), (1, 3), (4, 1), (3, 2), (2, 4), (4, 2), (4, 3)]"
5987,11,"[(0, 2), (2, 0), (0, 3), (3, 0), (0, 4), (1, 3), (4, 1), (2, 3), (3, 2), (2, 4), (3, 4)]"
5988,11,"[(0, 2), (2, 0), (0, 3), (3, 0), (0, 4), (1, 3), (4, 1), (2, 3), (3, 2), (2, 4), (4, 3)]"
5989,11,"[(0, 2), (2, 0), (0, 3), (3, 0), (0, 4), (1, 3), (4, 1), (2, 3), (3, 2), (4, 2), (3, 4)]"
5990,11,"[(0, 2), (2, 0), (0, 3), (3, 0), (0, 4), (1, 3), (4, 1), (2, 3), (3, 2), (4, 2), (4, 3)]"
5991,11,"[(0, 2), (2, 0), (0, 3), (3, 0), (0, 4), (1, 3), (1, 4), (4, 1), (2, 3), (2, 4), (3, 4)]"
5992,11,"[(0, 2), (2, 0), (0, 3), (3, 0), (0, 4), (1, 3), (1, 4), (4, 1), (2, 3), (2, 4), (4, 3)]"
5993,11,"[(0, 2), (2, 0), (0, 3), (3, 0), (0, 4), (1, 3), (1, 4), (4, 1), (2, 3), (4, 2), (3, 4)]"
5994,11,"[(0, 2), (2, 0), (0, 3), (3, 0), (0, 4), (1, 3), (1, 4), (4, 1), (2, 3), (4, 2), (4, 3)]"
5995,11,"[(0, 2), (2, 0), (0, 3), (3, 0), (0, 4), (1, 3), (1, 4), (4, 1), (3, 2), (2, 4), (3, 4)]"
5996,11,"[(0, 2), (2, 0), (0, 3), (3, 0), (0, 4), (1, 3), (1, 4), (4, 1), (3, 2), (2, 4), (4, 3)]"
5997,11,"[(0, 2), (2, 0), (0, 3), (3, 0), (0, 4), (1, 3), (1, 4), (4, 1), (3, 2), (4, 2), (3, 4)]"
5998,11,"[(0, 2), (2, 0), (0, 3), (3, 0), (0, 4), (1, 3), (1, 4), (4, 1), (3, 2), (4, 2), (4, 3)]"
5999,11,"[(0, 2), (2, 0), (0, 3), (3, 0), (0, 4), (3, 1), (1, 4), (2, 3), (2, 4), (3, 4), (4, 3)]"
6000,11,"[(0, 2), (2, 0), (0, 3), (3, 0), (0, 4), (3, 1), (1, 4), (2, 3), (4, 2), (3, 4), (4, 3)]"
6001,11,"[(0, 2), (2, 0), (0, 3), (3, 0), (0, 4), (3, 1), (1, 4), (3, 2), (2, 4), (3, 4), (4, 3)]"
6002,11,"[(0, 2), (2, 0), (0, 3), (3, 0), (0, 4), (3, 1), (1, 4), (3, 2), (4, 2), (3, 4), (4, 3)]"
6003,11,"[(0, 2), (2, 0), (0, 3), (3, 0), (0, 4), (3, 1), (1, 4), (3, 2), (2, 4), (4, 2), (3, 4)]"
6004,11,"[(0, 2), (2, 0), (0, 3), (3, 0), (0, 4), (3, 1), (1, 4), (3, 2), (2, 4), (4, 2), (4, 3)]"
6005,11,"[(0, 2), (2, 0), (0, 3), (3, 0), (0, 4), (3, 1), (1, 4), (2, 3), (3, 2), (2, 4), (3, 4)]"
6006,11,"[(0, 2), (2, 0), (0, 3), (3, 0), (0, 4), (3, 1), (1, 4), (2, 3), (3, 2), (2, 4), (4, 3)]"
6007,11,"[(0, 2), (2, 0), (0, 3), (3, 0), (0, 4), (3, 1), (1, 4), (2, 3), (3, 2), (4, 2), (3, 4)]"
6008,11,"[(0, 2), (2, 0), (0, 3), (3, 0), (0, 4), (3, 1), (1, 4), (2, 3), (3, 2), (4, 2), (4, 3)]"
6009,11,"[(0, 2), (2, 0), (0, 3), (3, 0), (0, 4), (3, 1), (4, 1), (2, 3), (2, 4), (3, 4), (4, 3)]"
6010,11,"[(0, 2), (2, 0), (0, 3), (3, 0), (0, 4), (3, 1), (4, 1), (2, 3), (4, 2), (3, 4), (4, 3)]"
6011,11,"[(0, 2), (2, 0), (0, 3), (3, 0), (0, 4), (3, 1), (4, 1), (2, 3), (2, 4), (4, 2), (3, 4)]"
6012,11,"[(0, 2), (2, 0), (0, 3), (3, 0), (0, 4), (3, 1), (4, 1), (3, 2), (2, 4), (3, 4), (4, 3)]"
6013,11,"[(0, 2), (2, 0), (0, 3), (3, 0), (0, 4), (3, 1), (4, 1), (3, 2), (4, 2), (3, 4), (4, 3)]"
6014,11,"[(0, 2), (2, 0), (0, 3), (3, 0), (0, 4), (3, 1), (4, 1), (3, 2), (2, 4), (4, 2), (3, 4)]"
6015,11,"[(0, 2), (2, 0), (0, 3), (3, 0), (0, 4), (3, 1), (4, 1), (3, 2), (2, 4), (4, 2), (4, 3)]"
6016,11,"[(0, 2), (2, 0), (0, 3), (3, 0), (0, 4), (3, 1), (4, 1), (2, 3), (3, 2), (2, 4), (3, 4)]"
6017,11,"[(0, 2), (2, 0), (0, 3), (3, 0), (0, 4), (3, 1), (4, 1), (2, 3), (3, 2), (2, 4), (4, 3)]"
6018,11,"[(0, 2), (2, 0), (0, 3), (3, 0), (0, 4), (3, 1), (4, 1), (2, 3), (3, 2), (4, 2), (3, 4)]"
6019,11,"[(0, 2), (2, 0), (0, 3), (3, 0), (0, 4), (3, 1), (4, 1), (2, 3), (3, 2), (4, 2), (4, 3)]"
6020,11,"[(0, 2), (2, 0), (0, 3), (3, 0), (0, 4), (3, 1), (1, 4), (4, 1), (2, 3), (2, 4), (3, 4)]"
6021,11,"[(0, 2), (2, 0), (0, 3), (3, 0), (0, 4), (3, 1), (1, 4), (4, 1), (2, 3), (2, 4), (4, 3)]"
6022,11,"[(0, 2), (2, 0), (0, 3), (3, 0), (0, 4), (3, 1), (1, 4), (4, 1), (2, 3), (4, 2), (3, 4)]"
6023,11,"[(0, 2), (2, 0), (0, 3), (3, 0), (0, 4), (3, 1), (1, 4), (4, 1), (2, 3), (4, 2), (4, 3)]"
6024,11,"[(0, 2), (2, 0), (0, 3), (3, 0), (0, 4), (3, 1), (1, 4), (4, 1), (3, 2), (2, 4), (3, 4)]"
6025,11,"[(0, 2), (2, 0), (0, 3), (3, 0), (0, 4), (3, 1), (1, 4), (4, 1), (3, 2), (2, 4), (4, 3)]"
6026,11,"[(0, 2), (2, 0), (0, 3), (3, 0), (0, 4), (3, 1), (1, 4), (4, 1), (3, 2), (4, 2), (3, 4)]"
6027,11,"[(0, 2), (2, 0), (0, 3), (3, 0), (0, 4), (3, 1), (1, 4), (4, 1), (3, 2), (4, 2), (4, 3)]"
6028,11,"[(0, 2), (2, 0), (0, 3), (3, 0), (0, 4), (1, 3), (3, 1), (1, 4), (2, 3), (2, 4), (3, 4)]"
6029,11,"[(0, 2), (2, 0), (0, 3), (3, 0), (0, 4), (1, 3), (3, 1), (1, 4), (2, 3), (2, 4), (4, 3)]"
6030,11,"[(0, 2), (2, 0), (0, 3), (3, 0), (0, 4), (1, 3), (3, 1), (1, 4), (2, 3), (4, 2), (3, 4)]"
6031,11,"[(0, 2), (2, 0), (0, 3), (3, 0), (0, 4), (1, 3), (3, 1), (1, 4), (2, 3), (4, 2), (4, 3)]"
6032,11,"[(0, 2), (2, 0), (0, 3), (3, 0), (0, 4), (1, 3), (3, 1), (1, 4), (3, 2), (2, 4), (3, 4)]"
6033,11,"[(0, 2), (2, 0), (0, 3), (3, 0), (0, 4), (1, 3), (3, 1), (1, 4), (3, 2), (2, 4), (4, 3)]"
6034,11,"[(0, 2), (2, 0), (0, 3), (3, 0), (0, 4), (1, 3), (3, 1), (1, 4), (3, 2), (4, 2), (3, 4)]"
6035,11,"[(0, 2), (2, 0), (0, 3), (3, 0), (0, 4), (1, 3), (3, 1), (1, 4), (3, 2), (4, 2), (4, 3)]"
6036,11,"[(0, 2), (2, 0), (0, 3), (3, 0), (0, 4), (1, 3), (3, 1), (4, 1), (2, 3), (2, 4), (3, 4)]"
6037,11,"[(0, 2), (2, 0), (0, 3), (3, 0), (0, 4), (1, 3), (3, 1), (4, 1), (2, 3), (2, 4), (4, 3)]"
6038,11,"[(0, 2), (2, 0), (0, 3), (3, 0), (0, 4), (1, 3), (3, 1), (4, 1), (2, 3), (4, 2), (3, 4)]"
6039,11,"[(0, 2), (2, 0), (0, 3), (3, 0), (0, 4), (1, 3), (3, 1), (4, 1), (2, 3), (4, 2), (4, 3)]"
6040,11,"[(0, 2), (2, 0), (0, 3), (3, 0), (0, 4), (1, 3), (3, 1), (4, 1), (3, 2), (2, 4), (3, 4)]"
6041,11,"[(0, 2), (2, 0), (0, 3), (3, 0), (0, 4), (1, 3), (3, 1), (4, 1), (3, 2), (2, 4), (4, 3)]"
6042,11,"[(0, 2), (2, 0), (0, 3), (3, 0), (0, 4), (1, 3), (3, 1), (4, 1), (3, 2), (4, 2), (3, 4)]"
6043,11,"[(0, 2), (2, 0), (0, 3), (3, 0), (0, 4), (1, 3), (3, 1), (4, 1), (3, 2), (4, 2), (4, 3)]"
6044,11,"[(0, 2), (2, 0), (0, 3), (3, 0), (4, 0), (1, 3), (1, 4), (2, 3), (2, 4), (3, 4), (4, 3)]"
6045,11,"[(0, 2), (2, 0), (0, 3), (3, 0), (4, 0), (1, 3), (1, 4), (2, 3), (4, 2), (3, 4), (4, 3)]"
6046,11,"[(0, 2), (2, 0), (0, 3), (3, 0), (4, 0), (1, 3), (1, 4), (3, 2), (2, 4), (3, 4), (4, 3)]"
6047,11,"[(0, 2), (2, 0), (0, 3), (3, 0), (4, 0), (1, 3), (1, 4), (3, 2), (4, 2), (3, 4), (4, 3)]"
6048,11,"[(0, 2), (2, 0), (0, 3), (3, 0), (4, 0), (1, 3), (1, 4), (3, 2), (2, 4), (4, 2), (3, 4)]"
6049,11,"[(0, 2), (2, 0), (0, 3), (3, 0), (4, 0), (1, 3), (1, 4), (2, 3), (3, 2), (4, 2), (3, 4)]"
6050,11,"[(0, 2), (2, 0), (0, 3), (3, 0), (4, 0), (1, 3), (1, 4), (2, 3), (3, 2), (4, 2), (4, 3)]"
6051,11,"[(0, 2), (2, 0), (0, 3), (3, 0), (4, 0), (1, 3), (4, 1), (2, 3), (2, 4), (3, 4), (4, 3)]"
6052,11,"[(0, 2), (2, 0), (0, 3), (3, 0), (4, 0), (1, 3), (4, 1), (2, 3), (4, 2), (3, 4), (4, 3)]"
6053,11,"[(0, 2), (2, 0), (0, 3), (3, 0), (4, 0), (1, 3), (4, 1), (3, 2), (2, 4), (3, 4), (4, 3)]"
6054,11,"[(0, 2), (2, 0), (0, 3), (3, 0), (4, 0), (1, 3), (4, 1), (3, 2), (4, 2), (3, 4), (4, 3)]"
6055,11,"[(0, 2), (2, 0), (0, 3), (3, 0), (4, 0), (1, 3), (4, 1), (3, 2), (2, 4), (4, 2), (3, 4)]"
6056,11,"[(0, 2), (2, 0), (0, 3), (3, 0), (4, 0), (1, 3), (4, 1), (3, 2), (2, 4), (4, 2), (4, 3)]"
6057,11,"[(0, 2), (2, 0), (0, 3), (3, 0), (4, 0), (1, 3), (4, 1), (2, 3), (3, 2), (4, 2), (3, 4)]"
6058,11,"[(0, 2), (2, 0), (0, 3), (3, 0), (4, 0), (1, 3), (4, 1), (2, 3), (3, 2), (4, 2), (4, 3)]"
6059,11,"[(0, 2), (2, 0), (0, 3), (3, 0), (4, 0), (1, 3), (1, 4), (4, 1), (2, 3), (2, 4), (3, 4)]"
6060,11,"[(0, 2), (2, 0), (0, 3), (3, 0), (4, 0), (1, 3), (1, 4), (4, 1), (2, 3), (2, 4), (4, 3)]"
6061,11,"[(0, 2), (2, 0), (0, 3), (3, 0), (4, 0), (1, 3), (1, 4), (4, 1), (2, 3), (4, 2), (3, 4)]"
6062,11,"[(0, 2), (2, 0), (0, 3), (3, 0), (4, 0), (1, 3), (1, 4), (4, 1), (2, 3), (4, 2), (4, 3)]"
6063,11,"[(0, 2), (2, 0), (0, 3), (3, 0), (4, 0), (1, 3), (1, 4), (4, 1), (3, 2), (2, 4), (3, 4)]"
6064,11,"[(0, 2), (2, 0), (0, 3), (3, 0), (4, 0), (1, 3), (1, 4), (4, 1), (3, 2), (2, 4), (4, 3)]"
6065,11,"[(0, 2), (2, 0), (0, 3), (3, 0), (4, 0), (1, 3), (1, 4), (4, 1), (3, 2), (4, 2), (3, 4)]"
6066,11,"[(0, 2), (2, 0), (0, 3), (3, 0), (4, 0), (1, 3), (1, 4), (4, 1), (3, 2), (4, 2), (4, 3)]"
6067,11,"[(0, 2), (2, 0), (0, 3), (3, 0), (4, 0), (3, 1), (1, 4), (2, 3), (2, 4), (3, 4), (4, 3)]"
6068,11,"[(0, 2), (2, 0), (0, 3), (3, 0), (4, 0), (3, 1), (1, 4), (2, 3), (4, 2), (3, 4), (4, 3)]"
6069,11,"[(0, 2), (2, 0), (0, 3), (3, 0), (4, 0), (3, 1), (1, 4), (3, 2), (2, 4), (3, 4), (4, 3)]"
6070,11,"[(0, 2), (2, 0), (0, 3), (3, 0), (4, 0), (3, 1), (1, 4), (3, 2), (4, 2), (3, 4), (4, 3)]"
6071,11,"[(0, 2), (2, 0), (0, 3), (3, 0), (4, 0), (3, 1), (1, 4), (2, 3), (3, 2), (4, 2), (3, 4)]"
6072,11,"[(0, 2), (2, 0), (0, 3), (3, 0), (4, 0), (3, 1), (1, 4), (2, 3), (3, 2), (4, 2), (4, 3)]"
6073,11,"[(0, 2), (2, 0), (0, 3), (3, 0), (4, 0), (3, 1), (4, 1), (2, 3), (2, 4), (3, 4), (4, 3)]"
6074,11,"[(0, 2), (2, 0), (0, 3), (3, 0), (4, 0), (3, 1), (4, 1), (2, 3), (4, 2), (3, 4), (4, 3)]"
6075,11,"[(0, 2), (2, 0), (0, 3), (3, 0), (4, 0), (3, 1), (4, 1), (3, 2), (2, 4), (3, 4), (4, 3)]"
6076,11,"[(0, 2), (2, 0), (0, 3), (3, 0), (4, 0), (3, 1), (4, 1), (3, 2), (4, 2), (3, 4), (4, 3)]"
6077,11,"[(0, 2), (2, 0), (0, 3), (3, 0), (4, 0), (3, 1), (4, 1), (3, 2), (2, 4), (4, 2), (3, 4)]"
6078,11,"[(0, 2), (2, 0), (0, 3), (3, 0), (4, 0), (3, 1), (4, 1), (2, 3), (3, 2), (4, 2), (3, 4)]"
6079,11,"[(0, 2), (2, 0), (0, 3), (3, 0), (4, 0), (3, 1), (4, 1), (2, 3), (3, 2), (4, 2), (4, 3)]"
6080,11,"[(0, 2), (2, 0), (0, 3), (3, 0), (4, 0), (3, 1), (1, 4), (4, 1), (2, 3), (2, 4), (3, 4)]"
6081,11,"[(0, 2), (2, 0), (0, 3), (3, 0), (4, 0), (3, 1), (1, 4), (4, 1), (2, 3), (2, 4), (4, 3)]"
6082,11,"[(0, 2), (2, 0), (0, 3), (3, 0), (4, 0), (3, 1), (1, 4), (4, 1), (2, 3), (4, 2), (3, 4)]"
6083,11,"[(0, 2), (2, 0), (0, 3), (3, 0), (4, 0), (3, 1), (1, 4), (4, 1), (2, 3), (4, 2), (4, 3)]"
6084,11,"[(0, 2), (2, 0), (0, 3), (3, 0), (4, 0), (3, 1), (1, 4), (4, 1), (3, 2), (2, 4), (3, 4)]"
6085,11,"[(0, 2), (2, 0), (0, 3), (3, 0), (4, 0), (3, 1), (1, 4), (4, 1), (3, 2), (2, 4), (4, 3)]"
6086,11,"[(0, 2), (2, 0), (0, 3), (3, 0), (4, 0), (3, 1), (1, 4), (4, 1), (3, 2), (4, 2), (3, 4)]"
6087,11,"[(0, 2), (2, 0), (0, 3), (3, 0), (4, 0), (3, 1), (1, 4), (4, 1), (3, 2), (4, 2), (4, 3)]"
6088,11,"[(0, 2), (2, 0), (0, 3), (3, 0), (4, 0), (1, 3), (3, 1), (1, 4), (2, 3), (2, 4), (3, 4)]"
6089,11,"[(0, 2), (2, 0), (0, 3), (3, 0), (4, 0), (1, 3), (3, 1), (1, 4), (2, 3), (2, 4), (4, 3)]"
6090,11,"[(0, 2), (2, 0), (0, 3), (3, 0), (4, 0), (1, 3), (3, 1), (1, 4), (2, 3), (4, 2), (3, 4)]"
6091,11,"[(0, 2), (2, 0), (0, 3), (3, 0), (4, 0), (1, 3), (3, 1), (1, 4), (2, 3), (4, 2), (4, 3)]"
6092,11,"[(0, 2), (2, 0), (0, 3), (3, 0), (4, 0), (1, 3), (3, 1), (1, 4), (3, 2), (2, 4), (3, 4)]"
6093,11,"[(0, 2), (2, 0), (0, 3), (3, 0), (4, 0), (1, 3), (3, 1), (1, 4), (3, 2), (2, 4), (4, 3)]"
6094,11,"[(0, 2), (2, 0), (0, 3), (3, 0), (4, 0), (1, 3), (3, 1), (1, 4), (3, 2), (4, 2), (3, 4)]"
6095,11,"[(0, 2), (2, 0), (0, 3), (3, 0), (4, 0), (1, 3), (3, 1), (1, 4), (3, 2), (4, 2), (4, 3)]"
6096,11,"[(0, 2), (2, 0), (0, 3), (3, 0), (4, 0), (1, 3), (3, 1), (4, 1), (2, 3), (2, 4), (3, 4)]"
6097,11,"[(0, 2), (2, 0), (0, 3), (3, 0), (4, 0), (1, 3), (3, 1), (4, 1), (2, 3), (2, 4), (4, 3)]"
6098,11,"[(0, 2), (2, 0), (0, 3), (3, 0), (4, 0), (1, 3), (3, 1), (4, 1), (2, 3), (4, 2), (3, 4)]"
6099,11,"[(0, 2), (2, 0), (0, 3), (3, 0), (4, 0), (1, 3), (3, 1), (4, 1), (2, 3), (4, 2), (4, 3)]"
6100,11,"[(0, 2), (2, 0), (0, 3), (3, 0), (4, 0), (1, 3), (3, 1), (4, 1), (3, 2), (2, 4), (3, 4)]"
6101,11,"[(0, 2), (2, 0), (0, 3), (3, 0), (4, 0), (1, 3), (3, 1), (4, 1), (3, 2), (2, 4), (4, 3)]"
6102,11,"[(0, 2), (2, 0), (0, 3), (3, 0), (4, 0), (1, 3), (3, 1), (4, 1), (3, 2), (4, 2), (3, 4)]"
6103,11,"[(0, 2), (2, 0), (0, 3), (3, 0), (4, 0), (1, 3), (3, 1), (4, 1), (3, 2), (4, 2), (4, 3)]"
6104,11,"[(0, 2), (2, 0), (0, 3), (3, 0), (0, 4), (4, 0), (1, 3), (1, 4), (2, 3), (2, 4), (3, 4)]"
6105,11,"[(0, 2), (2, 0), (0, 3), (3, 0), (0, 4), (4, 0), (1, 3), (1, 4), (2, 3), (4, 2), (3, 4)]"
6106,11,"[(0, 2), (2, 0), (0, 3), (3, 0), (0, 4), (4, 0), (1, 3), (1, 4), (2, 3), (4, 2), (4, 3)]"
6107,11,"[(0, 2), (2, 0), (0, 3), (3, 0), (0, 4), (4, 0), (1, 3), (1, 4), (3, 2), (4, 2), (3, 4)]"
6108,11,"[(0, 2), (2, 0), (0, 3), (3, 0), (0, 4), (4, 0), (1, 3), (4, 1), (2, 3), (2, 4), (3, 4)]"
6109,11,"[(0, 2), (2, 0), (0, 3), (3, 0), (0, 4), (4, 0), (1, 3), (4, 1), (2, 3), (2, 4), (4, 3)]"
6110,11,"[(0, 2), (2, 0), (0, 3), (3, 0), (0, 4), (4, 0), (1, 3), (4, 1), (2, 3), (4, 2), (3, 4)]"
6111,11,"[(0, 2), (2, 0), (0, 3), (3, 0), (0, 4), (4, 0), (1, 3), (4, 1), (2, 3), (4, 2), (4, 3)]"
6112,11,"[(0, 2), (2, 0), (0, 3), (3, 0), (0, 4), (4, 0), (1, 3), (4, 1), (3, 2), (2, 4), (3, 4)]"
6113,11,"[(0, 2), (2, 0), (0, 3), (3, 0), (0, 4), (4, 0), (1, 3), (4, 1), (3, 2), (2, 4), (4, 3)]"
6114,11,"[(0, 2), (2, 0), (0, 3), (3, 0), (0, 4), (4, 0), (1, 3), (4, 1), (3, 2), (4, 2), (3, 4)]"
6115,11,"[(0, 2), (2, 0), (0, 3), (3, 0), (0, 4), (4, 0), (1, 3), (4, 1), (3, 2), (4, 2), (4, 3)]"
6116,11,"[(0, 2), (2, 0), (0, 3), (3, 0), (0, 4), (4, 0), (3, 1), (4, 1), (2, 3), (2, 4), (3, 4)]"
6117,11,"[(0, 2), (2, 0), (0, 3), (3, 0), (0, 4), (4, 0), (3, 1), (4, 1), (2, 3), (4, 2), (3, 4)]"
6118,11,"[(0, 2), (2, 0), (0, 3), (3, 0), (0, 4), (4, 0), (3, 1), (4, 1), (2, 3), (4, 2), (4, 3)]"
6119,11,"[(0, 2), (2, 0), (0, 3), (3, 0), (0, 4), (4, 0), (3, 1), (4, 1), (3, 2), (4, 2), (3, 4)]"
6120,11,"[(0, 2), (2, 0), (0, 3), (0, 4), (1, 2), (2, 1), (3, 1), (1, 4), (4, 1), (2, 4), (4, 2)]"
6121,11,"[(0, 2), (2, 0), (0, 3), (4, 0), (1, 2), (2, 1), (3, 1), (1, 4), (4, 1), (2, 4), (4, 2)]"
6122,11,"[(0, 2), (2, 0), (0, 3), (0, 4), (4, 0), (1, 2), (1, 3), (3, 1), (1, 4), (2, 4), (4, 2)]"
6123,11,"[(0, 2), (2, 0), (0, 3), (0, 4), (4, 0), (1, 2), (1, 3), (3, 1), (4, 1), (2, 4), (4, 2)]"
6124,11,"[(0, 2), (2, 0), (0, 3), (0, 4), (4, 0), (2, 1), (1, 3), (3, 1), (4, 1), (2, 4), (4, 2)]"
6125,11,"[(0, 2), (2, 0), (0, 3), (0, 4), (4, 0), (1, 2), (2, 1), (1, 3), (1, 4), (2, 4), (4, 2)]"
6126,11,"[(0, 2), (2, 0), (0, 3), (0, 4), (4, 0), (1, 2), (2, 1), (1, 3), (4, 1), (2, 4), (4, 2)]"
6127,11,"[(0, 2), (2, 0), (0, 3), (0, 4), (4, 0), (1, 2), (2, 1), (1, 3), (1, 4), (4, 1), (2, 4)]"
6128,11,"[(0, 2), (2, 0), (0, 3), (0, 4), (4, 0), (1, 2), (2, 1), (3, 1), (1, 4), (2, 4), (4, 2)]"
6129,11,"[(0, 2), (2, 0), (0, 3), (0, 4), (4, 0), (1, 2), (2, 1), (3, 1), (4, 1), (2, 4), (4, 2)]"
6130,11,"[(0, 2), (2, 0), (0, 3), (0, 4), (4, 0), (1, 2), (2, 1), (3, 1), (1, 4), (4, 1), (2, 4)]"
6131,11,"[(0, 2), (2, 0), (3, 0), (0, 4), (4, 0), (1, 2), (1, 3), (3, 1), (1, 4), (2, 4), (4, 2)]"
6132,11,"[(0, 2), (2, 0), (3, 0), (0, 4), (4, 0), (1, 2), (1, 3), (3, 1), (4, 1), (2, 4), (4, 2)]"
6133,11,"[(0, 2), (2, 0), (3, 0), (0, 4), (4, 0), (2, 1), (1, 3), (3, 1), (4, 1), (2, 4), (4, 2)]"
6134,11,"[(0, 2), (2, 0), (3, 0), (0, 4), (4, 0), (1, 2), (2, 1), (3, 1), (1, 4), (2, 4), (4, 2)]"
6135,11,"[(0, 2), (2, 0), (3, 0), (0, 4), (4, 0), (1, 2), (2, 1), (3, 1), (4, 1), (2, 4), (4, 2)]"
6136,11,"[(0, 2), (2, 0), (3, 0), (0, 4), (4, 0), (1, 2), (2, 1), (3, 1), (1, 4), (4, 1), (2, 4)]"
6137,11,"[(0, 2), (2, 0), (0, 3), (3, 0), (0, 4), (1, 2), (1, 3), (1, 4), (4, 1), (2, 4), (4, 2)]"
6138,11,"[(0, 2), (2, 0), (0, 3), (3, 0), (0, 4), (1, 2), (3, 1), (1, 4), (4, 1), (2, 4), (4, 2)]"
6139,11,"[(0, 2), (2, 0), (0, 3), (3, 0), (0, 4), (1, 2), (1, 3), (3, 1), (1, 4), (2, 4), (4, 2)]"
6140,11,"[(0, 2), (2, 0), (0, 3), (3, 0), (0, 4), (1, 2), (1, 3), (3, 1), (4, 1), (2, 4), (4, 2)]"
6141,11,"[(0, 2), (2, 0), (0, 3), (3, 0), (0, 4), (1, 2), (1, 3), (3, 1), (1, 4), (4, 1), (2, 4)]"
6142,11,"[(0, 2), (2, 0), (0, 3), (3, 0), (0, 4), (2, 1), (1, 3), (1, 4), (4, 1), (2, 4), (4, 2)]"
6143,11,"[(0, 2), (2, 0), (0, 3), (3, 0), (0, 4), (2, 1), (3, 1), (1, 4), (4, 1), (2, 4), (4, 2)]"
6144,11,"[(0, 2), (2, 0), (0, 3), (3, 0), (0, 4), (2, 1), (1, 3), (3, 1), (1, 4), (2, 4), (4, 2)]"
6145,11,"[(0, 2), (2, 0), (0, 3), (3, 0), (0, 4), (2, 1), (1, 3), (3, 1), (4, 1), (2, 4), (4, 2)]"
6146,11,"[(0, 2), (2, 0), (0, 3), (3, 0), (0, 4), (2, 1), (1, 3), (3, 1), (1, 4), (4, 1), (2, 4)]"
6147,11,"[(0, 2), (2, 0), (0, 3), (3, 0), (0, 4), (2, 1), (1, 3), (3, 1), (1, 4), (4, 1), (4, 2)]"
6148,11,"[(0, 2), (2, 0), (0, 3), (3, 0), (0, 4), (1, 2), (2, 1), (1, 3), (1, 4), (2, 4), (4, 2)]"
6149,11,"[(0, 2), (2, 0), (0, 3), (3, 0), (0, 4), (1, 2), (2, 1), (1, 3), (4, 1), (2, 4), (4, 2)]"
6150,11,"[(0, 2), (2, 0), (0, 3), (3, 0), (0, 4), (1, 2), (2, 1), (1, 3), (1, 4), (4, 1), (2, 4)]"
6151,11,"[(0, 2), (2, 0), (0, 3), (3, 0), (0, 4), (1, 2), (2, 1), (1, 3), (1, 4), (4, 1), (4, 2)]"
6152,11,"[(0, 2), (2, 0), (0, 3), (3, 0), (0, 4), (1, 2), (2, 1), (3, 1), (1, 4), (2, 4), (4, 2)]"
6153,11,"[(0, 2), (2, 0), (0, 3), (3, 0), (0, 4), (1, 2), (2, 1), (3, 1), (4, 1), (2, 4), (4, 2)]"
6154,11,"[(0, 2), (2, 0), (0, 3), (3, 0), (0, 4), (1, 2), (2, 1), (3, 1), (1, 4), (4, 1), (2, 4)]"
6155,11,"[(0, 2), (2, 0), (0, 3), (3, 0), (0, 4), (1, 2), (2, 1), (3, 1), (1, 4), (4, 1), (4, 2)]"
6156,11,"[(0, 2), (2, 0), (0, 3), (3, 0), (0, 4), (1, 2), (2, 1), (1, 3), (3, 1), (1, 4), (2, 4)]"
6157,11,"[(0, 2), (2, 0), (0, 3), (3, 0), (0, 4), (1, 2), (2, 1), (1, 3), (3, 1), (1, 4), (4, 2)]"
6158,11,"[(0, 2), (2, 0), (0, 3), (3, 0), (0, 4), (1, 2), (2, 1), (1, 3), (3, 1), (4, 1), (2, 4)]"
6159,11,"[(0, 2), (2, 0), (0, 3), (3, 0), (0, 4), (1, 2), (2, 1), (1, 3), (3, 1), (4, 1), (4, 2)]"
6160,11,"[(0, 2), (2, 0), (0, 3), (3, 0), (4, 0), (1, 2), (1, 3), (1, 4), (4, 1), (2, 4), (4, 2)]"
6161,11,"[(0, 2), (2, 0), (0, 3), (3, 0), (4, 0), (1, 2), (3, 1), (1, 4), (4, 1), (2, 4), (4, 2)]"
6162,11,"[(0, 2), (2, 0), (0, 3), (3, 0), (4, 0), (1, 2), (1, 3), (3, 1), (1, 4), (2, 4), (4, 2)]"
6163,11,"[(0, 2), (2, 0), (0, 3), (3, 0), (4, 0), (1, 2), (1, 3), (3, 1), (4, 1), (2, 4), (4, 2)]"
6164,11,"[(0, 2), (2, 0), (0, 3), (3, 0), (4, 0), (2, 1), (1, 3), (1, 4), (4, 1), (2, 4), (4, 2)]"
6165,11,"[(0, 2), (2, 0), (0, 3), (3, 0), (4, 0), (2, 1), (3, 1), (1, 4), (4, 1), (2, 4), (4, 2)]"
6166,11,"[(0, 2), (2, 0), (0, 3), (3, 0), (4, 0), (2, 1), (1, 3), (3, 1), (1, 4), (2, 4), (4, 2)]"
6167,11,"[(0, 2), (2, 0), (0, 3), (3, 0), (4, 0), (2, 1), (1, 3), (3, 1), (4, 1), (2, 4), (4, 2)]"
6168,11,"[(0, 2), (2, 0), (0, 3), (3, 0), (4, 0), (2, 1), (1, 3), (3, 1), (1, 4), (4, 1), (2, 4)]"
6169,11,"[(0, 2), (2, 0), (0, 3), (3, 0), (4, 0), (1, 2), (2, 1), (1, 3), (1, 4), (2, 4), (4, 2)]"
6170,11,"[(0, 2), (2, 0), (0, 3), (3, 0), (4, 0), (1, 2), (2, 1), (1, 3), (4, 1), (2, 4), (4, 2)]"
6171,11,"[(0, 2), (2, 0), (0, 3), (3, 0), (4, 0), (1, 2), (2, 1), (1, 3), (1, 4), (4, 1), (2, 4)]"
6172,11,"[(0, 2), (2, 0), (0, 3), (3, 0), (4, 0), (1, 2), (2, 1), (1, 3), (1, 4), (4, 1), (4, 2)]"
6173,11,"[(0, 2), (2, 0), (0, 3), (3, 0), (4, 0), (1, 2), (2, 1), (3, 1), (1, 4), (2, 4), (4, 2)]"
6174,11,"[(0, 2), (2, 0), (0, 3), (3, 0), (4, 0), (1, 2), (2, 1), (3, 1), (4, 1), (2, 4), (4, 2)]"
6175,11,"[(0, 2), (2, 0), (0, 3), (3, 0), (4, 0), (1, 2), (2, 1), (3, 1), (1, 4), (4, 1), (2, 4)]"
6176,11,"[(0, 2), (2, 0), (0, 3), (3, 0), (4, 0), (1, 2), (2, 1), (3, 1), (1, 4), (4, 1), (4, 2)]"
6177,11,"[(0, 2), (2, 0), (0, 3), (3, 0), (4, 0), (1, 2), (2, 1), (1, 3), (3, 1), (4, 1), (2, 4)]"
6178,11,"[(0, 2), (2, 0), (0, 3), (3, 0), (4, 0), (1, 2), (2, 1), (1, 3), (3, 1), (4, 1), (4, 2)]"
6179,11,"[(0, 2), (2, 0), (0, 3), (3, 0), (0, 4), (4, 0), (1, 2), (1, 3), (1, 4), (2, 4), (4, 2)]"
6180,11,"[(0, 2), (2, 0), (0, 3), (3, 0), (0, 4), (4, 0), (1, 2), (1, 3), (4, 1), (2, 4), (4, 2)]"
6181,11,"[(0, 2), (2, 0), (0, 3), (3, 0), (0, 4), (4, 0), (1, 2), (3, 1), (1, 4), (2, 4), (4, 2)]"
6182,11,"[(0, 2), (2, 0), (0, 3), (3, 0), (0, 4), (4, 0), (1, 2), (3, 1), (4, 1), (2, 4), (4, 2)]"
6183,11,"[(0, 2), (2, 0), (0, 3), (3, 0), (0, 4), (4, 0), (1, 2), (1, 3), (3, 1), (1, 4), (2, 4)]"
6184,11,"[(0, 2), (2, 0), (0, 3), (3, 0), (0, 4), (4, 0), (1, 2), (1, 3), (3, 1), (4, 1), (2, 4)]"
6185,11,"[(0, 2), (2, 0), (0, 3), (3, 0), (0, 4), (4, 0), (1, 2), (1, 3), (3, 1), (4, 1), (4, 2)]"
6186,11,"[(0, 2), (2, 0), (0, 3), (3, 0), (0, 4), (4, 0), (2, 1), (1, 3), (4, 1), (2, 4), (4, 2)]"
6187,11,"[(0, 2), (2, 0), (0, 3), (3, 0), (0, 4), (4, 0), (2, 1), (3, 1), (4, 1), (2, 4), (4, 2)]"
6188,11,"[(0, 2), (2, 0), (0, 3), (3, 0), (0, 4), (4, 0), (2, 1), (1, 3), (3, 1), (4, 1), (2, 4)]"
6189,11,"[(0, 2), (2, 0), (0, 3), (3, 0), (0, 4), (4, 0), (1, 2), (2, 1), (1, 3), (1, 4), (2, 4)]"
6190,11,"[(0, 2), (2, 0), (0, 3), (3, 0), (0, 4), (4, 0), (1, 2), (2, 1), (1, 3), (1, 4), (4, 2)]"
6191,11,"[(0, 2), (2, 0), (0, 3), (3, 0), (0, 4), (4, 0), (1, 2), (2, 1), (1, 3), (4, 1), (2, 4)]"
6192,11,"[(0, 2), (2, 0), (0, 3), (3, 0), (0, 4), (4, 0), (1, 2), (2, 1), (1, 3), (4, 1), (4, 2)]"
6193,11,"[(0, 2), (2, 0), (0, 3), (3, 0), (0, 4), (4, 0), (1, 2), (2, 1), (3, 1), (1, 4), (2, 4)]"
6194,11,"[(0, 2), (2, 0), (0, 3), (3, 0), (0, 4), (4, 0), (1, 2), (2, 1), (3, 1), (1, 4), (4, 2)]"
6195,11,"[(0, 2), (2, 0), (0, 3), (3, 0), (0, 4), (4, 0), (1, 2), (2, 1), (3, 1), (4, 1), (2, 4)]"
6196,11,"[(0, 2), (2, 0), (0, 3), (3, 0), (0, 4), (4, 0), (1, 2), (2, 1), (3, 1), (4, 1), (4, 2)]"
6197,11,"[(0, 2), (0, 3), (0, 4), (1, 2), (3, 1), (1, 4), (4, 1), (2, 4), (4, 2), (3, 4), (4, 3)]"
6198,11,"[(0, 2), (0, 3), (0, 4), (2, 1), (3, 1), (1, 4), (4, 1), (2, 4), (4, 2), (3, 4), (4, 3)]"
6199,11,"[(0, 2), (0, 3), (4, 0), (1, 2), (3, 1), (1, 4), (4, 1), (2, 4), (4, 2), (3, 4), (4, 3)]"
6200,11,"[(0, 2), (0, 3), (4, 0), (2, 1), (3, 1), (1, 4), (4, 1), (2, 4), (4, 2), (3, 4), (4, 3)]"
6201,11,"[(0, 2), (0, 3), (0, 4), (4, 0), (1, 2), (1, 3), (1, 4), (2, 4), (4, 2), (3, 4), (4, 3)]"
6202,11,"[(0, 2), (0, 3), (0, 4), (4, 0), (1, 2), (1, 3), (4, 1), (2, 4), (4, 2), (3, 4), (4, 3)]"
6203,11,"[(0, 2), (0, 3), (0, 4), (4, 0), (1, 2), (1, 3), (1, 4), (4, 1), (2, 4), (4, 2), (3, 4)]"
6204,11,"[(0, 2), (0, 3), (0, 4), (4, 0), (1, 2), (1, 3), (1, 4), (4, 1), (2, 4), (4, 2), (4, 3)]"
6205,11,"[(0, 2), (0, 3), (0, 4), (4, 0), (1, 2), (3, 1), (1, 4), (2, 4), (4, 2), (3, 4), (4, 3)]"
6206,11,"[(0, 2), (0, 3), (0, 4), (4, 0), (1, 2), (3, 1), (4, 1), (2, 4), (4, 2), (3, 4), (4, 3)]"
6207,11,"[(0, 2), (0, 3), (0, 4), (4, 0), (1, 2), (3, 1), (1, 4), (4, 1), (2, 4), (3, 4), (4, 3)]"
6208,11,"[(0, 2), (0, 3), (0, 4), (4, 0), (1, 2), (3, 1), (1, 4), (4, 1), (4, 2), (3, 4), (4, 3)]"
6209,11,"[(0, 2), (0, 3), (0, 4), (4, 0), (1, 2), (3, 1), (1, 4), (4, 1), (2, 4), (4, 2), (3, 4)]"
6210,11,"[(0, 2), (0, 3), (0, 4), (4, 0), (1, 2), (3, 1), (1, 4), (4, 1), (2, 4), (4, 2), (4, 3)]"
6211,11,"[(0, 2), (0, 3), (0, 4), (4, 0), (2, 1), (3, 1), (1, 4), (2, 4), (4, 2), (3, 4), (4, 3)]"
6212,11,"[(0, 2), (0, 3), (0, 4), (4, 0), (2, 1), (3, 1), (4, 1), (2, 4), (4, 2), (3, 4), (4, 3)]"
6213,11,"[(0, 2), (0, 3), (0, 4), (4, 0), (2, 1), (3, 1), (1, 4), (4, 1), (2, 4), (4, 2), (3, 4)]"
6214,11,"[(0, 2), (0, 3), (0, 4), (4, 0), (2, 1), (3, 1), (1, 4), (4, 1), (2, 4), (4, 2), (4, 3)]"
6215,11,"[(0, 2), (3, 0), (0, 4), (4, 0), (2, 1), (1, 3), (1, 4), (4, 1), (2, 4), (4, 2), (3, 4)]"
6216,11,"[(0, 2), (3, 0), (0, 4), (4, 0), (2, 1), (1, 3), (1, 4), (4, 1), (2, 4), (4, 2), (4, 3)]"
6217,11,"[(0, 2), (2, 0), (0, 3), (0, 4), (1, 2), (1, 3), (1, 4), (2, 4), (4, 2), (3, 4), (4, 3)]"
6218,11,"[(0, 2), (2, 0), (0, 3), (0, 4), (1, 2), (1, 3), (4, 1), (2, 4), (4, 2), (3, 4), (4, 3)]"
6219,11,"[(0, 2), (2, 0), (0, 3), (0, 4), (1, 2), (1, 3), (1, 4), (4, 1), (2, 4), (3, 4), (4, 3)]"
6220,11,"[(0, 2), (2, 0), (0, 3), (0, 4), (1, 2), (1, 3), (1, 4), (4, 1), (4, 2), (3, 4), (4, 3)]"
6221,11,"[(0, 2), (2, 0), (0, 3), (0, 4), (1, 2), (1, 3), (1, 4), (4, 1), (2, 4), (4, 2), (3, 4)]"
6222,11,"[(0, 2), (2, 0), (0, 3), (0, 4), (1, 2), (1, 3), (1, 4), (4, 1), (2, 4), (4, 2), (4, 3)]"
6223,11,"[(0, 2), (2, 0), (0, 3), (0, 4), (1, 2), (3, 1), (1, 4), (2, 4), (4, 2), (3, 4), (4, 3)]"
6224,11,"[(0, 2), (2, 0), (0, 3), (0, 4), (1, 2), (3, 1), (4, 1), (2, 4), (4, 2), (3, 4), (4, 3)]"
6225,11,"[(0, 2), (2, 0), (0, 3), (0, 4), (1, 2), (3, 1), (1, 4), (4, 1), (2, 4), (3, 4), (4, 3)]"
6226,11,"[(0, 2), (2, 0), (0, 3), (0, 4), (1, 2), (3, 1), (1, 4), (4, 1), (4, 2), (3, 4), (4, 3)]"
6227,11,"[(0, 2), (2, 0), (0, 3), (0, 4), (1, 2), (3, 1), (1, 4), (4, 1), (2, 4), (4, 2), (3, 4)]"
6228,11,"[(0, 2), (2, 0), (0, 3), (0, 4), (1, 2), (3, 1), (1, 4), (4, 1), (2, 4), (4, 2), (4, 3)]"
6229,11,"[(0, 2), (2, 0), (0, 3), (0, 4), (1, 2), (1, 3), (3, 1), (1, 4), (2, 4), (4, 2), (3, 4)]"
6230,11,"[(0, 2), (2, 0), (0, 3), (0, 4), (1, 2), (1, 3), (3, 1), (1, 4), (2, 4), (4, 2), (4, 3)]"
6231,11,"[(0, 2), (2, 0), (0, 3), (0, 4), (1, 2), (1, 3), (3, 1), (4, 1), (2, 4), (3, 4), (4, 3)]"
6232,11,"[(0, 2), (2, 0), (0, 3), (0, 4), (1, 2), (1, 3), (3, 1), (4, 1), (4, 2), (3, 4), (4, 3)]"
6233,11,"[(0, 2), (2, 0), (0, 3), (0, 4), (1, 2), (1, 3), (3, 1), (4, 1), (2, 4), (4, 2), (3, 4)]"
6234,11,"[(0, 2), (2, 0), (0, 3), (0, 4), (1, 2), (1, 3), (3, 1), (4, 1), (2, 4), (4, 2), (4, 3)]"
6235,11,"[(0, 2), (2, 0), (0, 3), (0, 4), (2, 1), (1, 3), (1, 4), (4, 1), (2, 4), (3, 4), (4, 3)]"
6236,11,"[(0, 2), (2, 0), (0, 3), (0, 4), (2, 1), (1, 3), (1, 4), (4, 1), (4, 2), (3, 4), (4, 3)]"
6237,11,"[(0, 2), (2, 0), (0, 3), (0, 4), (2, 1), (3, 1), (1, 4), (4, 1), (4, 2), (3, 4), (4, 3)]"
6238,11,"[(0, 2), (2, 0), (0, 3), (0, 4), (2, 1), (1, 3), (3, 1), (1, 4), (4, 2), (3, 4), (4, 3)]"
6239,11,"[(0, 2), (2, 0), (0, 3), (0, 4), (2, 1), (1, 3), (3, 1), (4, 1), (4, 2), (3, 4), (4, 3)]"
6240,11,"[(0, 2), (2, 0), (0, 3), (0, 4), (2, 1), (1, 3), (3, 1), (1, 4), (4, 1), (2, 4), (3, 4)]"
6241,11,"[(0, 2), (2, 0), (0, 3), (0, 4), (2, 1), (1, 3), (3, 1), (1, 4), (4, 1), (2, 4), (4, 3)]"
6242,11,"[(0, 2), (2, 0), (0, 3), (0, 4), (2, 1), (1, 3), (3, 1), (1, 4), (4, 1), (4, 2), (3, 4)]"
6243,11,"[(0, 2), (2, 0), (0, 3), (0, 4), (2, 1), (1, 3), (3, 1), (1, 4), (4, 1), (4, 2), (4, 3)]"
6244,11,"[(0, 2), (2, 0), (0, 3), (4, 0), (1, 2), (1, 3), (1, 4), (2, 4), (4, 2), (3, 4), (4, 3)]"
6245,11,"[(0, 2), (2, 0), (0, 3), (4, 0), (1, 2), (1, 3), (4, 1), (2, 4), (4, 2), (3, 4), (4, 3)]"
6246,11,"[(0, 2), (2, 0), (0, 3), (4, 0), (1, 2), (1, 3), (1, 4), (4, 1), (2, 4), (3, 4), (4, 3)]"
6247,11,"[(0, 2), (2, 0), (0, 3), (4, 0), (1, 2), (1, 3), (1, 4), (4, 1), (4, 2), (3, 4), (4, 3)]"
6248,11,"[(0, 2), (2, 0), (0, 3), (4, 0), (1, 2), (1, 3), (1, 4), (4, 1), (2, 4), (4, 2), (3, 4)]"
6249,11,"[(0, 2), (2, 0), (0, 3), (4, 0), (1, 2), (1, 3), (1, 4), (4, 1), (2, 4), (4, 2), (4, 3)]"
6250,11,"[(0, 2), (2, 0), (0, 3), (4, 0), (1, 2), (3, 1), (1, 4), (2, 4), (4, 2), (3, 4), (4, 3)]"
6251,11,"[(0, 2), (2, 0), (0, 3), (4, 0), (1, 2), (3, 1), (4, 1), (2, 4), (4, 2), (3, 4), (4, 3)]"
6252,11,"[(0, 2), (2, 0), (0, 3), (4, 0), (1, 2), (3, 1), (1, 4), (4, 1), (2, 4), (3, 4), (4, 3)]"
6253,11,"[(0, 2), (2, 0), (0, 3), (4, 0), (1, 2), (3, 1), (1, 4), (4, 1), (4, 2), (3, 4), (4, 3)]"
6254,11,"[(0, 2), (2, 0), (0, 3), (4, 0), (1, 2), (3, 1), (1, 4), (4, 1), (2, 4), (4, 2), (3, 4)]"
6255,11,"[(0, 2), (2, 0), (0, 3), (4, 0), (1, 2), (3, 1), (1, 4), (4, 1), (2, 4), (4, 2), (4, 3)]"
6256,11,"[(0, 2), (2, 0), (0, 3), (4, 0), (1, 2), (1, 3), (3, 1), (4, 1), (2, 4), (4, 2), (3, 4)]"
6257,11,"[(0, 2), (2, 0), (0, 3), (4, 0), (1, 2), (1, 3), (3, 1), (4, 1), (2, 4), (4, 2), (4, 3)]"
6258,11,"[(0, 2), (2, 0), (0, 3), (4, 0), (2, 1), (1, 3), (1, 4), (4, 1), (4, 2), (3, 4), (4, 3)]"
6259,11,"[(0, 2), (2, 0), (0, 3), (4, 0), (2, 1), (1, 3), (3, 1), (1, 4), (4, 1), (4, 2), (3, 4)]"
6260,11,"[(0, 2), (2, 0), (0, 3), (4, 0), (2, 1), (1, 3), (3, 1), (1, 4), (4, 1), (4, 2), (4, 3)]"
6261,11,"[(0, 2), (2, 0), (0, 3), (0, 4), (4, 0), (1, 2), (1, 3), (1, 4), (2, 4), (3, 4), (4, 3)]"
6262,11,"[(0, 2), (2, 0), (0, 3), (0, 4), (4, 0), (1, 2), (1, 3), (1, 4), (4, 2), (3, 4), (4, 3)]"
6263,11,"[(0, 2), (2, 0), (0, 3), (0, 4), (4, 0), (1, 2), (1, 3), (1, 4), (2, 4), (4, 2), (3, 4)]"
6264,11,"[(0, 2), (2, 0), (0, 3), (0, 4), (4, 0), (1, 2), (1, 3), (1, 4), (2, 4), (4, 2), (4, 3)]"
6265,11,"[(0, 2), (2, 0), (0, 3), (0, 4), (4, 0), (1, 2), (1, 3), (4, 1), (2, 4), (3, 4), (4, 3)]"
6266,11,"[(0, 2), (2, 0), (0, 3), (0, 4), (4, 0), (1, 2), (1, 3), (4, 1), (4, 2), (3, 4), (4, 3)]"
6267,11,"[(0, 2), (2, 0), (0, 3), (0, 4), (4, 0), (1, 2), (1, 3), (4, 1), (2, 4), (4, 2), (3, 4)]"
6268,11,"[(0, 2), (2, 0), (0, 3), (0, 4), (4, 0), (1, 2), (1, 3), (4, 1), (2, 4), (4, 2), (4, 3)]"
6269,11,"[(0, 2), (2, 0), (0, 3), (0, 4), (4, 0), (1, 2), (1, 3), (1, 4), (4, 1), (2, 4), (3, 4)]"
6270,11,"[(0, 2), (2, 0), (0, 3), (0, 4), (4, 0), (1, 2), (1, 3), (1, 4), (4, 1), (2, 4), (4, 3)]"
6271,11,"[(0, 2), (2, 0), (0, 3), (0, 4), (4, 0), (1, 2), (1, 3), (1, 4), (4, 1), (4, 2), (3, 4)]"
6272,11,"[(0, 2), (2, 0), (0, 3), (0, 4), (4, 0), (1, 2), (1, 3), (1, 4), (4, 1), (4, 2), (4, 3)]"
6273,11,"[(0, 2), (2, 0), (0, 3), (0, 4), (4, 0), (1, 2), (3, 1), (1, 4), (2, 4), (3, 4), (4, 3)]"
6274,11,"[(0, 2), (2, 0), (0, 3), (0, 4), (4, 0), (1, 2), (3, 1), (1, 4), (4, 2), (3, 4), (4, 3)]"
6275,11,"[(0, 2), (2, 0), (0, 3), (0, 4), (4, 0), (1, 2), (3, 1), (1, 4), (2, 4), (4, 2), (3, 4)]"
6276,11,"[(0, 2), (2, 0), (0, 3), (0, 4), (4, 0), (1, 2), (3, 1), (1, 4), (2, 4), (4, 2), (4, 3)]"
6277,11,"[(0, 2), (2, 0), (0, 3), (0, 4), (4, 0), (1, 2), (3, 1), (4, 1), (2, 4), (3, 4), (4, 3)]"
6278,11,"[(0, 2), (2, 0), (0, 3), (0, 4), (4, 0), (1, 2), (3, 1), (4, 1), (4, 2), (3, 4), (4, 3)]"
6279,11,"[(0, 2), (2, 0), (0, 3), (0, 4), (4, 0), (1, 2), (3, 1), (4, 1), (2, 4), (4, 2), (3, 4)]"
6280,11,"[(0, 2), (2, 0), (0, 3), (0, 4), (4, 0), (1, 2), (3, 1), (4, 1), (2, 4), (4, 2), (4, 3)]"
6281,11,"[(0, 2), (2, 0), (0, 3), (0, 4), (4, 0), (1, 2), (3, 1), (1, 4), (4, 1), (2, 4), (3, 4)]"
6282,11,"[(0, 2), (2, 0), (0, 3), (0, 4), (4, 0), (1, 2), (3, 1), (1, 4), (4, 1), (2, 4), (4, 3)]"
6283,11,"[(0, 2), (2, 0), (0, 3), (0, 4), (4, 0), (1, 2), (3, 1), (1, 4), (4, 1), (4, 2), (3, 4)]"
6284,11,"[(0, 2), (2, 0), (0, 3), (0, 4), (4, 0), (1, 2), (3, 1), (1, 4), (4, 1), (4, 2), (4, 3)]"
6285,11,"[(0, 2), (2, 0), (0, 3), (0, 4), (4, 0), (1, 2), (1, 3), (3, 1), (1, 4), (2, 4), (3, 4)]"
6286,11,"[(0, 2), (2, 0), (0, 3), (0, 4), (4, 0), (1, 2), (1, 3), (3, 1), (1, 4), (2, 4), (4, 3)]"
6287,11,"[(0, 2), (2, 0), (0, 3), (0, 4), (4, 0), (1, 2), (1, 3), (3, 1), (1, 4), (4, 2), (3, 4)]"
6288,11,"[(0, 2), (2, 0), (0, 3), (0, 4), (4, 0), (1, 2), (1, 3), (3, 1), (1, 4), (4, 2), (4, 3)]"
6289,11,"[(0, 2), (2, 0), (0, 3), (0, 4), (4, 0), (1, 2), (1, 3), (3, 1), (4, 1), (2, 4), (3, 4)]"
6290,11,"[(0, 2), (2, 0), (0, 3), (0, 4), (4, 0), (1, 2), (1, 3), (3, 1), (4, 1), (2, 4), (4, 3)]"
6291,11,"[(0, 2), (2, 0), (0, 3), (0, 4), (4, 0), (1, 2), (1, 3), (3, 1), (4, 1), (4, 2), (3, 4)]"
6292,11,"[(0, 2), (2, 0), (0, 3), (0, 4), (4, 0), (1, 2), (1, 3), (3, 1), (4, 1), (4, 2), (4, 3)]"
6293,11,"[(0, 2), (2, 0), (0, 3), (0, 4), (4, 0), (2, 1), (1, 3), (1, 4), (2, 4), (3, 4), (4, 3)]"
6294,11,"[(0, 2), (2, 0), (0, 3), (0, 4), (4, 0), (2, 1), (1, 3), (1, 4), (4, 2), (3, 4), (4, 3)]"
6295,11,"[(0, 2), (2, 0), (0, 3), (0, 4), (4, 0), (2, 1), (1, 3), (1, 4), (2, 4), (4, 2), (3, 4)]"
6296,11,"[(0, 2), (2, 0), (0, 3), (0, 4), (4, 0), (2, 1), (1, 3), (1, 4), (2, 4), (4, 2), (4, 3)]"
6297,11,"[(0, 2), (2, 0), (0, 3), (0, 4), (4, 0), (2, 1), (1, 3), (4, 1), (2, 4), (3, 4), (4, 3)]"
6298,11,"[(0, 2), (2, 0), (0, 3), (0, 4), (4, 0), (2, 1), (1, 3), (4, 1), (4, 2), (3, 4), (4, 3)]"
6299,11,"[(0, 2), (2, 0), (0, 3), (0, 4), (4, 0), (2, 1), (1, 3), (4, 1), (2, 4), (4, 2), (3, 4)]"
6300,11,"[(0, 2), (2, 0), (0, 3), (0, 4), (4, 0), (2, 1), (1, 3), (4, 1), (2, 4), (4, 2), (4, 3)]"
6301,11,"[(0, 2), (2, 0), (0, 3), (0, 4), (4, 0), (2, 1), (1, 3), (1, 4), (4, 1), (2, 4), (3, 4)]"
6302,11,"[(0, 2), (2, 0), (0, 3), (0, 4), (4, 0), (2, 1), (1, 3), (1, 4), (4, 1), (2, 4), (4, 3)]"
6303,11,"[(0, 2), (2, 0), (0, 3), (0, 4), (4, 0), (2, 1), (1, 3), (1, 4), (4, 1), (4, 2), (3, 4)]"
6304,11,"[(0, 2), (2, 0), (0, 3), (0, 4), (4, 0), (2, 1), (1, 3), (1, 4), (4, 1), (4, 2), (4, 3)]"
6305,11,"[(0, 2), (2, 0), (0, 3), (0, 4), (4, 0), (2, 1), (3, 1), (1, 4), (2, 4), (3, 4), (4, 3)]"
6306,11,"[(0, 2), (2, 0), (0, 3), (0, 4), (4, 0), (2, 1), (3, 1), (1, 4), (4, 2), (3, 4), (4, 3)]"
6307,11,"[(0, 2), (2, 0), (0, 3), (0, 4), (4, 0), (2, 1), (3, 1), (4, 1), (2, 4), (3, 4), (4, 3)]"
6308,11,"[(0, 2), (2, 0), (0, 3), (0, 4), (4, 0), (2, 1), (3, 1), (4, 1), (4, 2), (3, 4), (4, 3)]"
6309,11,"[(0, 2), (2, 0), (0, 3), (0, 4), (4, 0), (2, 1), (3, 1), (1, 4), (4, 1), (2, 4), (3, 4)]"
6310,11,"[(0, 2), (2, 0), (0, 3), (0, 4), (4, 0), (2, 1), (3, 1), (1, 4), (4, 1), (2, 4), (4, 3)]"
6311,11,"[(0, 2), (2, 0), (0, 3), (0, 4), (4, 0), (2, 1), (3, 1), (1, 4), (4, 1), (4, 2), (3, 4)]"
6312,11,"[(0, 2), (2, 0), (0, 3), (0, 4), (4, 0), (2, 1), (3, 1), (1, 4), (4, 1), (4, 2), (4, 3)]"
6313,11,"[(0, 2), (2, 0), (0, 3), (0, 4), (4, 0), (2, 1), (1, 3), (3, 1), (1, 4), (2, 4), (3, 4)]"
6314,11,"[(0, 2), (2, 0), (0, 3), (0, 4), (4, 0), (2, 1), (1, 3), (3, 1), (1, 4), (2, 4), (4, 3)]"
6315,11,"[(0, 2), (2, 0), (0, 3), (0, 4), (4, 0), (2, 1), (1, 3), (3, 1), (1, 4), (4, 2), (3, 4)]"
6316,11,"[(0, 2), (2, 0), (0, 3), (0, 4), (4, 0), (2, 1), (1, 3), (3, 1), (1, 4), (4, 2), (4, 3)]"
6317,11,"[(0, 2), (2, 0), (0, 3), (0, 4), (4, 0), (2, 1), (1, 3), (3, 1), (4, 1), (2, 4), (3, 4)]"
6318,11,"[(0, 2), (2, 0), (0, 3), (0, 4), (4, 0), (2, 1), (1, 3), (3, 1), (4, 1), (2, 4), (4, 3)]"
6319,11,"[(0, 2), (2, 0), (0, 3), (0, 4), (4, 0), (2, 1), (1, 3), (3, 1), (4, 1), (4, 2), (3, 4)]"
6320,11,"[(0, 2), (2, 0), (0, 3), (0, 4), (4, 0), (2, 1), (1, 3), (3, 1), (4, 1), (4, 2), (4, 3)]"
6321,11,"[(0, 2), (2, 0), (3, 0), (0, 4), (1, 2), (1, 3), (1, 4), (4, 1), (2, 4), (3, 4), (4, 3)]"
6322,11,"[(0, 2), (2, 0), (3, 0), (0, 4), (1, 2), (1, 3), (1, 4), (4, 1), (4, 2), (3, 4), (4, 3)]"
6323,11,"[(0, 2), (2, 0), (3, 0), (0, 4), (1, 2), (3, 1), (1, 4), (4, 1), (4, 2), (3, 4), (4, 3)]"
6324,11,"[(0, 2), (2, 0), (3, 0), (4, 0), (1, 2), (1, 3), (1, 4), (4, 1), (4, 2), (3, 4), (4, 3)]"
6325,11,"[(0, 2), (2, 0), (3, 0), (0, 4), (4, 0), (1, 2), (1, 3), (1, 4), (2, 4), (3, 4), (4, 3)]"
6326,11,"[(0, 2), (2, 0), (3, 0), (0, 4), (4, 0), (1, 2), (1, 3), (1, 4), (4, 2), (3, 4), (4, 3)]"
6327,11,"[(0, 2), (2, 0), (3, 0), (0, 4), (4, 0), (1, 2), (1, 3), (1, 4), (2, 4), (4, 2), (3, 4)]"
6328,11,"[(0, 2), (2, 0), (3, 0), (0, 4), (4, 0), (1, 2), (1, 3), (1, 4), (2, 4), (4, 2), (4, 3)]"
6329,11,"[(0, 2), (2, 0), (3, 0), (0, 4), (4, 0), (1, 2), (1, 3), (4, 1), (2, 4), (3, 4), (4, 3)]"
6330,11,"[(0, 2), (2, 0), (3, 0), (0, 4), (4, 0), (1, 2), (1, 3), (4, 1), (4, 2), (3, 4), (4, 3)]"
6331,11,"[(0, 2), (2, 0), (3, 0), (0, 4), (4, 0), (1, 2), (1, 3), (4, 1), (2, 4), (4, 2), (3, 4)]"
6332,11,"[(0, 2), (2, 0), (3, 0), (0, 4), (4, 0), (1, 2), (1, 3), (4, 1), (2, 4), (4, 2), (4, 3)]"
6333,11,"[(0, 2), (2, 0), (3, 0), (0, 4), (4, 0), (1, 2), (1, 3), (1, 4), (4, 1), (2, 4), (3, 4)]"
6334,11,"[(0, 2), (2, 0), (3, 0), (0, 4), (4, 0), (1, 2), (1, 3), (1, 4), (4, 1), (2, 4), (4, 3)]"
6335,11,"[(0, 2), (2, 0), (3, 0), (0, 4), (4, 0), (1, 2), (1, 3), (1, 4), (4, 1), (4, 2), (3, 4)]"
6336,11,"[(0, 2), (2, 0), (3, 0), (0, 4), (4, 0), (1, 2), (1, 3), (1, 4), (4, 1), (4, 2), (4, 3)]"
6337,11,"[(0, 2), (2, 0), (3, 0), (0, 4), (4, 0), (1, 2), (3, 1), (1, 4), (2, 4), (3, 4), (4, 3)]"
6338,11,"[(0, 2), (2, 0), (3, 0), (0, 4), (4, 0), (1, 2), (3, 1), (1, 4), (4, 2), (3, 4), (4, 3)]"
6339,11,"[(0, 2), (2, 0), (3, 0), (0, 4), (4, 0), (1, 2), (3, 1), (4, 1), (2, 4), (3, 4), (4, 3)]"
6340,11,"[(0, 2), (2, 0), (3, 0), (0, 4), (4, 0), (1, 2), (3, 1), (4, 1), (4, 2), (3, 4), (4, 3)]"
6341,11,"[(0, 2), (2, 0), (3, 0), (0, 4), (4, 0), (1, 2), (3, 1), (1, 4), (4, 1), (2, 4), (3, 4)]"
6342,11,"[(0, 2), (2, 0), (3, 0), (0, 4), (4, 0), (1, 2), (3, 1), (1, 4), (4, 1), (2, 4), (4, 3)]"
6343,11,"[(0, 2), (2, 0), (3, 0), (0, 4), (4, 0), (1, 2), (3, 1), (1, 4), (4, 1), (4, 2), (3, 4)]"
6344,11,"[(0, 2), (2, 0), (3, 0), (0, 4), (4, 0), (1, 2), (3, 1), (1, 4), (4, 1), (4, 2), (4, 3)]"
6345,11,"[(0, 2), (2, 0), (0, 3), (3, 0), (0, 4), (1, 2), (1, 3), (1, 4), (2, 4), (4, 2), (3, 4)]"
6346,11,"[(0, 2), (2, 0), (0, 3), (3, 0), (0, 4), (1, 2), (1, 3), (1, 4), (2, 4), (4, 2), (4, 3)]"
6347,11,"[(0, 2), (2, 0), (0, 3), (3, 0), (0, 4), (1, 2), (1, 3), (4, 1), (2, 4), (4, 2), (3, 4)]"
6348,11,"[(0, 2), (2, 0), (0, 3), (3, 0), (0, 4), (1, 2), (1, 3), (4, 1), (2, 4), (4, 2), (4, 3)]"
6349,11,"[(0, 2), (2, 0), (0, 3), (3, 0), (0, 4), (1, 2), (1, 3), (1, 4), (4, 1), (2, 4), (3, 4)]"
6350,11,"[(0, 2), (2, 0), (0, 3), (3, 0), (0, 4), (1, 2), (1, 3), (1, 4), (4, 1), (2, 4), (4, 3)]"
6351,11,"[(0, 2), (2, 0), (0, 3), (3, 0), (0, 4), (1, 2), (1, 3), (1, 4), (4, 1), (4, 2), (4, 3)]"
6352,11,"[(0, 2), (2, 0), (0, 3), (3, 0), (0, 4), (1, 2), (3, 1), (1, 4), (2, 4), (3, 4), (4, 3)]"
6353,11,"[(0, 2), (2, 0), (0, 3), (3, 0), (0, 4), (1, 2), (3, 1), (1, 4), (4, 2), (3, 4), (4, 3)]"
6354,11,"[(0, 2), (2, 0), (0, 3), (3, 0), (0, 4), (1, 2), (3, 1), (1, 4), (2, 4), (4, 2), (3, 4)]"
6355,11,"[(0, 2), (2, 0), (0, 3), (3, 0), (0, 4), (1, 2), (3, 1), (1, 4), (2, 4), (4, 2), (4, 3)]"
6356,11,"[(0, 2), (2, 0), (0, 3), (3, 0), (0, 4), (1, 2), (3, 1), (4, 1), (2, 4), (3, 4), (4, 3)]"
6357,11,"[(0, 2), (2, 0), (0, 3), (3, 0), (0, 4), (1, 2), (3, 1), (4, 1), (4, 2), (3, 4), (4, 3)]"
6358,11,"[(0, 2), (2, 0), (0, 3), (3, 0), (0, 4), (1, 2), (3, 1), (4, 1), (2, 4), (4, 2), (3, 4)]"
6359,11,"[(0, 2), (2, 0), (0, 3), (3, 0), (0, 4), (1, 2), (3, 1), (4, 1), (2, 4), (4, 2), (4, 3)]"
6360,11,"[(0, 2), (2, 0), (0, 3), (3, 0), (0, 4), (1, 2), (3, 1), (1, 4), (4, 1), (2, 4), (3, 4)]"
6361,11,"[(0, 2), (2, 0), (0, 3), (3, 0), (0, 4), (1, 2), (3, 1), (1, 4), (4, 1), (2, 4), (4, 3)]"
6362,11,"[(0, 2), (2, 0), (0, 3), (3, 0), (0, 4), (1, 2), (3, 1), (1, 4), (4, 1), (4, 2), (3, 4)]"
6363,11,"[(0, 2), (2, 0), (0, 3), (3, 0), (0, 4), (1, 2), (3, 1), (1, 4), (4, 1), (4, 2), (4, 3)]"
6364,11,"[(0, 2), (2, 0), (0, 3), (3, 0), (0, 4), (2, 1), (3, 1), (1, 4), (2, 4), (4, 2), (3, 4)]"
6365,11,"[(0, 2), (2, 0), (0, 3), (3, 0), (0, 4), (2, 1), (3, 1), (1, 4), (2, 4), (4, 2), (4, 3)]"
6366,11,"[(0, 2), (2, 0), (0, 3), (3, 0), (0, 4), (2, 1), (3, 1), (4, 1), (2, 4), (4, 2), (3, 4)]"
6367,11,"[(0, 2), (2, 0), (0, 3), (3, 0), (0, 4), (2, 1), (3, 1), (4, 1), (2, 4), (4, 2), (4, 3)]"
6368,11,"[(0, 2), (2, 0), (0, 3), (3, 0), (0, 4), (2, 1), (3, 1), (1, 4), (4, 1), (2, 4), (3, 4)]"
6369,11,"[(0, 2), (2, 0), (0, 3), (3, 0), (0, 4), (2, 1), (3, 1), (1, 4), (4, 1), (2, 4), (4, 3)]"
6370,11,"[(0, 2), (2, 0), (0, 3), (3, 0), (0, 4), (2, 1), (3, 1), (1, 4), (4, 1), (4, 2), (4, 3)]"
6371,11,"[(0, 2), (2, 0), (0, 3), (3, 0), (0, 4), (1, 2), (2, 1), (1, 3), (1, 4), (2, 4), (3, 4)]"
6372,11,"[(0, 2), (2, 0), (0, 3), (3, 0), (0, 4), (1, 2), (2, 1), (1, 3), (1, 4), (2, 4), (4, 3)]"
6373,11,"[(0, 2), (2, 0), (0, 3), (3, 0), (0, 4), (1, 2), (2, 1), (1, 3), (1, 4), (4, 2), (3, 4)]"
6374,11,"[(0, 2), (2, 0), (0, 3), (3, 0), (0, 4), (1, 2), (2, 1), (1, 3), (1, 4), (4, 2), (4, 3)]"
6375,11,"[(0, 2), (2, 0), (0, 3), (3, 0), (0, 4), (1, 2), (2, 1), (1, 3), (4, 1), (2, 4), (3, 4)]"
6376,11,"[(0, 2), (2, 0), (0, 3), (3, 0), (0, 4), (1, 2), (2, 1), (1, 3), (4, 1), (2, 4), (4, 3)]"
6377,11,"[(0, 2), (2, 0), (0, 3), (3, 0), (0, 4), (1, 2), (2, 1), (1, 3), (4, 1), (4, 2), (3, 4)]"
6378,11,"[(0, 2), (2, 0), (0, 3), (3, 0), (0, 4), (1, 2), (2, 1), (1, 3), (4, 1), (4, 2), (4, 3)]"
6379,11,"[(0, 2), (2, 0), (0, 3), (3, 0), (0, 4), (1, 2), (2, 1), (3, 1), (1, 4), (4, 2), (3, 4)]"
6380,11,"[(0, 2), (2, 0), (0, 3), (3, 0), (0, 4), (1, 2), (2, 1), (3, 1), (1, 4), (4, 2), (4, 3)]"
6381,11,"[(0, 2), (2, 0), (0, 3), (3, 0), (0, 4), (1, 2), (2, 1), (3, 1), (4, 1), (4, 2), (3, 4)]"
6382,11,"[(0, 2), (2, 0), (0, 3), (3, 0), (0, 4), (1, 2), (2, 1), (3, 1), (4, 1), (4, 2), (4, 3)]"
6383,11,"[(0, 2), (2, 0), (0, 3), (3, 0), (4, 0), (1, 2), (1, 3), (1, 4), (2, 4), (4, 2), (3, 4)]"
6384,11,"[(0, 2), (2, 0), (0, 3), (3, 0), (4, 0), (1, 2), (1, 3), (1, 4), (2, 4), (4, 2), (4, 3)]"
6385,11,"[(0, 2), (2, 0), (0, 3), (3, 0), (4, 0), (1, 2), (1, 3), (4, 1), (2, 4), (4, 2), (3, 4)]"
6386,11,"[(0, 2), (2, 0), (0, 3), (3, 0), (4, 0), (1, 2), (1, 3), (4, 1), (2, 4), (4, 2), (4, 3)]"
6387,11,"[(0, 2), (2, 0), (0, 3), (3, 0), (4, 0), (1, 2), (1, 3), (1, 4), (4, 1), (2, 4), (3, 4)]"
6388,11,"[(0, 2), (2, 0), (0, 3), (3, 0), (4, 0), (1, 2), (1, 3), (1, 4), (4, 1), (2, 4), (4, 3)]"
6389,11,"[(0, 2), (2, 0), (0, 3), (3, 0), (4, 0), (1, 2), (1, 3), (1, 4), (4, 1), (4, 2), (4, 3)]"
6390,11,"[(0, 2), (2, 0), (0, 3), (3, 0), (4, 0), (1, 2), (3, 1), (1, 4), (2, 4), (3, 4), (4, 3)]"
6391,11,"[(0, 2), (2, 0), (0, 3), (3, 0), (4, 0), (1, 2), (3, 1), (1, 4), (4, 2), (3, 4), (4, 3)]"
6392,11,"[(0, 2), (2, 0), (0, 3), (3, 0), (4, 0), (1, 2), (3, 1), (1, 4), (2, 4), (4, 2), (3, 4)]"
6393,11,"[(0, 2), (2, 0), (0, 3), (3, 0), (4, 0), (1, 2), (3, 1), (1, 4), (2, 4), (4, 2), (4, 3)]"
6394,11,"[(0, 2), (2, 0), (0, 3), (3, 0), (4, 0), (1, 2), (3, 1), (4, 1), (2, 4), (3, 4), (4, 3)]"
6395,11,"[(0, 2), (2, 0), (0, 3), (3, 0), (4, 0), (1, 2), (3, 1), (4, 1), (4, 2), (3, 4), (4, 3)]"
6396,11,"[(0, 2), (2, 0), (0, 3), (3, 0), (4, 0), (1, 2), (3, 1), (4, 1), (2, 4), (4, 2), (3, 4)]"
6397,11,"[(0, 2), (2, 0), (0, 3), (3, 0), (4, 0), (1, 2), (3, 1), (4, 1), (2, 4), (4, 2), (4, 3)]"
6398,11,"[(0, 2), (2, 0), (0, 3), (3, 0), (4, 0), (1, 2), (3, 1), (1, 4), (4, 1), (2, 4), (3, 4)]"
6399,11,"[(0, 2), (2, 0), (0, 3), (3, 0), (4, 0), (1, 2), (3, 1), (1, 4), (4, 1), (2, 4), (4, 3)]"
6400,11,"[(0, 2), (2, 0), (0, 3), (3, 0), (4, 0), (1, 2), (3, 1), (1, 4), (4, 1), (4, 2), (3, 4)]"
6401,11,"[(0, 2), (2, 0), (0, 3), (3, 0), (4, 0), (1, 2), (3, 1), (1, 4), (4, 1), (4, 2), (4, 3)]"
6402,11,"[(0, 2), (2, 0), (0, 3), (3, 0), (4, 0), (2, 1), (3, 1), (1, 4), (2, 4), (4, 2), (3, 4)]"
6403,11,"[(0, 2), (2, 0), (0, 3), (3, 0), (4, 0), (2, 1), (3, 1), (1, 4), (2, 4), (4, 2), (4, 3)]"
6404,11,"[(0, 2), (2, 0), (0, 3), (3, 0), (4, 0), (2, 1), (3, 1), (4, 1), (2, 4), (4, 2), (3, 4)]"
6405,11,"[(0, 2), (2, 0), (0, 3), (3, 0), (4, 0), (2, 1), (3, 1), (4, 1), (2, 4), (4, 2), (4, 3)]"
6406,11,"[(0, 2), (2, 0), (0, 3), (3, 0), (4, 0), (2, 1), (3, 1), (1, 4), (4, 1), (2, 4), (3, 4)]"
6407,11,"[(0, 2), (2, 0), (0, 3), (3, 0), (4, 0), (2, 1), (3, 1), (1, 4), (4, 1), (2, 4), (4, 3)]"
6408,11,"[(0, 2), (2, 0), (0, 3), (3, 0), (4, 0), (2, 1), (3, 1), (1, 4), (4, 1), (4, 2), (4, 3)]"
6409,11,"[(0, 2), (2, 0), (0, 3), (3, 0), (4, 0), (1, 2), (2, 1), (1, 3), (1, 4), (4, 2), (3, 4)]"
6410,11,"[(0, 2), (2, 0), (0, 3), (3, 0), (4, 0), (1, 2), (2, 1), (1, 3), (1, 4), (4, 2), (4, 3)]"
6411,11,"[(0, 2), (2, 0), (0, 3), (3, 0), (4, 0), (1, 2), (2, 1), (1, 3), (4, 1), (4, 2), (3, 4)]"
6412,11,"[(0, 2), (2, 0), (0, 3), (3, 0), (4, 0), (1, 2), (2, 1), (1, 3), (4, 1), (4, 2), (4, 3)]"
6413,11,"[(0, 2), (2, 0), (0, 3), (3, 0), (0, 4), (4, 0), (1, 2), (1, 3), (1, 4), (2, 4), (3, 4)]"
6414,11,"[(0, 2), (2, 0), (0, 3), (3, 0), (0, 4), (4, 0), (1, 2), (1, 3), (1, 4), (2, 4), (4, 3)]"
6415,11,"[(0, 2), (2, 0), (0, 3), (3, 0), (0, 4), (4, 0), (1, 2), (1, 3), (1, 4), (4, 2), (4, 3)]"
6416,11,"[(0, 2), (2, 0), (0, 3), (3, 0), (0, 4), (4, 0), (1, 2), (1, 3), (4, 1), (2, 4), (3, 4)]"
6417,11,"[(0, 2), (2, 0), (0, 3), (3, 0), (0, 4), (4, 0), (1, 2), (1, 3), (4, 1), (2, 4), (4, 3)]"
6418,11,"[(0, 2), (2, 0), (0, 3), (3, 0), (0, 4), (4, 0), (1, 2), (1, 3), (4, 1), (4, 2), (4, 3)]"
6419,11,"[(0, 2), (2, 0), (0, 3), (3, 0), (0, 4), (4, 0), (1, 2), (3, 1), (1, 4), (2, 4), (3, 4)]"
6420,11,"[(0, 2), (2, 0), (0, 3), (3, 0), (0, 4), (4, 0), (1, 2), (3, 1), (1, 4), (2, 4), (4, 3)]"
6421,11,"[(0, 2), (2, 0), (0, 3), (3, 0), (0, 4), (4, 0), (1, 2), (3, 1), (1, 4), (4, 2), (3, 4)]"
6422,11,"[(0, 2), (2, 0), (0, 3), (3, 0), (0, 4), (4, 0), (1, 2), (3, 1), (1, 4), (4, 2), (4, 3)]"
6423,11,"[(0, 2), (2, 0), (0, 3), (3, 0), (0, 4), (4, 0), (1, 2), (3, 1), (4, 1), (2, 4), (3, 4)]"
6424,11,"[(0, 2), (2, 0), (0, 3), (3, 0), (0, 4), (4, 0), (1, 2), (3, 1), (4, 1), (2, 4), (4, 3)]"
6425,11,"[(0, 2), (2, 0), (0, 3), (3, 0), (0, 4), (4, 0), (1, 2), (3, 1), (4, 1), (4, 2), (3, 4)]"
6426,11,"[(0, 2), (2, 0), (0, 3), (3, 0), (0, 4), (4, 0), (1, 2), (3, 1), (4, 1), (4, 2), (4, 3)]"
6427,11,"[(0, 2), (2, 0), (0, 3), (3, 0), (0, 4), (4, 0), (2, 1), (3, 1), (1, 4), (2, 4), (3, 4)]"
6428,11,"[(0, 2), (2, 0), (0, 3), (3, 0), (0, 4), (4, 0), (2, 1), (3, 1), (1, 4), (2, 4), (4, 3)]"
6429,11,"[(0, 2), (2, 0), (0, 3), (3, 0), (0, 4), (4, 0), (2, 1), (3, 1), (1, 4), (4, 2), (4, 3)]"
6430,11,"[(0, 2), (2, 0), (0, 3), (3, 0), (0, 4), (4, 0), (2, 1), (3, 1), (4, 1), (2, 4), (3, 4)]"
6431,11,"[(0, 2), (2, 0), (0, 3), (3, 0), (0, 4), (4, 0), (2, 1), (3, 1), (4, 1), (2, 4), (4, 3)]"
6432,11,"[(0, 2), (2, 0), (0, 3), (3, 0), (0, 4), (4, 0), (2, 1), (3, 1), (4, 1), (4, 2), (4, 3)]"
6433,11,"[(0, 2), (0, 3), (0, 4), (1, 2), (1, 3), (1, 4), (2, 3), (3, 2), (2, 4), (4, 2), (3, 4)]"
6434,11,"[(0, 2), (0, 3), (0, 4), (1, 2), (1, 3), (4, 1), (2, 3), (2, 4), (4, 2), (3, 4), (4, 3)]"
6435,11,"[(0, 2), (0, 3), (0, 4), (1, 2), (1, 3), (4, 1), (2, 3), (3, 2), (2, 4), (4, 2), (3, 4)]"
6436,11,"[(0, 2), (0, 3), (0, 4), (1, 2), (1, 3), (4, 1), (2, 3), (3, 2), (2, 4), (4, 2), (4, 3)]"
6437,11,"[(0, 2), (0, 3), (0, 4), (1, 2), (3, 1), (4, 1), (2, 3), (3, 2), (2, 4), (3, 4), (4, 3)]"
6438,11,"[(0, 2), (0, 3), (0, 4), (1, 2), (3, 1), (4, 1), (2, 3), (3, 2), (4, 2), (3, 4), (4, 3)]"
6439,11,"[(0, 2), (0, 3), (0, 4), (1, 2), (3, 1), (4, 1), (2, 3), (3, 2), (2, 4), (4, 2), (3, 4)]"
6440,11,"[(0, 2), (0, 3), (0, 4), (2, 1), (3, 1), (4, 1), (2, 3), (3, 2), (2, 4), (4, 2), (3, 4)]"
6441,11,"[(0, 2), (0, 3), (4, 0), (1, 2), (1, 3), (4, 1), (2, 3), (2, 4), (4, 2), (3, 4), (4, 3)]"
6442,11,"[(0, 2), (0, 3), (4, 0), (1, 2), (1, 3), (4, 1), (2, 3), (3, 2), (2, 4), (4, 2), (3, 4)]"
6443,11,"[(0, 2), (0, 3), (4, 0), (1, 2), (1, 3), (4, 1), (2, 3), (3, 2), (2, 4), (4, 2), (4, 3)]"
6444,11,"[(0, 2), (0, 3), (4, 0), (1, 2), (3, 1), (1, 4), (2, 3), (3, 2), (2, 4), (3, 4), (4, 3)]"
6445,11,"[(0, 2), (0, 3), (4, 0), (1, 2), (3, 1), (1, 4), (2, 3), (3, 2), (4, 2), (3, 4), (4, 3)]"
6446,11,"[(0, 2), (0, 3), (4, 0), (1, 2), (3, 1), (1, 4), (2, 3), (3, 2), (2, 4), (4, 2), (3, 4)]"
6447,11,"[(0, 2), (0, 3), (4, 0), (1, 2), (3, 1), (4, 1), (2, 3), (2, 4), (4, 2), (3, 4), (4, 3)]"
6448,11,"[(0, 2), (0, 3), (4, 0), (1, 2), (3, 1), (4, 1), (3, 2), (2, 4), (4, 2), (3, 4), (4, 3)]"
6449,11,"[(0, 2), (0, 3), (4, 0), (1, 2), (3, 1), (4, 1), (2, 3), (3, 2), (2, 4), (3, 4), (4, 3)]"
6450,11,"[(0, 2), (0, 3), (4, 0), (1, 2), (3, 1), (4, 1), (2, 3), (3, 2), (4, 2), (3, 4), (4, 3)]"
6451,11,"[(0, 2), (0, 3), (4, 0), (1, 2), (3, 1), (4, 1), (2, 3), (3, 2), (2, 4), (4, 2), (3, 4)]"
6452,11,"[(0, 2), (0, 3), (4, 0), (1, 2), (3, 1), (4, 1), (2, 3), (3, 2), (2, 4), (4, 2), (4, 3)]"
6453,11,"[(0, 2), (0, 3), (4, 0), (2, 1), (3, 1), (1, 4), (2, 3), (2, 4), (4, 2), (3, 4), (4, 3)]"
6454,11,"[(0, 2), (0, 3), (4, 0), (2, 1), (3, 1), (1, 4), (2, 3), (3, 2), (2, 4), (4, 2), (3, 4)]"
6455,11,"[(0, 2), (0, 3), (4, 0), (2, 1), (3, 1), (1, 4), (2, 3), (3, 2), (2, 4), (4, 2), (4, 3)]"
6456,11,"[(0, 2), (0, 3), (4, 0), (2, 1), (3, 1), (4, 1), (2, 3), (2, 4), (4, 2), (3, 4), (4, 3)]"
6457,11,"[(0, 2), (0, 3), (4, 0), (2, 1), (3, 1), (4, 1), (2, 3), (3, 2), (2, 4), (4, 2), (3, 4)]"
6458,11,"[(0, 2), (0, 3), (4, 0), (2, 1), (3, 1), (4, 1), (2, 3), (3, 2), (2, 4), (4, 2), (4, 3)]"
6459,11,"[(0, 2), (3, 0), (4, 0), (1, 2), (3, 1), (4, 1), (2, 3), (3, 2), (2, 4), (3, 4), (4, 3)]"
6460,11,"[(0, 2), (3, 0), (4, 0), (1, 2), (3, 1), (4, 1), (2, 3), (3, 2), (4, 2), (3, 4), (4, 3)]"
6461,11,"[(0, 2), (3, 0), (4, 0), (1, 2), (3, 1), (4, 1), (2, 3), (3, 2), (2, 4), (4, 2), (3, 4)]"
6462,11,"[(0, 2), (3, 0), (4, 0), (2, 1), (1, 3), (4, 1), (2, 3), (2, 4), (4, 2), (3, 4), (4, 3)]"
6463,11,"[(0, 2), (3, 0), (4, 0), (2, 1), (1, 3), (4, 1), (2, 3), (3, 2), (2, 4), (4, 2), (3, 4)]"
6464,11,"[(0, 2), (3, 0), (4, 0), (2, 1), (1, 3), (4, 1), (2, 3), (3, 2), (2, 4), (4, 2), (4, 3)]"
6465,11,"[(0, 2), (3, 0), (4, 0), (2, 1), (3, 1), (4, 1), (2, 3), (3, 2), (2, 4), (3, 4), (4, 3)]"
6466,11,"[(0, 2), (3, 0), (4, 0), (2, 1), (3, 1), (4, 1), (2, 3), (3, 2), (4, 2), (3, 4), (4, 3)]"
6467,11,"[(0, 2), (3, 0), (4, 0), (2, 1), (3, 1), (4, 1), (2, 3), (3, 2), (2, 4), (4, 2), (3, 4)]"
6468,11,"[(2, 0), (3, 0), (4, 0), (2, 1), (3, 1), (4, 1), (2, 3), (3, 2), (2, 4), (4, 2), (3, 4)]"
6469,11,"[(0, 2), (2, 0), (0, 3), (0, 4), (1, 2), (1, 3), (1, 4), (2, 3), (2, 4), (3, 4), (4, 3)]"
6470,11,"[(0, 2), (2, 0), (0, 3), (0, 4), (1, 2), (1, 3), (1, 4), (2, 3), (4, 2), (3, 4), (4, 3)]"
6471,11,"[(0, 2), (2, 0), (0, 3), (0, 4), (1, 2), (1, 3), (1, 4), (3, 2), (4, 2), (3, 4), (4, 3)]"
6472,11,"[(0, 2), (2, 0), (0, 3), (0, 4), (1, 2), (1, 3), (1, 4), (2, 3), (3, 2), (2, 4), (3, 4)]"
6473,11,"[(0, 2), (2, 0), (0, 3), (0, 4), (1, 2), (1, 3), (1, 4), (2, 3), (3, 2), (2, 4), (4, 3)]"
6474,11,"[(0, 2), (2, 0), (0, 3), (0, 4), (1, 2), (1, 3), (1, 4), (2, 3), (3, 2), (4, 2), (3, 4)]"
6475,11,"[(0, 2), (2, 0), (0, 3), (0, 4), (1, 2), (1, 3), (1, 4), (2, 3), (3, 2), (4, 2), (4, 3)]"
6476,11,"[(0, 2), (2, 0), (0, 3), (0, 4), (1, 2), (1, 3), (4, 1), (2, 3), (2, 4), (3, 4), (4, 3)]"
6477,11,"[(0, 2), (2, 0), (0, 3), (0, 4), (1, 2), (1, 3), (4, 1), (2, 3), (4, 2), (3, 4), (4, 3)]"
6478,11,"[(0, 2), (2, 0), (0, 3), (0, 4), (1, 2), (1, 3), (4, 1), (2, 3), (2, 4), (4, 2), (3, 4)]"
6479,11,"[(0, 2), (2, 0), (0, 3), (0, 4), (1, 2), (1, 3), (4, 1), (2, 3), (2, 4), (4, 2), (4, 3)]"
6480,11,"[(0, 2), (2, 0), (0, 3), (0, 4), (1, 2), (1, 3), (4, 1), (3, 2), (2, 4), (3, 4), (4, 3)]"
6481,11,"[(0, 2), (2, 0), (0, 3), (0, 4), (1, 2), (1, 3), (4, 1), (3, 2), (4, 2), (3, 4), (4, 3)]"
6482,11,"[(0, 2), (2, 0), (0, 3), (0, 4), (1, 2), (1, 3), (4, 1), (3, 2), (2, 4), (4, 2), (3, 4)]"
6483,11,"[(0, 2), (2, 0), (0, 3), (0, 4), (1, 2), (1, 3), (4, 1), (3, 2), (2, 4), (4, 2), (4, 3)]"
6484,11,"[(0, 2), (2, 0), (0, 3), (0, 4), (1, 2), (1, 3), (4, 1), (2, 3), (3, 2), (2, 4), (3, 4)]"
6485,11,"[(0, 2), (2, 0), (0, 3), (0, 4), (1, 2), (1, 3), (4, 1), (2, 3), (3, 2), (2, 4), (4, 3)]"
6486,11,"[(0, 2), (2, 0), (0, 3), (0, 4), (1, 2), (1, 3), (4, 1), (2, 3), (3, 2), (4, 2), (3, 4)]"
6487,11,"[(0, 2), (2, 0), (0, 3), (0, 4), (1, 2), (1, 3), (4, 1), (2, 3), (3, 2), (4, 2), (4, 3)]"
6488,11,"[(0, 2), (2, 0), (0, 3), (0, 4), (1, 2), (3, 1), (4, 1), (2, 3), (2, 4), (3, 4), (4, 3)]"
6489,11,"[(0, 2), (2, 0), (0, 3), (0, 4), (1, 2), (3, 1), (4, 1), (2, 3), (4, 2), (3, 4), (4, 3)]"
6490,11,"[(0, 2), (2, 0), (0, 3), (0, 4), (1, 2), (3, 1), (4, 1), (3, 2), (4, 2), (3, 4), (4, 3)]"
6491,11,"[(0, 2), (2, 0), (0, 3), (0, 4), (1, 2), (3, 1), (4, 1), (2, 3), (3, 2), (2, 4), (3, 4)]"
6492,11,"[(0, 2), (2, 0), (0, 3), (0, 4), (1, 2), (3, 1), (4, 1), (2, 3), (3, 2), (2, 4), (4, 3)]"
6493,11,"[(0, 2), (2, 0), (0, 3), (0, 4), (1, 2), (3, 1), (4, 1), (2, 3), (3, 2), (4, 2), (3, 4)]"
6494,11,"[(0, 2), (2, 0), (0, 3), (0, 4), (1, 2), (3, 1), (4, 1), (2, 3), (3, 2), (4, 2), (4, 3)]"
6495,11,"[(0, 2), (2, 0), (0, 3), (0, 4), (1, 2), (1, 3), (3, 1), (1, 4), (2, 3), (2, 4), (3, 4)]"
6496,11,"[(0, 2), (2, 0), (0, 3), (0, 4), (1, 2), (1, 3), (3, 1), (1, 4), (2, 3), (2, 4), (4, 3)]"
6497,11,"[(0, 2), (2, 0), (0, 3), (0, 4), (1, 2), (1, 3), (3, 1), (1, 4), (2, 3), (4, 2), (3, 4)]"
6498,11,"[(0, 2), (2, 0), (0, 3), (0, 4), (1, 2), (1, 3), (3, 1), (1, 4), (2, 3), (4, 2), (4, 3)]"
6499,11,"[(0, 2), (2, 0), (0, 3), (0, 4), (1, 2), (1, 3), (3, 1), (4, 1), (2, 3), (2, 4), (3, 4)]"
6500,11,"[(0, 2), (2, 0), (0, 3), (0, 4), (1, 2), (1, 3), (3, 1), (4, 1), (2, 3), (2, 4), (4, 3)]"
6501,11,"[(0, 2), (2, 0), (0, 3), (0, 4), (1, 2), (1, 3), (3, 1), (4, 1), (2, 3), (4, 2), (3, 4)]"
6502,11,"[(0, 2), (2, 0), (0, 3), (0, 4), (1, 2), (1, 3), (3, 1), (4, 1), (2, 3), (4, 2), (4, 3)]"
6503,11,"[(0, 2), (2, 0), (0, 3), (0, 4), (1, 2), (1, 3), (3, 1), (4, 1), (3, 2), (2, 4), (3, 4)]"
6504,11,"[(0, 2), (2, 0), (0, 3), (0, 4), (1, 2), (1, 3), (3, 1), (4, 1), (3, 2), (2, 4), (4, 3)]"
6505,11,"[(0, 2), (2, 0), (0, 3), (0, 4), (1, 2), (1, 3), (3, 1), (4, 1), (3, 2), (4, 2), (3, 4)]"
6506,11,"[(0, 2), (2, 0), (0, 3), (0, 4), (1, 2), (1, 3), (3, 1), (4, 1), (3, 2), (4, 2), (4, 3)]"
6507,11,"[(0, 2), (2, 0), (0, 3), (0, 4), (2, 1), (1, 3), (1, 4), (2, 3), (2, 4), (3, 4), (4, 3)]"
6508,11,"[(0, 2), (2, 0), (0, 3), (0, 4), (2, 1), (1, 3), (1, 4), (2, 3), (4, 2), (3, 4), (4, 3)]"
6509,11,"[(0, 2), (2, 0), (0, 3), (0, 4), (2, 1), (1, 3), (1, 4), (3, 2), (4, 2), (3, 4), (4, 3)]"
6510,11,"[(0, 2), (2, 0), (0, 3), (0, 4), (2, 1), (1, 3), (1, 4), (2, 3), (3, 2), (2, 4), (3, 4)]"
6511,11,"[(0, 2), (2, 0), (0, 3), (0, 4), (2, 1), (1, 3), (1, 4), (2, 3), (3, 2), (2, 4), (4, 3)]"
6512,11,"[(0, 2), (2, 0), (0, 3), (0, 4), (2, 1), (1, 3), (1, 4), (2, 3), (3, 2), (4, 2), (3, 4)]"
6513,11,"[(0, 2), (2, 0), (0, 3), (0, 4), (2, 1), (1, 3), (1, 4), (2, 3), (3, 2), (4, 2), (4, 3)]"
6514,11,"[(0, 2), (2, 0), (0, 3), (0, 4), (2, 1), (1, 3), (4, 1), (2, 3), (2, 4), (3, 4), (4, 3)]"
6515,11,"[(0, 2), (2, 0), (0, 3), (0, 4), (2, 1), (1, 3), (4, 1), (2, 3), (4, 2), (3, 4), (4, 3)]"
6516,11,"[(0, 2), (2, 0), (0, 3), (0, 4), (2, 1), (1, 3), (4, 1), (2, 3), (2, 4), (4, 2), (3, 4)]"
6517,11,"[(0, 2), (2, 0), (0, 3), (0, 4), (2, 1), (1, 3), (4, 1), (2, 3), (2, 4), (4, 2), (4, 3)]"
6518,11,"[(0, 2), (2, 0), (0, 3), (0, 4), (2, 1), (1, 3), (4, 1), (3, 2), (2, 4), (3, 4), (4, 3)]"
6519,11,"[(0, 2), (2, 0), (0, 3), (0, 4), (2, 1), (1, 3), (4, 1), (3, 2), (4, 2), (3, 4), (4, 3)]"
6520,11,"[(0, 2), (2, 0), (0, 3), (0, 4), (2, 1), (1, 3), (4, 1), (3, 2), (2, 4), (4, 2), (3, 4)]"
6521,11,"[(0, 2), (2, 0), (0, 3), (0, 4), (2, 1), (1, 3), (4, 1), (3, 2), (2, 4), (4, 2), (4, 3)]"
6522,11,"[(0, 2), (2, 0), (0, 3), (0, 4), (2, 1), (1, 3), (4, 1), (2, 3), (3, 2), (2, 4), (3, 4)]"
6523,11,"[(0, 2), (2, 0), (0, 3), (0, 4), (2, 1), (1, 3), (4, 1), (2, 3), (3, 2), (2, 4), (4, 3)]"
6524,11,"[(0, 2), (2, 0), (0, 3), (0, 4), (2, 1), (1, 3), (4, 1), (2, 3), (3, 2), (4, 2), (3, 4)]"
6525,11,"[(0, 2), (2, 0), (0, 3), (0, 4), (2, 1), (1, 3), (4, 1), (2, 3), (3, 2), (4, 2), (4, 3)]"
6526,11,"[(0, 2), (2, 0), (0, 3), (0, 4), (2, 1), (3, 1), (4, 1), (2, 3), (2, 4), (3, 4), (4, 3)]"
6527,11,"[(0, 2), (2, 0), (0, 3), (0, 4), (2, 1), (3, 1), (4, 1), (2, 3), (4, 2), (3, 4), (4, 3)]"
6528,11,"[(0, 2), (2, 0), (0, 3), (0, 4), (2, 1), (3, 1), (4, 1), (3, 2), (4, 2), (3, 4), (4, 3)]"
6529,11,"[(0, 2), (2, 0), (0, 3), (0, 4), (2, 1), (3, 1), (4, 1), (2, 3), (3, 2), (2, 4), (3, 4)]"
6530,11,"[(0, 2), (2, 0), (0, 3), (0, 4), (2, 1), (3, 1), (4, 1), (2, 3), (3, 2), (2, 4), (4, 3)]"
6531,11,"[(0, 2), (2, 0), (0, 3), (0, 4), (2, 1), (3, 1), (4, 1), (2, 3), (3, 2), (4, 2), (3, 4)]"
6532,11,"[(0, 2), (2, 0), (0, 3), (0, 4), (2, 1), (3, 1), (4, 1), (2, 3), (3, 2), (4, 2), (4, 3)]"
6533,11,"[(0, 2), (2, 0), (0, 3), (0, 4), (2, 1), (1, 3), (3, 1), (1, 4), (2, 3), (2, 4), (3, 4)]"
6534,11,"[(0, 2), (2, 0), (0, 3), (0, 4), (2, 1), (1, 3), (3, 1), (1, 4), (2, 3), (2, 4), (4, 3)]"
6535,11,"[(0, 2), (2, 0), (0, 3), (0, 4), (2, 1), (1, 3), (3, 1), (1, 4), (2, 3), (4, 2), (3, 4)]"
6536,11,"[(0, 2), (2, 0), (0, 3), (0, 4), (2, 1), (1, 3), (3, 1), (1, 4), (2, 3), (4, 2), (4, 3)]"
6537,11,"[(0, 2), (2, 0), (0, 3), (0, 4), (2, 1), (1, 3), (3, 1), (1, 4), (3, 2), (2, 4), (3, 4)]"
6538,11,"[(0, 2), (2, 0), (0, 3), (0, 4), (2, 1), (1, 3), (3, 1), (1, 4), (3, 2), (2, 4), (4, 3)]"
6539,11,"[(0, 2), (2, 0), (0, 3), (0, 4), (2, 1), (1, 3), (3, 1), (1, 4), (3, 2), (4, 2), (3, 4)]"
6540,11,"[(0, 2), (2, 0), (0, 3), (0, 4), (2, 1), (1, 3), (3, 1), (1, 4), (3, 2), (4, 2), (4, 3)]"
6541,11,"[(0, 2), (2, 0), (0, 3), (0, 4), (2, 1), (1, 3), (3, 1), (4, 1), (2, 3), (2, 4), (3, 4)]"
6542,11,"[(0, 2), (2, 0), (0, 3), (0, 4), (2, 1), (1, 3), (3, 1), (4, 1), (2, 3), (2, 4), (4, 3)]"
6543,11,"[(0, 2), (2, 0), (0, 3), (0, 4), (2, 1), (1, 3), (3, 1), (4, 1), (2, 3), (4, 2), (3, 4)]"
6544,11,"[(0, 2), (2, 0), (0, 3), (0, 4), (2, 1), (1, 3), (3, 1), (4, 1), (2, 3), (4, 2), (4, 3)]"
6545,11,"[(0, 2), (2, 0), (0, 3), (0, 4), (2, 1), (1, 3), (3, 1), (4, 1), (3, 2), (2, 4), (3, 4)]"
6546,11,"[(0, 2), (2, 0), (0, 3), (0, 4), (2, 1), (1, 3), (3, 1), (4, 1), (3, 2), (2, 4), (4, 3)]"
6547,11,"[(0, 2), (2, 0), (0, 3), (0, 4), (2, 1), (1, 3), (3, 1), (4, 1), (3, 2), (4, 2), (3, 4)]"
6548,11,"[(0, 2), (2, 0), (0, 3), (0, 4), (2, 1), (1, 3), (3, 1), (4, 1), (3, 2), (4, 2), (4, 3)]"
6549,11,"[(0, 2), (2, 0), (0, 3), (0, 4), (1, 2), (2, 1), (1, 3), (1, 4), (2, 3), (2, 4), (3, 4)]"
6550,11,"[(0, 2), (2, 0), (0, 3), (0, 4), (1, 2), (2, 1), (1, 3), (1, 4), (2, 3), (4, 2), (3, 4)]"
6551,11,"[(0, 2), (2, 0), (0, 3), (0, 4), (1, 2), (2, 1), (1, 3), (1, 4), (2, 3), (4, 2), (4, 3)]"
6552,11,"[(0, 2), (2, 0), (0, 3), (0, 4), (1, 2), (2, 1), (1, 3), (1, 4), (3, 2), (4, 2), (3, 4)]"
6553,11,"[(0, 2), (2, 0), (0, 3), (0, 4), (1, 2), (2, 1), (1, 3), (4, 1), (2, 3), (2, 4), (3, 4)]"
6554,11,"[(0, 2), (2, 0), (0, 3), (0, 4), (1, 2), (2, 1), (1, 3), (4, 1), (2, 3), (2, 4), (4, 3)]"
6555,11,"[(0, 2), (2, 0), (0, 3), (0, 4), (1, 2), (2, 1), (1, 3), (4, 1), (2, 3), (4, 2), (3, 4)]"
6556,11,"[(0, 2), (2, 0), (0, 3), (0, 4), (1, 2), (2, 1), (1, 3), (4, 1), (2, 3), (4, 2), (4, 3)]"
6557,11,"[(0, 2), (2, 0), (0, 3), (0, 4), (1, 2), (2, 1), (1, 3), (4, 1), (3, 2), (2, 4), (3, 4)]"
6558,11,"[(0, 2), (2, 0), (0, 3), (0, 4), (1, 2), (2, 1), (1, 3), (4, 1), (3, 2), (2, 4), (4, 3)]"
6559,11,"[(0, 2), (2, 0), (0, 3), (0, 4), (1, 2), (2, 1), (1, 3), (4, 1), (3, 2), (4, 2), (3, 4)]"
6560,11,"[(0, 2), (2, 0), (0, 3), (0, 4), (1, 2), (2, 1), (1, 3), (4, 1), (3, 2), (4, 2), (4, 3)]"
6561,11,"[(0, 2), (2, 0), (0, 3), (0, 4), (1, 2), (2, 1), (3, 1), (4, 1), (2, 3), (2, 4), (3, 4)]"
6562,11,"[(0, 2), (2, 0), (0, 3), (0, 4), (1, 2), (2, 1), (3, 1), (4, 1), (2, 3), (4, 2), (3, 4)]"
6563,11,"[(0, 2), (2, 0), (0, 3), (0, 4), (1, 2), (2, 1), (3, 1), (4, 1), (2, 3), (4, 2), (4, 3)]"
6564,11,"[(0, 2), (2, 0), (0, 3), (0, 4), (1, 2), (2, 1), (3, 1), (4, 1), (3, 2), (4, 2), (3, 4)]"
6565,11,"[(0, 2), (2, 0), (0, 3), (4, 0), (1, 2), (1, 3), (1, 4), (2, 3), (2, 4), (3, 4), (4, 3)]"
6566,11,"[(0, 2), (2, 0), (0, 3), (4, 0), (1, 2), (1, 3), (1, 4), (2, 3), (4, 2), (3, 4), (4, 3)]"
6567,11,"[(0, 2), (2, 0), (0, 3), (4, 0), (1, 2), (1, 3), (1, 4), (2, 3), (2, 4), (4, 2), (3, 4)]"
6568,11,"[(0, 2), (2, 0), (0, 3), (4, 0), (1, 2), (1, 3), (1, 4), (2, 3), (2, 4), (4, 2), (4, 3)]"
6569,11,"[(0, 2), (2, 0), (0, 3), (4, 0), (1, 2), (1, 3), (1, 4), (3, 2), (2, 4), (3, 4), (4, 3)]"
6570,11,"[(0, 2), (2, 0), (0, 3), (4, 0), (1, 2), (1, 3), (1, 4), (3, 2), (4, 2), (3, 4), (4, 3)]"
6571,11,"[(0, 2), (2, 0), (0, 3), (4, 0), (1, 2), (1, 3), (1, 4), (3, 2), (2, 4), (4, 2), (3, 4)]"
6572,11,"[(0, 2), (2, 0), (0, 3), (4, 0), (1, 2), (1, 3), (1, 4), (3, 2), (2, 4), (4, 2), (4, 3)]"
6573,11,"[(0, 2), (2, 0), (0, 3), (4, 0), (1, 2), (1, 3), (1, 4), (2, 3), (3, 2), (2, 4), (3, 4)]"
6574,11,"[(0, 2), (2, 0), (0, 3), (4, 0), (1, 2), (1, 3), (1, 4), (2, 3), (3, 2), (2, 4), (4, 3)]"
6575,11,"[(0, 2), (2, 0), (0, 3), (4, 0), (1, 2), (1, 3), (1, 4), (2, 3), (3, 2), (4, 2), (3, 4)]"
6576,11,"[(0, 2), (2, 0), (0, 3), (4, 0), (1, 2), (1, 3), (1, 4), (2, 3), (3, 2), (4, 2), (4, 3)]"
6577,11,"[(0, 2), (2, 0), (0, 3), (4, 0), (1, 2), (1, 3), (4, 1), (2, 3), (2, 4), (3, 4), (4, 3)]"
6578,11,"[(0, 2), (2, 0), (0, 3), (4, 0), (1, 2), (1, 3), (4, 1), (2, 3), (4, 2), (3, 4), (4, 3)]"
6579,11,"[(0, 2), (2, 0), (0, 3), (4, 0), (1, 2), (1, 3), (4, 1), (2, 3), (2, 4), (4, 2), (3, 4)]"
6580,11,"[(0, 2), (2, 0), (0, 3), (4, 0), (1, 2), (1, 3), (4, 1), (2, 3), (2, 4), (4, 2), (4, 3)]"
6581,11,"[(0, 2), (2, 0), (0, 3), (4, 0), (1, 2), (1, 3), (4, 1), (3, 2), (2, 4), (3, 4), (4, 3)]"
6582,11,"[(0, 2), (2, 0), (0, 3), (4, 0), (1, 2), (1, 3), (4, 1), (3, 2), (4, 2), (3, 4), (4, 3)]"
6583,11,"[(0, 2), (2, 0), (0, 3), (4, 0), (1, 2), (1, 3), (4, 1), (3, 2), (2, 4), (4, 2), (3, 4)]"
6584,11,"[(0, 2), (2, 0), (0, 3), (4, 0), (1, 2), (1, 3), (4, 1), (3, 2), (2, 4), (4, 2), (4, 3)]"
6585,11,"[(0, 2), (2, 0), (0, 3), (4, 0), (1, 2), (1, 3), (4, 1), (2, 3), (3, 2), (2, 4), (3, 4)]"
6586,11,"[(0, 2), (2, 0), (0, 3), (4, 0), (1, 2), (1, 3), (4, 1), (2, 3), (3, 2), (2, 4), (4, 3)]"
6587,11,"[(0, 2), (2, 0), (0, 3), (4, 0), (1, 2), (1, 3), (4, 1), (2, 3), (3, 2), (4, 2), (3, 4)]"
6588,11,"[(0, 2), (2, 0), (0, 3), (4, 0), (1, 2), (1, 3), (4, 1), (2, 3), (3, 2), (4, 2), (4, 3)]"
6589,11,"[(0, 2), (2, 0), (0, 3), (4, 0), (1, 2), (3, 1), (1, 4), (2, 3), (2, 4), (3, 4), (4, 3)]"
6590,11,"[(0, 2), (2, 0), (0, 3), (4, 0), (1, 2), (3, 1), (1, 4), (2, 3), (4, 2), (3, 4), (4, 3)]"
6591,11,"[(0, 2), (2, 0), (0, 3), (4, 0), (1, 2), (3, 1), (1, 4), (2, 3), (2, 4), (4, 2), (3, 4)]"
6592,11,"[(0, 2), (2, 0), (0, 3), (4, 0), (1, 2), (3, 1), (1, 4), (2, 3), (2, 4), (4, 2), (4, 3)]"
6593,11,"[(0, 2), (2, 0), (0, 3), (4, 0), (1, 2), (3, 1), (1, 4), (3, 2), (2, 4), (3, 4), (4, 3)]"
6594,11,"[(0, 2), (2, 0), (0, 3), (4, 0), (1, 2), (3, 1), (1, 4), (3, 2), (4, 2), (3, 4), (4, 3)]"
6595,11,"[(0, 2), (2, 0), (0, 3), (4, 0), (1, 2), (3, 1), (1, 4), (3, 2), (2, 4), (4, 2), (3, 4)]"
6596,11,"[(0, 2), (2, 0), (0, 3), (4, 0), (1, 2), (3, 1), (1, 4), (3, 2), (2, 4), (4, 2), (4, 3)]"
6597,11,"[(0, 2), (2, 0), (0, 3), (4, 0), (1, 2), (3, 1), (1, 4), (2, 3), (3, 2), (2, 4), (3, 4)]"
6598,11,"[(0, 2), (2, 0), (0, 3), (4, 0), (1, 2), (3, 1), (1, 4), (2, 3), (3, 2), (2, 4), (4, 3)]"
6599,11,"[(0, 2), (2, 0), (0, 3), (4, 0), (1, 2), (3, 1), (1, 4), (2, 3), (3, 2), (4, 2), (3, 4)]"
6600,11,"[(0, 2), (2, 0), (0, 3), (4, 0), (1, 2), (3, 1), (1, 4), (2, 3), (3, 2), (4, 2), (4, 3)]"
6601,11,"[(0, 2), (2, 0), (0, 3), (4, 0), (1, 2), (3, 1), (4, 1), (2, 3), (2, 4), (3, 4), (4, 3)]"
6602,11,"[(0, 2), (2, 0), (0, 3), (4, 0), (1, 2), (3, 1), (4, 1), (2, 3), (4, 2), (3, 4), (4, 3)]"
6603,11,"[(0, 2), (2, 0), (0, 3), (4, 0), (1, 2), (3, 1), (4, 1), (2, 3), (2, 4), (4, 2), (3, 4)]"
6604,11,"[(0, 2), (2, 0), (0, 3), (4, 0), (1, 2), (3, 1), (4, 1), (2, 3), (2, 4), (4, 2), (4, 3)]"
6605,11,"[(0, 2), (2, 0), (0, 3), (4, 0), (1, 2), (3, 1), (4, 1), (3, 2), (2, 4), (3, 4), (4, 3)]"
6606,11,"[(0, 2), (2, 0), (0, 3), (4, 0), (1, 2), (3, 1), (4, 1), (3, 2), (4, 2), (3, 4), (4, 3)]"
6607,11,"[(0, 2), (2, 0), (0, 3), (4, 0), (1, 2), (3, 1), (4, 1), (3, 2), (2, 4), (4, 2), (3, 4)]"
6608,11,"[(0, 2), (2, 0), (0, 3), (4, 0), (1, 2), (3, 1), (4, 1), (3, 2), (2, 4), (4, 2), (4, 3)]"
6609,11,"[(0, 2), (2, 0), (0, 3), (4, 0), (1, 2), (3, 1), (4, 1), (2, 3), (3, 2), (2, 4), (3, 4)]"
6610,11,"[(0, 2), (2, 0), (0, 3), (4, 0), (1, 2), (3, 1), (4, 1), (2, 3), (3, 2), (2, 4), (4, 3)]"
6611,11,"[(0, 2), (2, 0), (0, 3), (4, 0), (1, 2), (3, 1), (4, 1), (2, 3), (3, 2), (4, 2), (3, 4)]"
6612,11,"[(0, 2), (2, 0), (0, 3), (4, 0), (1, 2), (3, 1), (4, 1), (2, 3), (3, 2), (4, 2), (4, 3)]"
6613,11,"[(0, 2), (2, 0), (0, 3), (4, 0), (1, 2), (3, 1), (1, 4), (4, 1), (2, 3), (2, 4), (3, 4)]"
6614,11,"[(0, 2), (2, 0), (0, 3), (4, 0), (1, 2), (3, 1), (1, 4), (4, 1), (2, 3), (2, 4), (4, 3)]"
6615,11,"[(0, 2), (2, 0), (0, 3), (4, 0), (1, 2), (3, 1), (1, 4), (4, 1), (2, 3), (4, 2), (3, 4)]"
6616,11,"[(0, 2), (2, 0), (0, 3), (4, 0), (1, 2), (3, 1), (1, 4), (4, 1), (2, 3), (4, 2), (4, 3)]"
6617,11,"[(0, 2), (2, 0), (0, 3), (4, 0), (1, 2), (3, 1), (1, 4), (4, 1), (3, 2), (2, 4), (3, 4)]"
6618,11,"[(0, 2), (2, 0), (0, 3), (4, 0), (1, 2), (3, 1), (1, 4), (4, 1), (3, 2), (2, 4), (4, 3)]"
6619,11,"[(0, 2), (2, 0), (0, 3), (4, 0), (1, 2), (3, 1), (1, 4), (4, 1), (3, 2), (4, 2), (3, 4)]"
6620,11,"[(0, 2), (2, 0), (0, 3), (4, 0), (1, 2), (3, 1), (1, 4), (4, 1), (3, 2), (4, 2), (4, 3)]"
6621,11,"[(0, 2), (2, 0), (0, 3), (4, 0), (1, 2), (1, 3), (3, 1), (4, 1), (2, 3), (2, 4), (3, 4)]"
6622,11,"[(0, 2), (2, 0), (0, 3), (4, 0), (1, 2), (1, 3), (3, 1), (4, 1), (2, 3), (2, 4), (4, 3)]"
6623,11,"[(0, 2), (2, 0), (0, 3), (4, 0), (1, 2), (1, 3), (3, 1), (4, 1), (2, 3), (4, 2), (3, 4)]"
6624,11,"[(0, 2), (2, 0), (0, 3), (4, 0), (1, 2), (1, 3), (3, 1), (4, 1), (2, 3), (4, 2), (4, 3)]"
6625,11,"[(0, 2), (2, 0), (0, 3), (4, 0), (2, 1), (1, 3), (1, 4), (2, 3), (2, 4), (3, 4), (4, 3)]"
6626,11,"[(0, 2), (2, 0), (0, 3), (4, 0), (2, 1), (1, 3), (1, 4), (2, 3), (4, 2), (3, 4), (4, 3)]"
6627,11,"[(0, 2), (2, 0), (0, 3), (4, 0), (2, 1), (1, 3), (1, 4), (2, 3), (2, 4), (4, 2), (3, 4)]"
6628,11,"[(0, 2), (2, 0), (0, 3), (4, 0), (2, 1), (1, 3), (1, 4), (2, 3), (2, 4), (4, 2), (4, 3)]"
6629,11,"[(0, 2), (2, 0), (0, 3), (4, 0), (2, 1), (1, 3), (1, 4), (3, 2), (2, 4), (3, 4), (4, 3)]"
6630,11,"[(0, 2), (2, 0), (0, 3), (4, 0), (2, 1), (1, 3), (1, 4), (3, 2), (4, 2), (3, 4), (4, 3)]"
6631,11,"[(0, 2), (2, 0), (0, 3), (4, 0), (2, 1), (1, 3), (1, 4), (3, 2), (2, 4), (4, 2), (3, 4)]"
6632,11,"[(0, 2), (2, 0), (0, 3), (4, 0), (2, 1), (1, 3), (1, 4), (3, 2), (2, 4), (4, 2), (4, 3)]"
6633,11,"[(0, 2), (2, 0), (0, 3), (4, 0), (2, 1), (1, 3), (1, 4), (2, 3), (3, 2), (2, 4), (3, 4)]"
6634,11,"[(0, 2), (2, 0), (0, 3), (4, 0), (2, 1), (1, 3), (1, 4), (2, 3), (3, 2), (2, 4), (4, 3)]"
6635,11,"[(0, 2), (2, 0), (0, 3), (4, 0), (2, 1), (1, 3), (1, 4), (2, 3), (3, 2), (4, 2), (3, 4)]"
6636,11,"[(0, 2), (2, 0), (0, 3), (4, 0), (2, 1), (1, 3), (1, 4), (2, 3), (3, 2), (4, 2), (4, 3)]"
6637,11,"[(0, 2), (2, 0), (0, 3), (4, 0), (2, 1), (1, 3), (4, 1), (2, 3), (2, 4), (3, 4), (4, 3)]"
6638,11,"[(0, 2), (2, 0), (0, 3), (4, 0), (2, 1), (1, 3), (4, 1), (2, 3), (4, 2), (3, 4), (4, 3)]"
6639,11,"[(0, 2), (2, 0), (0, 3), (4, 0), (2, 1), (1, 3), (4, 1), (2, 3), (2, 4), (4, 2), (3, 4)]"
6640,11,"[(0, 2), (2, 0), (0, 3), (4, 0), (2, 1), (1, 3), (4, 1), (2, 3), (2, 4), (4, 2), (4, 3)]"
6641,11,"[(0, 2), (2, 0), (0, 3), (4, 0), (2, 1), (1, 3), (4, 1), (3, 2), (2, 4), (3, 4), (4, 3)]"
6642,11,"[(0, 2), (2, 0), (0, 3), (4, 0), (2, 1), (1, 3), (4, 1), (3, 2), (4, 2), (3, 4), (4, 3)]"
6643,11,"[(0, 2), (2, 0), (0, 3), (4, 0), (2, 1), (1, 3), (4, 1), (3, 2), (2, 4), (4, 2), (3, 4)]"
6644,11,"[(0, 2), (2, 0), (0, 3), (4, 0), (2, 1), (1, 3), (4, 1), (3, 2), (2, 4), (4, 2), (4, 3)]"
6645,11,"[(0, 2), (2, 0), (0, 3), (4, 0), (2, 1), (1, 3), (4, 1), (2, 3), (3, 2), (2, 4), (3, 4)]"
6646,11,"[(0, 2), (2, 0), (0, 3), (4, 0), (2, 1), (1, 3), (4, 1), (2, 3), (3, 2), (2, 4), (4, 3)]"
6647,11,"[(0, 2), (2, 0), (0, 3), (4, 0), (2, 1), (1, 3), (4, 1), (2, 3), (3, 2), (4, 2), (3, 4)]"
6648,11,"[(0, 2), (2, 0), (0, 3), (4, 0), (2, 1), (1, 3), (4, 1), (2, 3), (3, 2), (4, 2), (4, 3)]"
6649,11,"[(0, 2), (2, 0), (0, 3), (4, 0), (2, 1), (1, 3), (1, 4), (4, 1), (2, 3), (2, 4), (3, 4)]"
6650,11,"[(0, 2), (2, 0), (0, 3), (4, 0), (2, 1), (1, 3), (1, 4), (4, 1), (2, 3), (2, 4), (4, 3)]"
6651,11,"[(0, 2), (2, 0), (0, 3), (4, 0), (2, 1), (1, 3), (1, 4), (4, 1), (2, 3), (4, 2), (3, 4)]"
6652,11,"[(0, 2), (2, 0), (0, 3), (4, 0), (2, 1), (1, 3), (1, 4), (4, 1), (3, 2), (2, 4), (3, 4)]"
6653,11,"[(0, 2), (2, 0), (0, 3), (4, 0), (2, 1), (3, 1), (1, 4), (2, 3), (2, 4), (3, 4), (4, 3)]"
6654,11,"[(0, 2), (2, 0), (0, 3), (4, 0), (2, 1), (3, 1), (1, 4), (2, 3), (4, 2), (3, 4), (4, 3)]"
6655,11,"[(0, 2), (2, 0), (0, 3), (4, 0), (2, 1), (3, 1), (1, 4), (2, 3), (2, 4), (4, 2), (3, 4)]"
6656,11,"[(0, 2), (2, 0), (0, 3), (4, 0), (2, 1), (3, 1), (1, 4), (2, 3), (2, 4), (4, 2), (4, 3)]"
6657,11,"[(0, 2), (2, 0), (0, 3), (4, 0), (2, 1), (3, 1), (1, 4), (3, 2), (2, 4), (3, 4), (4, 3)]"
6658,11,"[(0, 2), (2, 0), (0, 3), (4, 0), (2, 1), (3, 1), (1, 4), (3, 2), (4, 2), (3, 4), (4, 3)]"
6659,11,"[(0, 2), (2, 0), (0, 3), (4, 0), (2, 1), (3, 1), (1, 4), (3, 2), (2, 4), (4, 2), (3, 4)]"
6660,11,"[(0, 2), (2, 0), (0, 3), (4, 0), (2, 1), (3, 1), (1, 4), (3, 2), (2, 4), (4, 2), (4, 3)]"
6661,11,"[(0, 2), (2, 0), (0, 3), (4, 0), (2, 1), (3, 1), (1, 4), (2, 3), (3, 2), (2, 4), (3, 4)]"
6662,11,"[(0, 2), (2, 0), (0, 3), (4, 0), (2, 1), (3, 1), (1, 4), (2, 3), (3, 2), (2, 4), (4, 3)]"
6663,11,"[(0, 2), (2, 0), (0, 3), (4, 0), (2, 1), (3, 1), (1, 4), (2, 3), (3, 2), (4, 2), (3, 4)]"
6664,11,"[(0, 2), (2, 0), (0, 3), (4, 0), (2, 1), (3, 1), (1, 4), (2, 3), (3, 2), (4, 2), (4, 3)]"
6665,11,"[(0, 2), (2, 0), (0, 3), (4, 0), (2, 1), (3, 1), (4, 1), (2, 3), (2, 4), (3, 4), (4, 3)]"
6666,11,"[(0, 2), (2, 0), (0, 3), (4, 0), (2, 1), (3, 1), (4, 1), (2, 3), (4, 2), (3, 4), (4, 3)]"
6667,11,"[(0, 2), (2, 0), (0, 3), (4, 0), (2, 1), (3, 1), (4, 1), (2, 3), (2, 4), (4, 2), (3, 4)]"
6668,11,"[(0, 2), (2, 0), (0, 3), (4, 0), (2, 1), (3, 1), (4, 1), (2, 3), (2, 4), (4, 2), (4, 3)]"
6669,11,"[(0, 2), (2, 0), (0, 3), (4, 0), (2, 1), (3, 1), (4, 1), (3, 2), (2, 4), (3, 4), (4, 3)]"
6670,11,"[(0, 2), (2, 0), (0, 3), (4, 0), (2, 1), (3, 1), (4, 1), (3, 2), (4, 2), (3, 4), (4, 3)]"
6671,11,"[(0, 2), (2, 0), (0, 3), (4, 0), (2, 1), (3, 1), (4, 1), (3, 2), (2, 4), (4, 2), (3, 4)]"
6672,11,"[(0, 2), (2, 0), (0, 3), (4, 0), (2, 1), (3, 1), (4, 1), (3, 2), (2, 4), (4, 2), (4, 3)]"
6673,11,"[(0, 2), (2, 0), (0, 3), (4, 0), (2, 1), (3, 1), (4, 1), (2, 3), (3, 2), (2, 4), (3, 4)]"
6674,11,"[(0, 2), (2, 0), (0, 3), (4, 0), (2, 1), (3, 1), (4, 1), (2, 3), (3, 2), (2, 4), (4, 3)]"
6675,11,"[(0, 2), (2, 0), (0, 3), (4, 0), (2, 1), (3, 1), (4, 1), (2, 3), (3, 2), (4, 2), (3, 4)]"
6676,11,"[(0, 2), (2, 0), (0, 3), (4, 0), (2, 1), (3, 1), (4, 1), (2, 3), (3, 2), (4, 2), (4, 3)]"
6677,11,"[(0, 2), (2, 0), (0, 3), (4, 0), (2, 1), (3, 1), (1, 4), (4, 1), (2, 3), (2, 4), (3, 4)]"
6678,11,"[(0, 2), (2, 0), (0, 3), (4, 0), (2, 1), (3, 1), (1, 4), (4, 1), (2, 3), (2, 4), (4, 3)]"
6679,11,"[(0, 2), (2, 0), (0, 3), (4, 0), (2, 1), (3, 1), (1, 4), (4, 1), (2, 3), (4, 2), (3, 4)]"
6680,11,"[(0, 2), (2, 0), (0, 3), (4, 0), (2, 1), (3, 1), (1, 4), (4, 1), (2, 3), (4, 2), (4, 3)]"
6681,11,"[(0, 2), (2, 0), (0, 3), (4, 0), (2, 1), (3, 1), (1, 4), (4, 1), (3, 2), (2, 4), (3, 4)]"
6682,11,"[(0, 2), (2, 0), (0, 3), (4, 0), (2, 1), (3, 1), (1, 4), (4, 1), (3, 2), (2, 4), (4, 3)]"
6683,11,"[(0, 2), (2, 0), (0, 3), (4, 0), (2, 1), (3, 1), (1, 4), (4, 1), (3, 2), (4, 2), (3, 4)]"
6684,11,"[(0, 2), (2, 0), (0, 3), (4, 0), (2, 1), (3, 1), (1, 4), (4, 1), (3, 2), (4, 2), (4, 3)]"
6685,11,"[(0, 2), (2, 0), (0, 3), (4, 0), (2, 1), (1, 3), (3, 1), (4, 1), (2, 3), (2, 4), (3, 4)]"
6686,11,"[(0, 2), (2, 0), (0, 3), (4, 0), (2, 1), (1, 3), (3, 1), (4, 1), (2, 3), (2, 4), (4, 3)]"
6687,11,"[(0, 2), (2, 0), (0, 3), (4, 0), (2, 1), (1, 3), (3, 1), (4, 1), (2, 3), (4, 2), (3, 4)]"
6688,11,"[(0, 2), (2, 0), (0, 3), (4, 0), (2, 1), (1, 3), (3, 1), (4, 1), (2, 3), (4, 2), (4, 3)]"
6689,11,"[(0, 2), (2, 0), (0, 3), (4, 0), (2, 1), (1, 3), (3, 1), (4, 1), (3, 2), (2, 4), (3, 4)]"
6690,11,"[(0, 2), (2, 0), (0, 3), (4, 0), (2, 1), (1, 3), (3, 1), (4, 1), (3, 2), (2, 4), (4, 3)]"
6691,11,"[(0, 2), (2, 0), (0, 3), (4, 0), (2, 1), (1, 3), (3, 1), (4, 1), (3, 2), (4, 2), (3, 4)]"
6692,11,"[(0, 2), (2, 0), (0, 3), (4, 0), (2, 1), (1, 3), (3, 1), (4, 1), (3, 2), (4, 2), (4, 3)]"
6693,11,"[(0, 2), (2, 0), (0, 3), (4, 0), (1, 2), (2, 1), (1, 3), (4, 1), (2, 3), (2, 4), (3, 4)]"
6694,11,"[(0, 2), (2, 0), (0, 3), (4, 0), (1, 2), (2, 1), (1, 3), (4, 1), (2, 3), (2, 4), (4, 3)]"
6695,11,"[(0, 2), (2, 0), (0, 3), (4, 0), (1, 2), (2, 1), (1, 3), (4, 1), (2, 3), (4, 2), (3, 4)]"
6696,11,"[(0, 2), (2, 0), (0, 3), (4, 0), (1, 2), (2, 1), (1, 3), (4, 1), (2, 3), (4, 2), (4, 3)]"
6697,11,"[(0, 2), (2, 0), (0, 3), (4, 0), (1, 2), (2, 1), (1, 3), (4, 1), (3, 2), (2, 4), (3, 4)]"
6698,11,"[(0, 2), (2, 0), (0, 3), (4, 0), (1, 2), (2, 1), (1, 3), (4, 1), (3, 2), (2, 4), (4, 3)]"
6699,11,"[(0, 2), (2, 0), (0, 3), (4, 0), (1, 2), (2, 1), (1, 3), (4, 1), (3, 2), (4, 2), (3, 4)]"
6700,11,"[(0, 2), (2, 0), (0, 3), (4, 0), (1, 2), (2, 1), (1, 3), (4, 1), (3, 2), (4, 2), (4, 3)]"
6701,11,"[(0, 2), (2, 0), (0, 3), (4, 0), (1, 2), (2, 1), (3, 1), (1, 4), (2, 3), (2, 4), (3, 4)]"
6702,11,"[(0, 2), (2, 0), (0, 3), (4, 0), (1, 2), (2, 1), (3, 1), (1, 4), (2, 3), (4, 2), (3, 4)]"
6703,11,"[(0, 2), (2, 0), (0, 3), (4, 0), (1, 2), (2, 1), (3, 1), (1, 4), (2, 3), (4, 2), (4, 3)]"
6704,11,"[(0, 2), (2, 0), (0, 3), (4, 0), (1, 2), (2, 1), (3, 1), (1, 4), (3, 2), (4, 2), (3, 4)]"
6705,11,"[(0, 2), (2, 0), (0, 3), (4, 0), (1, 2), (2, 1), (3, 1), (4, 1), (2, 3), (2, 4), (3, 4)]"
6706,11,"[(0, 2), (2, 0), (0, 3), (4, 0), (1, 2), (2, 1), (3, 1), (4, 1), (2, 3), (2, 4), (4, 3)]"
6707,11,"[(0, 2), (2, 0), (0, 3), (4, 0), (1, 2), (2, 1), (3, 1), (4, 1), (2, 3), (4, 2), (3, 4)]"
6708,11,"[(0, 2), (2, 0), (0, 3), (4, 0), (1, 2), (2, 1), (3, 1), (4, 1), (2, 3), (4, 2), (4, 3)]"
6709,11,"[(0, 2), (2, 0), (0, 3), (4, 0), (1, 2), (2, 1), (3, 1), (4, 1), (3, 2), (2, 4), (3, 4)]"
6710,11,"[(0, 2), (2, 0), (0, 3), (4, 0), (1, 2), (2, 1), (3, 1), (4, 1), (3, 2), (2, 4), (4, 3)]"
6711,11,"[(0, 2), (2, 0), (0, 3), (4, 0), (1, 2), (2, 1), (3, 1), (4, 1), (3, 2), (4, 2), (3, 4)]"
6712,11,"[(0, 2), (2, 0), (0, 3), (4, 0), (1, 2), (2, 1), (3, 1), (4, 1), (3, 2), (4, 2), (4, 3)]"
6713,11,"[(0, 2), (2, 0), (3, 0), (4, 0), (1, 2), (1, 3), (1, 4), (2, 3), (2, 4), (3, 4), (4, 3)]"
6714,11,"[(0, 2), (2, 0), (3, 0), (4, 0), (1, 2), (1, 3), (1, 4), (2, 3), (4, 2), (3, 4), (4, 3)]"
6715,11,"[(0, 2), (2, 0), (3, 0), (4, 0), (1, 2), (1, 3), (1, 4), (3, 2), (4, 2), (3, 4), (4, 3)]"
6716,11,"[(0, 2), (2, 0), (3, 0), (4, 0), (1, 2), (1, 3), (1, 4), (2, 3), (3, 2), (2, 4), (3, 4)]"
6717,11,"[(0, 2), (2, 0), (3, 0), (4, 0), (1, 2), (1, 3), (1, 4), (2, 3), (3, 2), (2, 4), (4, 3)]"
6718,11,"[(0, 2), (2, 0), (3, 0), (4, 0), (1, 2), (1, 3), (1, 4), (2, 3), (3, 2), (4, 2), (3, 4)]"
6719,11,"[(0, 2), (2, 0), (3, 0), (4, 0), (1, 2), (1, 3), (1, 4), (2, 3), (3, 2), (4, 2), (4, 3)]"
6720,11,"[(0, 2), (2, 0), (3, 0), (4, 0), (1, 2), (1, 3), (4, 1), (2, 3), (2, 4), (3, 4), (4, 3)]"
6721,11,"[(0, 2), (2, 0), (3, 0), (4, 0), (1, 2), (1, 3), (4, 1), (2, 3), (4, 2), (3, 4), (4, 3)]"
6722,11,"[(0, 2), (2, 0), (3, 0), (4, 0), (1, 2), (1, 3), (4, 1), (2, 3), (2, 4), (4, 2), (3, 4)]"
6723,11,"[(0, 2), (2, 0), (3, 0), (4, 0), (1, 2), (1, 3), (4, 1), (2, 3), (2, 4), (4, 2), (4, 3)]"
6724,11,"[(0, 2), (2, 0), (3, 0), (4, 0), (1, 2), (1, 3), (4, 1), (3, 2), (2, 4), (3, 4), (4, 3)]"
6725,11,"[(0, 2), (2, 0), (3, 0), (4, 0), (1, 2), (1, 3), (4, 1), (3, 2), (4, 2), (3, 4), (4, 3)]"
6726,11,"[(0, 2), (2, 0), (3, 0), (4, 0), (1, 2), (1, 3), (4, 1), (3, 2), (2, 4), (4, 2), (3, 4)]"
6727,11,"[(0, 2), (2, 0), (3, 0), (4, 0), (1, 2), (1, 3), (4, 1), (3, 2), (2, 4), (4, 2), (4, 3)]"
6728,11,"[(0, 2), (2, 0), (3, 0), (4, 0), (1, 2), (1, 3), (4, 1), (2, 3), (3, 2), (2, 4), (3, 4)]"
6729,11,"[(0, 2), (2, 0), (3, 0), (4, 0), (1, 2), (1, 3), (4, 1), (2, 3), (3, 2), (2, 4), (4, 3)]"
6730,11,"[(0, 2), (2, 0), (3, 0), (4, 0), (1, 2), (1, 3), (4, 1), (2, 3), (3, 2), (4, 2), (3, 4)]"
6731,11,"[(0, 2), (2, 0), (3, 0), (4, 0), (1, 2), (1, 3), (4, 1), (2, 3), (3, 2), (4, 2), (4, 3)]"
6732,11,"[(0, 2), (2, 0), (3, 0), (4, 0), (1, 2), (3, 1), (4, 1), (2, 3), (2, 4), (3, 4), (4, 3)]"
6733,11,"[(0, 2), (2, 0), (3, 0), (4, 0), (1, 2), (3, 1), (4, 1), (2, 3), (4, 2), (3, 4), (4, 3)]"
6734,11,"[(0, 2), (2, 0), (3, 0), (4, 0), (1, 2), (3, 1), (4, 1), (3, 2), (4, 2), (3, 4), (4, 3)]"
6735,11,"[(0, 2), (2, 0), (3, 0), (4, 0), (1, 2), (3, 1), (4, 1), (2, 3), (3, 2), (2, 4), (3, 4)]"
6736,11,"[(0, 2), (2, 0), (3, 0), (4, 0), (1, 2), (3, 1), (4, 1), (2, 3), (3, 2), (2, 4), (4, 3)]"
6737,11,"[(0, 2), (2, 0), (3, 0), (4, 0), (1, 2), (3, 1), (4, 1), (2, 3), (3, 2), (4, 2), (3, 4)]"
6738,11,"[(0, 2), (2, 0), (3, 0), (4, 0), (1, 2), (3, 1), (4, 1), (2, 3), (3, 2), (4, 2), (4, 3)]"
6739,11,"[(0, 2), (2, 0), (3, 0), (4, 0), (2, 1), (1, 3), (1, 4), (2, 3), (2, 4), (3, 4), (4, 3)]"
6740,11,"[(0, 2), (2, 0), (3, 0), (4, 0), (2, 1), (1, 3), (1, 4), (2, 3), (4, 2), (3, 4), (4, 3)]"
6741,11,"[(0, 2), (2, 0), (3, 0), (4, 0), (2, 1), (1, 3), (1, 4), (3, 2), (4, 2), (3, 4), (4, 3)]"
6742,11,"[(0, 2), (2, 0), (3, 0), (4, 0), (2, 1), (1, 3), (1, 4), (2, 3), (3, 2), (2, 4), (3, 4)]"
6743,11,"[(0, 2), (2, 0), (3, 0), (4, 0), (2, 1), (1, 3), (1, 4), (2, 3), (3, 2), (2, 4), (4, 3)]"
6744,11,"[(0, 2), (2, 0), (3, 0), (4, 0), (2, 1), (1, 3), (1, 4), (2, 3), (3, 2), (4, 2), (3, 4)]"
6745,11,"[(0, 2), (2, 0), (3, 0), (4, 0), (2, 1), (1, 3), (1, 4), (2, 3), (3, 2), (4, 2), (4, 3)]"
6746,11,"[(0, 2), (2, 0), (3, 0), (4, 0), (2, 1), (1, 3), (4, 1), (2, 3), (2, 4), (3, 4), (4, 3)]"
6747,11,"[(0, 2), (2, 0), (3, 0), (4, 0), (2, 1), (1, 3), (4, 1), (2, 3), (4, 2), (3, 4), (4, 3)]"
6748,11,"[(0, 2), (2, 0), (3, 0), (4, 0), (2, 1), (1, 3), (4, 1), (2, 3), (2, 4), (4, 2), (3, 4)]"
6749,11,"[(0, 2), (2, 0), (3, 0), (4, 0), (2, 1), (1, 3), (4, 1), (2, 3), (2, 4), (4, 2), (4, 3)]"
6750,11,"[(0, 2), (2, 0), (3, 0), (4, 0), (2, 1), (1, 3), (4, 1), (3, 2), (2, 4), (3, 4), (4, 3)]"
6751,11,"[(0, 2), (2, 0), (3, 0), (4, 0), (2, 1), (1, 3), (4, 1), (3, 2), (4, 2), (3, 4), (4, 3)]"
6752,11,"[(0, 2), (2, 0), (3, 0), (4, 0), (2, 1), (1, 3), (4, 1), (3, 2), (2, 4), (4, 2), (3, 4)]"
6753,11,"[(0, 2), (2, 0), (3, 0), (4, 0), (2, 1), (1, 3), (4, 1), (3, 2), (2, 4), (4, 2), (4, 3)]"
6754,11,"[(0, 2), (2, 0), (3, 0), (4, 0), (2, 1), (1, 3), (4, 1), (2, 3), (3, 2), (2, 4), (3, 4)]"
6755,11,"[(0, 2), (2, 0), (3, 0), (4, 0), (2, 1), (1, 3), (4, 1), (2, 3), (3, 2), (2, 4), (4, 3)]"
6756,11,"[(0, 2), (2, 0), (3, 0), (4, 0), (2, 1), (1, 3), (4, 1), (2, 3), (3, 2), (4, 2), (3, 4)]"
6757,11,"[(0, 2), (2, 0), (3, 0), (4, 0), (2, 1), (1, 3), (4, 1), (2, 3), (3, 2), (4, 2), (4, 3)]"
6758,11,"[(0, 2), (2, 0), (3, 0), (4, 0), (2, 1), (3, 1), (4, 1), (2, 3), (2, 4), (3, 4), (4, 3)]"
6759,11,"[(0, 2), (2, 0), (3, 0), (4, 0), (2, 1), (3, 1), (4, 1), (2, 3), (4, 2), (3, 4), (4, 3)]"
6760,11,"[(0, 2), (2, 0), (3, 0), (4, 0), (2, 1), (3, 1), (4, 1), (3, 2), (4, 2), (3, 4), (4, 3)]"
6761,11,"[(0, 2), (2, 0), (3, 0), (4, 0), (2, 1), (3, 1), (4, 1), (2, 3), (3, 2), (2, 4), (3, 4)]"
6762,11,"[(0, 2), (2, 0), (3, 0), (4, 0), (2, 1), (3, 1), (4, 1), (2, 3), (3, 2), (2, 4), (4, 3)]"
6763,11,"[(0, 2), (2, 0), (3, 0), (4, 0), (2, 1), (3, 1), (4, 1), (2, 3), (3, 2), (4, 2), (3, 4)]"
6764,11,"[(0, 2), (2, 0), (3, 0), (4, 0), (2, 1), (3, 1), (4, 1), (2, 3), (3, 2), (4, 2), (4, 3)]"
6765,11,"[(0, 2), (2, 0), (3, 0), (4, 0), (2, 1), (1, 3), (3, 1), (4, 1), (2, 3), (2, 4), (3, 4)]"
6766,11,"[(0, 2), (2, 0), (3, 0), (4, 0), (2, 1), (1, 3), (3, 1), (4, 1), (2, 3), (2, 4), (4, 3)]"
6767,11,"[(0, 2), (2, 0), (3, 0), (4, 0), (2, 1), (1, 3), (3, 1), (4, 1), (2, 3), (4, 2), (3, 4)]"
6768,11,"[(0, 2), (2, 0), (3, 0), (4, 0), (2, 1), (1, 3), (3, 1), (4, 1), (2, 3), (4, 2), (4, 3)]"
6769,11,"[(0, 2), (2, 0), (3, 0), (4, 0), (1, 2), (2, 1), (3, 1), (4, 1), (2, 3), (2, 4), (3, 4)]"
6770,11,"[(0, 2), (2, 0), (3, 0), (4, 0), (1, 2), (2, 1), (3, 1), (4, 1), (2, 3), (4, 2), (3, 4)]"
6771,11,"[(0, 2), (2, 0), (3, 0), (4, 0), (1, 2), (2, 1), (3, 1), (4, 1), (2, 3), (4, 2), (4, 3)]"
6772,11,"[(0, 2), (2, 0), (3, 0), (4, 0), (1, 2), (2, 1), (3, 1), (4, 1), (3, 2), (4, 2), (3, 4)]"
6773,11,"[(0, 2), (2, 0), (0, 3), (3, 0), (0, 4), (1, 2), (1, 3), (1, 4), (2, 3), (2, 4), (3, 4)]"
6774,11,"[(0, 2), (2, 0), (0, 3), (3, 0), (0, 4), (1, 2), (1, 3), (1, 4), (2, 3), (2, 4), (4, 3)]"
6775,11,"[(0, 2), (2, 0), (0, 3), (3, 0), (0, 4), (1, 2), (1, 3), (1, 4), (2, 3), (4, 2), (3, 4)]"
6776,11,"[(0, 2), (2, 0), (0, 3), (3, 0), (0, 4), (1, 2), (1, 3), (1, 4), (2, 3), (4, 2), (4, 3)]"
6777,11,"[(0, 2), (2, 0), (0, 3), (3, 0), (0, 4), (1, 2), (1, 3), (4, 1), (2, 3), (2, 4), (3, 4)]"
6778,11,"[(0, 2), (2, 0), (0, 3), (3, 0), (0, 4), (1, 2), (1, 3), (4, 1), (2, 3), (2, 4), (4, 3)]"
6779,11,"[(0, 2), (2, 0), (0, 3), (3, 0), (0, 4), (1, 2), (1, 3), (4, 1), (2, 3), (4, 2), (3, 4)]"
6780,11,"[(0, 2), (2, 0), (0, 3), (3, 0), (0, 4), (1, 2), (1, 3), (4, 1), (2, 3), (4, 2), (4, 3)]"
6781,11,"[(0, 2), (2, 0), (0, 3), (3, 0), (0, 4), (1, 2), (3, 1), (1, 4), (2, 3), (2, 4), (3, 4)]"
6782,11,"[(0, 2), (2, 0), (0, 3), (3, 0), (0, 4), (1, 2), (3, 1), (1, 4), (2, 3), (2, 4), (4, 3)]"
6783,11,"[(0, 2), (2, 0), (0, 3), (3, 0), (0, 4), (1, 2), (3, 1), (1, 4), (2, 3), (4, 2), (3, 4)]"
6784,11,"[(0, 2), (2, 0), (0, 3), (3, 0), (0, 4), (1, 2), (3, 1), (1, 4), (2, 3), (4, 2), (4, 3)]"
6785,11,"[(0, 2), (2, 0), (0, 3), (3, 0), (0, 4), (1, 2), (3, 1), (1, 4), (3, 2), (2, 4), (3, 4)]"
6786,11,"[(0, 2), (2, 0), (0, 3), (3, 0), (0, 4), (1, 2), (3, 1), (1, 4), (3, 2), (2, 4), (4, 3)]"
6787,11,"[(0, 2), (2, 0), (0, 3), (3, 0), (0, 4), (1, 2), (3, 1), (1, 4), (3, 2), (4, 2), (3, 4)]"
6788,11,"[(0, 2), (2, 0), (0, 3), (3, 0), (0, 4), (1, 2), (3, 1), (1, 4), (3, 2), (4, 2), (4, 3)]"
6789,11,"[(0, 2), (2, 0), (0, 3), (3, 0), (0, 4), (1, 2), (3, 1), (4, 1), (2, 3), (2, 4), (3, 4)]"
6790,11,"[(0, 2), (2, 0), (0, 3), (3, 0), (0, 4), (1, 2), (3, 1), (4, 1), (2, 3), (2, 4), (4, 3)]"
6791,11,"[(0, 2), (2, 0), (0, 3), (3, 0), (0, 4), (1, 2), (3, 1), (4, 1), (2, 3), (4, 2), (3, 4)]"
6792,11,"[(0, 2), (2, 0), (0, 3), (3, 0), (0, 4), (1, 2), (3, 1), (4, 1), (2, 3), (4, 2), (4, 3)]"
6793,11,"[(0, 2), (2, 0), (0, 3), (3, 0), (0, 4), (1, 2), (3, 1), (4, 1), (3, 2), (2, 4), (3, 4)]"
6794,11,"[(0, 2), (2, 0), (0, 3), (3, 0), (0, 4), (1, 2), (3, 1), (4, 1), (3, 2), (2, 4), (4, 3)]"
6795,11,"[(0, 2), (2, 0), (0, 3), (3, 0), (0, 4), (1, 2), (3, 1), (4, 1), (3, 2), (4, 2), (3, 4)]"
6796,11,"[(0, 2), (2, 0), (0, 3), (3, 0), (0, 4), (1, 2), (3, 1), (4, 1), (3, 2), (4, 2), (4, 3)]"
6797,11,"[(0, 2), (2, 0), (0, 3), (3, 0), (0, 4), (2, 1), (3, 1), (1, 4), (2, 3), (2, 4), (3, 4)]"
6798,11,"[(0, 2), (2, 0), (0, 3), (3, 0), (0, 4), (2, 1), (3, 1), (1, 4), (2, 3), (2, 4), (4, 3)]"
6799,11,"[(0, 2), (2, 0), (0, 3), (3, 0), (0, 4), (2, 1), (3, 1), (1, 4), (2, 3), (4, 2), (3, 4)]"
6800,11,"[(0, 2), (2, 0), (0, 3), (3, 0), (0, 4), (2, 1), (3, 1), (1, 4), (2, 3), (4, 2), (4, 3)]"
6801,11,"[(0, 2), (2, 0), (0, 3), (3, 0), (0, 4), (2, 1), (3, 1), (4, 1), (2, 3), (2, 4), (3, 4)]"
6802,11,"[(0, 2), (2, 0), (0, 3), (3, 0), (0, 4), (2, 1), (3, 1), (4, 1), (2, 3), (2, 4), (4, 3)]"
6803,11,"[(0, 2), (2, 0), (0, 3), (3, 0), (0, 4), (2, 1), (3, 1), (4, 1), (2, 3), (4, 2), (3, 4)]"
6804,11,"[(0, 2), (2, 0), (0, 3), (3, 0), (0, 4), (2, 1), (3, 1), (4, 1), (2, 3), (4, 2), (4, 3)]"
6805,11,"[(0, 2), (2, 0), (0, 3), (3, 0), (4, 0), (1, 2), (1, 3), (1, 4), (2, 3), (2, 4), (3, 4)]"
6806,11,"[(0, 2), (2, 0), (0, 3), (3, 0), (4, 0), (1, 2), (1, 3), (1, 4), (2, 3), (2, 4), (4, 3)]"
6807,11,"[(0, 2), (2, 0), (0, 3), (3, 0), (4, 0), (1, 2), (1, 3), (1, 4), (2, 3), (4, 2), (3, 4)]"
6808,11,"[(0, 2), (2, 0), (0, 3), (3, 0), (4, 0), (1, 2), (1, 3), (1, 4), (2, 3), (4, 2), (4, 3)]"
6809,11,"[(0, 2), (2, 0), (0, 3), (3, 0), (4, 0), (1, 2), (1, 3), (4, 1), (2, 3), (2, 4), (3, 4)]"
6810,11,"[(0, 2), (2, 0), (0, 3), (3, 0), (4, 0), (1, 2), (1, 3), (4, 1), (2, 3), (2, 4), (4, 3)]"
6811,11,"[(0, 2), (2, 0), (0, 3), (3, 0), (4, 0), (1, 2), (1, 3), (4, 1), (2, 3), (4, 2), (3, 4)]"
6812,11,"[(0, 2), (2, 0), (0, 3), (3, 0), (4, 0), (1, 2), (1, 3), (4, 1), (2, 3), (4, 2), (4, 3)]"
6813,11,"[(0, 2), (2, 0), (0, 3), (3, 0), (4, 0), (1, 2), (3, 1), (1, 4), (2, 3), (2, 4), (3, 4)]"
6814,11,"[(0, 2), (2, 0), (0, 3), (3, 0), (4, 0), (1, 2), (3, 1), (1, 4), (2, 3), (2, 4), (4, 3)]"
6815,11,"[(0, 2), (2, 0), (0, 3), (3, 0), (4, 0), (1, 2), (3, 1), (1, 4), (2, 3), (4, 2), (3, 4)]"
6816,11,"[(0, 2), (2, 0), (0, 3), (3, 0), (4, 0), (1, 2), (3, 1), (1, 4), (2, 3), (4, 2), (4, 3)]"
6817,11,"[(0, 2), (2, 0), (0, 3), (3, 0), (4, 0), (1, 2), (3, 1), (1, 4), (3, 2), (2, 4), (3, 4)]"
6818,11,"[(0, 2), (2, 0), (0, 3), (3, 0), (4, 0), (1, 2), (3, 1), (1, 4), (3, 2), (2, 4), (4, 3)]"
6819,11,"[(0, 2), (2, 0), (0, 3), (3, 0), (4, 0), (1, 2), (3, 1), (1, 4), (3, 2), (4, 2), (3, 4)]"
6820,11,"[(0, 2), (2, 0), (0, 3), (3, 0), (4, 0), (1, 2), (3, 1), (1, 4), (3, 2), (4, 2), (4, 3)]"
6821,11,"[(0, 2), (2, 0), (0, 3), (3, 0), (4, 0), (1, 2), (3, 1), (4, 1), (2, 3), (2, 4), (3, 4)]"
6822,11,"[(0, 2), (2, 0), (0, 3), (3, 0), (4, 0), (1, 2), (3, 1), (4, 1), (2, 3), (2, 4), (4, 3)]"
6823,11,"[(0, 2), (2, 0), (0, 3), (3, 0), (4, 0), (1, 2), (3, 1), (4, 1), (2, 3), (4, 2), (3, 4)]"
6824,11,"[(0, 2), (2, 0), (0, 3), (3, 0), (4, 0), (1, 2), (3, 1), (4, 1), (2, 3), (4, 2), (4, 3)]"
6825,11,"[(0, 2), (2, 0), (0, 3), (3, 0), (4, 0), (1, 2), (3, 1), (4, 1), (3, 2), (2, 4), (3, 4)]"
6826,11,"[(0, 2), (2, 0), (0, 3), (3, 0), (4, 0), (1, 2), (3, 1), (4, 1), (3, 2), (2, 4), (4, 3)]"
6827,11,"[(0, 2), (2, 0), (0, 3), (3, 0), (4, 0), (1, 2), (3, 1), (4, 1), (3, 2), (4, 2), (3, 4)]"
6828,11,"[(0, 2), (2, 0), (0, 3), (3, 0), (4, 0), (1, 2), (3, 1), (4, 1), (3, 2), (4, 2), (4, 3)]"
6829,11,"[(0, 2), (2, 0), (0, 3), (3, 0), (4, 0), (2, 1), (3, 1), (1, 4), (2, 3), (2, 4), (3, 4)]"
6830,11,"[(0, 2), (2, 0), (0, 3), (3, 0), (4, 0), (2, 1), (3, 1), (1, 4), (2, 3), (2, 4), (4, 3)]"
6831,11,"[(0, 2), (2, 0), (0, 3), (3, 0), (4, 0), (2, 1), (3, 1), (1, 4), (2, 3), (4, 2), (3, 4)]"
6832,11,"[(0, 2), (2, 0), (0, 3), (3, 0), (4, 0), (2, 1), (3, 1), (1, 4), (2, 3), (4, 2), (4, 3)]"
6833,11,"[(0, 2), (2, 0), (0, 3), (3, 0), (4, 0), (2, 1), (3, 1), (4, 1), (2, 3), (2, 4), (3, 4)]"
6834,11,"[(0, 2), (2, 0), (0, 3), (3, 0), (4, 0), (2, 1), (3, 1), (4, 1), (2, 3), (2, 4), (4, 3)]"
6835,11,"[(0, 2), (2, 0), (0, 3), (3, 0), (4, 0), (2, 1), (3, 1), (4, 1), (2, 3), (4, 2), (3, 4)]"
6836,11,"[(0, 2), (2, 0), (0, 3), (3, 0), (4, 0), (2, 1), (3, 1), (4, 1), (2, 3), (4, 2), (4, 3)]"
6837,11,"[(0, 1), (1, 0), (0, 2), (0, 3), (0, 4), (1, 2), (1, 3), (1, 4), (2, 3), (2, 4), (3, 4)]"
6838,11,"[(0, 1), (1, 0), (0, 2), (0, 3), (0, 4), (1, 2), (1, 3), (1, 4), (2, 3), (4, 2), (3, 4)]"
6839,11,"[(0, 1), (1, 0), (0, 2), (0, 3), (0, 4), (1, 2), (1, 3), (4, 1), (2, 3), (2, 4), (3, 4)]"
6840,11,"[(0, 1), (1, 0), (0, 2), (0, 3), (0, 4), (1, 2), (1, 3), (4, 1), (2, 3), (2, 4), (4, 3)]"
6841,11,"[(0, 1), (1, 0), (0, 2), (0, 3), (0, 4), (1, 2), (1, 3), (4, 1), (2, 3), (4, 2), (3, 4)]"
6842,11,"[(0, 1), (1, 0), (0, 2), (0, 3), (0, 4), (1, 2), (1, 3), (4, 1), (2, 3), (4, 2), (4, 3)]"
6843,11,"[(0, 1), (1, 0), (0, 2), (0, 3), (0, 4), (1, 2), (3, 1), (4, 1), (2, 3), (2, 4), (3, 4)]"
6844,11,"[(0, 1), (1, 0), (0, 2), (0, 3), (0, 4), (1, 2), (3, 1), (4, 1), (2, 3), (4, 2), (3, 4)]"
6845,11,"[(0, 1), (1, 0), (0, 2), (0, 3), (0, 4), (1, 2), (3, 1), (4, 1), (2, 3), (4, 2), (4, 3)]"
6846,11,"[(0, 1), (1, 0), (0, 2), (0, 3), (0, 4), (1, 2), (3, 1), (4, 1), (3, 2), (4, 2), (3, 4)]"
6847,11,"[(0, 1), (1, 0), (0, 2), (0, 3), (0, 4), (2, 1), (3, 1), (4, 1), (2, 3), (2, 4), (3, 4)]"
6848,11,"[(0, 1), (1, 0), (0, 2), (0, 3), (0, 4), (2, 1), (3, 1), (4, 1), (2, 3), (4, 2), (3, 4)]"
6849,11,"[(0, 1), (1, 0), (0, 2), (0, 3), (4, 0), (1, 2), (1, 3), (4, 1), (2, 3), (2, 4), (3, 4)]"
6850,11,"[(0, 1), (1, 0), (0, 2), (0, 3), (4, 0), (1, 2), (1, 3), (4, 1), (2, 3), (2, 4), (4, 3)]"
6851,11,"[(0, 1), (1, 0), (0, 2), (0, 3), (4, 0), (1, 2), (1, 3), (4, 1), (2, 3), (4, 2), (3, 4)]"
6852,11,"[(0, 1), (1, 0), (0, 2), (0, 3), (4, 0), (1, 2), (1, 3), (4, 1), (2, 3), (4, 2), (4, 3)]"
6853,11,"[(0, 1), (1, 0), (0, 2), (0, 3), (4, 0), (1, 2), (3, 1), (1, 4), (2, 3), (2, 4), (3, 4)]"
6854,11,"[(0, 1), (1, 0), (0, 2), (0, 3), (4, 0), (1, 2), (3, 1), (1, 4), (2, 3), (4, 2), (3, 4)]"
6855,11,"[(0, 1), (1, 0), (0, 2), (0, 3), (4, 0), (1, 2), (3, 1), (1, 4), (2, 3), (4, 2), (4, 3)]"
6856,11,"[(0, 1), (1, 0), (0, 2), (0, 3), (4, 0), (1, 2), (3, 1), (1, 4), (3, 2), (4, 2), (3, 4)]"
6857,11,"[(0, 1), (1, 0), (0, 2), (0, 3), (4, 0), (1, 2), (3, 1), (4, 1), (2, 3), (2, 4), (3, 4)]"
6858,11,"[(0, 1), (1, 0), (0, 2), (0, 3), (4, 0), (1, 2), (3, 1), (4, 1), (2, 3), (2, 4), (4, 3)]"
6859,11,"[(0, 1), (1, 0), (0, 2), (0, 3), (4, 0), (1, 2), (3, 1), (4, 1), (2, 3), (4, 2), (3, 4)]"
6860,11,"[(0, 1), (1, 0), (0, 2), (0, 3), (4, 0), (1, 2), (3, 1), (4, 1), (2, 3), (4, 2), (4, 3)]"
6861,11,"[(0, 1), (1, 0), (0, 2), (0, 3), (4, 0), (1, 2), (3, 1), (4, 1), (3, 2), (2, 4), (3, 4)]"
6862,11,"[(0, 1), (1, 0), (0, 2), (0, 3), (4, 0), (1, 2), (3, 1), (4, 1), (3, 2), (2, 4), (4, 3)]"
6863,11,"[(0, 1), (1, 0), (0, 2), (0, 3), (4, 0), (1, 2), (3, 1), (4, 1), (3, 2), (4, 2), (3, 4)]"
6864,11,"[(0, 1), (1, 0), (0, 2), (0, 3), (4, 0), (1, 2), (3, 1), (4, 1), (3, 2), (4, 2), (4, 3)]"
6865,11,"[(0, 1), (1, 0), (0, 2), (0, 3), (4, 0), (2, 1), (3, 1), (1, 4), (2, 3), (2, 4), (3, 4)]"
6866,11,"[(0, 1), (1, 0), (0, 2), (0, 3), (4, 0), (2, 1), (3, 1), (1, 4), (2, 3), (2, 4), (4, 3)]"
6867,11,"[(0, 1), (1, 0), (0, 2), (0, 3), (4, 0), (2, 1), (3, 1), (1, 4), (2, 3), (4, 2), (3, 4)]"
6868,11,"[(0, 1), (1, 0), (0, 2), (0, 3), (4, 0), (2, 1), (3, 1), (1, 4), (2, 3), (4, 2), (4, 3)]"
6869,11,"[(0, 1), (1, 0), (0, 2), (0, 3), (4, 0), (2, 1), (3, 1), (4, 1), (2, 3), (2, 4), (3, 4)]"
6870,11,"[(0, 1), (1, 0), (0, 2), (0, 3), (4, 0), (2, 1), (3, 1), (4, 1), (2, 3), (2, 4), (4, 3)]"
6871,11,"[(0, 1), (1, 0), (0, 2), (0, 3), (4, 0), (2, 1), (3, 1), (4, 1), (2, 3), (4, 2), (3, 4)]"
6872,11,"[(0, 1), (1, 0), (0, 2), (0, 3), (4, 0), (2, 1), (3, 1), (4, 1), (2, 3), (4, 2), (4, 3)]"
6873,11,"[(0, 1), (1, 0), (0, 2), (3, 0), (4, 0), (1, 2), (3, 1), (4, 1), (2, 3), (2, 4), (3, 4)]"
6874,11,"[(0, 1), (1, 0), (0, 2), (3, 0), (4, 0), (1, 2), (3, 1), (4, 1), (2, 3), (4, 2), (3, 4)]"
6875,11,"[(0, 1), (1, 0), (0, 2), (3, 0), (4, 0), (1, 2), (3, 1), (4, 1), (2, 3), (4, 2), (4, 3)]"
6876,11,"[(0, 1), (1, 0), (0, 2), (3, 0), (4, 0), (1, 2), (3, 1), (4, 1), (3, 2), (4, 2), (3, 4)]"
6877,11,"[(0, 1), (1, 0), (0, 2), (3, 0), (4, 0), (2, 1), (1, 3), (4, 1), (2, 3), (2, 4), (3, 4)]"
6878,11,"[(0, 1), (1, 0), (0, 2), (3, 0), (4, 0), (2, 1), (1, 3), (4, 1), (2, 3), (2, 4), (4, 3)]"
6879,11,"[(0, 1), (1, 0), (0, 2), (3, 0), (4, 0), (2, 1), (1, 3), (4, 1), (2, 3), (4, 2), (3, 4)]"
6880,11,"[(0, 1), (1, 0), (0, 2), (3, 0), (4, 0), (2, 1), (1, 3), (4, 1), (2, 3), (4, 2), (4, 3)]"
6881,11,"[(0, 1), (1, 0), (0, 2), (3, 0), (4, 0), (2, 1), (3, 1), (4, 1), (2, 3), (2, 4), (3, 4)]"
6882,11,"[(0, 1), (1, 0), (0, 2), (3, 0), (4, 0), (2, 1), (3, 1), (4, 1), (2, 3), (4, 2), (3, 4)]"
6883,11,"[(0, 1), (1, 0), (0, 2), (3, 0), (4, 0), (2, 1), (3, 1), (4, 1), (2, 3), (4, 2), (4, 3)]"
6884,11,"[(0, 1), (1, 0), (0, 2), (3, 0), (4, 0), (2, 1), (3, 1), (4, 1), (3, 2), (4, 2), (3, 4)]"
6885,11,"[(0, 1), (1, 0), (2, 0), (3, 0), (4, 0), (2, 1), (3, 1), (4, 1), (2, 3), (2, 4), (3, 4)]"
6886,11,"[(0, 1), (1, 0), (2, 0), (3, 0), (4, 0), (2, 1), (3, 1), (4, 1), (2, 3), (4, 2), (3, 4)]"
6887,12,"[(0, 3), (3, 0), (0, 4), (4, 0), (1, 3), (3, 1), (1, 4), (4, 1), (2, 4), (4, 2), (3, 4), (4, 3)]"
6888,12,"[(0, 3), (3, 0), (0, 4), (4, 0), (1, 3), (3, 1), (1, 4), (4, 1), (2, 3), (3, 2), (2, 4), (4, 2)]"
6889,12,"[(0, 3), (3, 0), (0, 4), (4, 0), (1, 3), (3, 1), (1, 4), (2, 3), (2, 4), (4, 2), (3, 4), (4, 3)]"
6890,12,"[(0, 3), (3, 0), (0, 4), (4, 0), (1, 3), (3, 1), (1, 4), (3, 2), (2, 4), (4, 2), (3, 4), (4, 3)]"
6891,12,"[(0, 3), (3, 0), (0, 4), (4, 0), (1, 3), (3, 1), (1, 4), (2, 3), (3, 2), (2, 4), (3, 4), (4, 3)]"
6892,12,"[(0, 3), (3, 0), (0, 4), (4, 0), (1, 3), (3, 1), (1, 4), (2, 3), (3, 2), (4, 2), (3, 4), (4, 3)]"
6893,12,"[(0, 3), (3, 0), (0, 4), (4, 0), (1, 3), (3, 1), (4, 1), (3, 2), (2, 4), (4, 2), (3, 4), (4, 3)]"
6894,12,"[(0, 3), (3, 0), (0, 4), (4, 0), (1, 3), (3, 1), (4, 1), (2, 3), (3, 2), (4, 2), (3, 4), (4, 3)]"
6895,12,"[(0, 3), (3, 0), (0, 4), (4, 0), (1, 3), (3, 1), (1, 4), (4, 1), (2, 3), (2, 4), (3, 4), (4, 3)]"
6896,12,"[(0, 3), (3, 0), (0, 4), (4, 0), (1, 3), (3, 1), (1, 4), (4, 1), (2, 3), (4, 2), (3, 4), (4, 3)]"
6897,12,"[(0, 3), (3, 0), (0, 4), (4, 0), (1, 3), (3, 1), (1, 4), (4, 1), (3, 2), (4, 2), (3, 4), (4, 3)]"
6898,12,"[(0, 3), (3, 0), (0, 4), (4, 0), (1, 3), (3, 1), (1, 4), (4, 1), (2, 3), (3, 2), (2, 4), (3, 4)]"
6899,12,"[(0, 3), (3, 0), (0, 4), (4, 0), (1, 3), (3, 1), (1, 4), (4, 1), (2, 3), (3, 2), (2, 4), (4, 3)]"
6900,12,"[(0, 3), (3, 0), (0, 4), (4, 0), (1, 3), (3, 1), (1, 4), (4, 1), (2, 3), (3, 2), (4, 2), (3, 4)]"
6901,12,"[(0, 3), (3, 0), (0, 4), (4, 0), (1, 3), (3, 1), (1, 4), (4, 1), (2, 3), (3, 2), (4, 2), (4, 3)]"
6902,12,"[(0, 2), (2, 0), (0, 4), (4, 0), (1, 3), (3, 1), (1, 4), (4, 1), (2, 4), (4, 2), (3, 4), (4, 3)]"
6903,12,"[(0, 2), (2, 0), (0, 3), (3, 0), (0, 4), (4, 0), (1, 3), (3, 1), (1, 4), (4, 1), (2, 4), (4, 2)]"
6904,12,"[(0, 2), (0, 3), (3, 0), (0, 4), (4, 0), (1, 3), (1, 4), (4, 1), (2, 4), (4, 2), (3, 4), (4, 3)]"
6905,12,"[(0, 2), (0, 3), (3, 0), (0, 4), (4, 0), (3, 1), (1, 4), (4, 1), (2, 4), (4, 2), (3, 4), (4, 3)]"
6906,12,"[(2, 0), (0, 3), (3, 0), (0, 4), (4, 0), (1, 3), (1, 4), (4, 1), (2, 4), (4, 2), (3, 4), (4, 3)]"
6907,12,"[(0, 2), (2, 0), (0, 3), (0, 4), (1, 3), (3, 1), (1, 4), (4, 1), (2, 4), (4, 2), (3, 4), (4, 3)]"
6908,12,"[(0, 2), (2, 0), (0, 3), (4, 0), (1, 3), (3, 1), (1, 4), (4, 1), (2, 4), (4, 2), (3, 4), (4, 3)]"
6909,12,"[(0, 2), (2, 0), (0, 3), (0, 4), (4, 0), (1, 3), (1, 4), (4, 1), (2, 4), (4, 2), (3, 4), (4, 3)]"
6910,12,"[(0, 2), (2, 0), (0, 3), (0, 4), (4, 0), (3, 1), (1, 4), (4, 1), (2, 4), (4, 2), (3, 4), (4, 3)]"
6911,12,"[(0, 2), (2, 0), (0, 3), (0, 4), (4, 0), (1, 3), (3, 1), (1, 4), (2, 4), (4, 2), (3, 4), (4, 3)]"
6912,12,"[(0, 2), (2, 0), (0, 3), (0, 4), (4, 0), (1, 3), (3, 1), (4, 1), (2, 4), (4, 2), (3, 4), (4, 3)]"
6913,12,"[(0, 2), (2, 0), (0, 3), (0, 4), (4, 0), (1, 3), (3, 1), (1, 4), (4, 1), (2, 4), (3, 4), (4, 3)]"
6914,12,"[(0, 2), (2, 0), (0, 3), (0, 4), (4, 0), (1, 3), (3, 1), (1, 4), (4, 1), (4, 2), (3, 4), (4, 3)]"
6915,12,"[(0, 2), (2, 0), (0, 3), (0, 4), (4, 0), (1, 3), (3, 1), (1, 4), (4, 1), (2, 4), (4, 2), (3, 4)]"
6916,12,"[(0, 2), (2, 0), (0, 3), (0, 4), (4, 0), (1, 3), (3, 1), (1, 4), (4, 1), (2, 4), (4, 2), (4, 3)]"
6917,12,"[(0, 2), (2, 0), (3, 0), (0, 4), (4, 0), (1, 3), (1, 4), (4, 1), (2, 4), (4, 2), (3, 4), (4, 3)]"
6918,12,"[(0, 2), (2, 0), (3, 0), (0, 4), (4, 0), (3, 1), (1, 4), (4, 1), (2, 4), (4, 2), (3, 4), (4, 3)]"
6919,12,"[(0, 2), (2, 0), (0, 3), (3, 0), (0, 4), (1, 3), (1, 4), (4, 1), (2, 4), (4, 2), (3, 4), (4, 3)]"
6920,12,"[(0, 2), (2, 0), (0, 3), (3, 0), (0, 4), (3, 1), (1, 4), (4, 1), (2, 4), (4, 2), (3, 4), (4, 3)]"
6921,12,"[(0, 2), (2, 0), (0, 3), (3, 0), (0, 4), (1, 3), (3, 1), (1, 4), (4, 1), (2, 4), (4, 2), (3, 4)]"
6922,12,"[(0, 2), (2, 0), (0, 3), (3, 0), (0, 4), (1, 3), (3, 1), (1, 4), (4, 1), (2, 4), (4, 2), (4, 3)]"
6923,12,"[(0, 2), (2, 0), (0, 3), (3, 0), (4, 0), (1, 3), (1, 4), (4, 1), (2, 4), (4, 2), (3, 4), (4, 3)]"
6924,12,"[(0, 2), (2, 0), (0, 3), (3, 0), (4, 0), (3, 1), (1, 4), (4, 1), (2, 4), (4, 2), (3, 4), (4, 3)]"
6925,12,"[(0, 2), (2, 0), (0, 3), (3, 0), (4, 0), (1, 3), (3, 1), (1, 4), (4, 1), (2, 4), (4, 2), (4, 3)]"
6926,12,"[(0, 2), (2, 0), (0, 3), (3, 0), (0, 4), (4, 0), (1, 3), (1, 4), (2, 4), (4, 2), (3, 4), (4, 3)]"
6927,12,"[(0, 2), (2, 0), (0, 3), (3, 0), (0, 4), (4, 0), (1, 3), (4, 1), (2, 4), (4, 2), (3, 4), (4, 3)]"
6928,12,"[(0, 2), (2, 0), (0, 3), (3, 0), (0, 4), (4, 0), (1, 3), (1, 4), (4, 1), (2, 4), (3, 4), (4, 3)]"
6929,12,"[(0, 2), (2, 0), (0, 3), (3, 0), (0, 4), (4, 0), (1, 3), (1, 4), (4, 1), (4, 2), (3, 4), (4, 3)]"
6930,12,"[(0, 2), (2, 0), (0, 3), (3, 0), (0, 4), (4, 0), (1, 3), (1, 4), (4, 1), (2, 4), (4, 2), (3, 4)]"
6931,12,"[(0, 2), (2, 0), (0, 3), (3, 0), (0, 4), (4, 0), (1, 3), (1, 4), (4, 1), (2, 4), (4, 2), (4, 3)]"
6932,12,"[(0, 2), (2, 0), (0, 3), (3, 0), (0, 4), (4, 0), (3, 1), (1, 4), (2, 4), (4, 2), (3, 4), (4, 3)]"
6933,12,"[(0, 2), (2, 0), (0, 3), (3, 0), (0, 4), (4, 0), (3, 1), (4, 1), (2, 4), (4, 2), (3, 4), (4, 3)]"
6934,12,"[(0, 2), (2, 0), (0, 3), (3, 0), (0, 4), (4, 0), (3, 1), (1, 4), (4, 1), (2, 4), (3, 4), (4, 3)]"
6935,12,"[(0, 2), (2, 0), (0, 3), (3, 0), (0, 4), (4, 0), (3, 1), (1, 4), (4, 1), (4, 2), (3, 4), (4, 3)]"
6936,12,"[(0, 2), (2, 0), (0, 3), (3, 0), (0, 4), (4, 0), (3, 1), (1, 4), (4, 1), (2, 4), (4, 2), (3, 4)]"
6937,12,"[(0, 2), (2, 0), (0, 3), (3, 0), (0, 4), (4, 0), (3, 1), (1, 4), (4, 1), (2, 4), (4, 2), (4, 3)]"
6938,12,"[(0, 2), (2, 0), (0, 3), (3, 0), (0, 4), (4, 0), (1, 3), (3, 1), (1, 4), (2, 4), (3, 4), (4, 3)]"
6939,12,"[(0, 2), (2, 0), (0, 3), (3, 0), (0, 4), (4, 0), (1, 3), (3, 1), (1, 4), (4, 2), (3, 4), (4, 3)]"
6940,12,"[(0, 2), (2, 0), (0, 3), (3, 0), (0, 4), (4, 0), (1, 3), (3, 1), (1, 4), (2, 4), (4, 2), (3, 4)]"
6941,12,"[(0, 2), (2, 0), (0, 3), (3, 0), (0, 4), (4, 0), (1, 3), (3, 1), (1, 4), (2, 4), (4, 2), (4, 3)]"
6942,12,"[(0, 2), (2, 0), (0, 3), (3, 0), (0, 4), (4, 0), (1, 3), (3, 1), (4, 1), (4, 2), (3, 4), (4, 3)]"
6943,12,"[(0, 2), (2, 0), (0, 3), (3, 0), (0, 4), (4, 0), (1, 3), (3, 1), (4, 1), (2, 4), (4, 2), (3, 4)]"
6944,12,"[(0, 2), (2, 0), (0, 3), (3, 0), (0, 4), (4, 0), (1, 3), (3, 1), (4, 1), (2, 4), (4, 2), (4, 3)]"
6945,12,"[(0, 2), (2, 0), (0, 3), (3, 0), (0, 4), (4, 0), (1, 3), (3, 1), (1, 4), (4, 1), (2, 4), (3, 4)]"
6946,12,"[(0, 2), (2, 0), (0, 3), (3, 0), (0, 4), (4, 0), (1, 3), (3, 1), (1, 4), (4, 1), (2, 4), (4, 3)]"
6947,12,"[(0, 2), (2, 0), (0, 3), (3, 0), (0, 4), (4, 0), (1, 3), (3, 1), (1, 4), (4, 1), (4, 2), (3, 4)]"
6948,12,"[(0, 2), (2, 0), (0, 3), (3, 0), (0, 4), (4, 0), (1, 3), (3, 1), (1, 4), (4, 1), (4, 2), (4, 3)]"
6949,12,"[(0, 2), (2, 0), (0, 3), (3, 0), (0, 4), (4, 0), (1, 4), (4, 1), (2, 3), (3, 2), (2, 4), (4, 2)]"
6950,12,"[(0, 2), (2, 0), (0, 3), (0, 4), (4, 0), (1, 4), (4, 1), (2, 3), (2, 4), (4, 2), (3, 4), (4, 3)]"
6951,12,"[(0, 2), (2, 0), (0, 3), (0, 4), (4, 0), (1, 4), (4, 1), (3, 2), (2, 4), (4, 2), (3, 4), (4, 3)]"
6952,12,"[(0, 2), (2, 0), (3, 0), (0, 4), (4, 0), (1, 4), (4, 1), (3, 2), (2, 4), (4, 2), (3, 4), (4, 3)]"
6953,12,"[(0, 2), (2, 0), (0, 3), (3, 0), (0, 4), (1, 4), (4, 1), (2, 3), (2, 4), (4, 2), (3, 4), (4, 3)]"
6954,12,"[(0, 2), (2, 0), (0, 3), (3, 0), (4, 0), (1, 4), (4, 1), (2, 3), (2, 4), (4, 2), (3, 4), (4, 3)]"
6955,12,"[(0, 2), (2, 0), (0, 3), (3, 0), (0, 4), (4, 0), (1, 4), (2, 3), (2, 4), (4, 2), (3, 4), (4, 3)]"
6956,12,"[(0, 2), (2, 0), (0, 3), (3, 0), (0, 4), (4, 0), (1, 4), (2, 3), (3, 2), (2, 4), (4, 2), (3, 4)]"
6957,12,"[(0, 2), (2, 0), (0, 3), (3, 0), (0, 4), (4, 0), (1, 4), (2, 3), (3, 2), (2, 4), (4, 2), (4, 3)]"
6958,12,"[(0, 2), (2, 0), (0, 3), (3, 0), (0, 4), (4, 0), (4, 1), (2, 3), (2, 4), (4, 2), (3, 4), (4, 3)]"
6959,12,"[(0, 2), (2, 0), (0, 3), (3, 0), (0, 4), (4, 0), (4, 1), (2, 3), (3, 2), (2, 4), (4, 2), (3, 4)]"
6960,12,"[(0, 2), (2, 0), (0, 3), (3, 0), (0, 4), (4, 0), (4, 1), (2, 3), (3, 2), (2, 4), (4, 2), (4, 3)]"
6961,12,"[(0, 2), (2, 0), (0, 3), (3, 0), (0, 4), (4, 0), (1, 4), (4, 1), (2, 3), (2, 4), (3, 4), (4, 3)]"
6962,12,"[(0, 2), (2, 0), (0, 3), (3, 0), (0, 4), (4, 0), (1, 4), (4, 1), (2, 3), (4, 2), (3, 4), (4, 3)]"
6963,12,"[(0, 2), (2, 0), (0, 3), (3, 0), (0, 4), (4, 0), (1, 4), (4, 1), (2, 3), (2, 4), (4, 2), (3, 4)]"
6964,12,"[(0, 2), (2, 0), (0, 3), (3, 0), (0, 4), (4, 0), (1, 4), (4, 1), (2, 3), (2, 4), (4, 2), (4, 3)]"
6965,12,"[(0, 2), (2, 0), (0, 3), (3, 0), (0, 4), (4, 0), (1, 4), (4, 1), (2, 3), (3, 2), (2, 4), (3, 4)]"
6966,12,"[(0, 2), (2, 0), (0, 3), (3, 0), (0, 4), (4, 0), (1, 4), (4, 1), (2, 3), (3, 2), (2, 4), (4, 3)]"
6967,12,"[(0, 2), (2, 0), (0, 3), (3, 0), (0, 4), (4, 0), (1, 4), (4, 1), (2, 3), (3, 2), (4, 2), (4, 3)]"
6968,12,"[(0, 2), (0, 3), (0, 4), (1, 3), (3, 1), (1, 4), (2, 3), (3, 2), (2, 4), (4, 2), (3, 4), (4, 3)]"
6969,12,"[(0, 2), (0, 3), (0, 4), (1, 3), (3, 1), (4, 1), (2, 3), (3, 2), (2, 4), (4, 2), (3, 4), (4, 3)]"
6970,12,"[(0, 2), (0, 3), (0, 4), (1, 3), (3, 1), (1, 4), (4, 1), (2, 3), (3, 2), (2, 4), (3, 4), (4, 3)]"
6971,12,"[(0, 2), (0, 3), (0, 4), (1, 3), (3, 1), (1, 4), (4, 1), (2, 3), (3, 2), (4, 2), (3, 4), (4, 3)]"
6972,12,"[(0, 2), (0, 3), (0, 4), (1, 3), (3, 1), (1, 4), (4, 1), (2, 3), (3, 2), (2, 4), (4, 2), (3, 4)]"
6973,12,"[(0, 2), (0, 3), (4, 0), (1, 3), (1, 4), (4, 1), (2, 3), (3, 2), (2, 4), (4, 2), (3, 4), (4, 3)]"
6974,12,"[(0, 2), (0, 3), (4, 0), (3, 1), (1, 4), (4, 1), (2, 3), (3, 2), (2, 4), (4, 2), (3, 4), (4, 3)]"
6975,12,"[(0, 2), (0, 3), (4, 0), (1, 3), (3, 1), (1, 4), (2, 3), (3, 2), (2, 4), (4, 2), (3, 4), (4, 3)]"
6976,12,"[(0, 2), (0, 3), (4, 0), (1, 3), (3, 1), (4, 1), (2, 3), (3, 2), (2, 4), (4, 2), (3, 4), (4, 3)]"
6977,12,"[(0, 2), (0, 3), (4, 0), (1, 3), (3, 1), (1, 4), (4, 1), (2, 3), (2, 4), (4, 2), (3, 4), (4, 3)]"
6978,12,"[(0, 2), (0, 3), (4, 0), (1, 3), (3, 1), (1, 4), (4, 1), (3, 2), (2, 4), (4, 2), (3, 4), (4, 3)]"
6979,12,"[(0, 2), (0, 3), (4, 0), (1, 3), (3, 1), (1, 4), (4, 1), (2, 3), (3, 2), (2, 4), (3, 4), (4, 3)]"
6980,12,"[(0, 2), (0, 3), (4, 0), (1, 3), (3, 1), (1, 4), (4, 1), (2, 3), (3, 2), (4, 2), (3, 4), (4, 3)]"
6981,12,"[(0, 2), (0, 3), (4, 0), (1, 3), (3, 1), (1, 4), (4, 1), (2, 3), (3, 2), (2, 4), (4, 2), (3, 4)]"
6982,12,"[(0, 2), (0, 3), (4, 0), (1, 3), (3, 1), (1, 4), (4, 1), (2, 3), (3, 2), (2, 4), (4, 2), (4, 3)]"
6983,12,"[(0, 2), (3, 0), (4, 0), (1, 3), (3, 1), (1, 4), (2, 3), (3, 2), (2, 4), (4, 2), (3, 4), (4, 3)]"
6984,12,"[(0, 2), (3, 0), (4, 0), (1, 3), (3, 1), (4, 1), (2, 3), (3, 2), (2, 4), (4, 2), (3, 4), (4, 3)]"
6985,12,"[(0, 2), (3, 0), (4, 0), (1, 3), (3, 1), (1, 4), (4, 1), (2, 3), (3, 2), (2, 4), (3, 4), (4, 3)]"
6986,12,"[(0, 2), (3, 0), (4, 0), (1, 3), (3, 1), (1, 4), (4, 1), (2, 3), (3, 2), (4, 2), (3, 4), (4, 3)]"
6987,12,"[(0, 2), (3, 0), (4, 0), (1, 3), (3, 1), (1, 4), (4, 1), (2, 3), (3, 2), (2, 4), (4, 2), (3, 4)]"
6988,12,"[(0, 2), (0, 3), (3, 0), (0, 4), (1, 3), (1, 4), (2, 3), (3, 2), (2, 4), (4, 2), (3, 4), (4, 3)]"
6989,12,"[(0, 2), (0, 3), (3, 0), (0, 4), (1, 3), (4, 1), (2, 3), (3, 2), (2, 4), (4, 2), (3, 4), (4, 3)]"
6990,12,"[(0, 2), (0, 3), (3, 0), (0, 4), (1, 3), (1, 4), (4, 1), (2, 3), (2, 4), (4, 2), (3, 4), (4, 3)]"
6991,12,"[(0, 2), (0, 3), (3, 0), (0, 4), (1, 3), (1, 4), (4, 1), (3, 2), (2, 4), (4, 2), (3, 4), (4, 3)]"
6992,12,"[(0, 2), (0, 3), (3, 0), (0, 4), (1, 3), (1, 4), (4, 1), (2, 3), (3, 2), (2, 4), (3, 4), (4, 3)]"
6993,12,"[(0, 2), (0, 3), (3, 0), (0, 4), (1, 3), (1, 4), (4, 1), (2, 3), (3, 2), (4, 2), (3, 4), (4, 3)]"
6994,12,"[(0, 2), (0, 3), (3, 0), (0, 4), (1, 3), (1, 4), (4, 1), (2, 3), (3, 2), (2, 4), (4, 2), (3, 4)]"
6995,12,"[(0, 2), (0, 3), (3, 0), (0, 4), (1, 3), (1, 4), (4, 1), (2, 3), (3, 2), (2, 4), (4, 2), (4, 3)]"
6996,12,"[(0, 2), (0, 3), (3, 0), (0, 4), (3, 1), (1, 4), (2, 3), (3, 2), (2, 4), (4, 2), (3, 4), (4, 3)]"
6997,12,"[(0, 2), (0, 3), (3, 0), (0, 4), (3, 1), (4, 1), (2, 3), (3, 2), (2, 4), (4, 2), (3, 4), (4, 3)]"
6998,12,"[(0, 2), (0, 3), (3, 0), (0, 4), (3, 1), (1, 4), (4, 1), (2, 3), (2, 4), (4, 2), (3, 4), (4, 3)]"
6999,12,"[(0, 2), (0, 3), (3, 0), (0, 4), (3, 1), (1, 4), (4, 1), (3, 2), (2, 4), (4, 2), (3, 4), (4, 3)]"
7000,12,"[(0, 2), (0, 3), (3, 0), (0, 4), (3, 1), (1, 4), (4, 1), (2, 3), (3, 2), (2, 4), (3, 4), (4, 3)]"
7001,12,"[(0, 2), (0, 3), (3, 0), (0, 4), (3, 1), (1, 4), (4, 1), (2, 3), (3, 2), (4, 2), (3, 4), (4, 3)]"
7002,12,"[(0, 2), (0, 3), (3, 0), (0, 4), (3, 1), (1, 4), (4, 1), (2, 3), (3, 2), (2, 4), (4, 2), (3, 4)]"
7003,12,"[(0, 2), (0, 3), (3, 0), (0, 4), (3, 1), (1, 4), (4, 1), (2, 3), (3, 2), (2, 4), (4, 2), (4, 3)]"
7004,12,"[(0, 2), (0, 3), (3, 0), (0, 4), (1, 3), (3, 1), (1, 4), (2, 3), (2, 4), (4, 2), (3, 4), (4, 3)]"
7005,12,"[(0, 2), (0, 3), (3, 0), (0, 4), (1, 3), (3, 1), (1, 4), (3, 2), (2, 4), (4, 2), (3, 4), (4, 3)]"
7006,12,"[(0, 2), (0, 3), (3, 0), (0, 4), (1, 3), (3, 1), (1, 4), (2, 3), (3, 2), (2, 4), (3, 4), (4, 3)]"
7007,12,"[(0, 2), (0, 3), (3, 0), (0, 4), (1, 3), (3, 1), (1, 4), (2, 3), (3, 2), (4, 2), (3, 4), (4, 3)]"
7008,12,"[(0, 2), (0, 3), (3, 0), (0, 4), (1, 3), (3, 1), (1, 4), (2, 3), (3, 2), (2, 4), (4, 2), (3, 4)]"
7009,12,"[(0, 2), (0, 3), (3, 0), (0, 4), (1, 3), (3, 1), (1, 4), (2, 3), (3, 2), (2, 4), (4, 2), (4, 3)]"
7010,12,"[(0, 2), (0, 3), (3, 0), (0, 4), (1, 3), (3, 1), (4, 1), (2, 3), (2, 4), (4, 2), (3, 4), (4, 3)]"
7011,12,"[(0, 2), (0, 3), (3, 0), (0, 4), (1, 3), (3, 1), (4, 1), (3, 2), (2, 4), (4, 2), (3, 4), (4, 3)]"
7012,12,"[(0, 2), (0, 3), (3, 0), (0, 4), (1, 3), (3, 1), (4, 1), (2, 3), (3, 2), (2, 4), (3, 4), (4, 3)]"
7013,12,"[(0, 2), (0, 3), (3, 0), (0, 4), (1, 3), (3, 1), (4, 1), (2, 3), (3, 2), (4, 2), (3, 4), (4, 3)]"
7014,12,"[(0, 2), (0, 3), (3, 0), (0, 4), (1, 3), (3, 1), (4, 1), (2, 3), (3, 2), (2, 4), (4, 2), (3, 4)]"
7015,12,"[(0, 2), (0, 3), (3, 0), (0, 4), (1, 3), (3, 1), (4, 1), (2, 3), (3, 2), (2, 4), (4, 2), (4, 3)]"
7016,12,"[(0, 2), (0, 3), (3, 0), (0, 4), (1, 3), (3, 1), (1, 4), (4, 1), (2, 3), (2, 4), (3, 4), (4, 3)]"
7017,12,"[(0, 2), (0, 3), (3, 0), (0, 4), (1, 3), (3, 1), (1, 4), (4, 1), (2, 3), (4, 2), (3, 4), (4, 3)]"
7018,12,"[(0, 2), (0, 3), (3, 0), (0, 4), (1, 3), (3, 1), (1, 4), (4, 1), (2, 3), (2, 4), (4, 2), (3, 4)]"
7019,12,"[(0, 2), (0, 3), (3, 0), (0, 4), (1, 3), (3, 1), (1, 4), (4, 1), (2, 3), (2, 4), (4, 2), (4, 3)]"
7020,12,"[(0, 2), (0, 3), (3, 0), (0, 4), (1, 3), (3, 1), (1, 4), (4, 1), (3, 2), (2, 4), (3, 4), (4, 3)]"
7021,12,"[(0, 2), (0, 3), (3, 0), (0, 4), (1, 3), (3, 1), (1, 4), (4, 1), (3, 2), (4, 2), (3, 4), (4, 3)]"
7022,12,"[(0, 2), (0, 3), (3, 0), (0, 4), (1, 3), (3, 1), (1, 4), (4, 1), (3, 2), (2, 4), (4, 2), (3, 4)]"
7023,12,"[(0, 2), (0, 3), (3, 0), (0, 4), (1, 3), (3, 1), (1, 4), (4, 1), (3, 2), (2, 4), (4, 2), (4, 3)]"
7024,12,"[(0, 2), (0, 3), (3, 0), (0, 4), (1, 3), (3, 1), (1, 4), (4, 1), (2, 3), (3, 2), (2, 4), (3, 4)]"
7025,12,"[(0, 2), (0, 3), (3, 0), (0, 4), (1, 3), (3, 1), (1, 4), (4, 1), (2, 3), (3, 2), (2, 4), (4, 3)]"
7026,12,"[(0, 2), (0, 3), (3, 0), (0, 4), (1, 3), (3, 1), (1, 4), (4, 1), (2, 3), (3, 2), (4, 2), (3, 4)]"
7027,12,"[(0, 2), (0, 3), (3, 0), (0, 4), (1, 3), (3, 1), (1, 4), (4, 1), (2, 3), (3, 2), (4, 2), (4, 3)]"
7028,12,"[(0, 2), (0, 3), (3, 0), (4, 0), (1, 3), (1, 4), (2, 3), (3, 2), (2, 4), (4, 2), (3, 4), (4, 3)]"
7029,12,"[(0, 2), (0, 3), (3, 0), (4, 0), (1, 3), (4, 1), (2, 3), (3, 2), (2, 4), (4, 2), (3, 4), (4, 3)]"
7030,12,"[(0, 2), (0, 3), (3, 0), (4, 0), (1, 3), (1, 4), (4, 1), (2, 3), (2, 4), (4, 2), (3, 4), (4, 3)]"
7031,12,"[(0, 2), (0, 3), (3, 0), (4, 0), (1, 3), (1, 4), (4, 1), (3, 2), (2, 4), (4, 2), (3, 4), (4, 3)]"
7032,12,"[(0, 2), (0, 3), (3, 0), (4, 0), (1, 3), (1, 4), (4, 1), (2, 3), (3, 2), (2, 4), (3, 4), (4, 3)]"
7033,12,"[(0, 2), (0, 3), (3, 0), (4, 0), (1, 3), (1, 4), (4, 1), (2, 3), (3, 2), (4, 2), (3, 4), (4, 3)]"
7034,12,"[(0, 2), (0, 3), (3, 0), (4, 0), (1, 3), (1, 4), (4, 1), (2, 3), (3, 2), (2, 4), (4, 2), (3, 4)]"
7035,12,"[(0, 2), (0, 3), (3, 0), (4, 0), (1, 3), (1, 4), (4, 1), (2, 3), (3, 2), (2, 4), (4, 2), (4, 3)]"
7036,12,"[(0, 2), (0, 3), (3, 0), (4, 0), (3, 1), (1, 4), (2, 3), (3, 2), (2, 4), (4, 2), (3, 4), (4, 3)]"
7037,12,"[(0, 2), (0, 3), (3, 0), (4, 0), (3, 1), (4, 1), (2, 3), (3, 2), (2, 4), (4, 2), (3, 4), (4, 3)]"
7038,12,"[(0, 2), (0, 3), (3, 0), (4, 0), (3, 1), (1, 4), (4, 1), (2, 3), (2, 4), (4, 2), (3, 4), (4, 3)]"
7039,12,"[(0, 2), (0, 3), (3, 0), (4, 0), (3, 1), (1, 4), (4, 1), (3, 2), (2, 4), (4, 2), (3, 4), (4, 3)]"
7040,12,"[(0, 2), (0, 3), (3, 0), (4, 0), (3, 1), (1, 4), (4, 1), (2, 3), (3, 2), (2, 4), (3, 4), (4, 3)]"
7041,12,"[(0, 2), (0, 3), (3, 0), (4, 0), (3, 1), (1, 4), (4, 1), (2, 3), (3, 2), (4, 2), (3, 4), (4, 3)]"
7042,12,"[(0, 2), (0, 3), (3, 0), (4, 0), (3, 1), (1, 4), (4, 1), (2, 3), (3, 2), (2, 4), (4, 2), (3, 4)]"
7043,12,"[(0, 2), (0, 3), (3, 0), (4, 0), (3, 1), (1, 4), (4, 1), (2, 3), (3, 2), (2, 4), (4, 2), (4, 3)]"
7044,12,"[(0, 2), (0, 3), (3, 0), (4, 0), (1, 3), (3, 1), (1, 4), (2, 3), (2, 4), (4, 2), (3, 4), (4, 3)]"
7045,12,"[(0, 2), (0, 3), (3, 0), (4, 0), (1, 3), (3, 1), (1, 4), (3, 2), (2, 4), (4, 2), (3, 4), (4, 3)]"
7046,12,"[(0, 2), (0, 3), (3, 0), (4, 0), (1, 3), (3, 1), (1, 4), (2, 3), (3, 2), (2, 4), (3, 4), (4, 3)]"
7047,12,"[(0, 2), (0, 3), (3, 0), (4, 0), (1, 3), (3, 1), (1, 4), (2, 3), (3, 2), (4, 2), (3, 4), (4, 3)]"
7048,12,"[(0, 2), (0, 3), (3, 0), (4, 0), (1, 3), (3, 1), (1, 4), (2, 3), (3, 2), (2, 4), (4, 2), (3, 4)]"
7049,12,"[(0, 2), (0, 3), (3, 0), (4, 0), (1, 3), (3, 1), (1, 4), (2, 3), (3, 2), (2, 4), (4, 2), (4, 3)]"
7050,12,"[(0, 2), (0, 3), (3, 0), (4, 0), (1, 3), (3, 1), (4, 1), (2, 3), (2, 4), (4, 2), (3, 4), (4, 3)]"
7051,12,"[(0, 2), (0, 3), (3, 0), (4, 0), (1, 3), (3, 1), (4, 1), (3, 2), (2, 4), (4, 2), (3, 4), (4, 3)]"
7052,12,"[(0, 2), (0, 3), (3, 0), (4, 0), (1, 3), (3, 1), (4, 1), (2, 3), (3, 2), (2, 4), (3, 4), (4, 3)]"
7053,12,"[(0, 2), (0, 3), (3, 0), (4, 0), (1, 3), (3, 1), (4, 1), (2, 3), (3, 2), (4, 2), (3, 4), (4, 3)]"
7054,12,"[(0, 2), (0, 3), (3, 0), (4, 0), (1, 3), (3, 1), (4, 1), (2, 3), (3, 2), (2, 4), (4, 2), (3, 4)]"
7055,12,"[(0, 2), (0, 3), (3, 0), (4, 0), (1, 3), (3, 1), (4, 1), (2, 3), (3, 2), (2, 4), (4, 2), (4, 3)]"
7056,12,"[(0, 2), (0, 3), (3, 0), (4, 0), (1, 3), (3, 1), (1, 4), (4, 1), (2, 3), (2, 4), (3, 4), (4, 3)]"
7057,12,"[(0, 2), (0, 3), (3, 0), (4, 0), (1, 3), (3, 1), (1, 4), (4, 1), (2, 3), (4, 2), (3, 4), (4, 3)]"
7058,12,"[(0, 2), (0, 3), (3, 0), (4, 0), (1, 3), (3, 1), (1, 4), (4, 1), (2, 3), (2, 4), (4, 2), (3, 4)]"
7059,12,"[(0, 2), (0, 3), (3, 0), (4, 0), (1, 3), (3, 1), (1, 4), (4, 1), (2, 3), (2, 4), (4, 2), (4, 3)]"
7060,12,"[(0, 2), (0, 3), (3, 0), (4, 0), (1, 3), (3, 1), (1, 4), (4, 1), (3, 2), (2, 4), (3, 4), (4, 3)]"
7061,12,"[(0, 2), (0, 3), (3, 0), (4, 0), (1, 3), (3, 1), (1, 4), (4, 1), (3, 2), (4, 2), (3, 4), (4, 3)]"
7062,12,"[(0, 2), (0, 3), (3, 0), (4, 0), (1, 3), (3, 1), (1, 4), (4, 1), (3, 2), (2, 4), (4, 2), (3, 4)]"
7063,12,"[(0, 2), (0, 3), (3, 0), (4, 0), (1, 3), (3, 1), (1, 4), (4, 1), (3, 2), (2, 4), (4, 2), (4, 3)]"
7064,12,"[(0, 2), (0, 3), (3, 0), (4, 0), (1, 3), (3, 1), (1, 4), (4, 1), (2, 3), (3, 2), (2, 4), (3, 4)]"
7065,12,"[(0, 2), (0, 3), (3, 0), (4, 0), (1, 3), (3, 1), (1, 4), (4, 1), (2, 3), (3, 2), (2, 4), (4, 3)]"
7066,12,"[(0, 2), (0, 3), (3, 0), (4, 0), (1, 3), (3, 1), (1, 4), (4, 1), (2, 3), (3, 2), (4, 2), (3, 4)]"
7067,12,"[(0, 2), (0, 3), (3, 0), (4, 0), (1, 3), (3, 1), (1, 4), (4, 1), (2, 3), (3, 2), (4, 2), (4, 3)]"
7068,12,"[(0, 2), (0, 3), (3, 0), (0, 4), (4, 0), (1, 3), (1, 4), (2, 3), (3, 2), (2, 4), (3, 4), (4, 3)]"
7069,12,"[(0, 2), (0, 3), (3, 0), (0, 4), (4, 0), (1, 3), (1, 4), (2, 3), (3, 2), (4, 2), (3, 4), (4, 3)]"
7070,12,"[(0, 2), (0, 3), (3, 0), (0, 4), (4, 0), (1, 3), (1, 4), (2, 3), (3, 2), (2, 4), (4, 2), (3, 4)]"
7071,12,"[(0, 2), (0, 3), (3, 0), (0, 4), (4, 0), (1, 3), (4, 1), (2, 3), (2, 4), (4, 2), (3, 4), (4, 3)]"
7072,12,"[(0, 2), (0, 3), (3, 0), (0, 4), (4, 0), (1, 3), (4, 1), (3, 2), (2, 4), (4, 2), (3, 4), (4, 3)]"
7073,12,"[(0, 2), (0, 3), (3, 0), (0, 4), (4, 0), (1, 3), (4, 1), (2, 3), (3, 2), (2, 4), (3, 4), (4, 3)]"
7074,12,"[(0, 2), (0, 3), (3, 0), (0, 4), (4, 0), (1, 3), (4, 1), (2, 3), (3, 2), (4, 2), (3, 4), (4, 3)]"
7075,12,"[(0, 2), (0, 3), (3, 0), (0, 4), (4, 0), (1, 3), (4, 1), (2, 3), (3, 2), (2, 4), (4, 2), (3, 4)]"
7076,12,"[(0, 2), (0, 3), (3, 0), (0, 4), (4, 0), (1, 3), (4, 1), (2, 3), (3, 2), (2, 4), (4, 2), (4, 3)]"
7077,12,"[(0, 2), (0, 3), (3, 0), (0, 4), (4, 0), (3, 1), (4, 1), (2, 3), (3, 2), (2, 4), (3, 4), (4, 3)]"
7078,12,"[(0, 2), (0, 3), (3, 0), (0, 4), (4, 0), (3, 1), (4, 1), (2, 3), (3, 2), (4, 2), (3, 4), (4, 3)]"
7079,12,"[(0, 2), (0, 3), (3, 0), (0, 4), (4, 0), (3, 1), (4, 1), (2, 3), (3, 2), (2, 4), (4, 2), (3, 4)]"
7080,12,"[(0, 2), (0, 3), (3, 0), (0, 4), (4, 0), (1, 3), (3, 1), (1, 4), (2, 3), (2, 4), (3, 4), (4, 3)]"
7081,12,"[(0, 2), (0, 3), (3, 0), (0, 4), (4, 0), (1, 3), (3, 1), (1, 4), (2, 3), (4, 2), (3, 4), (4, 3)]"
7082,12,"[(0, 2), (0, 3), (3, 0), (0, 4), (4, 0), (1, 3), (3, 1), (1, 4), (2, 3), (2, 4), (4, 2), (3, 4)]"
7083,12,"[(0, 2), (0, 3), (3, 0), (0, 4), (4, 0), (1, 3), (3, 1), (1, 4), (2, 3), (2, 4), (4, 2), (4, 3)]"
7084,12,"[(0, 2), (0, 3), (3, 0), (0, 4), (4, 0), (1, 3), (3, 1), (1, 4), (3, 2), (2, 4), (3, 4), (4, 3)]"
7085,12,"[(0, 2), (0, 3), (3, 0), (0, 4), (4, 0), (1, 3), (3, 1), (1, 4), (3, 2), (4, 2), (3, 4), (4, 3)]"
7086,12,"[(0, 2), (0, 3), (3, 0), (0, 4), (4, 0), (1, 3), (3, 1), (1, 4), (3, 2), (2, 4), (4, 2), (3, 4)]"
7087,12,"[(0, 2), (0, 3), (3, 0), (0, 4), (4, 0), (1, 3), (3, 1), (1, 4), (3, 2), (2, 4), (4, 2), (4, 3)]"
7088,12,"[(0, 2), (0, 3), (3, 0), (0, 4), (4, 0), (1, 3), (3, 1), (1, 4), (2, 3), (3, 2), (2, 4), (3, 4)]"
7089,12,"[(0, 2), (0, 3), (3, 0), (0, 4), (4, 0), (1, 3), (3, 1), (1, 4), (2, 3), (3, 2), (2, 4), (4, 3)]"
7090,12,"[(0, 2), (0, 3), (3, 0), (0, 4), (4, 0), (1, 3), (3, 1), (1, 4), (2, 3), (3, 2), (4, 2), (3, 4)]"
7091,12,"[(0, 2), (0, 3), (3, 0), (0, 4), (4, 0), (1, 3), (3, 1), (1, 4), (2, 3), (3, 2), (4, 2), (4, 3)]"
7092,12,"[(0, 2), (0, 3), (3, 0), (0, 4), (4, 0), (1, 3), (3, 1), (4, 1), (2, 3), (2, 4), (3, 4), (4, 3)]"
7093,12,"[(0, 2), (0, 3), (3, 0), (0, 4), (4, 0), (1, 3), (3, 1), (4, 1), (2, 3), (4, 2), (3, 4), (4, 3)]"
7094,12,"[(0, 2), (0, 3), (3, 0), (0, 4), (4, 0), (1, 3), (3, 1), (4, 1), (2, 3), (2, 4), (4, 2), (3, 4)]"
7095,12,"[(0, 2), (0, 3), (3, 0), (0, 4), (4, 0), (1, 3), (3, 1), (4, 1), (2, 3), (2, 4), (4, 2), (4, 3)]"
7096,12,"[(0, 2), (0, 3), (3, 0), (0, 4), (4, 0), (1, 3), (3, 1), (4, 1), (3, 2), (2, 4), (3, 4), (4, 3)]"
7097,12,"[(0, 2), (0, 3), (3, 0), (0, 4), (4, 0), (1, 3), (3, 1), (4, 1), (3, 2), (4, 2), (3, 4), (4, 3)]"
7098,12,"[(0, 2), (0, 3), (3, 0), (0, 4), (4, 0), (1, 3), (3, 1), (4, 1), (3, 2), (2, 4), (4, 2), (3, 4)]"
7099,12,"[(0, 2), (0, 3), (3, 0), (0, 4), (4, 0), (1, 3), (3, 1), (4, 1), (3, 2), (2, 4), (4, 2), (4, 3)]"
7100,12,"[(0, 2), (0, 3), (3, 0), (0, 4), (4, 0), (1, 3), (3, 1), (4, 1), (2, 3), (3, 2), (2, 4), (3, 4)]"
7101,12,"[(0, 2), (0, 3), (3, 0), (0, 4), (4, 0), (1, 3), (3, 1), (4, 1), (2, 3), (3, 2), (2, 4), (4, 3)]"
7102,12,"[(0, 2), (0, 3), (3, 0), (0, 4), (4, 0), (1, 3), (3, 1), (4, 1), (2, 3), (3, 2), (4, 2), (3, 4)]"
7103,12,"[(0, 2), (0, 3), (3, 0), (0, 4), (4, 0), (1, 3), (3, 1), (4, 1), (2, 3), (3, 2), (4, 2), (4, 3)]"
7104,12,"[(0, 2), (0, 3), (3, 0), (0, 4), (4, 0), (1, 3), (3, 1), (1, 4), (4, 1), (2, 3), (2, 4), (3, 4)]"
7105,12,"[(0, 2), (0, 3), (3, 0), (0, 4), (4, 0), (1, 3), (3, 1), (1, 4), (4, 1), (2, 3), (4, 2), (3, 4)]"
7106,12,"[(0, 2), (0, 3), (3, 0), (0, 4), (4, 0), (1, 3), (3, 1), (1, 4), (4, 1), (2, 3), (4, 2), (4, 3)]"
7107,12,"[(0, 2), (0, 3), (3, 0), (0, 4), (4, 0), (1, 3), (3, 1), (1, 4), (4, 1), (3, 2), (4, 2), (3, 4)]"
7108,12,"[(0, 2), (2, 0), (0, 3), (0, 4), (1, 3), (3, 1), (1, 4), (4, 1), (2, 3), (2, 4), (3, 4), (4, 3)]"
7109,12,"[(0, 2), (2, 0), (0, 3), (0, 4), (1, 3), (3, 1), (1, 4), (4, 1), (2, 3), (4, 2), (3, 4), (4, 3)]"
7110,12,"[(0, 2), (2, 0), (0, 3), (0, 4), (1, 3), (3, 1), (1, 4), (4, 1), (3, 2), (4, 2), (3, 4), (4, 3)]"
7111,12,"[(0, 2), (2, 0), (0, 3), (4, 0), (1, 3), (3, 1), (1, 4), (4, 1), (2, 3), (4, 2), (3, 4), (4, 3)]"
7112,12,"[(0, 2), (2, 0), (0, 3), (4, 0), (1, 3), (3, 1), (1, 4), (4, 1), (3, 2), (2, 4), (3, 4), (4, 3)]"
7113,12,"[(0, 2), (2, 0), (0, 3), (4, 0), (1, 3), (3, 1), (1, 4), (4, 1), (3, 2), (4, 2), (3, 4), (4, 3)]"
7114,12,"[(0, 2), (2, 0), (3, 0), (4, 0), (1, 3), (3, 1), (1, 4), (4, 1), (3, 2), (4, 2), (3, 4), (4, 3)]"
7115,12,"[(0, 2), (2, 0), (0, 3), (3, 0), (0, 4), (1, 3), (1, 4), (2, 3), (2, 4), (4, 2), (3, 4), (4, 3)]"
7116,12,"[(0, 2), (2, 0), (0, 3), (3, 0), (0, 4), (1, 3), (1, 4), (3, 2), (2, 4), (4, 2), (3, 4), (4, 3)]"
7117,12,"[(0, 2), (2, 0), (0, 3), (3, 0), (0, 4), (1, 3), (1, 4), (2, 3), (3, 2), (2, 4), (3, 4), (4, 3)]"
7118,12,"[(0, 2), (2, 0), (0, 3), (3, 0), (0, 4), (1, 3), (1, 4), (2, 3), (3, 2), (4, 2), (3, 4), (4, 3)]"
7119,12,"[(0, 2), (2, 0), (0, 3), (3, 0), (0, 4), (1, 3), (4, 1), (2, 3), (2, 4), (4, 2), (3, 4), (4, 3)]"
7120,12,"[(0, 2), (2, 0), (0, 3), (3, 0), (0, 4), (1, 3), (4, 1), (3, 2), (2, 4), (4, 2), (3, 4), (4, 3)]"
7121,12,"[(0, 2), (2, 0), (0, 3), (3, 0), (0, 4), (1, 3), (4, 1), (2, 3), (3, 2), (2, 4), (3, 4), (4, 3)]"
7122,12,"[(0, 2), (2, 0), (0, 3), (3, 0), (0, 4), (1, 3), (4, 1), (2, 3), (3, 2), (4, 2), (3, 4), (4, 3)]"
7123,12,"[(0, 2), (2, 0), (0, 3), (3, 0), (0, 4), (1, 3), (1, 4), (4, 1), (2, 3), (2, 4), (3, 4), (4, 3)]"
7124,12,"[(0, 2), (2, 0), (0, 3), (3, 0), (0, 4), (1, 3), (1, 4), (4, 1), (2, 3), (4, 2), (3, 4), (4, 3)]"
7125,12,"[(0, 2), (2, 0), (0, 3), (3, 0), (0, 4), (1, 3), (1, 4), (4, 1), (3, 2), (2, 4), (3, 4), (4, 3)]"
7126,12,"[(0, 2), (2, 0), (0, 3), (3, 0), (0, 4), (1, 3), (1, 4), (4, 1), (3, 2), (4, 2), (3, 4), (4, 3)]"
7127,12,"[(0, 2), (2, 0), (0, 3), (3, 0), (0, 4), (1, 3), (1, 4), (4, 1), (3, 2), (2, 4), (4, 2), (3, 4)]"
7128,12,"[(0, 2), (2, 0), (0, 3), (3, 0), (0, 4), (1, 3), (1, 4), (4, 1), (3, 2), (2, 4), (4, 2), (4, 3)]"
7129,12,"[(0, 2), (2, 0), (0, 3), (3, 0), (0, 4), (1, 3), (1, 4), (4, 1), (2, 3), (3, 2), (2, 4), (3, 4)]"
7130,12,"[(0, 2), (2, 0), (0, 3), (3, 0), (0, 4), (1, 3), (1, 4), (4, 1), (2, 3), (3, 2), (2, 4), (4, 3)]"
7131,12,"[(0, 2), (2, 0), (0, 3), (3, 0), (0, 4), (1, 3), (1, 4), (4, 1), (2, 3), (3, 2), (4, 2), (3, 4)]"
7132,12,"[(0, 2), (2, 0), (0, 3), (3, 0), (0, 4), (1, 3), (1, 4), (4, 1), (2, 3), (3, 2), (4, 2), (4, 3)]"
7133,12,"[(0, 2), (2, 0), (0, 3), (3, 0), (0, 4), (3, 1), (1, 4), (3, 2), (2, 4), (4, 2), (3, 4), (4, 3)]"
7134,12,"[(0, 2), (2, 0), (0, 3), (3, 0), (0, 4), (3, 1), (1, 4), (2, 3), (3, 2), (2, 4), (3, 4), (4, 3)]"
7135,12,"[(0, 2), (2, 0), (0, 3), (3, 0), (0, 4), (3, 1), (1, 4), (2, 3), (3, 2), (4, 2), (3, 4), (4, 3)]"
7136,12,"[(0, 2), (2, 0), (0, 3), (3, 0), (0, 4), (3, 1), (4, 1), (2, 3), (2, 4), (4, 2), (3, 4), (4, 3)]"
7137,12,"[(0, 2), (2, 0), (0, 3), (3, 0), (0, 4), (3, 1), (4, 1), (3, 2), (2, 4), (4, 2), (3, 4), (4, 3)]"
7138,12,"[(0, 2), (2, 0), (0, 3), (3, 0), (0, 4), (3, 1), (4, 1), (2, 3), (3, 2), (2, 4), (3, 4), (4, 3)]"
7139,12,"[(0, 2), (2, 0), (0, 3), (3, 0), (0, 4), (3, 1), (4, 1), (2, 3), (3, 2), (4, 2), (3, 4), (4, 3)]"
7140,12,"[(0, 2), (2, 0), (0, 3), (3, 0), (0, 4), (3, 1), (1, 4), (4, 1), (2, 3), (2, 4), (3, 4), (4, 3)]"
7141,12,"[(0, 2), (2, 0), (0, 3), (3, 0), (0, 4), (3, 1), (1, 4), (4, 1), (2, 3), (4, 2), (3, 4), (4, 3)]"
7142,12,"[(0, 2), (2, 0), (0, 3), (3, 0), (0, 4), (3, 1), (1, 4), (4, 1), (3, 2), (2, 4), (3, 4), (4, 3)]"
7143,12,"[(0, 2), (2, 0), (0, 3), (3, 0), (0, 4), (3, 1), (1, 4), (4, 1), (3, 2), (4, 2), (3, 4), (4, 3)]"
7144,12,"[(0, 2), (2, 0), (0, 3), (3, 0), (0, 4), (3, 1), (1, 4), (4, 1), (3, 2), (2, 4), (4, 2), (3, 4)]"
7145,12,"[(0, 2), (2, 0), (0, 3), (3, 0), (0, 4), (3, 1), (1, 4), (4, 1), (3, 2), (2, 4), (4, 2), (4, 3)]"
7146,12,"[(0, 2), (2, 0), (0, 3), (3, 0), (0, 4), (3, 1), (1, 4), (4, 1), (2, 3), (3, 2), (2, 4), (3, 4)]"
7147,12,"[(0, 2), (2, 0), (0, 3), (3, 0), (0, 4), (3, 1), (1, 4), (4, 1), (2, 3), (3, 2), (2, 4), (4, 3)]"
7148,12,"[(0, 2), (2, 0), (0, 3), (3, 0), (0, 4), (3, 1), (1, 4), (4, 1), (2, 3), (3, 2), (4, 2), (3, 4)]"
7149,12,"[(0, 2), (2, 0), (0, 3), (3, 0), (0, 4), (3, 1), (1, 4), (4, 1), (2, 3), (3, 2), (4, 2), (4, 3)]"
7150,12,"[(0, 2), (2, 0), (0, 3), (3, 0), (0, 4), (1, 3), (3, 1), (1, 4), (2, 3), (2, 4), (3, 4), (4, 3)]"
7151,12,"[(0, 2), (2, 0), (0, 3), (3, 0), (0, 4), (1, 3), (3, 1), (1, 4), (2, 3), (4, 2), (3, 4), (4, 3)]"
7152,12,"[(0, 2), (2, 0), (0, 3), (3, 0), (0, 4), (1, 3), (3, 1), (1, 4), (2, 3), (2, 4), (4, 2), (3, 4)]"
7153,12,"[(0, 2), (2, 0), (0, 3), (3, 0), (0, 4), (1, 3), (3, 1), (1, 4), (2, 3), (2, 4), (4, 2), (4, 3)]"
7154,12,"[(0, 2), (2, 0), (0, 3), (3, 0), (0, 4), (1, 3), (3, 1), (1, 4), (3, 2), (2, 4), (3, 4), (4, 3)]"
7155,12,"[(0, 2), (2, 0), (0, 3), (3, 0), (0, 4), (1, 3), (3, 1), (1, 4), (3, 2), (4, 2), (3, 4), (4, 3)]"
7156,12,"[(0, 2), (2, 0), (0, 3), (3, 0), (0, 4), (1, 3), (3, 1), (1, 4), (3, 2), (2, 4), (4, 2), (3, 4)]"
7157,12,"[(0, 2), (2, 0), (0, 3), (3, 0), (0, 4), (1, 3), (3, 1), (1, 4), (3, 2), (2, 4), (4, 2), (4, 3)]"
7158,12,"[(0, 2), (2, 0), (0, 3), (3, 0), (0, 4), (1, 3), (3, 1), (1, 4), (2, 3), (3, 2), (2, 4), (3, 4)]"
7159,12,"[(0, 2), (2, 0), (0, 3), (3, 0), (0, 4), (1, 3), (3, 1), (1, 4), (2, 3), (3, 2), (2, 4), (4, 3)]"
7160,12,"[(0, 2), (2, 0), (0, 3), (3, 0), (0, 4), (1, 3), (3, 1), (1, 4), (2, 3), (3, 2), (4, 2), (3, 4)]"
7161,12,"[(0, 2), (2, 0), (0, 3), (3, 0), (0, 4), (1, 3), (3, 1), (1, 4), (2, 3), (3, 2), (4, 2), (4, 3)]"
7162,12,"[(0, 2), (2, 0), (0, 3), (3, 0), (0, 4), (1, 3), (3, 1), (4, 1), (2, 3), (2, 4), (3, 4), (4, 3)]"
7163,12,"[(0, 2), (2, 0), (0, 3), (3, 0), (0, 4), (1, 3), (3, 1), (4, 1), (2, 3), (4, 2), (3, 4), (4, 3)]"
7164,12,"[(0, 2), (2, 0), (0, 3), (3, 0), (0, 4), (1, 3), (3, 1), (4, 1), (2, 3), (2, 4), (4, 2), (3, 4)]"
7165,12,"[(0, 2), (2, 0), (0, 3), (3, 0), (0, 4), (1, 3), (3, 1), (4, 1), (2, 3), (2, 4), (4, 2), (4, 3)]"
7166,12,"[(0, 2), (2, 0), (0, 3), (3, 0), (0, 4), (1, 3), (3, 1), (4, 1), (3, 2), (2, 4), (3, 4), (4, 3)]"
7167,12,"[(0, 2), (2, 0), (0, 3), (3, 0), (0, 4), (1, 3), (3, 1), (4, 1), (3, 2), (4, 2), (3, 4), (4, 3)]"
7168,12,"[(0, 2), (2, 0), (0, 3), (3, 0), (0, 4), (1, 3), (3, 1), (4, 1), (3, 2), (2, 4), (4, 2), (3, 4)]"
7169,12,"[(0, 2), (2, 0), (0, 3), (3, 0), (0, 4), (1, 3), (3, 1), (4, 1), (3, 2), (2, 4), (4, 2), (4, 3)]"
7170,12,"[(0, 2), (2, 0), (0, 3), (3, 0), (0, 4), (1, 3), (3, 1), (4, 1), (2, 3), (3, 2), (2, 4), (3, 4)]"
7171,12,"[(0, 2), (2, 0), (0, 3), (3, 0), (0, 4), (1, 3), (3, 1), (4, 1), (2, 3), (3, 2), (2, 4), (4, 3)]"
7172,12,"[(0, 2), (2, 0), (0, 3), (3, 0), (0, 4), (1, 3), (3, 1), (4, 1), (2, 3), (3, 2), (4, 2), (3, 4)]"
7173,12,"[(0, 2), (2, 0), (0, 3), (3, 0), (0, 4), (1, 3), (3, 1), (4, 1), (2, 3), (3, 2), (4, 2), (4, 3)]"
7174,12,"[(0, 2), (2, 0), (0, 3), (3, 0), (0, 4), (1, 3), (3, 1), (1, 4), (4, 1), (2, 3), (2, 4), (3, 4)]"
7175,12,"[(0, 2), (2, 0), (0, 3), (3, 0), (0, 4), (1, 3), (3, 1), (1, 4), (4, 1), (2, 3), (2, 4), (4, 3)]"
7176,12,"[(0, 2), (2, 0), (0, 3), (3, 0), (0, 4), (1, 3), (3, 1), (1, 4), (4, 1), (2, 3), (4, 2), (3, 4)]"
7177,12,"[(0, 2), (2, 0), (0, 3), (3, 0), (0, 4), (1, 3), (3, 1), (1, 4), (4, 1), (2, 3), (4, 2), (4, 3)]"
7178,12,"[(0, 2), (2, 0), (0, 3), (3, 0), (0, 4), (1, 3), (3, 1), (1, 4), (4, 1), (3, 2), (2, 4), (3, 4)]"
7179,12,"[(0, 2), (2, 0), (0, 3), (3, 0), (0, 4), (1, 3), (3, 1), (1, 4), (4, 1), (3, 2), (2, 4), (4, 3)]"
7180,12,"[(0, 2), (2, 0), (0, 3), (3, 0), (0, 4), (1, 3), (3, 1), (1, 4), (4, 1), (3, 2), (4, 2), (3, 4)]"
7181,12,"[(0, 2), (2, 0), (0, 3), (3, 0), (0, 4), (1, 3), (3, 1), (1, 4), (4, 1), (3, 2), (4, 2), (4, 3)]"
7182,12,"[(0, 2), (2, 0), (0, 3), (3, 0), (4, 0), (1, 3), (1, 4), (3, 2), (2, 4), (4, 2), (3, 4), (4, 3)]"
7183,12,"[(0, 2), (2, 0), (0, 3), (3, 0), (4, 0), (1, 3), (1, 4), (2, 3), (3, 2), (4, 2), (3, 4), (4, 3)]"
7184,12,"[(0, 2), (2, 0), (0, 3), (3, 0), (4, 0), (1, 3), (4, 1), (3, 2), (2, 4), (4, 2), (3, 4), (4, 3)]"
7185,12,"[(0, 2), (2, 0), (0, 3), (3, 0), (4, 0), (1, 3), (4, 1), (2, 3), (3, 2), (4, 2), (3, 4), (4, 3)]"
7186,12,"[(0, 2), (2, 0), (0, 3), (3, 0), (4, 0), (1, 3), (1, 4), (4, 1), (2, 3), (2, 4), (3, 4), (4, 3)]"
7187,12,"[(0, 2), (2, 0), (0, 3), (3, 0), (4, 0), (1, 3), (1, 4), (4, 1), (2, 3), (4, 2), (3, 4), (4, 3)]"
7188,12,"[(0, 2), (2, 0), (0, 3), (3, 0), (4, 0), (1, 3), (1, 4), (4, 1), (3, 2), (2, 4), (3, 4), (4, 3)]"
7189,12,"[(0, 2), (2, 0), (0, 3), (3, 0), (4, 0), (1, 3), (1, 4), (4, 1), (3, 2), (4, 2), (3, 4), (4, 3)]"
7190,12,"[(0, 2), (2, 0), (0, 3), (3, 0), (4, 0), (1, 3), (1, 4), (4, 1), (2, 3), (3, 2), (4, 2), (3, 4)]"
7191,12,"[(0, 2), (2, 0), (0, 3), (3, 0), (4, 0), (1, 3), (1, 4), (4, 1), (2, 3), (3, 2), (4, 2), (4, 3)]"
7192,12,"[(0, 2), (2, 0), (0, 3), (3, 0), (4, 0), (3, 1), (1, 4), (2, 3), (3, 2), (4, 2), (3, 4), (4, 3)]"
7193,12,"[(0, 2), (2, 0), (0, 3), (3, 0), (4, 0), (3, 1), (4, 1), (3, 2), (2, 4), (4, 2), (3, 4), (4, 3)]"
7194,12,"[(0, 2), (2, 0), (0, 3), (3, 0), (4, 0), (3, 1), (4, 1), (2, 3), (3, 2), (4, 2), (3, 4), (4, 3)]"
7195,12,"[(0, 2), (2, 0), (0, 3), (3, 0), (4, 0), (3, 1), (1, 4), (4, 1), (2, 3), (2, 4), (3, 4), (4, 3)]"
7196,12,"[(0, 2), (2, 0), (0, 3), (3, 0), (4, 0), (3, 1), (1, 4), (4, 1), (2, 3), (4, 2), (3, 4), (4, 3)]"
7197,12,"[(0, 2), (2, 0), (0, 3), (3, 0), (4, 0), (3, 1), (1, 4), (4, 1), (3, 2), (2, 4), (3, 4), (4, 3)]"
7198,12,"[(0, 2), (2, 0), (0, 3), (3, 0), (4, 0), (3, 1), (1, 4), (4, 1), (3, 2), (4, 2), (3, 4), (4, 3)]"
7199,12,"[(0, 2), (2, 0), (0, 3), (3, 0), (4, 0), (3, 1), (1, 4), (4, 1), (2, 3), (3, 2), (4, 2), (3, 4)]"
7200,12,"[(0, 2), (2, 0), (0, 3), (3, 0), (4, 0), (3, 1), (1, 4), (4, 1), (2, 3), (3, 2), (4, 2), (4, 3)]"
7201,12,"[(0, 2), (2, 0), (0, 3), (3, 0), (4, 0), (1, 3), (3, 1), (1, 4), (2, 3), (2, 4), (3, 4), (4, 3)]"
7202,12,"[(0, 2), (2, 0), (0, 3), (3, 0), (4, 0), (1, 3), (3, 1), (1, 4), (2, 3), (4, 2), (3, 4), (4, 3)]"
7203,12,"[(0, 2), (2, 0), (0, 3), (3, 0), (4, 0), (1, 3), (3, 1), (1, 4), (3, 2), (2, 4), (3, 4), (4, 3)]"
7204,12,"[(0, 2), (2, 0), (0, 3), (3, 0), (4, 0), (1, 3), (3, 1), (1, 4), (3, 2), (4, 2), (3, 4), (4, 3)]"
7205,12,"[(0, 2), (2, 0), (0, 3), (3, 0), (4, 0), (1, 3), (3, 1), (1, 4), (3, 2), (2, 4), (4, 2), (3, 4)]"
7206,12,"[(0, 2), (2, 0), (0, 3), (3, 0), (4, 0), (1, 3), (3, 1), (1, 4), (3, 2), (2, 4), (4, 2), (4, 3)]"
7207,12,"[(0, 2), (2, 0), (0, 3), (3, 0), (4, 0), (1, 3), (3, 1), (1, 4), (2, 3), (3, 2), (4, 2), (3, 4)]"
7208,12,"[(0, 2), (2, 0), (0, 3), (3, 0), (4, 0), (1, 3), (3, 1), (1, 4), (2, 3), (3, 2), (4, 2), (4, 3)]"
7209,12,"[(0, 2), (2, 0), (0, 3), (3, 0), (4, 0), (1, 3), (3, 1), (4, 1), (2, 3), (2, 4), (3, 4), (4, 3)]"
7210,12,"[(0, 2), (2, 0), (0, 3), (3, 0), (4, 0), (1, 3), (3, 1), (4, 1), (2, 3), (4, 2), (3, 4), (4, 3)]"
7211,12,"[(0, 2), (2, 0), (0, 3), (3, 0), (4, 0), (1, 3), (3, 1), (4, 1), (3, 2), (2, 4), (3, 4), (4, 3)]"
7212,12,"[(0, 2), (2, 0), (0, 3), (3, 0), (4, 0), (1, 3), (3, 1), (4, 1), (3, 2), (4, 2), (3, 4), (4, 3)]"
7213,12,"[(0, 2), (2, 0), (0, 3), (3, 0), (4, 0), (1, 3), (3, 1), (4, 1), (3, 2), (2, 4), (4, 2), (3, 4)]"
7214,12,"[(0, 2), (2, 0), (0, 3), (3, 0), (4, 0), (1, 3), (3, 1), (4, 1), (3, 2), (2, 4), (4, 2), (4, 3)]"
7215,12,"[(0, 2), (2, 0), (0, 3), (3, 0), (4, 0), (1, 3), (3, 1), (4, 1), (2, 3), (3, 2), (4, 2), (3, 4)]"
7216,12,"[(0, 2), (2, 0), (0, 3), (3, 0), (4, 0), (1, 3), (3, 1), (4, 1), (2, 3), (3, 2), (4, 2), (4, 3)]"
7217,12,"[(0, 2), (2, 0), (0, 3), (3, 0), (4, 0), (1, 3), (3, 1), (1, 4), (4, 1), (2, 3), (2, 4), (3, 4)]"
7218,12,"[(0, 2), (2, 0), (0, 3), (3, 0), (4, 0), (1, 3), (3, 1), (1, 4), (4, 1), (2, 3), (2, 4), (4, 3)]"
7219,12,"[(0, 2), (2, 0), (0, 3), (3, 0), (4, 0), (1, 3), (3, 1), (1, 4), (4, 1), (2, 3), (4, 2), (3, 4)]"
7220,12,"[(0, 2), (2, 0), (0, 3), (3, 0), (4, 0), (1, 3), (3, 1), (1, 4), (4, 1), (2, 3), (4, 2), (4, 3)]"
7221,12,"[(0, 2), (2, 0), (0, 3), (3, 0), (4, 0), (1, 3), (3, 1), (1, 4), (4, 1), (3, 2), (2, 4), (3, 4)]"
7222,12,"[(0, 2), (2, 0), (0, 3), (3, 0), (4, 0), (1, 3), (3, 1), (1, 4), (4, 1), (3, 2), (2, 4), (4, 3)]"
7223,12,"[(0, 2), (2, 0), (0, 3), (3, 0), (4, 0), (1, 3), (3, 1), (1, 4), (4, 1), (3, 2), (4, 2), (3, 4)]"
7224,12,"[(0, 2), (2, 0), (0, 3), (3, 0), (4, 0), (1, 3), (3, 1), (1, 4), (4, 1), (3, 2), (4, 2), (4, 3)]"
7225,12,"[(0, 2), (2, 0), (0, 3), (3, 0), (0, 4), (4, 0), (1, 3), (1, 4), (2, 3), (2, 4), (3, 4), (4, 3)]"
7226,12,"[(0, 2), (2, 0), (0, 3), (3, 0), (0, 4), (4, 0), (1, 3), (1, 4), (2, 3), (4, 2), (3, 4), (4, 3)]"
7227,12,"[(0, 2), (2, 0), (0, 3), (3, 0), (0, 4), (4, 0), (1, 3), (1, 4), (3, 2), (4, 2), (3, 4), (4, 3)]"
7228,12,"[(0, 2), (2, 0), (0, 3), (3, 0), (0, 4), (4, 0), (1, 3), (1, 4), (2, 3), (3, 2), (2, 4), (3, 4)]"
7229,12,"[(0, 2), (2, 0), (0, 3), (3, 0), (0, 4), (4, 0), (1, 3), (1, 4), (2, 3), (3, 2), (2, 4), (4, 3)]"
7230,12,"[(0, 2), (2, 0), (0, 3), (3, 0), (0, 4), (4, 0), (1, 3), (1, 4), (2, 3), (3, 2), (4, 2), (3, 4)]"
7231,12,"[(0, 2), (2, 0), (0, 3), (3, 0), (0, 4), (4, 0), (1, 3), (1, 4), (2, 3), (3, 2), (4, 2), (4, 3)]"
7232,12,"[(0, 2), (2, 0), (0, 3), (3, 0), (0, 4), (4, 0), (1, 3), (4, 1), (2, 3), (2, 4), (3, 4), (4, 3)]"
7233,12,"[(0, 2), (2, 0), (0, 3), (3, 0), (0, 4), (4, 0), (1, 3), (4, 1), (2, 3), (4, 2), (3, 4), (4, 3)]"
7234,12,"[(0, 2), (2, 0), (0, 3), (3, 0), (0, 4), (4, 0), (1, 3), (4, 1), (2, 3), (2, 4), (4, 2), (3, 4)]"
7235,12,"[(0, 2), (2, 0), (0, 3), (3, 0), (0, 4), (4, 0), (1, 3), (4, 1), (2, 3), (2, 4), (4, 2), (4, 3)]"
7236,12,"[(0, 2), (2, 0), (0, 3), (3, 0), (0, 4), (4, 0), (1, 3), (4, 1), (3, 2), (2, 4), (3, 4), (4, 3)]"
7237,12,"[(0, 2), (2, 0), (0, 3), (3, 0), (0, 4), (4, 0), (1, 3), (4, 1), (3, 2), (4, 2), (3, 4), (4, 3)]"
7238,12,"[(0, 2), (2, 0), (0, 3), (3, 0), (0, 4), (4, 0), (1, 3), (4, 1), (3, 2), (2, 4), (4, 2), (3, 4)]"
7239,12,"[(0, 2), (2, 0), (0, 3), (3, 0), (0, 4), (4, 0), (1, 3), (4, 1), (3, 2), (2, 4), (4, 2), (4, 3)]"
7240,12,"[(0, 2), (2, 0), (0, 3), (3, 0), (0, 4), (4, 0), (1, 3), (4, 1), (2, 3), (3, 2), (2, 4), (3, 4)]"
7241,12,"[(0, 2), (2, 0), (0, 3), (3, 0), (0, 4), (4, 0), (1, 3), (4, 1), (2, 3), (3, 2), (2, 4), (4, 3)]"
7242,12,"[(0, 2), (2, 0), (0, 3), (3, 0), (0, 4), (4, 0), (1, 3), (4, 1), (2, 3), (3, 2), (4, 2), (3, 4)]"
7243,12,"[(0, 2), (2, 0), (0, 3), (3, 0), (0, 4), (4, 0), (1, 3), (4, 1), (2, 3), (3, 2), (4, 2), (4, 3)]"
7244,12,"[(0, 2), (2, 0), (0, 3), (3, 0), (0, 4), (4, 0), (3, 1), (4, 1), (2, 3), (2, 4), (3, 4), (4, 3)]"
7245,12,"[(0, 2), (2, 0), (0, 3), (3, 0), (0, 4), (4, 0), (3, 1), (4, 1), (2, 3), (4, 2), (3, 4), (4, 3)]"
7246,12,"[(0, 2), (2, 0), (0, 3), (3, 0), (0, 4), (4, 0), (3, 1), (4, 1), (3, 2), (4, 2), (3, 4), (4, 3)]"
7247,12,"[(0, 2), (2, 0), (0, 3), (3, 0), (0, 4), (4, 0), (3, 1), (4, 1), (2, 3), (3, 2), (2, 4), (3, 4)]"
7248,12,"[(0, 2), (2, 0), (0, 3), (3, 0), (0, 4), (4, 0), (3, 1), (4, 1), (2, 3), (3, 2), (2, 4), (4, 3)]"
7249,12,"[(0, 2), (2, 0), (0, 3), (3, 0), (0, 4), (4, 0), (3, 1), (4, 1), (2, 3), (3, 2), (4, 2), (3, 4)]"
7250,12,"[(0, 2), (2, 0), (0, 3), (3, 0), (0, 4), (4, 0), (3, 1), (4, 1), (2, 3), (3, 2), (4, 2), (4, 3)]"
7251,12,"[(0, 2), (2, 0), (0, 3), (3, 0), (0, 4), (4, 0), (1, 3), (3, 1), (1, 4), (2, 3), (2, 4), (3, 4)]"
7252,12,"[(0, 2), (2, 0), (0, 3), (3, 0), (0, 4), (4, 0), (1, 3), (3, 1), (1, 4), (2, 3), (2, 4), (4, 3)]"
7253,12,"[(0, 2), (2, 0), (0, 3), (3, 0), (0, 4), (4, 0), (1, 3), (3, 1), (1, 4), (2, 3), (4, 2), (3, 4)]"
7254,12,"[(0, 2), (2, 0), (0, 3), (3, 0), (0, 4), (4, 0), (1, 3), (3, 1), (1, 4), (2, 3), (4, 2), (4, 3)]"
7255,12,"[(0, 2), (2, 0), (0, 3), (3, 0), (0, 4), (4, 0), (1, 3), (3, 1), (1, 4), (3, 2), (2, 4), (3, 4)]"
7256,12,"[(0, 2), (2, 0), (0, 3), (3, 0), (0, 4), (4, 0), (1, 3), (3, 1), (1, 4), (3, 2), (2, 4), (4, 3)]"
7257,12,"[(0, 2), (2, 0), (0, 3), (3, 0), (0, 4), (4, 0), (1, 3), (3, 1), (1, 4), (3, 2), (4, 2), (3, 4)]"
7258,12,"[(0, 2), (2, 0), (0, 3), (3, 0), (0, 4), (4, 0), (1, 3), (3, 1), (1, 4), (3, 2), (4, 2), (4, 3)]"
7259,12,"[(0, 2), (2, 0), (0, 3), (3, 0), (0, 4), (4, 0), (1, 3), (3, 1), (4, 1), (2, 3), (2, 4), (3, 4)]"
7260,12,"[(0, 2), (2, 0), (0, 3), (3, 0), (0, 4), (4, 0), (1, 3), (3, 1), (4, 1), (2, 3), (2, 4), (4, 3)]"
7261,12,"[(0, 2), (2, 0), (0, 3), (3, 0), (0, 4), (4, 0), (1, 3), (3, 1), (4, 1), (2, 3), (4, 2), (3, 4)]"
7262,12,"[(0, 2), (2, 0), (0, 3), (3, 0), (0, 4), (4, 0), (1, 3), (3, 1), (4, 1), (2, 3), (4, 2), (4, 3)]"
7263,12,"[(0, 2), (2, 0), (0, 3), (3, 0), (0, 4), (4, 0), (1, 3), (3, 1), (4, 1), (3, 2), (2, 4), (3, 4)]"
7264,12,"[(0, 2), (2, 0), (0, 3), (3, 0), (0, 4), (4, 0), (1, 3), (3, 1), (4, 1), (3, 2), (2, 4), (4, 3)]"
7265,12,"[(0, 2), (2, 0), (0, 3), (3, 0), (0, 4), (4, 0), (1, 3), (3, 1), (4, 1), (3, 2), (4, 2), (3, 4)]"
7266,12,"[(0, 2), (2, 0), (0, 3), (3, 0), (0, 4), (4, 0), (1, 3), (3, 1), (4, 1), (3, 2), (4, 2), (4, 3)]"
7267,12,"[(0, 2), (2, 0), (0, 3), (0, 4), (4, 0), (1, 2), (2, 1), (1, 3), (1, 4), (4, 1), (2, 4), (4, 2)]"
7268,12,"[(0, 2), (2, 0), (0, 3), (0, 4), (4, 0), (1, 2), (2, 1), (3, 1), (1, 4), (4, 1), (2, 4), (4, 2)]"
7269,12,"[(0, 2), (2, 0), (3, 0), (0, 4), (4, 0), (1, 2), (2, 1), (3, 1), (1, 4), (4, 1), (2, 4), (4, 2)]"
7270,12,"[(0, 2), (2, 0), (0, 3), (3, 0), (0, 4), (1, 2), (1, 3), (3, 1), (1, 4), (4, 1), (2, 4), (4, 2)]"
7271,12,"[(0, 2), (2, 0), (0, 3), (3, 0), (0, 4), (2, 1), (1, 3), (3, 1), (1, 4), (4, 1), (2, 4), (4, 2)]"
7272,12,"[(0, 2), (2, 0), (0, 3), (3, 0), (0, 4), (1, 2), (2, 1), (1, 3), (1, 4), (4, 1), (2, 4), (4, 2)]"
7273,12,"[(0, 2), (2, 0), (0, 3), (3, 0), (0, 4), (1, 2), (2, 1), (3, 1), (1, 4), (4, 1), (2, 4), (4, 2)]"
7274,12,"[(0, 2), (2, 0), (0, 3), (3, 0), (0, 4), (1, 2), (2, 1), (1, 3), (3, 1), (1, 4), (2, 4), (4, 2)]"
7275,12,"[(0, 2), (2, 0), (0, 3), (3, 0), (0, 4), (1, 2), (2, 1), (1, 3), (3, 1), (4, 1), (2, 4), (4, 2)]"
7276,12,"[(0, 2), (2, 0), (0, 3), (3, 0), (4, 0), (2, 1), (1, 3), (3, 1), (1, 4), (4, 1), (2, 4), (4, 2)]"
7277,12,"[(0, 2), (2, 0), (0, 3), (3, 0), (4, 0), (1, 2), (2, 1), (1, 3), (1, 4), (4, 1), (2, 4), (4, 2)]"
7278,12,"[(0, 2), (2, 0), (0, 3), (3, 0), (4, 0), (1, 2), (2, 1), (3, 1), (1, 4), (4, 1), (2, 4), (4, 2)]"
7279,12,"[(0, 2), (2, 0), (0, 3), (3, 0), (4, 0), (1, 2), (2, 1), (1, 3), (3, 1), (4, 1), (2, 4), (4, 2)]"
7280,12,"[(0, 2), (2, 0), (0, 3), (3, 0), (0, 4), (4, 0), (1, 2), (1, 3), (3, 1), (1, 4), (2, 4), (4, 2)]"
7281,12,"[(0, 2), (2, 0), (0, 3), (3, 0), (0, 4), (4, 0), (1, 2), (1, 3), (3, 1), (4, 1), (2, 4), (4, 2)]"
7282,12,"[(0, 2), (2, 0), (0, 3), (3, 0), (0, 4), (4, 0), (2, 1), (1, 3), (3, 1), (4, 1), (2, 4), (4, 2)]"
7283,12,"[(0, 2), (2, 0), (0, 3), (3, 0), (0, 4), (4, 0), (1, 2), (2, 1), (1, 3), (1, 4), (2, 4), (4, 2)]"
7284,12,"[(0, 2), (2, 0), (0, 3), (3, 0), (0, 4), (4, 0), (1, 2), (2, 1), (1, 3), (4, 1), (2, 4), (4, 2)]"
7285,12,"[(0, 2), (2, 0), (0, 3), (3, 0), (0, 4), (4, 0), (1, 2), (2, 1), (1, 3), (1, 4), (4, 1), (2, 4)]"
7286,12,"[(0, 2), (2, 0), (0, 3), (3, 0), (0, 4), (4, 0), (1, 2), (2, 1), (3, 1), (1, 4), (2, 4), (4, 2)]"
7287,12,"[(0, 2), (2, 0), (0, 3), (3, 0), (0, 4), (4, 0), (1, 2), (2, 1), (3, 1), (4, 1), (2, 4), (4, 2)]"
7288,12,"[(0, 2), (2, 0), (0, 3), (3, 0), (0, 4), (4, 0), (1, 2), (2, 1), (3, 1), (1, 4), (4, 1), (2, 4)]"
7289,12,"[(0, 2), (2, 0), (0, 3), (3, 0), (0, 4), (4, 0), (1, 2), (2, 1), (1, 3), (3, 1), (1, 4), (2, 4)]"
7290,12,"[(0, 2), (2, 0), (0, 3), (3, 0), (0, 4), (4, 0), (1, 2), (2, 1), (1, 3), (3, 1), (1, 4), (4, 2)]"
7291,12,"[(0, 2), (2, 0), (0, 3), (3, 0), (0, 4), (4, 0), (1, 2), (2, 1), (1, 3), (3, 1), (4, 1), (2, 4)]"
7292,12,"[(0, 2), (2, 0), (0, 3), (3, 0), (0, 4), (4, 0), (1, 2), (2, 1), (1, 3), (3, 1), (4, 1), (4, 2)]"
7293,12,"[(0, 2), (0, 3), (0, 4), (4, 0), (1, 2), (1, 3), (1, 4), (4, 1), (2, 4), (4, 2), (3, 4), (4, 3)]"
7294,12,"[(0, 2), (0, 3), (0, 4), (4, 0), (1, 2), (3, 1), (1, 4), (4, 1), (2, 4), (4, 2), (3, 4), (4, 3)]"
7295,12,"[(0, 2), (0, 3), (0, 4), (4, 0), (2, 1), (3, 1), (1, 4), (4, 1), (2, 4), (4, 2), (3, 4), (4, 3)]"
7296,12,"[(0, 2), (3, 0), (0, 4), (4, 0), (2, 1), (1, 3), (1, 4), (4, 1), (2, 4), (4, 2), (3, 4), (4, 3)]"
7297,12,"[(0, 2), (2, 0), (0, 3), (0, 4), (1, 2), (1, 3), (1, 4), (4, 1), (2, 4), (4, 2), (3, 4), (4, 3)]"
7298,12,"[(0, 2), (2, 0), (0, 3), (0, 4), (1, 2), (3, 1), (1, 4), (4, 1), (2, 4), (4, 2), (3, 4), (4, 3)]"
7299,12,"[(0, 2), (2, 0), (0, 3), (0, 4), (1, 2), (1, 3), (3, 1), (1, 4), (2, 4), (4, 2), (3, 4), (4, 3)]"
7300,12,"[(0, 2), (2, 0), (0, 3), (0, 4), (1, 2), (1, 3), (3, 1), (4, 1), (2, 4), (4, 2), (3, 4), (4, 3)]"
7301,12,"[(0, 2), (2, 0), (0, 3), (0, 4), (2, 1), (1, 3), (3, 1), (1, 4), (4, 1), (2, 4), (3, 4), (4, 3)]"
7302,12,"[(0, 2), (2, 0), (0, 3), (0, 4), (2, 1), (1, 3), (3, 1), (1, 4), (4, 1), (4, 2), (3, 4), (4, 3)]"
7303,12,"[(0, 2), (2, 0), (0, 3), (4, 0), (1, 2), (1, 3), (1, 4), (4, 1), (2, 4), (4, 2), (3, 4), (4, 3)]"
7304,12,"[(0, 2), (2, 0), (0, 3), (4, 0), (1, 2), (3, 1), (1, 4), (4, 1), (2, 4), (4, 2), (3, 4), (4, 3)]"
7305,12,"[(0, 2), (2, 0), (0, 3), (4, 0), (1, 2), (1, 3), (3, 1), (4, 1), (2, 4), (4, 2), (3, 4), (4, 3)]"
7306,12,"[(0, 2), (2, 0), (0, 3), (4, 0), (2, 1), (1, 3), (3, 1), (1, 4), (4, 1), (4, 2), (3, 4), (4, 3)]"
7307,12,"[(0, 2), (2, 0), (0, 3), (0, 4), (4, 0), (1, 2), (1, 3), (1, 4), (2, 4), (4, 2), (3, 4), (4, 3)]"
7308,12,"[(0, 2), (2, 0), (0, 3), (0, 4), (4, 0), (1, 2), (1, 3), (4, 1), (2, 4), (4, 2), (3, 4), (4, 3)]"
7309,12,"[(0, 2), (2, 0), (0, 3), (0, 4), (4, 0), (1, 2), (1, 3), (1, 4), (4, 1), (2, 4), (3, 4), (4, 3)]"
7310,12,"[(0, 2), (2, 0), (0, 3), (0, 4), (4, 0), (1, 2), (1, 3), (1, 4), (4, 1), (4, 2), (3, 4), (4, 3)]"
7311,12,"[(0, 2), (2, 0), (0, 3), (0, 4), (4, 0), (1, 2), (1, 3), (1, 4), (4, 1), (2, 4), (4, 2), (3, 4)]"
7312,12,"[(0, 2), (2, 0), (0, 3), (0, 4), (4, 0), (1, 2), (1, 3), (1, 4), (4, 1), (2, 4), (4, 2), (4, 3)]"
7313,12,"[(0, 2), (2, 0), (0, 3), (0, 4), (4, 0), (1, 2), (3, 1), (1, 4), (2, 4), (4, 2), (3, 4), (4, 3)]"
7314,12,"[(0, 2), (2, 0), (0, 3), (0, 4), (4, 0), (1, 2), (3, 1), (4, 1), (2, 4), (4, 2), (3, 4), (4, 3)]"
7315,12,"[(0, 2), (2, 0), (0, 3), (0, 4), (4, 0), (1, 2), (3, 1), (1, 4), (4, 1), (2, 4), (3, 4), (4, 3)]"
7316,12,"[(0, 2), (2, 0), (0, 3), (0, 4), (4, 0), (1, 2), (3, 1), (1, 4), (4, 1), (4, 2), (3, 4), (4, 3)]"
7317,12,"[(0, 2), (2, 0), (0, 3), (0, 4), (4, 0), (1, 2), (3, 1), (1, 4), (4, 1), (2, 4), (4, 2), (3, 4)]"
7318,12,"[(0, 2), (2, 0), (0, 3), (0, 4), (4, 0), (1, 2), (3, 1), (1, 4), (4, 1), (2, 4), (4, 2), (4, 3)]"
7319,12,"[(0, 2), (2, 0), (0, 3), (0, 4), (4, 0), (1, 2), (1, 3), (3, 1), (1, 4), (2, 4), (3, 4), (4, 3)]"
7320,12,"[(0, 2), (2, 0), (0, 3), (0, 4), (4, 0), (1, 2), (1, 3), (3, 1), (1, 4), (4, 2), (3, 4), (4, 3)]"
7321,12,"[(0, 2), (2, 0), (0, 3), (0, 4), (4, 0), (1, 2), (1, 3), (3, 1), (1, 4), (2, 4), (4, 2), (3, 4)]"
7322,12,"[(0, 2), (2, 0), (0, 3), (0, 4), (4, 0), (1, 2), (1, 3), (3, 1), (1, 4), (2, 4), (4, 2), (4, 3)]"
7323,12,"[(0, 2), (2, 0), (0, 3), (0, 4), (4, 0), (1, 2), (1, 3), (3, 1), (4, 1), (2, 4), (3, 4), (4, 3)]"
7324,12,"[(0, 2), (2, 0), (0, 3), (0, 4), (4, 0), (1, 2), (1, 3), (3, 1), (4, 1), (4, 2), (3, 4), (4, 3)]"
7325,12,"[(0, 2), (2, 0), (0, 3), (0, 4), (4, 0), (1, 2), (1, 3), (3, 1), (4, 1), (2, 4), (4, 2), (3, 4)]"
7326,12,"[(0, 2), (2, 0), (0, 3), (0, 4), (4, 0), (1, 2), (1, 3), (3, 1), (4, 1), (2, 4), (4, 2), (4, 3)]"
7327,12,"[(0, 2), (2, 0), (0, 3), (0, 4), (4, 0), (1, 2), (1, 3), (3, 1), (1, 4), (4, 1), (2, 4), (3, 4)]"
7328,12,"[(0, 2), (2, 0), (0, 3), (0, 4), (4, 0), (1, 2), (1, 3), (3, 1), (1, 4), (4, 1), (2, 4), (4, 3)]"
7329,12,"[(0, 2), (2, 0), (0, 3), (0, 4), (4, 0), (1, 2), (1, 3), (3, 1), (1, 4), (4, 1), (4, 2), (4, 3)]"
7330,12,"[(0, 2), (2, 0), (0, 3), (0, 4), (4, 0), (2, 1), (1, 3), (1, 4), (2, 4), (4, 2), (3, 4), (4, 3)]"
7331,12,"[(0, 2), (2, 0), (0, 3), (0, 4), (4, 0), (2, 1), (1, 3), (4, 1), (2, 4), (4, 2), (3, 4), (4, 3)]"
7332,12,"[(0, 2), (2, 0), (0, 3), (0, 4), (4, 0), (2, 1), (1, 3), (1, 4), (4, 1), (2, 4), (3, 4), (4, 3)]"
7333,12,"[(0, 2), (2, 0), (0, 3), (0, 4), (4, 0), (2, 1), (1, 3), (1, 4), (4, 1), (4, 2), (3, 4), (4, 3)]"
7334,12,"[(0, 2), (2, 0), (0, 3), (0, 4), (4, 0), (2, 1), (1, 3), (1, 4), (4, 1), (2, 4), (4, 2), (3, 4)]"
7335,12,"[(0, 2), (2, 0), (0, 3), (0, 4), (4, 0), (2, 1), (1, 3), (1, 4), (4, 1), (2, 4), (4, 2), (4, 3)]"
7336,12,"[(0, 2), (2, 0), (0, 3), (0, 4), (4, 0), (2, 1), (3, 1), (1, 4), (4, 1), (2, 4), (3, 4), (4, 3)]"
7337,12,"[(0, 2), (2, 0), (0, 3), (0, 4), (4, 0), (2, 1), (3, 1), (1, 4), (4, 1), (4, 2), (3, 4), (4, 3)]"
7338,12,"[(0, 2), (2, 0), (0, 3), (0, 4), (4, 0), (2, 1), (1, 3), (3, 1), (1, 4), (2, 4), (3, 4), (4, 3)]"
7339,12,"[(0, 2), (2, 0), (0, 3), (0, 4), (4, 0), (2, 1), (1, 3), (3, 1), (1, 4), (4, 2), (3, 4), (4, 3)]"
7340,12,"[(0, 2), (2, 0), (0, 3), (0, 4), (4, 0), (2, 1), (1, 3), (3, 1), (1, 4), (2, 4), (4, 2), (3, 4)]"
7341,12,"[(0, 2), (2, 0), (0, 3), (0, 4), (4, 0), (2, 1), (1, 3), (3, 1), (1, 4), (2, 4), (4, 2), (4, 3)]"
7342,12,"[(0, 2), (2, 0), (0, 3), (0, 4), (4, 0), (2, 1), (1, 3), (3, 1), (4, 1), (2, 4), (3, 4), (4, 3)]"
7343,12,"[(0, 2), (2, 0), (0, 3), (0, 4), (4, 0), (2, 1), (1, 3), (3, 1), (4, 1), (4, 2), (3, 4), (4, 3)]"
7344,12,"[(0, 2), (2, 0), (0, 3), (0, 4), (4, 0), (2, 1), (1, 3), (3, 1), (4, 1), (2, 4), (4, 2), (4, 3)]"
7345,12,"[(0, 2), (2, 0), (0, 3), (0, 4), (4, 0), (2, 1), (1, 3), (3, 1), (1, 4), (4, 1), (2, 4), (3, 4)]"
7346,12,"[(0, 2), (2, 0), (0, 3), (0, 4), (4, 0), (2, 1), (1, 3), (3, 1), (1, 4), (4, 1), (2, 4), (4, 3)]"
7347,12,"[(0, 2), (2, 0), (0, 3), (0, 4), (4, 0), (2, 1), (1, 3), (3, 1), (1, 4), (4, 1), (4, 2), (3, 4)]"
7348,12,"[(0, 2), (2, 0), (0, 3), (0, 4), (4, 0), (2, 1), (1, 3), (3, 1), (1, 4), (4, 1), (4, 2), (4, 3)]"
7349,12,"[(0, 2), (2, 0), (3, 0), (0, 4), (4, 0), (1, 2), (1, 3), (1, 4), (2, 4), (4, 2), (3, 4), (4, 3)]"
7350,12,"[(0, 2), (2, 0), (3, 0), (0, 4), (4, 0), (1, 2), (1, 3), (4, 1), (2, 4), (4, 2), (3, 4), (4, 3)]"
7351,12,"[(0, 2), (2, 0), (3, 0), (0, 4), (4, 0), (1, 2), (1, 3), (1, 4), (4, 1), (2, 4), (3, 4), (4, 3)]"
7352,12,"[(0, 2), (2, 0), (3, 0), (0, 4), (4, 0), (1, 2), (1, 3), (1, 4), (4, 1), (4, 2), (3, 4), (4, 3)]"
7353,12,"[(0, 2), (2, 0), (3, 0), (0, 4), (4, 0), (1, 2), (1, 3), (1, 4), (4, 1), (2, 4), (4, 2), (3, 4)]"
7354,12,"[(0, 2), (2, 0), (3, 0), (0, 4), (4, 0), (1, 2), (1, 3), (1, 4), (4, 1), (2, 4), (4, 2), (4, 3)]"
7355,12,"[(0, 2), (2, 0), (3, 0), (0, 4), (4, 0), (1, 2), (3, 1), (1, 4), (4, 1), (2, 4), (3, 4), (4, 3)]"
7356,12,"[(0, 2), (2, 0), (3, 0), (0, 4), (4, 0), (1, 2), (3, 1), (1, 4), (4, 1), (4, 2), (3, 4), (4, 3)]"
7357,12,"[(0, 2), (2, 0), (0, 3), (3, 0), (0, 4), (1, 2), (1, 3), (1, 4), (2, 4), (4, 2), (3, 4), (4, 3)]"
7358,12,"[(0, 2), (2, 0), (0, 3), (3, 0), (0, 4), (1, 2), (1, 3), (4, 1), (2, 4), (4, 2), (3, 4), (4, 3)]"
7359,12,"[(0, 2), (2, 0), (0, 3), (3, 0), (0, 4), (1, 2), (1, 3), (1, 4), (4, 1), (2, 4), (4, 2), (3, 4)]"
7360,12,"[(0, 2), (2, 0), (0, 3), (3, 0), (0, 4), (1, 2), (1, 3), (1, 4), (4, 1), (2, 4), (4, 2), (4, 3)]"
7361,12,"[(0, 2), (2, 0), (0, 3), (3, 0), (0, 4), (1, 2), (3, 1), (1, 4), (2, 4), (4, 2), (3, 4), (4, 3)]"
7362,12,"[(0, 2), (2, 0), (0, 3), (3, 0), (0, 4), (1, 2), (3, 1), (4, 1), (2, 4), (4, 2), (3, 4), (4, 3)]"
7363,12,"[(0, 2), (2, 0), (0, 3), (3, 0), (0, 4), (1, 2), (3, 1), (1, 4), (4, 1), (2, 4), (3, 4), (4, 3)]"
7364,12,"[(0, 2), (2, 0), (0, 3), (3, 0), (0, 4), (1, 2), (3, 1), (1, 4), (4, 1), (4, 2), (3, 4), (4, 3)]"
7365,12,"[(0, 2), (2, 0), (0, 3), (3, 0), (0, 4), (1, 2), (3, 1), (1, 4), (4, 1), (2, 4), (4, 2), (3, 4)]"
7366,12,"[(0, 2), (2, 0), (0, 3), (3, 0), (0, 4), (1, 2), (3, 1), (1, 4), (4, 1), (2, 4), (4, 2), (4, 3)]"
7367,12,"[(0, 2), (2, 0), (0, 3), (3, 0), (0, 4), (2, 1), (3, 1), (1, 4), (2, 4), (4, 2), (3, 4), (4, 3)]"
7368,12,"[(0, 2), (2, 0), (0, 3), (3, 0), (0, 4), (2, 1), (3, 1), (4, 1), (2, 4), (4, 2), (3, 4), (4, 3)]"
7369,12,"[(0, 2), (2, 0), (0, 3), (3, 0), (0, 4), (2, 1), (3, 1), (1, 4), (4, 1), (2, 4), (4, 2), (3, 4)]"
7370,12,"[(0, 2), (2, 0), (0, 3), (3, 0), (0, 4), (2, 1), (3, 1), (1, 4), (4, 1), (2, 4), (4, 2), (4, 3)]"
7371,12,"[(0, 2), (2, 0), (0, 3), (3, 0), (0, 4), (1, 2), (2, 1), (1, 3), (1, 4), (2, 4), (3, 4), (4, 3)]"
7372,12,"[(0, 2), (2, 0), (0, 3), (3, 0), (0, 4), (1, 2), (2, 1), (1, 3), (1, 4), (4, 2), (3, 4), (4, 3)]"
7373,12,"[(0, 2), (2, 0), (0, 3), (3, 0), (0, 4), (1, 2), (2, 1), (1, 3), (4, 1), (2, 4), (3, 4), (4, 3)]"
7374,12,"[(0, 2), (2, 0), (0, 3), (3, 0), (0, 4), (1, 2), (2, 1), (1, 3), (4, 1), (4, 2), (3, 4), (4, 3)]"
7375,12,"[(0, 2), (2, 0), (0, 3), (3, 0), (0, 4), (1, 2), (2, 1), (1, 3), (1, 4), (4, 1), (2, 4), (3, 4)]"
7376,12,"[(0, 2), (2, 0), (0, 3), (3, 0), (0, 4), (1, 2), (2, 1), (1, 3), (1, 4), (4, 1), (2, 4), (4, 3)]"
7377,12,"[(0, 2), (2, 0), (0, 3), (3, 0), (0, 4), (1, 2), (2, 1), (1, 3), (1, 4), (4, 1), (4, 2), (3, 4)]"
7378,12,"[(0, 2), (2, 0), (0, 3), (3, 0), (0, 4), (1, 2), (2, 1), (1, 3), (1, 4), (4, 1), (4, 2), (4, 3)]"
7379,12,"[(0, 2), (2, 0), (0, 3), (3, 0), (0, 4), (1, 2), (2, 1), (3, 1), (1, 4), (4, 2), (3, 4), (4, 3)]"
7380,12,"[(0, 2), (2, 0), (0, 3), (3, 0), (0, 4), (1, 2), (2, 1), (3, 1), (4, 1), (4, 2), (3, 4), (4, 3)]"
7381,12,"[(0, 2), (2, 0), (0, 3), (3, 0), (0, 4), (1, 2), (2, 1), (3, 1), (1, 4), (4, 1), (4, 2), (3, 4)]"
7382,12,"[(0, 2), (2, 0), (0, 3), (3, 0), (0, 4), (1, 2), (2, 1), (3, 1), (1, 4), (4, 1), (4, 2), (4, 3)]"
7383,12,"[(0, 2), (2, 0), (0, 3), (3, 0), (0, 4), (1, 2), (2, 1), (1, 3), (3, 1), (1, 4), (2, 4), (3, 4)]"
7384,12,"[(0, 2), (2, 0), (0, 3), (3, 0), (0, 4), (1, 2), (2, 1), (1, 3), (3, 1), (1, 4), (2, 4), (4, 3)]"
7385,12,"[(0, 2), (2, 0), (0, 3), (3, 0), (0, 4), (1, 2), (2, 1), (1, 3), (3, 1), (1, 4), (4, 2), (4, 3)]"
7386,12,"[(0, 2), (2, 0), (0, 3), (3, 0), (0, 4), (1, 2), (2, 1), (1, 3), (3, 1), (4, 1), (2, 4), (4, 3)]"
7387,12,"[(0, 2), (2, 0), (0, 3), (3, 0), (0, 4), (1, 2), (2, 1), (1, 3), (3, 1), (4, 1), (4, 2), (4, 3)]"
7388,12,"[(0, 2), (2, 0), (0, 3), (3, 0), (4, 0), (1, 2), (1, 3), (1, 4), (2, 4), (4, 2), (3, 4), (4, 3)]"
7389,12,"[(0, 2), (2, 0), (0, 3), (3, 0), (4, 0), (1, 2), (1, 3), (4, 1), (2, 4), (4, 2), (3, 4), (4, 3)]"
7390,12,"[(0, 2), (2, 0), (0, 3), (3, 0), (4, 0), (1, 2), (1, 3), (1, 4), (4, 1), (2, 4), (4, 2), (3, 4)]"
7391,12,"[(0, 2), (2, 0), (0, 3), (3, 0), (4, 0), (1, 2), (1, 3), (1, 4), (4, 1), (2, 4), (4, 2), (4, 3)]"
7392,12,"[(0, 2), (2, 0), (0, 3), (3, 0), (4, 0), (1, 2), (3, 1), (1, 4), (2, 4), (4, 2), (3, 4), (4, 3)]"
7393,12,"[(0, 2), (2, 0), (0, 3), (3, 0), (4, 0), (1, 2), (3, 1), (4, 1), (2, 4), (4, 2), (3, 4), (4, 3)]"
7394,12,"[(0, 2), (2, 0), (0, 3), (3, 0), (4, 0), (1, 2), (3, 1), (1, 4), (4, 1), (2, 4), (3, 4), (4, 3)]"
7395,12,"[(0, 2), (2, 0), (0, 3), (3, 0), (4, 0), (1, 2), (3, 1), (1, 4), (4, 1), (4, 2), (3, 4), (4, 3)]"
7396,12,"[(0, 2), (2, 0), (0, 3), (3, 0), (4, 0), (1, 2), (3, 1), (1, 4), (4, 1), (2, 4), (4, 2), (3, 4)]"
7397,12,"[(0, 2), (2, 0), (0, 3), (3, 0), (4, 0), (1, 2), (3, 1), (1, 4), (4, 1), (2, 4), (4, 2), (4, 3)]"
7398,12,"[(0, 2), (2, 0), (0, 3), (3, 0), (4, 0), (2, 1), (3, 1), (1, 4), (2, 4), (4, 2), (3, 4), (4, 3)]"
7399,12,"[(0, 2), (2, 0), (0, 3), (3, 0), (4, 0), (2, 1), (3, 1), (4, 1), (2, 4), (4, 2), (3, 4), (4, 3)]"
7400,12,"[(0, 2), (2, 0), (0, 3), (3, 0), (4, 0), (2, 1), (3, 1), (1, 4), (4, 1), (2, 4), (4, 2), (3, 4)]"
7401,12,"[(0, 2), (2, 0), (0, 3), (3, 0), (4, 0), (2, 1), (3, 1), (1, 4), (4, 1), (2, 4), (4, 2), (4, 3)]"
7402,12,"[(0, 2), (2, 0), (0, 3), (3, 0), (4, 0), (1, 2), (2, 1), (1, 3), (1, 4), (4, 2), (3, 4), (4, 3)]"
7403,12,"[(0, 2), (2, 0), (0, 3), (3, 0), (4, 0), (1, 2), (2, 1), (1, 3), (4, 1), (4, 2), (3, 4), (4, 3)]"
7404,12,"[(0, 2), (2, 0), (0, 3), (3, 0), (4, 0), (1, 2), (2, 1), (1, 3), (1, 4), (4, 1), (4, 2), (3, 4)]"
7405,12,"[(0, 2), (2, 0), (0, 3), (3, 0), (4, 0), (1, 2), (2, 1), (1, 3), (1, 4), (4, 1), (4, 2), (4, 3)]"
7406,12,"[(0, 2), (2, 0), (0, 3), (3, 0), (4, 0), (1, 2), (2, 1), (1, 3), (3, 1), (4, 1), (4, 2), (4, 3)]"
7407,12,"[(0, 2), (2, 0), (0, 3), (3, 0), (0, 4), (4, 0), (1, 2), (1, 3), (1, 4), (2, 4), (4, 2), (3, 4)]"
7408,12,"[(0, 2), (2, 0), (0, 3), (3, 0), (0, 4), (4, 0), (1, 2), (1, 3), (1, 4), (2, 4), (4, 2), (4, 3)]"
7409,12,"[(0, 2), (2, 0), (0, 3), (3, 0), (0, 4), (4, 0), (1, 2), (1, 3), (4, 1), (2, 4), (4, 2), (3, 4)]"
7410,12,"[(0, 2), (2, 0), (0, 3), (3, 0), (0, 4), (4, 0), (1, 2), (1, 3), (4, 1), (2, 4), (4, 2), (4, 3)]"
7411,12,"[(0, 2), (2, 0), (0, 3), (3, 0), (0, 4), (4, 0), (1, 2), (1, 3), (1, 4), (4, 1), (2, 4), (3, 4)]"
7412,12,"[(0, 2), (2, 0), (0, 3), (3, 0), (0, 4), (4, 0), (1, 2), (1, 3), (1, 4), (4, 1), (2, 4), (4, 3)]"
7413,12,"[(0, 2), (2, 0), (0, 3), (3, 0), (0, 4), (4, 0), (1, 2), (1, 3), (1, 4), (4, 1), (4, 2), (4, 3)]"
7414,12,"[(0, 2), (2, 0), (0, 3), (3, 0), (0, 4), (4, 0), (1, 2), (3, 1), (1, 4), (2, 4), (3, 4), (4, 3)]"
7415,12,"[(0, 2), (2, 0), (0, 3), (3, 0), (0, 4), (4, 0), (1, 2), (3, 1), (1, 4), (4, 2), (3, 4), (4, 3)]"
7416,12,"[(0, 2), (2, 0), (0, 3), (3, 0), (0, 4), (4, 0), (1, 2), (3, 1), (1, 4), (2, 4), (4, 2), (3, 4)]"
7417,12,"[(0, 2), (2, 0), (0, 3), (3, 0), (0, 4), (4, 0), (1, 2), (3, 1), (1, 4), (2, 4), (4, 2), (4, 3)]"
7418,12,"[(0, 2), (2, 0), (0, 3), (3, 0), (0, 4), (4, 0), (1, 2), (3, 1), (4, 1), (2, 4), (3, 4), (4, 3)]"
7419,12,"[(0, 2), (2, 0), (0, 3), (3, 0), (0, 4), (4, 0), (1, 2), (3, 1), (4, 1), (4, 2), (3, 4), (4, 3)]"
7420,12,"[(0, 2), (2, 0), (0, 3), (3, 0), (0, 4), (4, 0), (1, 2), (3, 1), (4, 1), (2, 4), (4, 2), (3, 4)]"
7421,12,"[(0, 2), (2, 0), (0, 3), (3, 0), (0, 4), (4, 0), (1, 2), (3, 1), (4, 1), (2, 4), (4, 2), (4, 3)]"
7422,12,"[(0, 2), (2, 0), (0, 3), (3, 0), (0, 4), (4, 0), (1, 2), (3, 1), (1, 4), (4, 1), (2, 4), (3, 4)]"
7423,12,"[(0, 2), (2, 0), (0, 3), (3, 0), (0, 4), (4, 0), (1, 2), (3, 1), (1, 4), (4, 1), (2, 4), (4, 3)]"
7424,12,"[(0, 2), (2, 0), (0, 3), (3, 0), (0, 4), (4, 0), (1, 2), (3, 1), (1, 4), (4, 1), (4, 2), (3, 4)]"
7425,12,"[(0, 2), (2, 0), (0, 3), (3, 0), (0, 4), (4, 0), (1, 2), (3, 1), (1, 4), (4, 1), (4, 2), (4, 3)]"
7426,12,"[(0, 2), (2, 0), (0, 3), (3, 0), (0, 4), (4, 0), (2, 1), (3, 1), (1, 4), (2, 4), (4, 2), (3, 4)]"
7427,12,"[(0, 2), (2, 0), (0, 3), (3, 0), (0, 4), (4, 0), (2, 1), (3, 1), (1, 4), (2, 4), (4, 2), (4, 3)]"
7428,12,"[(0, 2), (2, 0), (0, 3), (3, 0), (0, 4), (4, 0), (2, 1), (3, 1), (4, 1), (2, 4), (4, 2), (3, 4)]"
7429,12,"[(0, 2), (2, 0), (0, 3), (3, 0), (0, 4), (4, 0), (2, 1), (3, 1), (4, 1), (2, 4), (4, 2), (4, 3)]"
7430,12,"[(0, 2), (2, 0), (0, 3), (3, 0), (0, 4), (4, 0), (2, 1), (3, 1), (1, 4), (4, 1), (2, 4), (3, 4)]"
7431,12,"[(0, 2), (2, 0), (0, 3), (3, 0), (0, 4), (4, 0), (2, 1), (3, 1), (1, 4), (4, 1), (2, 4), (4, 3)]"
7432,12,"[(0, 2), (2, 0), (0, 3), (3, 0), (0, 4), (4, 0), (2, 1), (3, 1), (1, 4), (4, 1), (4, 2), (4, 3)]"
7433,12,"[(0, 2), (2, 0), (0, 3), (3, 0), (0, 4), (4, 0), (1, 2), (2, 1), (1, 3), (1, 4), (2, 4), (3, 4)]"
7434,12,"[(0, 2), (2, 0), (0, 3), (3, 0), (0, 4), (4, 0), (1, 2), (2, 1), (1, 3), (1, 4), (2, 4), (4, 3)]"
7435,12,"[(0, 2), (2, 0), (0, 3), (3, 0), (0, 4), (4, 0), (1, 2), (2, 1), (1, 3), (1, 4), (4, 2), (3, 4)]"
7436,12,"[(0, 2), (2, 0), (0, 3), (3, 0), (0, 4), (4, 0), (1, 2), (2, 1), (1, 3), (1, 4), (4, 2), (4, 3)]"
7437,12,"[(0, 2), (2, 0), (0, 3), (3, 0), (0, 4), (4, 0), (1, 2), (2, 1), (1, 3), (4, 1), (2, 4), (3, 4)]"
7438,12,"[(0, 2), (2, 0), (0, 3), (3, 0), (0, 4), (4, 0), (1, 2), (2, 1), (1, 3), (4, 1), (2, 4), (4, 3)]"
7439,12,"[(0, 2), (2, 0), (0, 3), (3, 0), (0, 4), (4, 0), (1, 2), (2, 1), (1, 3), (4, 1), (4, 2), (3, 4)]"
7440,12,"[(0, 2), (2, 0), (0, 3), (3, 0), (0, 4), (4, 0), (1, 2), (2, 1), (1, 3), (4, 1), (4, 2), (4, 3)]"
7441,12,"[(0, 2), (2, 0), (0, 3), (3, 0), (0, 4), (4, 0), (1, 2), (2, 1), (3, 1), (1, 4), (2, 4), (3, 4)]"
7442,12,"[(0, 2), (2, 0), (0, 3), (3, 0), (0, 4), (4, 0), (1, 2), (2, 1), (3, 1), (1, 4), (2, 4), (4, 3)]"
7443,12,"[(0, 2), (2, 0), (0, 3), (3, 0), (0, 4), (4, 0), (1, 2), (2, 1), (3, 1), (1, 4), (4, 2), (3, 4)]"
7444,12,"[(0, 2), (2, 0), (0, 3), (3, 0), (0, 4), (4, 0), (1, 2), (2, 1), (3, 1), (1, 4), (4, 2), (4, 3)]"
7445,12,"[(0, 2), (2, 0), (0, 3), (3, 0), (0, 4), (4, 0), (1, 2), (2, 1), (3, 1), (4, 1), (2, 4), (3, 4)]"
7446,12,"[(0, 2), (2, 0), (0, 3), (3, 0), (0, 4), (4, 0), (1, 2), (2, 1), (3, 1), (4, 1), (2, 4), (4, 3)]"
7447,12,"[(0, 2), (2, 0), (0, 3), (3, 0), (0, 4), (4, 0), (1, 2), (2, 1), (3, 1), (4, 1), (4, 2), (3, 4)]"
7448,12,"[(0, 2), (2, 0), (0, 3), (3, 0), (0, 4), (4, 0), (1, 2), (2, 1), (3, 1), (4, 1), (4, 2), (4, 3)]"
7449,12,"[(0, 2), (0, 3), (0, 4), (1, 2), (1, 3), (1, 4), (2, 3), (3, 2), (2, 4), (4, 2), (3, 4), (4, 3)]"
7450,12,"[(0, 2), (0, 3), (0, 4), (1, 2), (1, 3), (4, 1), (2, 3), (3, 2), (2, 4), (4, 2), (3, 4), (4, 3)]"
7451,12,"[(0, 2), (0, 3), (0, 4), (1, 2), (3, 1), (4, 1), (2, 3), (3, 2), (2, 4), (4, 2), (3, 4), (4, 3)]"
7452,12,"[(0, 2), (0, 3), (0, 4), (2, 1), (3, 1), (4, 1), (2, 3), (3, 2), (2, 4), (4, 2), (3, 4), (4, 3)]"
7453,12,"[(0, 2), (0, 3), (4, 0), (1, 2), (1, 3), (4, 1), (2, 3), (3, 2), (2, 4), (4, 2), (3, 4), (4, 3)]"
7454,12,"[(0, 2), (0, 3), (4, 0), (1, 2), (3, 1), (1, 4), (2, 3), (3, 2), (2, 4), (4, 2), (3, 4), (4, 3)]"
7455,12,"[(0, 2), (0, 3), (4, 0), (1, 2), (3, 1), (4, 1), (2, 3), (3, 2), (2, 4), (4, 2), (3, 4), (4, 3)]"
7456,12,"[(0, 2), (0, 3), (4, 0), (2, 1), (3, 1), (1, 4), (2, 3), (3, 2), (2, 4), (4, 2), (3, 4), (4, 3)]"
7457,12,"[(0, 2), (0, 3), (4, 0), (2, 1), (3, 1), (4, 1), (2, 3), (3, 2), (2, 4), (4, 2), (3, 4), (4, 3)]"
7458,12,"[(0, 2), (3, 0), (4, 0), (1, 2), (3, 1), (4, 1), (2, 3), (3, 2), (2, 4), (4, 2), (3, 4), (4, 3)]"
7459,12,"[(0, 2), (3, 0), (4, 0), (2, 1), (1, 3), (4, 1), (2, 3), (3, 2), (2, 4), (4, 2), (3, 4), (4, 3)]"
7460,12,"[(0, 2), (3, 0), (4, 0), (2, 1), (3, 1), (4, 1), (2, 3), (3, 2), (2, 4), (4, 2), (3, 4), (4, 3)]"
7461,12,"[(2, 0), (3, 0), (4, 0), (2, 1), (3, 1), (4, 1), (2, 3), (3, 2), (2, 4), (4, 2), (3, 4), (4, 3)]"
7462,12,"[(0, 2), (2, 0), (0, 3), (0, 4), (1, 2), (1, 3), (1, 4), (2, 3), (3, 2), (2, 4), (3, 4), (4, 3)]"
7463,12,"[(0, 2), (2, 0), (0, 3), (0, 4), (1, 2), (1, 3), (1, 4), (2, 3), (3, 2), (4, 2), (3, 4), (4, 3)]"
7464,12,"[(0, 2), (2, 0), (0, 3), (0, 4), (1, 2), (1, 3), (1, 4), (2, 3), (3, 2), (2, 4), (4, 2), (3, 4)]"
7465,12,"[(0, 2), (2, 0), (0, 3), (0, 4), (1, 2), (1, 3), (4, 1), (2, 3), (2, 4), (4, 2), (3, 4), (4, 3)]"
7466,12,"[(0, 2), (2, 0), (0, 3), (0, 4), (1, 2), (1, 3), (4, 1), (3, 2), (2, 4), (4, 2), (3, 4), (4, 3)]"
7467,12,"[(0, 2), (2, 0), (0, 3), (0, 4), (1, 2), (1, 3), (4, 1), (2, 3), (3, 2), (2, 4), (3, 4), (4, 3)]"
7468,12,"[(0, 2), (2, 0), (0, 3), (0, 4), (1, 2), (1, 3), (4, 1), (2, 3), (3, 2), (4, 2), (3, 4), (4, 3)]"
7469,12,"[(0, 2), (2, 0), (0, 3), (0, 4), (1, 2), (1, 3), (4, 1), (2, 3), (3, 2), (2, 4), (4, 2), (3, 4)]"
7470,12,"[(0, 2), (2, 0), (0, 3), (0, 4), (1, 2), (1, 3), (4, 1), (2, 3), (3, 2), (2, 4), (4, 2), (4, 3)]"
7471,12,"[(0, 2), (2, 0), (0, 3), (0, 4), (1, 2), (3, 1), (4, 1), (2, 3), (3, 2), (2, 4), (3, 4), (4, 3)]"
7472,12,"[(0, 2), (2, 0), (0, 3), (0, 4), (1, 2), (3, 1), (4, 1), (2, 3), (3, 2), (4, 2), (3, 4), (4, 3)]"
7473,12,"[(0, 2), (2, 0), (0, 3), (0, 4), (1, 2), (3, 1), (4, 1), (2, 3), (3, 2), (2, 4), (4, 2), (3, 4)]"
7474,12,"[(0, 2), (2, 0), (0, 3), (0, 4), (1, 2), (1, 3), (3, 1), (1, 4), (2, 3), (2, 4), (3, 4), (4, 3)]"
7475,12,"[(0, 2), (2, 0), (0, 3), (0, 4), (1, 2), (1, 3), (3, 1), (1, 4), (2, 3), (4, 2), (3, 4), (4, 3)]"
7476,12,"[(0, 2), (2, 0), (0, 3), (0, 4), (1, 2), (1, 3), (3, 1), (1, 4), (2, 3), (2, 4), (4, 2), (3, 4)]"
7477,12,"[(0, 2), (2, 0), (0, 3), (0, 4), (1, 2), (1, 3), (3, 1), (1, 4), (2, 3), (2, 4), (4, 2), (4, 3)]"
7478,12,"[(0, 2), (2, 0), (0, 3), (0, 4), (1, 2), (1, 3), (3, 1), (1, 4), (2, 3), (3, 2), (2, 4), (3, 4)]"
7479,12,"[(0, 2), (2, 0), (0, 3), (0, 4), (1, 2), (1, 3), (3, 1), (1, 4), (2, 3), (3, 2), (2, 4), (4, 3)]"
7480,12,"[(0, 2), (2, 0), (0, 3), (0, 4), (1, 2), (1, 3), (3, 1), (1, 4), (2, 3), (3, 2), (4, 2), (4, 3)]"
7481,12,"[(0, 2), (2, 0), (0, 3), (0, 4), (1, 2), (1, 3), (3, 1), (4, 1), (2, 3), (2, 4), (3, 4), (4, 3)]"
7482,12,"[(0, 2), (2, 0), (0, 3), (0, 4), (1, 2), (1, 3), (3, 1), (4, 1), (2, 3), (4, 2), (3, 4), (4, 3)]"
7483,12,"[(0, 2), (2, 0), (0, 3), (0, 4), (1, 2), (1, 3), (3, 1), (4, 1), (2, 3), (2, 4), (4, 2), (3, 4)]"
7484,12,"[(0, 2), (2, 0), (0, 3), (0, 4), (1, 2), (1, 3), (3, 1), (4, 1), (2, 3), (2, 4), (4, 2), (4, 3)]"
7485,12,"[(0, 2), (2, 0), (0, 3), (0, 4), (1, 2), (1, 3), (3, 1), (4, 1), (3, 2), (2, 4), (3, 4), (4, 3)]"
7486,12,"[(0, 2), (2, 0), (0, 3), (0, 4), (1, 2), (1, 3), (3, 1), (4, 1), (3, 2), (4, 2), (3, 4), (4, 3)]"
7487,12,"[(0, 2), (2, 0), (0, 3), (0, 4), (1, 2), (1, 3), (3, 1), (4, 1), (3, 2), (2, 4), (4, 2), (3, 4)]"
7488,12,"[(0, 2), (2, 0), (0, 3), (0, 4), (1, 2), (1, 3), (3, 1), (4, 1), (3, 2), (2, 4), (4, 2), (4, 3)]"
7489,12,"[(0, 2), (2, 0), (0, 3), (0, 4), (1, 2), (1, 3), (3, 1), (4, 1), (2, 3), (3, 2), (2, 4), (3, 4)]"
7490,12,"[(0, 2), (2, 0), (0, 3), (0, 4), (1, 2), (1, 3), (3, 1), (4, 1), (2, 3), (3, 2), (2, 4), (4, 3)]"
7491,12,"[(0, 2), (2, 0), (0, 3), (0, 4), (1, 2), (1, 3), (3, 1), (4, 1), (2, 3), (3, 2), (4, 2), (3, 4)]"
7492,12,"[(0, 2), (2, 0), (0, 3), (0, 4), (1, 2), (1, 3), (3, 1), (4, 1), (2, 3), (3, 2), (4, 2), (4, 3)]"
7493,12,"[(0, 2), (2, 0), (0, 3), (0, 4), (2, 1), (1, 3), (1, 4), (2, 3), (3, 2), (2, 4), (3, 4), (4, 3)]"
7494,12,"[(0, 2), (2, 0), (0, 3), (0, 4), (2, 1), (1, 3), (1, 4), (2, 3), (3, 2), (4, 2), (3, 4), (4, 3)]"
7495,12,"[(0, 2), (2, 0), (0, 3), (0, 4), (2, 1), (1, 3), (1, 4), (2, 3), (3, 2), (2, 4), (4, 2), (3, 4)]"
7496,12,"[(0, 2), (2, 0), (0, 3), (0, 4), (2, 1), (1, 3), (4, 1), (2, 3), (2, 4), (4, 2), (3, 4), (4, 3)]"
7497,12,"[(0, 2), (2, 0), (0, 3), (0, 4), (2, 1), (1, 3), (4, 1), (3, 2), (2, 4), (4, 2), (3, 4), (4, 3)]"
7498,12,"[(0, 2), (2, 0), (0, 3), (0, 4), (2, 1), (1, 3), (4, 1), (2, 3), (3, 2), (2, 4), (3, 4), (4, 3)]"
7499,12,"[(0, 2), (2, 0), (0, 3), (0, 4), (2, 1), (1, 3), (4, 1), (2, 3), (3, 2), (4, 2), (3, 4), (4, 3)]"
7500,12,"[(0, 2), (2, 0), (0, 3), (0, 4), (2, 1), (1, 3), (4, 1), (2, 3), (3, 2), (2, 4), (4, 2), (3, 4)]"
7501,12,"[(0, 2), (2, 0), (0, 3), (0, 4), (2, 1), (1, 3), (4, 1), (2, 3), (3, 2), (2, 4), (4, 2), (4, 3)]"
7502,12,"[(0, 2), (2, 0), (0, 3), (0, 4), (2, 1), (3, 1), (4, 1), (2, 3), (3, 2), (2, 4), (3, 4), (4, 3)]"
7503,12,"[(0, 2), (2, 0), (0, 3), (0, 4), (2, 1), (3, 1), (4, 1), (2, 3), (3, 2), (4, 2), (3, 4), (4, 3)]"
7504,12,"[(0, 2), (2, 0), (0, 3), (0, 4), (2, 1), (3, 1), (4, 1), (2, 3), (3, 2), (2, 4), (4, 2), (3, 4)]"
7505,12,"[(0, 2), (2, 0), (0, 3), (0, 4), (2, 1), (1, 3), (3, 1), (1, 4), (2, 3), (2, 4), (3, 4), (4, 3)]"
7506,12,"[(0, 2), (2, 0), (0, 3), (0, 4), (2, 1), (1, 3), (3, 1), (1, 4), (2, 3), (4, 2), (3, 4), (4, 3)]"
7507,12,"[(0, 2), (2, 0), (0, 3), (0, 4), (2, 1), (1, 3), (3, 1), (1, 4), (2, 3), (2, 4), (4, 2), (3, 4)]"
7508,12,"[(0, 2), (2, 0), (0, 3), (0, 4), (2, 1), (1, 3), (3, 1), (1, 4), (2, 3), (2, 4), (4, 2), (4, 3)]"
7509,12,"[(0, 2), (2, 0), (0, 3), (0, 4), (2, 1), (1, 3), (3, 1), (1, 4), (3, 2), (2, 4), (3, 4), (4, 3)]"
7510,12,"[(0, 2), (2, 0), (0, 3), (0, 4), (2, 1), (1, 3), (3, 1), (1, 4), (3, 2), (4, 2), (3, 4), (4, 3)]"
7511,12,"[(0, 2), (2, 0), (0, 3), (0, 4), (2, 1), (1, 3), (3, 1), (1, 4), (3, 2), (2, 4), (4, 2), (3, 4)]"
7512,12,"[(0, 2), (2, 0), (0, 3), (0, 4), (2, 1), (1, 3), (3, 1), (1, 4), (3, 2), (2, 4), (4, 2), (4, 3)]"
7513,12,"[(0, 2), (2, 0), (0, 3), (0, 4), (2, 1), (1, 3), (3, 1), (1, 4), (2, 3), (3, 2), (2, 4), (3, 4)]"
7514,12,"[(0, 2), (2, 0), (0, 3), (0, 4), (2, 1), (1, 3), (3, 1), (1, 4), (2, 3), (3, 2), (2, 4), (4, 3)]"
7515,12,"[(0, 2), (2, 0), (0, 3), (0, 4), (2, 1), (1, 3), (3, 1), (1, 4), (2, 3), (3, 2), (4, 2), (3, 4)]"
7516,12,"[(0, 2), (2, 0), (0, 3), (0, 4), (2, 1), (1, 3), (3, 1), (1, 4), (2, 3), (3, 2), (4, 2), (4, 3)]"
7517,12,"[(0, 2), (2, 0), (0, 3), (0, 4), (2, 1), (1, 3), (3, 1), (4, 1), (2, 3), (2, 4), (3, 4), (4, 3)]"
7518,12,"[(0, 2), (2, 0), (0, 3), (0, 4), (2, 1), (1, 3), (3, 1), (4, 1), (2, 3), (4, 2), (3, 4), (4, 3)]"
7519,12,"[(0, 2), (2, 0), (0, 3), (0, 4), (2, 1), (1, 3), (3, 1), (4, 1), (2, 3), (2, 4), (4, 2), (3, 4)]"
7520,12,"[(0, 2), (2, 0), (0, 3), (0, 4), (2, 1), (1, 3), (3, 1), (4, 1), (2, 3), (2, 4), (4, 2), (4, 3)]"
7521,12,"[(0, 2), (2, 0), (0, 3), (0, 4), (2, 1), (1, 3), (3, 1), (4, 1), (3, 2), (2, 4), (3, 4), (4, 3)]"
7522,12,"[(0, 2), (2, 0), (0, 3), (0, 4), (2, 1), (1, 3), (3, 1), (4, 1), (3, 2), (4, 2), (3, 4), (4, 3)]"
7523,12,"[(0, 2), (2, 0), (0, 3), (0, 4), (2, 1), (1, 3), (3, 1), (4, 1), (3, 2), (2, 4), (4, 2), (3, 4)]"
7524,12,"[(0, 2), (2, 0), (0, 3), (0, 4), (2, 1), (1, 3), (3, 1), (4, 1), (3, 2), (2, 4), (4, 2), (4, 3)]"
7525,12,"[(0, 2), (2, 0), (0, 3), (0, 4), (2, 1), (1, 3), (3, 1), (4, 1), (2, 3), (3, 2), (2, 4), (3, 4)]"
7526,12,"[(0, 2), (2, 0), (0, 3), (0, 4), (2, 1), (1, 3), (3, 1), (4, 1), (2, 3), (3, 2), (2, 4), (4, 3)]"
7527,12,"[(0, 2), (2, 0), (0, 3), (0, 4), (2, 1), (1, 3), (3, 1), (4, 1), (2, 3), (3, 2), (4, 2), (3, 4)]"
7528,12,"[(0, 2), (2, 0), (0, 3), (0, 4), (2, 1), (1, 3), (3, 1), (4, 1), (2, 3), (3, 2), (4, 2), (4, 3)]"
7529,12,"[(0, 2), (2, 0), (0, 3), (0, 4), (1, 2), (2, 1), (1, 3), (1, 4), (2, 3), (2, 4), (3, 4), (4, 3)]"
7530,12,"[(0, 2), (2, 0), (0, 3), (0, 4), (1, 2), (2, 1), (1, 3), (1, 4), (2, 3), (4, 2), (3, 4), (4, 3)]"
7531,12,"[(0, 2), (2, 0), (0, 3), (0, 4), (1, 2), (2, 1), (1, 3), (1, 4), (3, 2), (4, 2), (3, 4), (4, 3)]"
7532,12,"[(0, 2), (2, 0), (0, 3), (0, 4), (1, 2), (2, 1), (1, 3), (1, 4), (2, 3), (3, 2), (2, 4), (3, 4)]"
7533,12,"[(0, 2), (2, 0), (0, 3), (0, 4), (1, 2), (2, 1), (1, 3), (1, 4), (2, 3), (3, 2), (2, 4), (4, 3)]"
7534,12,"[(0, 2), (2, 0), (0, 3), (0, 4), (1, 2), (2, 1), (1, 3), (1, 4), (2, 3), (3, 2), (4, 2), (3, 4)]"
7535,12,"[(0, 2), (2, 0), (0, 3), (0, 4), (1, 2), (2, 1), (1, 3), (1, 4), (2, 3), (3, 2), (4, 2), (4, 3)]"
7536,12,"[(0, 2), (2, 0), (0, 3), (0, 4), (1, 2), (2, 1), (1, 3), (4, 1), (2, 3), (2, 4), (3, 4), (4, 3)]"
7537,12,"[(0, 2), (2, 0), (0, 3), (0, 4), (1, 2), (2, 1), (1, 3), (4, 1), (2, 3), (4, 2), (3, 4), (4, 3)]"
7538,12,"[(0, 2), (2, 0), (0, 3), (0, 4), (1, 2), (2, 1), (1, 3), (4, 1), (2, 3), (2, 4), (4, 2), (3, 4)]"
7539,12,"[(0, 2), (2, 0), (0, 3), (0, 4), (1, 2), (2, 1), (1, 3), (4, 1), (2, 3), (2, 4), (4, 2), (4, 3)]"
7540,12,"[(0, 2), (2, 0), (0, 3), (0, 4), (1, 2), (2, 1), (1, 3), (4, 1), (3, 2), (2, 4), (3, 4), (4, 3)]"
7541,12,"[(0, 2), (2, 0), (0, 3), (0, 4), (1, 2), (2, 1), (1, 3), (4, 1), (3, 2), (4, 2), (3, 4), (4, 3)]"
7542,12,"[(0, 2), (2, 0), (0, 3), (0, 4), (1, 2), (2, 1), (1, 3), (4, 1), (3, 2), (2, 4), (4, 2), (3, 4)]"
7543,12,"[(0, 2), (2, 0), (0, 3), (0, 4), (1, 2), (2, 1), (1, 3), (4, 1), (3, 2), (2, 4), (4, 2), (4, 3)]"
7544,12,"[(0, 2), (2, 0), (0, 3), (0, 4), (1, 2), (2, 1), (1, 3), (4, 1), (2, 3), (3, 2), (2, 4), (3, 4)]"
7545,12,"[(0, 2), (2, 0), (0, 3), (0, 4), (1, 2), (2, 1), (1, 3), (4, 1), (2, 3), (3, 2), (2, 4), (4, 3)]"
7546,12,"[(0, 2), (2, 0), (0, 3), (0, 4), (1, 2), (2, 1), (1, 3), (4, 1), (2, 3), (3, 2), (4, 2), (3, 4)]"
7547,12,"[(0, 2), (2, 0), (0, 3), (0, 4), (1, 2), (2, 1), (1, 3), (4, 1), (2, 3), (3, 2), (4, 2), (4, 3)]"
7548,12,"[(0, 2), (2, 0), (0, 3), (0, 4), (1, 2), (2, 1), (3, 1), (4, 1), (2, 3), (2, 4), (3, 4), (4, 3)]"
7549,12,"[(0, 2), (2, 0), (0, 3), (0, 4), (1, 2), (2, 1), (3, 1), (4, 1), (2, 3), (4, 2), (3, 4), (4, 3)]"
7550,12,"[(0, 2), (2, 0), (0, 3), (0, 4), (1, 2), (2, 1), (3, 1), (4, 1), (3, 2), (4, 2), (3, 4), (4, 3)]"
7551,12,"[(0, 2), (2, 0), (0, 3), (0, 4), (1, 2), (2, 1), (3, 1), (4, 1), (2, 3), (3, 2), (2, 4), (3, 4)]"
7552,12,"[(0, 2), (2, 0), (0, 3), (0, 4), (1, 2), (2, 1), (3, 1), (4, 1), (2, 3), (3, 2), (2, 4), (4, 3)]"
7553,12,"[(0, 2), (2, 0), (0, 3), (0, 4), (1, 2), (2, 1), (3, 1), (4, 1), (2, 3), (3, 2), (4, 2), (3, 4)]"
7554,12,"[(0, 2), (2, 0), (0, 3), (0, 4), (1, 2), (2, 1), (3, 1), (4, 1), (2, 3), (3, 2), (4, 2), (4, 3)]"
7555,12,"[(0, 2), (2, 0), (0, 3), (4, 0), (1, 2), (1, 3), (1, 4), (2, 3), (2, 4), (4, 2), (3, 4), (4, 3)]"
7556,12,"[(0, 2), (2, 0), (0, 3), (4, 0), (1, 2), (1, 3), (1, 4), (3, 2), (2, 4), (4, 2), (3, 4), (4, 3)]"
7557,12,"[(0, 2), (2, 0), (0, 3), (4, 0), (1, 2), (1, 3), (1, 4), (2, 3), (3, 2), (2, 4), (3, 4), (4, 3)]"
7558,12,"[(0, 2), (2, 0), (0, 3), (4, 0), (1, 2), (1, 3), (1, 4), (2, 3), (3, 2), (4, 2), (3, 4), (4, 3)]"
7559,12,"[(0, 2), (2, 0), (0, 3), (4, 0), (1, 2), (1, 3), (1, 4), (2, 3), (3, 2), (2, 4), (4, 2), (3, 4)]"
7560,12,"[(0, 2), (2, 0), (0, 3), (4, 0), (1, 2), (1, 3), (1, 4), (2, 3), (3, 2), (2, 4), (4, 2), (4, 3)]"
7561,12,"[(0, 2), (2, 0), (0, 3), (4, 0), (1, 2), (1, 3), (4, 1), (2, 3), (2, 4), (4, 2), (3, 4), (4, 3)]"
7562,12,"[(0, 2), (2, 0), (0, 3), (4, 0), (1, 2), (1, 3), (4, 1), (3, 2), (2, 4), (4, 2), (3, 4), (4, 3)]"
7563,12,"[(0, 2), (2, 0), (0, 3), (4, 0), (1, 2), (1, 3), (4, 1), (2, 3), (3, 2), (2, 4), (3, 4), (4, 3)]"
7564,12,"[(0, 2), (2, 0), (0, 3), (4, 0), (1, 2), (1, 3), (4, 1), (2, 3), (3, 2), (4, 2), (3, 4), (4, 3)]"
7565,12,"[(0, 2), (2, 0), (0, 3), (4, 0), (1, 2), (1, 3), (4, 1), (2, 3), (3, 2), (2, 4), (4, 2), (3, 4)]"
7566,12,"[(0, 2), (2, 0), (0, 3), (4, 0), (1, 2), (1, 3), (4, 1), (2, 3), (3, 2), (2, 4), (4, 2), (4, 3)]"
7567,12,"[(0, 2), (2, 0), (0, 3), (4, 0), (1, 2), (3, 1), (1, 4), (2, 3), (2, 4), (4, 2), (3, 4), (4, 3)]"
7568,12,"[(0, 2), (2, 0), (0, 3), (4, 0), (1, 2), (3, 1), (1, 4), (3, 2), (2, 4), (4, 2), (3, 4), (4, 3)]"
7569,12,"[(0, 2), (2, 0), (0, 3), (4, 0), (1, 2), (3, 1), (1, 4), (2, 3), (3, 2), (2, 4), (3, 4), (4, 3)]"
7570,12,"[(0, 2), (2, 0), (0, 3), (4, 0), (1, 2), (3, 1), (1, 4), (2, 3), (3, 2), (4, 2), (3, 4), (4, 3)]"
7571,12,"[(0, 2), (2, 0), (0, 3), (4, 0), (1, 2), (3, 1), (1, 4), (2, 3), (3, 2), (2, 4), (4, 2), (3, 4)]"
7572,12,"[(0, 2), (2, 0), (0, 3), (4, 0), (1, 2), (3, 1), (1, 4), (2, 3), (3, 2), (2, 4), (4, 2), (4, 3)]"
7573,12,"[(0, 2), (2, 0), (0, 3), (4, 0), (1, 2), (3, 1), (4, 1), (2, 3), (2, 4), (4, 2), (3, 4), (4, 3)]"
7574,12,"[(0, 2), (2, 0), (0, 3), (4, 0), (1, 2), (3, 1), (4, 1), (3, 2), (2, 4), (4, 2), (3, 4), (4, 3)]"
7575,12,"[(0, 2), (2, 0), (0, 3), (4, 0), (1, 2), (3, 1), (4, 1), (2, 3), (3, 2), (2, 4), (3, 4), (4, 3)]"
7576,12,"[(0, 2), (2, 0), (0, 3), (4, 0), (1, 2), (3, 1), (4, 1), (2, 3), (3, 2), (4, 2), (3, 4), (4, 3)]"
7577,12,"[(0, 2), (2, 0), (0, 3), (4, 0), (1, 2), (3, 1), (4, 1), (2, 3), (3, 2), (2, 4), (4, 2), (3, 4)]"
7578,12,"[(0, 2), (2, 0), (0, 3), (4, 0), (1, 2), (3, 1), (4, 1), (2, 3), (3, 2), (2, 4), (4, 2), (4, 3)]"
7579,12,"[(0, 2), (2, 0), (0, 3), (4, 0), (1, 2), (3, 1), (1, 4), (4, 1), (2, 3), (2, 4), (3, 4), (4, 3)]"
7580,12,"[(0, 2), (2, 0), (0, 3), (4, 0), (1, 2), (3, 1), (1, 4), (4, 1), (2, 3), (4, 2), (3, 4), (4, 3)]"
7581,12,"[(0, 2), (2, 0), (0, 3), (4, 0), (1, 2), (3, 1), (1, 4), (4, 1), (2, 3), (2, 4), (4, 2), (3, 4)]"
7582,12,"[(0, 2), (2, 0), (0, 3), (4, 0), (1, 2), (3, 1), (1, 4), (4, 1), (2, 3), (2, 4), (4, 2), (4, 3)]"
7583,12,"[(0, 2), (2, 0), (0, 3), (4, 0), (1, 2), (3, 1), (1, 4), (4, 1), (3, 2), (2, 4), (3, 4), (4, 3)]"
7584,12,"[(0, 2), (2, 0), (0, 3), (4, 0), (1, 2), (3, 1), (1, 4), (4, 1), (3, 2), (4, 2), (3, 4), (4, 3)]"
7585,12,"[(0, 2), (2, 0), (0, 3), (4, 0), (1, 2), (3, 1), (1, 4), (4, 1), (3, 2), (2, 4), (4, 2), (3, 4)]"
7586,12,"[(0, 2), (2, 0), (0, 3), (4, 0), (1, 2), (3, 1), (1, 4), (4, 1), (3, 2), (2, 4), (4, 2), (4, 3)]"
7587,12,"[(0, 2), (2, 0), (0, 3), (4, 0), (1, 2), (3, 1), (1, 4), (4, 1), (2, 3), (3, 2), (2, 4), (3, 4)]"
7588,12,"[(0, 2), (2, 0), (0, 3), (4, 0), (1, 2), (3, 1), (1, 4), (4, 1), (2, 3), (3, 2), (2, 4), (4, 3)]"
7589,12,"[(0, 2), (2, 0), (0, 3), (4, 0), (1, 2), (3, 1), (1, 4), (4, 1), (2, 3), (3, 2), (4, 2), (3, 4)]"
7590,12,"[(0, 2), (2, 0), (0, 3), (4, 0), (1, 2), (3, 1), (1, 4), (4, 1), (2, 3), (3, 2), (4, 2), (4, 3)]"
7591,12,"[(0, 2), (2, 0), (0, 3), (4, 0), (1, 2), (1, 3), (3, 1), (4, 1), (2, 3), (2, 4), (3, 4), (4, 3)]"
7592,12,"[(0, 2), (2, 0), (0, 3), (4, 0), (1, 2), (1, 3), (3, 1), (4, 1), (2, 3), (4, 2), (3, 4), (4, 3)]"
7593,12,"[(0, 2), (2, 0), (0, 3), (4, 0), (1, 2), (1, 3), (3, 1), (4, 1), (2, 3), (2, 4), (4, 2), (3, 4)]"
7594,12,"[(0, 2), (2, 0), (0, 3), (4, 0), (1, 2), (1, 3), (3, 1), (4, 1), (2, 3), (2, 4), (4, 2), (4, 3)]"
7595,12,"[(0, 2), (2, 0), (0, 3), (4, 0), (1, 2), (1, 3), (3, 1), (4, 1), (2, 3), (3, 2), (2, 4), (3, 4)]"
7596,12,"[(0, 2), (2, 0), (0, 3), (4, 0), (1, 2), (1, 3), (3, 1), (4, 1), (2, 3), (3, 2), (2, 4), (4, 3)]"
7597,12,"[(0, 2), (2, 0), (0, 3), (4, 0), (1, 2), (1, 3), (3, 1), (4, 1), (2, 3), (3, 2), (4, 2), (4, 3)]"
7598,12,"[(0, 2), (2, 0), (0, 3), (4, 0), (2, 1), (1, 3), (1, 4), (2, 3), (2, 4), (4, 2), (3, 4), (4, 3)]"
7599,12,"[(0, 2), (2, 0), (0, 3), (4, 0), (2, 1), (1, 3), (1, 4), (3, 2), (2, 4), (4, 2), (3, 4), (4, 3)]"
7600,12,"[(0, 2), (2, 0), (0, 3), (4, 0), (2, 1), (1, 3), (1, 4), (2, 3), (3, 2), (2, 4), (3, 4), (4, 3)]"
7601,12,"[(0, 2), (2, 0), (0, 3), (4, 0), (2, 1), (1, 3), (1, 4), (2, 3), (3, 2), (4, 2), (3, 4), (4, 3)]"
7602,12,"[(0, 2), (2, 0), (0, 3), (4, 0), (2, 1), (1, 3), (1, 4), (2, 3), (3, 2), (2, 4), (4, 2), (3, 4)]"
7603,12,"[(0, 2), (2, 0), (0, 3), (4, 0), (2, 1), (1, 3), (1, 4), (2, 3), (3, 2), (2, 4), (4, 2), (4, 3)]"
7604,12,"[(0, 2), (2, 0), (0, 3), (4, 0), (2, 1), (1, 3), (4, 1), (2, 3), (2, 4), (4, 2), (3, 4), (4, 3)]"
7605,12,"[(0, 2), (2, 0), (0, 3), (4, 0), (2, 1), (1, 3), (4, 1), (3, 2), (2, 4), (4, 2), (3, 4), (4, 3)]"
7606,12,"[(0, 2), (2, 0), (0, 3), (4, 0), (2, 1), (1, 3), (4, 1), (2, 3), (3, 2), (2, 4), (3, 4), (4, 3)]"
7607,12,"[(0, 2), (2, 0), (0, 3), (4, 0), (2, 1), (1, 3), (4, 1), (2, 3), (3, 2), (4, 2), (3, 4), (4, 3)]"
7608,12,"[(0, 2), (2, 0), (0, 3), (4, 0), (2, 1), (1, 3), (4, 1), (2, 3), (3, 2), (2, 4), (4, 2), (3, 4)]"
7609,12,"[(0, 2), (2, 0), (0, 3), (4, 0), (2, 1), (1, 3), (4, 1), (2, 3), (3, 2), (2, 4), (4, 2), (4, 3)]"
7610,12,"[(0, 2), (2, 0), (0, 3), (4, 0), (2, 1), (1, 3), (1, 4), (4, 1), (2, 3), (2, 4), (4, 2), (3, 4)]"
7611,12,"[(0, 2), (2, 0), (0, 3), (4, 0), (2, 1), (1, 3), (1, 4), (4, 1), (2, 3), (2, 4), (4, 2), (4, 3)]"
7612,12,"[(0, 2), (2, 0), (0, 3), (4, 0), (2, 1), (1, 3), (1, 4), (4, 1), (3, 2), (2, 4), (4, 2), (3, 4)]"
7613,12,"[(0, 2), (2, 0), (0, 3), (4, 0), (2, 1), (1, 3), (1, 4), (4, 1), (2, 3), (3, 2), (2, 4), (3, 4)]"
7614,12,"[(0, 2), (2, 0), (0, 3), (4, 0), (2, 1), (1, 3), (1, 4), (4, 1), (2, 3), (3, 2), (2, 4), (4, 3)]"
7615,12,"[(0, 2), (2, 0), (0, 3), (4, 0), (2, 1), (1, 3), (1, 4), (4, 1), (2, 3), (3, 2), (4, 2), (3, 4)]"
7616,12,"[(0, 2), (2, 0), (0, 3), (4, 0), (2, 1), (1, 3), (1, 4), (4, 1), (2, 3), (3, 2), (4, 2), (4, 3)]"
7617,12,"[(0, 2), (2, 0), (0, 3), (4, 0), (2, 1), (3, 1), (1, 4), (2, 3), (2, 4), (4, 2), (3, 4), (4, 3)]"
7618,12,"[(0, 2), (2, 0), (0, 3), (4, 0), (2, 1), (3, 1), (1, 4), (3, 2), (2, 4), (4, 2), (3, 4), (4, 3)]"
7619,12,"[(0, 2), (2, 0), (0, 3), (4, 0), (2, 1), (3, 1), (1, 4), (2, 3), (3, 2), (2, 4), (3, 4), (4, 3)]"
7620,12,"[(0, 2), (2, 0), (0, 3), (4, 0), (2, 1), (3, 1), (1, 4), (2, 3), (3, 2), (4, 2), (3, 4), (4, 3)]"
7621,12,"[(0, 2), (2, 0), (0, 3), (4, 0), (2, 1), (3, 1), (1, 4), (2, 3), (3, 2), (2, 4), (4, 2), (3, 4)]"
7622,12,"[(0, 2), (2, 0), (0, 3), (4, 0), (2, 1), (3, 1), (1, 4), (2, 3), (3, 2), (2, 4), (4, 2), (4, 3)]"
7623,12,"[(0, 2), (2, 0), (0, 3), (4, 0), (2, 1), (3, 1), (4, 1), (2, 3), (2, 4), (4, 2), (3, 4), (4, 3)]"
7624,12,"[(0, 2), (2, 0), (0, 3), (4, 0), (2, 1), (3, 1), (4, 1), (3, 2), (2, 4), (4, 2), (3, 4), (4, 3)]"
7625,12,"[(0, 2), (2, 0), (0, 3), (4, 0), (2, 1), (3, 1), (4, 1), (2, 3), (3, 2), (2, 4), (3, 4), (4, 3)]"
7626,12,"[(0, 2), (2, 0), (0, 3), (4, 0), (2, 1), (3, 1), (4, 1), (2, 3), (3, 2), (4, 2), (3, 4), (4, 3)]"
7627,12,"[(0, 2), (2, 0), (0, 3), (4, 0), (2, 1), (3, 1), (4, 1), (2, 3), (3, 2), (2, 4), (4, 2), (3, 4)]"
7628,12,"[(0, 2), (2, 0), (0, 3), (4, 0), (2, 1), (3, 1), (4, 1), (2, 3), (3, 2), (2, 4), (4, 2), (4, 3)]"
7629,12,"[(0, 2), (2, 0), (0, 3), (4, 0), (2, 1), (3, 1), (1, 4), (4, 1), (2, 3), (2, 4), (3, 4), (4, 3)]"
7630,12,"[(0, 2), (2, 0), (0, 3), (4, 0), (2, 1), (3, 1), (1, 4), (4, 1), (2, 3), (4, 2), (3, 4), (4, 3)]"
7631,12,"[(0, 2), (2, 0), (0, 3), (4, 0), (2, 1), (3, 1), (1, 4), (4, 1), (2, 3), (2, 4), (4, 2), (3, 4)]"
7632,12,"[(0, 2), (2, 0), (0, 3), (4, 0), (2, 1), (3, 1), (1, 4), (4, 1), (2, 3), (2, 4), (4, 2), (4, 3)]"
7633,12,"[(0, 2), (2, 0), (0, 3), (4, 0), (2, 1), (3, 1), (1, 4), (4, 1), (3, 2), (2, 4), (3, 4), (4, 3)]"
7634,12,"[(0, 2), (2, 0), (0, 3), (4, 0), (2, 1), (3, 1), (1, 4), (4, 1), (3, 2), (4, 2), (3, 4), (4, 3)]"
7635,12,"[(0, 2), (2, 0), (0, 3), (4, 0), (2, 1), (3, 1), (1, 4), (4, 1), (3, 2), (2, 4), (4, 2), (3, 4)]"
7636,12,"[(0, 2), (2, 0), (0, 3), (4, 0), (2, 1), (3, 1), (1, 4), (4, 1), (3, 2), (2, 4), (4, 2), (4, 3)]"
7637,12,"[(0, 2), (2, 0), (0, 3), (4, 0), (2, 1), (3, 1), (1, 4), (4, 1), (2, 3), (3, 2), (2, 4), (3, 4)]"
7638,12,"[(0, 2), (2, 0), (0, 3), (4, 0), (2, 1), (3, 1), (1, 4), (4, 1), (2, 3), (3, 2), (2, 4), (4, 3)]"
7639,12,"[(0, 2), (2, 0), (0, 3), (4, 0), (2, 1), (3, 1), (1, 4), (4, 1), (2, 3), (3, 2), (4, 2), (3, 4)]"
7640,12,"[(0, 2), (2, 0), (0, 3), (4, 0), (2, 1), (3, 1), (1, 4), (4, 1), (2, 3), (3, 2), (4, 2), (4, 3)]"
7641,12,"[(0, 2), (2, 0), (0, 3), (4, 0), (2, 1), (1, 3), (3, 1), (4, 1), (2, 3), (2, 4), (3, 4), (4, 3)]"
7642,12,"[(0, 2), (2, 0), (0, 3), (4, 0), (2, 1), (1, 3), (3, 1), (4, 1), (2, 3), (4, 2), (3, 4), (4, 3)]"
7643,12,"[(0, 2), (2, 0), (0, 3), (4, 0), (2, 1), (1, 3), (3, 1), (4, 1), (2, 3), (2, 4), (4, 2), (3, 4)]"
7644,12,"[(0, 2), (2, 0), (0, 3), (4, 0), (2, 1), (1, 3), (3, 1), (4, 1), (2, 3), (2, 4), (4, 2), (4, 3)]"
7645,12,"[(0, 2), (2, 0), (0, 3), (4, 0), (2, 1), (1, 3), (3, 1), (4, 1), (3, 2), (2, 4), (3, 4), (4, 3)]"
7646,12,"[(0, 2), (2, 0), (0, 3), (4, 0), (2, 1), (1, 3), (3, 1), (4, 1), (3, 2), (4, 2), (3, 4), (4, 3)]"
7647,12,"[(0, 2), (2, 0), (0, 3), (4, 0), (2, 1), (1, 3), (3, 1), (4, 1), (3, 2), (2, 4), (4, 2), (3, 4)]"
7648,12,"[(0, 2), (2, 0), (0, 3), (4, 0), (2, 1), (1, 3), (3, 1), (4, 1), (3, 2), (2, 4), (4, 2), (4, 3)]"
7649,12,"[(0, 2), (2, 0), (0, 3), (4, 0), (2, 1), (1, 3), (3, 1), (4, 1), (2, 3), (3, 2), (2, 4), (3, 4)]"
7650,12,"[(0, 2), (2, 0), (0, 3), (4, 0), (2, 1), (1, 3), (3, 1), (4, 1), (2, 3), (3, 2), (2, 4), (4, 3)]"
7651,12,"[(0, 2), (2, 0), (0, 3), (4, 0), (2, 1), (1, 3), (3, 1), (4, 1), (2, 3), (3, 2), (4, 2), (3, 4)]"
7652,12,"[(0, 2), (2, 0), (0, 3), (4, 0), (2, 1), (1, 3), (3, 1), (4, 1), (2, 3), (3, 2), (4, 2), (4, 3)]"
7653,12,"[(0, 2), (2, 0), (0, 3), (4, 0), (1, 2), (2, 1), (1, 3), (4, 1), (2, 3), (2, 4), (3, 4), (4, 3)]"
7654,12,"[(0, 2), (2, 0), (0, 3), (4, 0), (1, 2), (2, 1), (1, 3), (4, 1), (2, 3), (4, 2), (3, 4), (4, 3)]"
7655,12,"[(0, 2), (2, 0), (0, 3), (4, 0), (1, 2), (2, 1), (1, 3), (4, 1), (2, 3), (2, 4), (4, 2), (3, 4)]"
7656,12,"[(0, 2), (2, 0), (0, 3), (4, 0), (1, 2), (2, 1), (1, 3), (4, 1), (2, 3), (2, 4), (4, 2), (4, 3)]"
7657,12,"[(0, 2), (2, 0), (0, 3), (4, 0), (1, 2), (2, 1), (1, 3), (4, 1), (3, 2), (2, 4), (3, 4), (4, 3)]"
7658,12,"[(0, 2), (2, 0), (0, 3), (4, 0), (1, 2), (2, 1), (1, 3), (4, 1), (3, 2), (4, 2), (3, 4), (4, 3)]"
7659,12,"[(0, 2), (2, 0), (0, 3), (4, 0), (1, 2), (2, 1), (1, 3), (4, 1), (3, 2), (2, 4), (4, 2), (3, 4)]"
7660,12,"[(0, 2), (2, 0), (0, 3), (4, 0), (1, 2), (2, 1), (1, 3), (4, 1), (3, 2), (2, 4), (4, 2), (4, 3)]"
7661,12,"[(0, 2), (2, 0), (0, 3), (4, 0), (1, 2), (2, 1), (1, 3), (4, 1), (2, 3), (3, 2), (2, 4), (3, 4)]"
7662,12,"[(0, 2), (2, 0), (0, 3), (4, 0), (1, 2), (2, 1), (1, 3), (4, 1), (2, 3), (3, 2), (2, 4), (4, 3)]"
7663,12,"[(0, 2), (2, 0), (0, 3), (4, 0), (1, 2), (2, 1), (1, 3), (4, 1), (2, 3), (3, 2), (4, 2), (3, 4)]"
7664,12,"[(0, 2), (2, 0), (0, 3), (4, 0), (1, 2), (2, 1), (1, 3), (4, 1), (2, 3), (3, 2), (4, 2), (4, 3)]"
7665,12,"[(0, 2), (2, 0), (0, 3), (4, 0), (1, 2), (2, 1), (3, 1), (1, 4), (2, 3), (2, 4), (3, 4), (4, 3)]"
7666,12,"[(0, 2), (2, 0), (0, 3), (4, 0), (1, 2), (2, 1), (3, 1), (1, 4), (2, 3), (4, 2), (3, 4), (4, 3)]"
7667,12,"[(0, 2), (2, 0), (0, 3), (4, 0), (1, 2), (2, 1), (3, 1), (1, 4), (3, 2), (4, 2), (3, 4), (4, 3)]"
7668,12,"[(0, 2), (2, 0), (0, 3), (4, 0), (1, 2), (2, 1), (3, 1), (1, 4), (2, 3), (3, 2), (2, 4), (3, 4)]"
7669,12,"[(0, 2), (2, 0), (0, 3), (4, 0), (1, 2), (2, 1), (3, 1), (1, 4), (2, 3), (3, 2), (2, 4), (4, 3)]"
7670,12,"[(0, 2), (2, 0), (0, 3), (4, 0), (1, 2), (2, 1), (3, 1), (1, 4), (2, 3), (3, 2), (4, 2), (3, 4)]"
7671,12,"[(0, 2), (2, 0), (0, 3), (4, 0), (1, 2), (2, 1), (3, 1), (1, 4), (2, 3), (3, 2), (4, 2), (4, 3)]"
7672,12,"[(0, 2), (2, 0), (0, 3), (4, 0), (1, 2), (2, 1), (3, 1), (4, 1), (2, 3), (2, 4), (3, 4), (4, 3)]"
7673,12,"[(0, 2), (2, 0), (0, 3), (4, 0), (1, 2), (2, 1), (3, 1), (4, 1), (2, 3), (4, 2), (3, 4), (4, 3)]"
7674,12,"[(0, 2), (2, 0), (0, 3), (4, 0), (1, 2), (2, 1), (3, 1), (4, 1), (2, 3), (2, 4), (4, 2), (3, 4)]"
7675,12,"[(0, 2), (2, 0), (0, 3), (4, 0), (1, 2), (2, 1), (3, 1), (4, 1), (2, 3), (2, 4), (4, 2), (4, 3)]"
7676,12,"[(0, 2), (2, 0), (0, 3), (4, 0), (1, 2), (2, 1), (3, 1), (4, 1), (3, 2), (2, 4), (3, 4), (4, 3)]"
7677,12,"[(0, 2), (2, 0), (0, 3), (4, 0), (1, 2), (2, 1), (3, 1), (4, 1), (3, 2), (4, 2), (3, 4), (4, 3)]"
7678,12,"[(0, 2), (2, 0), (0, 3), (4, 0), (1, 2), (2, 1), (3, 1), (4, 1), (3, 2), (2, 4), (4, 2), (3, 4)]"
7679,12,"[(0, 2), (2, 0), (0, 3), (4, 0), (1, 2), (2, 1), (3, 1), (4, 1), (3, 2), (2, 4), (4, 2), (4, 3)]"
7680,12,"[(0, 2), (2, 0), (0, 3), (4, 0), (1, 2), (2, 1), (3, 1), (4, 1), (2, 3), (3, 2), (2, 4), (3, 4)]"
7681,12,"[(0, 2), (2, 0), (0, 3), (4, 0), (1, 2), (2, 1), (3, 1), (4, 1), (2, 3), (3, 2), (2, 4), (4, 3)]"
7682,12,"[(0, 2), (2, 0), (0, 3), (4, 0), (1, 2), (2, 1), (3, 1), (4, 1), (2, 3), (3, 2), (4, 2), (3, 4)]"
7683,12,"[(0, 2), (2, 0), (0, 3), (4, 0), (1, 2), (2, 1), (3, 1), (4, 1), (2, 3), (3, 2), (4, 2), (4, 3)]"
7684,12,"[(0, 2), (2, 0), (3, 0), (4, 0), (1, 2), (1, 3), (1, 4), (2, 3), (3, 2), (2, 4), (3, 4), (4, 3)]"
7685,12,"[(0, 2), (2, 0), (3, 0), (4, 0), (1, 2), (1, 3), (1, 4), (2, 3), (3, 2), (4, 2), (3, 4), (4, 3)]"
7686,12,"[(0, 2), (2, 0), (3, 0), (4, 0), (1, 2), (1, 3), (1, 4), (2, 3), (3, 2), (2, 4), (4, 2), (3, 4)]"
7687,12,"[(0, 2), (2, 0), (3, 0), (4, 0), (1, 2), (1, 3), (4, 1), (2, 3), (2, 4), (4, 2), (3, 4), (4, 3)]"
7688,12,"[(0, 2), (2, 0), (3, 0), (4, 0), (1, 2), (1, 3), (4, 1), (3, 2), (2, 4), (4, 2), (3, 4), (4, 3)]"
7689,12,"[(0, 2), (2, 0), (3, 0), (4, 0), (1, 2), (1, 3), (4, 1), (2, 3), (3, 2), (2, 4), (3, 4), (4, 3)]"
7690,12,"[(0, 2), (2, 0), (3, 0), (4, 0), (1, 2), (1, 3), (4, 1), (2, 3), (3, 2), (4, 2), (3, 4), (4, 3)]"
7691,12,"[(0, 2), (2, 0), (3, 0), (4, 0), (1, 2), (1, 3), (4, 1), (2, 3), (3, 2), (2, 4), (4, 2), (3, 4)]"
7692,12,"[(0, 2), (2, 0), (3, 0), (4, 0), (1, 2), (1, 3), (4, 1), (2, 3), (3, 2), (2, 4), (4, 2), (4, 3)]"
7693,12,"[(0, 2), (2, 0), (3, 0), (4, 0), (1, 2), (3, 1), (4, 1), (2, 3), (3, 2), (2, 4), (3, 4), (4, 3)]"
7694,12,"[(0, 2), (2, 0), (3, 0), (4, 0), (1, 2), (3, 1), (4, 1), (2, 3), (3, 2), (4, 2), (3, 4), (4, 3)]"
7695,12,"[(0, 2), (2, 0), (3, 0), (4, 0), (1, 2), (3, 1), (4, 1), (2, 3), (3, 2), (2, 4), (4, 2), (3, 4)]"
7696,12,"[(0, 2), (2, 0), (3, 0), (4, 0), (2, 1), (1, 3), (1, 4), (2, 3), (3, 2), (2, 4), (3, 4), (4, 3)]"
7697,12,"[(0, 2), (2, 0), (3, 0), (4, 0), (2, 1), (1, 3), (1, 4), (2, 3), (3, 2), (4, 2), (3, 4), (4, 3)]"
7698,12,"[(0, 2), (2, 0), (3, 0), (4, 0), (2, 1), (1, 3), (1, 4), (2, 3), (3, 2), (2, 4), (4, 2), (3, 4)]"
7699,12,"[(0, 2), (2, 0), (3, 0), (4, 0), (2, 1), (1, 3), (4, 1), (2, 3), (2, 4), (4, 2), (3, 4), (4, 3)]"
7700,12,"[(0, 2), (2, 0), (3, 0), (4, 0), (2, 1), (1, 3), (4, 1), (3, 2), (2, 4), (4, 2), (3, 4), (4, 3)]"
7701,12,"[(0, 2), (2, 0), (3, 0), (4, 0), (2, 1), (1, 3), (4, 1), (2, 3), (3, 2), (2, 4), (3, 4), (4, 3)]"
7702,12,"[(0, 2), (2, 0), (3, 0), (4, 0), (2, 1), (1, 3), (4, 1), (2, 3), (3, 2), (4, 2), (3, 4), (4, 3)]"
7703,12,"[(0, 2), (2, 0), (3, 0), (4, 0), (2, 1), (1, 3), (4, 1), (2, 3), (3, 2), (2, 4), (4, 2), (3, 4)]"
7704,12,"[(0, 2), (2, 0), (3, 0), (4, 0), (2, 1), (1, 3), (4, 1), (2, 3), (3, 2), (2, 4), (4, 2), (4, 3)]"
7705,12,"[(0, 2), (2, 0), (3, 0), (4, 0), (2, 1), (3, 1), (4, 1), (2, 3), (3, 2), (2, 4), (3, 4), (4, 3)]"
7706,12,"[(0, 2), (2, 0), (3, 0), (4, 0), (2, 1), (3, 1), (4, 1), (2, 3), (3, 2), (4, 2), (3, 4), (4, 3)]"
7707,12,"[(0, 2), (2, 0), (3, 0), (4, 0), (2, 1), (3, 1), (4, 1), (2, 3), (3, 2), (2, 4), (4, 2), (3, 4)]"
7708,12,"[(0, 2), (2, 0), (3, 0), (4, 0), (2, 1), (1, 3), (3, 1), (4, 1), (2, 3), (2, 4), (3, 4), (4, 3)]"
7709,12,"[(0, 2), (2, 0), (3, 0), (4, 0), (2, 1), (1, 3), (3, 1), (4, 1), (2, 3), (4, 2), (3, 4), (4, 3)]"
7710,12,"[(0, 2), (2, 0), (3, 0), (4, 0), (2, 1), (1, 3), (3, 1), (4, 1), (2, 3), (2, 4), (4, 2), (3, 4)]"
7711,12,"[(0, 2), (2, 0), (3, 0), (4, 0), (2, 1), (1, 3), (3, 1), (4, 1), (2, 3), (2, 4), (4, 2), (4, 3)]"
7712,12,"[(0, 2), (2, 0), (3, 0), (4, 0), (2, 1), (1, 3), (3, 1), (4, 1), (2, 3), (3, 2), (2, 4), (3, 4)]"
7713,12,"[(0, 2), (2, 0), (3, 0), (4, 0), (2, 1), (1, 3), (3, 1), (4, 1), (2, 3), (3, 2), (2, 4), (4, 3)]"
7714,12,"[(0, 2), (2, 0), (3, 0), (4, 0), (2, 1), (1, 3), (3, 1), (4, 1), (2, 3), (3, 2), (4, 2), (4, 3)]"
7715,12,"[(0, 2), (2, 0), (3, 0), (4, 0), (1, 2), (2, 1), (3, 1), (4, 1), (2, 3), (2, 4), (3, 4), (4, 3)]"
7716,12,"[(0, 2), (2, 0), (3, 0), (4, 0), (1, 2), (2, 1), (3, 1), (4, 1), (2, 3), (4, 2), (3, 4), (4, 3)]"
7717,12,"[(0, 2), (2, 0), (3, 0), (4, 0), (1, 2), (2, 1), (3, 1), (4, 1), (3, 2), (4, 2), (3, 4), (4, 3)]"
7718,12,"[(0, 2), (2, 0), (3, 0), (4, 0), (1, 2), (2, 1), (3, 1), (4, 1), (2, 3), (3, 2), (2, 4), (3, 4)]"
7719,12,"[(0, 2), (2, 0), (3, 0), (4, 0), (1, 2), (2, 1), (3, 1), (4, 1), (2, 3), (3, 2), (2, 4), (4, 3)]"
7720,12,"[(0, 2), (2, 0), (3, 0), (4, 0), (1, 2), (2, 1), (3, 1), (4, 1), (2, 3), (3, 2), (4, 2), (3, 4)]"
7721,12,"[(0, 2), (2, 0), (3, 0), (4, 0), (1, 2), (2, 1), (3, 1), (4, 1), (2, 3), (3, 2), (4, 2), (4, 3)]"
7722,12,"[(0, 2), (2, 0), (0, 3), (3, 0), (0, 4), (1, 2), (1, 3), (1, 4), (2, 3), (2, 4), (3, 4), (4, 3)]"
7723,12,"[(0, 2), (2, 0), (0, 3), (3, 0), (0, 4), (1, 2), (1, 3), (1, 4), (2, 3), (4, 2), (3, 4), (4, 3)]"
7724,12,"[(0, 2), (2, 0), (0, 3), (3, 0), (0, 4), (1, 2), (1, 3), (1, 4), (2, 3), (2, 4), (4, 2), (3, 4)]"
7725,12,"[(0, 2), (2, 0), (0, 3), (3, 0), (0, 4), (1, 2), (1, 3), (1, 4), (2, 3), (2, 4), (4, 2), (4, 3)]"
7726,12,"[(0, 2), (2, 0), (0, 3), (3, 0), (0, 4), (1, 2), (1, 3), (1, 4), (2, 3), (3, 2), (2, 4), (3, 4)]"
7727,12,"[(0, 2), (2, 0), (0, 3), (3, 0), (0, 4), (1, 2), (1, 3), (1, 4), (2, 3), (3, 2), (2, 4), (4, 3)]"
7728,12,"[(0, 2), (2, 0), (0, 3), (3, 0), (0, 4), (1, 2), (1, 3), (1, 4), (2, 3), (3, 2), (4, 2), (4, 3)]"
7729,12,"[(0, 2), (2, 0), (0, 3), (3, 0), (0, 4), (1, 2), (1, 3), (4, 1), (2, 3), (2, 4), (3, 4), (4, 3)]"
7730,12,"[(0, 2), (2, 0), (0, 3), (3, 0), (0, 4), (1, 2), (1, 3), (4, 1), (2, 3), (4, 2), (3, 4), (4, 3)]"
7731,12,"[(0, 2), (2, 0), (0, 3), (3, 0), (0, 4), (1, 2), (1, 3), (4, 1), (2, 3), (2, 4), (4, 2), (3, 4)]"
7732,12,"[(0, 2), (2, 0), (0, 3), (3, 0), (0, 4), (1, 2), (1, 3), (4, 1), (2, 3), (2, 4), (4, 2), (4, 3)]"
7733,12,"[(0, 2), (2, 0), (0, 3), (3, 0), (0, 4), (1, 2), (1, 3), (4, 1), (2, 3), (3, 2), (2, 4), (3, 4)]"
7734,12,"[(0, 2), (2, 0), (0, 3), (3, 0), (0, 4), (1, 2), (1, 3), (4, 1), (2, 3), (3, 2), (2, 4), (4, 3)]"
7735,12,"[(0, 2), (2, 0), (0, 3), (3, 0), (0, 4), (1, 2), (1, 3), (4, 1), (2, 3), (3, 2), (4, 2), (4, 3)]"
7736,12,"[(0, 2), (2, 0), (0, 3), (3, 0), (0, 4), (1, 2), (1, 3), (1, 4), (4, 1), (2, 3), (2, 4), (3, 4)]"
7737,12,"[(0, 2), (2, 0), (0, 3), (3, 0), (0, 4), (1, 2), (1, 3), (1, 4), (4, 1), (2, 3), (2, 4), (4, 3)]"
7738,12,"[(0, 2), (2, 0), (0, 3), (3, 0), (0, 4), (1, 2), (1, 3), (1, 4), (4, 1), (2, 3), (4, 2), (3, 4)]"
7739,12,"[(0, 2), (2, 0), (0, 3), (3, 0), (0, 4), (1, 2), (1, 3), (1, 4), (4, 1), (2, 3), (4, 2), (4, 3)]"
7740,12,"[(0, 2), (2, 0), (0, 3), (3, 0), (0, 4), (1, 2), (3, 1), (1, 4), (2, 3), (2, 4), (3, 4), (4, 3)]"
7741,12,"[(0, 2), (2, 0), (0, 3), (3, 0), (0, 4), (1, 2), (3, 1), (1, 4), (2, 3), (4, 2), (3, 4), (4, 3)]"
7742,12,"[(0, 2), (2, 0), (0, 3), (3, 0), (0, 4), (1, 2), (3, 1), (1, 4), (2, 3), (2, 4), (4, 2), (3, 4)]"
7743,12,"[(0, 2), (2, 0), (0, 3), (3, 0), (0, 4), (1, 2), (3, 1), (1, 4), (2, 3), (2, 4), (4, 2), (4, 3)]"
7744,12,"[(0, 2), (2, 0), (0, 3), (3, 0), (0, 4), (1, 2), (3, 1), (1, 4), (3, 2), (2, 4), (3, 4), (4, 3)]"
7745,12,"[(0, 2), (2, 0), (0, 3), (3, 0), (0, 4), (1, 2), (3, 1), (1, 4), (3, 2), (4, 2), (3, 4), (4, 3)]"
7746,12,"[(0, 2), (2, 0), (0, 3), (3, 0), (0, 4), (1, 2), (3, 1), (1, 4), (3, 2), (2, 4), (4, 2), (3, 4)]"
7747,12,"[(0, 2), (2, 0), (0, 3), (3, 0), (0, 4), (1, 2), (3, 1), (1, 4), (3, 2), (2, 4), (4, 2), (4, 3)]"
7748,12,"[(0, 2), (2, 0), (0, 3), (3, 0), (0, 4), (1, 2), (3, 1), (1, 4), (2, 3), (3, 2), (2, 4), (3, 4)]"
7749,12,"[(0, 2), (2, 0), (0, 3), (3, 0), (0, 4), (1, 2), (3, 1), (1, 4), (2, 3), (3, 2), (2, 4), (4, 3)]"
7750,12,"[(0, 2), (2, 0), (0, 3), (3, 0), (0, 4), (1, 2), (3, 1), (1, 4), (2, 3), (3, 2), (4, 2), (3, 4)]"
7751,12,"[(0, 2), (2, 0), (0, 3), (3, 0), (0, 4), (1, 2), (3, 1), (1, 4), (2, 3), (3, 2), (4, 2), (4, 3)]"
7752,12,"[(0, 2), (2, 0), (0, 3), (3, 0), (0, 4), (1, 2), (3, 1), (4, 1), (2, 3), (2, 4), (3, 4), (4, 3)]"
7753,12,"[(0, 2), (2, 0), (0, 3), (3, 0), (0, 4), (1, 2), (3, 1), (4, 1), (2, 3), (4, 2), (3, 4), (4, 3)]"
7754,12,"[(0, 2), (2, 0), (0, 3), (3, 0), (0, 4), (1, 2), (3, 1), (4, 1), (2, 3), (2, 4), (4, 2), (3, 4)]"
7755,12,"[(0, 2), (2, 0), (0, 3), (3, 0), (0, 4), (1, 2), (3, 1), (4, 1), (2, 3), (2, 4), (4, 2), (4, 3)]"
7756,12,"[(0, 2), (2, 0), (0, 3), (3, 0), (0, 4), (1, 2), (3, 1), (4, 1), (3, 2), (2, 4), (3, 4), (4, 3)]"
7757,12,"[(0, 2), (2, 0), (0, 3), (3, 0), (0, 4), (1, 2), (3, 1), (4, 1), (3, 2), (4, 2), (3, 4), (4, 3)]"
7758,12,"[(0, 2), (2, 0), (0, 3), (3, 0), (0, 4), (1, 2), (3, 1), (4, 1), (3, 2), (2, 4), (4, 2), (3, 4)]"
7759,12,"[(0, 2), (2, 0), (0, 3), (3, 0), (0, 4), (1, 2), (3, 1), (4, 1), (3, 2), (2, 4), (4, 2), (4, 3)]"
7760,12,"[(0, 2), (2, 0), (0, 3), (3, 0), (0, 4), (1, 2), (3, 1), (4, 1), (2, 3), (3, 2), (2, 4), (3, 4)]"
7761,12,"[(0, 2), (2, 0), (0, 3), (3, 0), (0, 4), (1, 2), (3, 1), (4, 1), (2, 3), (3, 2), (2, 4), (4, 3)]"
7762,12,"[(0, 2), (2, 0), (0, 3), (3, 0), (0, 4), (1, 2), (3, 1), (4, 1), (2, 3), (3, 2), (4, 2), (3, 4)]"
7763,12,"[(0, 2), (2, 0), (0, 3), (3, 0), (0, 4), (1, 2), (3, 1), (4, 1), (2, 3), (3, 2), (4, 2), (4, 3)]"
7764,12,"[(0, 2), (2, 0), (0, 3), (3, 0), (0, 4), (1, 2), (3, 1), (1, 4), (4, 1), (2, 3), (2, 4), (3, 4)]"
7765,12,"[(0, 2), (2, 0), (0, 3), (3, 0), (0, 4), (1, 2), (3, 1), (1, 4), (4, 1), (2, 3), (2, 4), (4, 3)]"
7766,12,"[(0, 2), (2, 0), (0, 3), (3, 0), (0, 4), (1, 2), (3, 1), (1, 4), (4, 1), (2, 3), (4, 2), (3, 4)]"
7767,12,"[(0, 2), (2, 0), (0, 3), (3, 0), (0, 4), (1, 2), (3, 1), (1, 4), (4, 1), (2, 3), (4, 2), (4, 3)]"
7768,12,"[(0, 2), (2, 0), (0, 3), (3, 0), (0, 4), (1, 2), (3, 1), (1, 4), (4, 1), (3, 2), (2, 4), (3, 4)]"
7769,12,"[(0, 2), (2, 0), (0, 3), (3, 0), (0, 4), (1, 2), (3, 1), (1, 4), (4, 1), (3, 2), (2, 4), (4, 3)]"
7770,12,"[(0, 2), (2, 0), (0, 3), (3, 0), (0, 4), (1, 2), (3, 1), (1, 4), (4, 1), (3, 2), (4, 2), (3, 4)]"
7771,12,"[(0, 2), (2, 0), (0, 3), (3, 0), (0, 4), (1, 2), (3, 1), (1, 4), (4, 1), (3, 2), (4, 2), (4, 3)]"
7772,12,"[(0, 2), (2, 0), (0, 3), (3, 0), (0, 4), (2, 1), (3, 1), (1, 4), (2, 3), (2, 4), (3, 4), (4, 3)]"
7773,12,"[(0, 2), (2, 0), (0, 3), (3, 0), (0, 4), (2, 1), (3, 1), (1, 4), (2, 3), (4, 2), (3, 4), (4, 3)]"
7774,12,"[(0, 2), (2, 0), (0, 3), (3, 0), (0, 4), (2, 1), (3, 1), (1, 4), (2, 3), (2, 4), (4, 2), (3, 4)]"
7775,12,"[(0, 2), (2, 0), (0, 3), (3, 0), (0, 4), (2, 1), (3, 1), (1, 4), (2, 3), (2, 4), (4, 2), (4, 3)]"
7776,12,"[(0, 2), (2, 0), (0, 3), (3, 0), (0, 4), (2, 1), (3, 1), (1, 4), (2, 3), (3, 2), (2, 4), (3, 4)]"
7777,12,"[(0, 2), (2, 0), (0, 3), (3, 0), (0, 4), (2, 1), (3, 1), (1, 4), (2, 3), (3, 2), (2, 4), (4, 3)]"
7778,12,"[(0, 2), (2, 0), (0, 3), (3, 0), (0, 4), (2, 1), (3, 1), (1, 4), (2, 3), (3, 2), (4, 2), (4, 3)]"
7779,12,"[(0, 2), (2, 0), (0, 3), (3, 0), (0, 4), (2, 1), (3, 1), (4, 1), (2, 3), (2, 4), (3, 4), (4, 3)]"
7780,12,"[(0, 2), (2, 0), (0, 3), (3, 0), (0, 4), (2, 1), (3, 1), (4, 1), (2, 3), (4, 2), (3, 4), (4, 3)]"
7781,12,"[(0, 2), (2, 0), (0, 3), (3, 0), (0, 4), (2, 1), (3, 1), (4, 1), (2, 3), (2, 4), (4, 2), (3, 4)]"
7782,12,"[(0, 2), (2, 0), (0, 3), (3, 0), (0, 4), (2, 1), (3, 1), (4, 1), (2, 3), (2, 4), (4, 2), (4, 3)]"
7783,12,"[(0, 2), (2, 0), (0, 3), (3, 0), (0, 4), (2, 1), (3, 1), (4, 1), (2, 3), (3, 2), (2, 4), (3, 4)]"
7784,12,"[(0, 2), (2, 0), (0, 3), (3, 0), (0, 4), (2, 1), (3, 1), (4, 1), (2, 3), (3, 2), (2, 4), (4, 3)]"
7785,12,"[(0, 2), (2, 0), (0, 3), (3, 0), (0, 4), (2, 1), (3, 1), (4, 1), (2, 3), (3, 2), (4, 2), (4, 3)]"
7786,12,"[(0, 2), (2, 0), (0, 3), (3, 0), (0, 4), (2, 1), (3, 1), (1, 4), (4, 1), (2, 3), (2, 4), (3, 4)]"
7787,12,"[(0, 2), (2, 0), (0, 3), (3, 0), (0, 4), (2, 1), (3, 1), (1, 4), (4, 1), (2, 3), (2, 4), (4, 3)]"
7788,12,"[(0, 2), (2, 0), (0, 3), (3, 0), (0, 4), (2, 1), (3, 1), (1, 4), (4, 1), (2, 3), (4, 2), (3, 4)]"
7789,12,"[(0, 2), (2, 0), (0, 3), (3, 0), (0, 4), (2, 1), (3, 1), (1, 4), (4, 1), (2, 3), (4, 2), (4, 3)]"
7790,12,"[(0, 2), (2, 0), (0, 3), (3, 0), (0, 4), (1, 2), (2, 1), (1, 3), (1, 4), (2, 3), (2, 4), (3, 4)]"
7791,12,"[(0, 2), (2, 0), (0, 3), (3, 0), (0, 4), (1, 2), (2, 1), (1, 3), (1, 4), (2, 3), (2, 4), (4, 3)]"
7792,12,"[(0, 2), (2, 0), (0, 3), (3, 0), (0, 4), (1, 2), (2, 1), (1, 3), (1, 4), (2, 3), (4, 2), (3, 4)]"
7793,12,"[(0, 2), (2, 0), (0, 3), (3, 0), (0, 4), (1, 2), (2, 1), (1, 3), (1, 4), (2, 3), (4, 2), (4, 3)]"
7794,12,"[(0, 2), (2, 0), (0, 3), (3, 0), (0, 4), (1, 2), (2, 1), (1, 3), (1, 4), (3, 2), (2, 4), (3, 4)]"
7795,12,"[(0, 2), (2, 0), (0, 3), (3, 0), (0, 4), (1, 2), (2, 1), (1, 3), (1, 4), (3, 2), (2, 4), (4, 3)]"
7796,12,"[(0, 2), (2, 0), (0, 3), (3, 0), (0, 4), (1, 2), (2, 1), (1, 3), (1, 4), (3, 2), (4, 2), (3, 4)]"
7797,12,"[(0, 2), (2, 0), (0, 3), (3, 0), (0, 4), (1, 2), (2, 1), (1, 3), (1, 4), (3, 2), (4, 2), (4, 3)]"
7798,12,"[(0, 2), (2, 0), (0, 3), (3, 0), (0, 4), (1, 2), (2, 1), (1, 3), (4, 1), (2, 3), (2, 4), (3, 4)]"
7799,12,"[(0, 2), (2, 0), (0, 3), (3, 0), (0, 4), (1, 2), (2, 1), (1, 3), (4, 1), (2, 3), (2, 4), (4, 3)]"
7800,12,"[(0, 2), (2, 0), (0, 3), (3, 0), (0, 4), (1, 2), (2, 1), (1, 3), (4, 1), (2, 3), (4, 2), (3, 4)]"
7801,12,"[(0, 2), (2, 0), (0, 3), (3, 0), (0, 4), (1, 2), (2, 1), (1, 3), (4, 1), (2, 3), (4, 2), (4, 3)]"
7802,12,"[(0, 2), (2, 0), (0, 3), (3, 0), (0, 4), (1, 2), (2, 1), (1, 3), (4, 1), (3, 2), (2, 4), (3, 4)]"
7803,12,"[(0, 2), (2, 0), (0, 3), (3, 0), (0, 4), (1, 2), (2, 1), (1, 3), (4, 1), (3, 2), (2, 4), (4, 3)]"
7804,12,"[(0, 2), (2, 0), (0, 3), (3, 0), (0, 4), (1, 2), (2, 1), (1, 3), (4, 1), (3, 2), (4, 2), (3, 4)]"
7805,12,"[(0, 2), (2, 0), (0, 3), (3, 0), (0, 4), (1, 2), (2, 1), (1, 3), (4, 1), (3, 2), (4, 2), (4, 3)]"
7806,12,"[(0, 2), (2, 0), (0, 3), (3, 0), (0, 4), (1, 2), (2, 1), (3, 1), (1, 4), (2, 3), (2, 4), (3, 4)]"
7807,12,"[(0, 2), (2, 0), (0, 3), (3, 0), (0, 4), (1, 2), (2, 1), (3, 1), (1, 4), (2, 3), (2, 4), (4, 3)]"
7808,12,"[(0, 2), (2, 0), (0, 3), (3, 0), (0, 4), (1, 2), (2, 1), (3, 1), (1, 4), (2, 3), (4, 2), (3, 4)]"
7809,12,"[(0, 2), (2, 0), (0, 3), (3, 0), (0, 4), (1, 2), (2, 1), (3, 1), (1, 4), (2, 3), (4, 2), (4, 3)]"
7810,12,"[(0, 2), (2, 0), (0, 3), (3, 0), (0, 4), (1, 2), (2, 1), (3, 1), (1, 4), (3, 2), (2, 4), (3, 4)]"
7811,12,"[(0, 2), (2, 0), (0, 3), (3, 0), (0, 4), (1, 2), (2, 1), (3, 1), (1, 4), (3, 2), (2, 4), (4, 3)]"
7812,12,"[(0, 2), (2, 0), (0, 3), (3, 0), (0, 4), (1, 2), (2, 1), (3, 1), (1, 4), (3, 2), (4, 2), (3, 4)]"
7813,12,"[(0, 2), (2, 0), (0, 3), (3, 0), (0, 4), (1, 2), (2, 1), (3, 1), (1, 4), (3, 2), (4, 2), (4, 3)]"
7814,12,"[(0, 2), (2, 0), (0, 3), (3, 0), (0, 4), (1, 2), (2, 1), (3, 1), (4, 1), (2, 3), (2, 4), (3, 4)]"
7815,12,"[(0, 2), (2, 0), (0, 3), (3, 0), (0, 4), (1, 2), (2, 1), (3, 1), (4, 1), (2, 3), (2, 4), (4, 3)]"
7816,12,"[(0, 2), (2, 0), (0, 3), (3, 0), (0, 4), (1, 2), (2, 1), (3, 1), (4, 1), (2, 3), (4, 2), (3, 4)]"
7817,12,"[(0, 2), (2, 0), (0, 3), (3, 0), (0, 4), (1, 2), (2, 1), (3, 1), (4, 1), (2, 3), (4, 2), (4, 3)]"
7818,12,"[(0, 2), (2, 0), (0, 3), (3, 0), (0, 4), (1, 2), (2, 1), (3, 1), (4, 1), (3, 2), (2, 4), (3, 4)]"
7819,12,"[(0, 2), (2, 0), (0, 3), (3, 0), (0, 4), (1, 2), (2, 1), (3, 1), (4, 1), (3, 2), (2, 4), (4, 3)]"
7820,12,"[(0, 2), (2, 0), (0, 3), (3, 0), (0, 4), (1, 2), (2, 1), (3, 1), (4, 1), (3, 2), (4, 2), (3, 4)]"
7821,12,"[(0, 2), (2, 0), (0, 3), (3, 0), (0, 4), (1, 2), (2, 1), (3, 1), (4, 1), (3, 2), (4, 2), (4, 3)]"
7822,12,"[(0, 2), (2, 0), (0, 3), (3, 0), (4, 0), (1, 2), (1, 3), (1, 4), (2, 3), (2, 4), (3, 4), (4, 3)]"
7823,12,"[(0, 2), (2, 0), (0, 3), (3, 0), (4, 0), (1, 2), (1, 3), (1, 4), (2, 3), (4, 2), (3, 4), (4, 3)]"
7824,12,"[(0, 2), (2, 0), (0, 3), (3, 0), (4, 0), (1, 2), (1, 3), (1, 4), (2, 3), (2, 4), (4, 2), (3, 4)]"
7825,12,"[(0, 2), (2, 0), (0, 3), (3, 0), (4, 0), (1, 2), (1, 3), (1, 4), (2, 3), (2, 4), (4, 2), (4, 3)]"
7826,12,"[(0, 2), (2, 0), (0, 3), (3, 0), (4, 0), (1, 2), (1, 3), (1, 4), (2, 3), (3, 2), (2, 4), (3, 4)]"
7827,12,"[(0, 2), (2, 0), (0, 3), (3, 0), (4, 0), (1, 2), (1, 3), (1, 4), (2, 3), (3, 2), (2, 4), (4, 3)]"
7828,12,"[(0, 2), (2, 0), (0, 3), (3, 0), (4, 0), (1, 2), (1, 3), (1, 4), (2, 3), (3, 2), (4, 2), (4, 3)]"
7829,12,"[(0, 2), (2, 0), (0, 3), (3, 0), (4, 0), (1, 2), (1, 3), (4, 1), (2, 3), (2, 4), (3, 4), (4, 3)]"
7830,12,"[(0, 2), (2, 0), (0, 3), (3, 0), (4, 0), (1, 2), (1, 3), (4, 1), (2, 3), (4, 2), (3, 4), (4, 3)]"
7831,12,"[(0, 2), (2, 0), (0, 3), (3, 0), (4, 0), (1, 2), (1, 3), (4, 1), (2, 3), (2, 4), (4, 2), (3, 4)]"
7832,12,"[(0, 2), (2, 0), (0, 3), (3, 0), (4, 0), (1, 2), (1, 3), (4, 1), (2, 3), (2, 4), (4, 2), (4, 3)]"
7833,12,"[(0, 2), (2, 0), (0, 3), (3, 0), (4, 0), (1, 2), (1, 3), (4, 1), (2, 3), (3, 2), (2, 4), (3, 4)]"
7834,12,"[(0, 2), (2, 0), (0, 3), (3, 0), (4, 0), (1, 2), (1, 3), (4, 1), (2, 3), (3, 2), (2, 4), (4, 3)]"
7835,12,"[(0, 2), (2, 0), (0, 3), (3, 0), (4, 0), (1, 2), (1, 3), (4, 1), (2, 3), (3, 2), (4, 2), (4, 3)]"
7836,12,"[(0, 2), (2, 0), (0, 3), (3, 0), (4, 0), (1, 2), (1, 3), (1, 4), (4, 1), (2, 3), (2, 4), (3, 4)]"
7837,12,"[(0, 2), (2, 0), (0, 3), (3, 0), (4, 0), (1, 2), (1, 3), (1, 4), (4, 1), (2, 3), (2, 4), (4, 3)]"
7838,12,"[(0, 2), (2, 0), (0, 3), (3, 0), (4, 0), (1, 2), (1, 3), (1, 4), (4, 1), (2, 3), (4, 2), (3, 4)]"
7839,12,"[(0, 2), (2, 0), (0, 3), (3, 0), (4, 0), (1, 2), (1, 3), (1, 4), (4, 1), (2, 3), (4, 2), (4, 3)]"
7840,12,"[(0, 2), (2, 0), (0, 3), (3, 0), (4, 0), (1, 2), (3, 1), (1, 4), (2, 3), (2, 4), (3, 4), (4, 3)]"
7841,12,"[(0, 2), (2, 0), (0, 3), (3, 0), (4, 0), (1, 2), (3, 1), (1, 4), (2, 3), (4, 2), (3, 4), (4, 3)]"
7842,12,"[(0, 2), (2, 0), (0, 3), (3, 0), (4, 0), (1, 2), (3, 1), (1, 4), (2, 3), (2, 4), (4, 2), (3, 4)]"
7843,12,"[(0, 2), (2, 0), (0, 3), (3, 0), (4, 0), (1, 2), (3, 1), (1, 4), (2, 3), (2, 4), (4, 2), (4, 3)]"
7844,12,"[(0, 2), (2, 0), (0, 3), (3, 0), (4, 0), (1, 2), (3, 1), (1, 4), (3, 2), (2, 4), (3, 4), (4, 3)]"
7845,12,"[(0, 2), (2, 0), (0, 3), (3, 0), (4, 0), (1, 2), (3, 1), (1, 4), (3, 2), (4, 2), (3, 4), (4, 3)]"
7846,12,"[(0, 2), (2, 0), (0, 3), (3, 0), (4, 0), (1, 2), (3, 1), (1, 4), (3, 2), (2, 4), (4, 2), (3, 4)]"
7847,12,"[(0, 2), (2, 0), (0, 3), (3, 0), (4, 0), (1, 2), (3, 1), (1, 4), (3, 2), (2, 4), (4, 2), (4, 3)]"
7848,12,"[(0, 2), (2, 0), (0, 3), (3, 0), (4, 0), (1, 2), (3, 1), (1, 4), (2, 3), (3, 2), (2, 4), (3, 4)]"
7849,12,"[(0, 2), (2, 0), (0, 3), (3, 0), (4, 0), (1, 2), (3, 1), (1, 4), (2, 3), (3, 2), (2, 4), (4, 3)]"
7850,12,"[(0, 2), (2, 0), (0, 3), (3, 0), (4, 0), (1, 2), (3, 1), (1, 4), (2, 3), (3, 2), (4, 2), (3, 4)]"
7851,12,"[(0, 2), (2, 0), (0, 3), (3, 0), (4, 0), (1, 2), (3, 1), (1, 4), (2, 3), (3, 2), (4, 2), (4, 3)]"
7852,12,"[(0, 2), (2, 0), (0, 3), (3, 0), (4, 0), (1, 2), (3, 1), (4, 1), (2, 3), (2, 4), (3, 4), (4, 3)]"
7853,12,"[(0, 2), (2, 0), (0, 3), (3, 0), (4, 0), (1, 2), (3, 1), (4, 1), (2, 3), (4, 2), (3, 4), (4, 3)]"
7854,12,"[(0, 2), (2, 0), (0, 3), (3, 0), (4, 0), (1, 2), (3, 1), (4, 1), (2, 3), (2, 4), (4, 2), (3, 4)]"
7855,12,"[(0, 2), (2, 0), (0, 3), (3, 0), (4, 0), (1, 2), (3, 1), (4, 1), (2, 3), (2, 4), (4, 2), (4, 3)]"
7856,12,"[(0, 2), (2, 0), (0, 3), (3, 0), (4, 0), (1, 2), (3, 1), (4, 1), (3, 2), (2, 4), (3, 4), (4, 3)]"
7857,12,"[(0, 2), (2, 0), (0, 3), (3, 0), (4, 0), (1, 2), (3, 1), (4, 1), (3, 2), (4, 2), (3, 4), (4, 3)]"
7858,12,"[(0, 2), (2, 0), (0, 3), (3, 0), (4, 0), (1, 2), (3, 1), (4, 1), (3, 2), (2, 4), (4, 2), (3, 4)]"
7859,12,"[(0, 2), (2, 0), (0, 3), (3, 0), (4, 0), (1, 2), (3, 1), (4, 1), (3, 2), (2, 4), (4, 2), (4, 3)]"
7860,12,"[(0, 2), (2, 0), (0, 3), (3, 0), (4, 0), (1, 2), (3, 1), (4, 1), (2, 3), (3, 2), (2, 4), (3, 4)]"
7861,12,"[(0, 2), (2, 0), (0, 3), (3, 0), (4, 0), (1, 2), (3, 1), (4, 1), (2, 3), (3, 2), (2, 4), (4, 3)]"
7862,12,"[(0, 2), (2, 0), (0, 3), (3, 0), (4, 0), (1, 2), (3, 1), (4, 1), (2, 3), (3, 2), (4, 2), (3, 4)]"
7863,12,"[(0, 2), (2, 0), (0, 3), (3, 0), (4, 0), (1, 2), (3, 1), (4, 1), (2, 3), (3, 2), (4, 2), (4, 3)]"
7864,12,"[(0, 2), (2, 0), (0, 3), (3, 0), (4, 0), (1, 2), (3, 1), (1, 4), (4, 1), (2, 3), (2, 4), (3, 4)]"
7865,12,"[(0, 2), (2, 0), (0, 3), (3, 0), (4, 0), (1, 2), (3, 1), (1, 4), (4, 1), (2, 3), (2, 4), (4, 3)]"
7866,12,"[(0, 2), (2, 0), (0, 3), (3, 0), (4, 0), (1, 2), (3, 1), (1, 4), (4, 1), (2, 3), (4, 2), (3, 4)]"
7867,12,"[(0, 2), (2, 0), (0, 3), (3, 0), (4, 0), (1, 2), (3, 1), (1, 4), (4, 1), (2, 3), (4, 2), (4, 3)]"
7868,12,"[(0, 2), (2, 0), (0, 3), (3, 0), (4, 0), (1, 2), (3, 1), (1, 4), (4, 1), (3, 2), (2, 4), (3, 4)]"
7869,12,"[(0, 2), (2, 0), (0, 3), (3, 0), (4, 0), (1, 2), (3, 1), (1, 4), (4, 1), (3, 2), (2, 4), (4, 3)]"
7870,12,"[(0, 2), (2, 0), (0, 3), (3, 0), (4, 0), (1, 2), (3, 1), (1, 4), (4, 1), (3, 2), (4, 2), (3, 4)]"
7871,12,"[(0, 2), (2, 0), (0, 3), (3, 0), (4, 0), (1, 2), (3, 1), (1, 4), (4, 1), (3, 2), (4, 2), (4, 3)]"
7872,12,"[(0, 2), (2, 0), (0, 3), (3, 0), (4, 0), (2, 1), (3, 1), (1, 4), (2, 3), (2, 4), (3, 4), (4, 3)]"
7873,12,"[(0, 2), (2, 0), (0, 3), (3, 0), (4, 0), (2, 1), (3, 1), (1, 4), (2, 3), (4, 2), (3, 4), (4, 3)]"
7874,12,"[(0, 2), (2, 0), (0, 3), (3, 0), (4, 0), (2, 1), (3, 1), (1, 4), (2, 3), (2, 4), (4, 2), (3, 4)]"
7875,12,"[(0, 2), (2, 0), (0, 3), (3, 0), (4, 0), (2, 1), (3, 1), (1, 4), (2, 3), (2, 4), (4, 2), (4, 3)]"
7876,12,"[(0, 2), (2, 0), (0, 3), (3, 0), (4, 0), (2, 1), (3, 1), (1, 4), (2, 3), (3, 2), (2, 4), (3, 4)]"
7877,12,"[(0, 2), (2, 0), (0, 3), (3, 0), (4, 0), (2, 1), (3, 1), (1, 4), (2, 3), (3, 2), (2, 4), (4, 3)]"
7878,12,"[(0, 2), (2, 0), (0, 3), (3, 0), (4, 0), (2, 1), (3, 1), (1, 4), (2, 3), (3, 2), (4, 2), (4, 3)]"
7879,12,"[(0, 2), (2, 0), (0, 3), (3, 0), (4, 0), (2, 1), (3, 1), (4, 1), (2, 3), (2, 4), (3, 4), (4, 3)]"
7880,12,"[(0, 2), (2, 0), (0, 3), (3, 0), (4, 0), (2, 1), (3, 1), (4, 1), (2, 3), (4, 2), (3, 4), (4, 3)]"
7881,12,"[(0, 2), (2, 0), (0, 3), (3, 0), (4, 0), (2, 1), (3, 1), (4, 1), (2, 3), (2, 4), (4, 2), (3, 4)]"
7882,12,"[(0, 2), (2, 0), (0, 3), (3, 0), (4, 0), (2, 1), (3, 1), (4, 1), (2, 3), (2, 4), (4, 2), (4, 3)]"
7883,12,"[(0, 2), (2, 0), (0, 3), (3, 0), (4, 0), (2, 1), (3, 1), (4, 1), (2, 3), (3, 2), (2, 4), (3, 4)]"
7884,12,"[(0, 2), (2, 0), (0, 3), (3, 0), (4, 0), (2, 1), (3, 1), (4, 1), (2, 3), (3, 2), (2, 4), (4, 3)]"
7885,12,"[(0, 2), (2, 0), (0, 3), (3, 0), (4, 0), (2, 1), (3, 1), (4, 1), (2, 3), (3, 2), (4, 2), (4, 3)]"
7886,12,"[(0, 2), (2, 0), (0, 3), (3, 0), (4, 0), (2, 1), (3, 1), (1, 4), (4, 1), (2, 3), (2, 4), (3, 4)]"
7887,12,"[(0, 2), (2, 0), (0, 3), (3, 0), (4, 0), (2, 1), (3, 1), (1, 4), (4, 1), (2, 3), (2, 4), (4, 3)]"
7888,12,"[(0, 2), (2, 0), (0, 3), (3, 0), (4, 0), (2, 1), (3, 1), (1, 4), (4, 1), (2, 3), (4, 2), (3, 4)]"
7889,12,"[(0, 2), (2, 0), (0, 3), (3, 0), (4, 0), (2, 1), (3, 1), (1, 4), (4, 1), (2, 3), (4, 2), (4, 3)]"
7890,12,"[(0, 2), (2, 0), (0, 3), (3, 0), (4, 0), (1, 2), (2, 1), (1, 3), (1, 4), (2, 3), (2, 4), (3, 4)]"
7891,12,"[(0, 2), (2, 0), (0, 3), (3, 0), (4, 0), (1, 2), (2, 1), (1, 3), (1, 4), (2, 3), (2, 4), (4, 3)]"
7892,12,"[(0, 2), (2, 0), (0, 3), (3, 0), (4, 0), (1, 2), (2, 1), (1, 3), (1, 4), (2, 3), (4, 2), (3, 4)]"
7893,12,"[(0, 2), (2, 0), (0, 3), (3, 0), (4, 0), (1, 2), (2, 1), (1, 3), (1, 4), (2, 3), (4, 2), (4, 3)]"
7894,12,"[(0, 2), (2, 0), (0, 3), (3, 0), (4, 0), (1, 2), (2, 1), (1, 3), (1, 4), (3, 2), (2, 4), (3, 4)]"
7895,12,"[(0, 2), (2, 0), (0, 3), (3, 0), (4, 0), (1, 2), (2, 1), (1, 3), (1, 4), (3, 2), (2, 4), (4, 3)]"
7896,12,"[(0, 2), (2, 0), (0, 3), (3, 0), (4, 0), (1, 2), (2, 1), (1, 3), (1, 4), (3, 2), (4, 2), (3, 4)]"
7897,12,"[(0, 2), (2, 0), (0, 3), (3, 0), (4, 0), (1, 2), (2, 1), (1, 3), (1, 4), (3, 2), (4, 2), (4, 3)]"
7898,12,"[(0, 2), (2, 0), (0, 3), (3, 0), (4, 0), (1, 2), (2, 1), (1, 3), (4, 1), (2, 3), (2, 4), (3, 4)]"
7899,12,"[(0, 2), (2, 0), (0, 3), (3, 0), (4, 0), (1, 2), (2, 1), (1, 3), (4, 1), (2, 3), (2, 4), (4, 3)]"
7900,12,"[(0, 2), (2, 0), (0, 3), (3, 0), (4, 0), (1, 2), (2, 1), (1, 3), (4, 1), (2, 3), (4, 2), (3, 4)]"
7901,12,"[(0, 2), (2, 0), (0, 3), (3, 0), (4, 0), (1, 2), (2, 1), (1, 3), (4, 1), (2, 3), (4, 2), (4, 3)]"
7902,12,"[(0, 2), (2, 0), (0, 3), (3, 0), (4, 0), (1, 2), (2, 1), (1, 3), (4, 1), (3, 2), (2, 4), (3, 4)]"
7903,12,"[(0, 2), (2, 0), (0, 3), (3, 0), (4, 0), (1, 2), (2, 1), (1, 3), (4, 1), (3, 2), (2, 4), (4, 3)]"
7904,12,"[(0, 2), (2, 0), (0, 3), (3, 0), (4, 0), (1, 2), (2, 1), (1, 3), (4, 1), (3, 2), (4, 2), (3, 4)]"
7905,12,"[(0, 2), (2, 0), (0, 3), (3, 0), (4, 0), (1, 2), (2, 1), (1, 3), (4, 1), (3, 2), (4, 2), (4, 3)]"
7906,12,"[(0, 2), (2, 0), (0, 3), (3, 0), (4, 0), (1, 2), (2, 1), (3, 1), (1, 4), (2, 3), (2, 4), (3, 4)]"
7907,12,"[(0, 2), (2, 0), (0, 3), (3, 0), (4, 0), (1, 2), (2, 1), (3, 1), (1, 4), (2, 3), (2, 4), (4, 3)]"
7908,12,"[(0, 2), (2, 0), (0, 3), (3, 0), (4, 0), (1, 2), (2, 1), (3, 1), (1, 4), (2, 3), (4, 2), (3, 4)]"
7909,12,"[(0, 2), (2, 0), (0, 3), (3, 0), (4, 0), (1, 2), (2, 1), (3, 1), (1, 4), (2, 3), (4, 2), (4, 3)]"
7910,12,"[(0, 2), (2, 0), (0, 3), (3, 0), (4, 0), (1, 2), (2, 1), (3, 1), (1, 4), (3, 2), (2, 4), (3, 4)]"
7911,12,"[(0, 2), (2, 0), (0, 3), (3, 0), (4, 0), (1, 2), (2, 1), (3, 1), (1, 4), (3, 2), (2, 4), (4, 3)]"
7912,12,"[(0, 2), (2, 0), (0, 3), (3, 0), (4, 0), (1, 2), (2, 1), (3, 1), (1, 4), (3, 2), (4, 2), (3, 4)]"
7913,12,"[(0, 2), (2, 0), (0, 3), (3, 0), (4, 0), (1, 2), (2, 1), (3, 1), (1, 4), (3, 2), (4, 2), (4, 3)]"
7914,12,"[(0, 2), (2, 0), (0, 3), (3, 0), (4, 0), (1, 2), (2, 1), (3, 1), (4, 1), (2, 3), (2, 4), (3, 4)]"
7915,12,"[(0, 2), (2, 0), (0, 3), (3, 0), (4, 0), (1, 2), (2, 1), (3, 1), (4, 1), (2, 3), (2, 4), (4, 3)]"
7916,12,"[(0, 2), (2, 0), (0, 3), (3, 0), (4, 0), (1, 2), (2, 1), (3, 1), (4, 1), (2, 3), (4, 2), (3, 4)]"
7917,12,"[(0, 2), (2, 0), (0, 3), (3, 0), (4, 0), (1, 2), (2, 1), (3, 1), (4, 1), (2, 3), (4, 2), (4, 3)]"
7918,12,"[(0, 2), (2, 0), (0, 3), (3, 0), (4, 0), (1, 2), (2, 1), (3, 1), (4, 1), (3, 2), (2, 4), (3, 4)]"
7919,12,"[(0, 2), (2, 0), (0, 3), (3, 0), (4, 0), (1, 2), (2, 1), (3, 1), (4, 1), (3, 2), (2, 4), (4, 3)]"
7920,12,"[(0, 2), (2, 0), (0, 3), (3, 0), (4, 0), (1, 2), (2, 1), (3, 1), (4, 1), (3, 2), (4, 2), (3, 4)]"
7921,12,"[(0, 2), (2, 0), (0, 3), (3, 0), (4, 0), (1, 2), (2, 1), (3, 1), (4, 1), (3, 2), (4, 2), (4, 3)]"
7922,12,"[(0, 2), (2, 0), (0, 3), (3, 0), (0, 4), (4, 0), (1, 2), (1, 3), (1, 4), (2, 3), (2, 4), (3, 4)]"
7923,12,"[(0, 2), (2, 0), (0, 3), (3, 0), (0, 4), (4, 0), (1, 2), (1, 3), (1, 4), (2, 3), (4, 2), (3, 4)]"
7924,12,"[(0, 2), (2, 0), (0, 3), (3, 0), (0, 4), (4, 0), (1, 2), (1, 3), (4, 1), (2, 3), (2, 4), (3, 4)]"
7925,12,"[(0, 2), (2, 0), (0, 3), (3, 0), (0, 4), (4, 0), (1, 2), (1, 3), (4, 1), (2, 3), (2, 4), (4, 3)]"
7926,12,"[(0, 2), (2, 0), (0, 3), (3, 0), (0, 4), (4, 0), (1, 2), (1, 3), (4, 1), (2, 3), (4, 2), (3, 4)]"
7927,12,"[(0, 2), (2, 0), (0, 3), (3, 0), (0, 4), (4, 0), (1, 2), (1, 3), (4, 1), (2, 3), (4, 2), (4, 3)]"
7928,12,"[(0, 2), (2, 0), (0, 3), (3, 0), (0, 4), (4, 0), (1, 2), (3, 1), (4, 1), (2, 3), (2, 4), (3, 4)]"
7929,12,"[(0, 2), (2, 0), (0, 3), (3, 0), (0, 4), (4, 0), (1, 2), (3, 1), (4, 1), (2, 3), (4, 2), (3, 4)]"
7930,12,"[(0, 2), (2, 0), (0, 3), (3, 0), (0, 4), (4, 0), (1, 2), (3, 1), (4, 1), (2, 3), (4, 2), (4, 3)]"
7931,12,"[(0, 2), (2, 0), (0, 3), (3, 0), (0, 4), (4, 0), (1, 2), (3, 1), (4, 1), (3, 2), (4, 2), (3, 4)]"
7932,12,"[(0, 2), (2, 0), (0, 3), (3, 0), (0, 4), (4, 0), (2, 1), (3, 1), (4, 1), (2, 3), (2, 4), (3, 4)]"
7933,12,"[(0, 2), (2, 0), (0, 3), (3, 0), (0, 4), (4, 0), (2, 1), (3, 1), (4, 1), (2, 3), (4, 2), (3, 4)]"
7934,12,"[(0, 1), (1, 0), (0, 2), (0, 3), (0, 4), (1, 2), (1, 3), (1, 4), (2, 3), (3, 2), (2, 4), (3, 4)]"
7935,12,"[(0, 1), (1, 0), (0, 2), (0, 3), (0, 4), (1, 2), (1, 3), (1, 4), (2, 3), (3, 2), (2, 4), (4, 3)]"
7936,12,"[(0, 1), (1, 0), (0, 2), (0, 3), (0, 4), (1, 2), (1, 3), (1, 4), (2, 3), (3, 2), (4, 2), (4, 3)]"
7937,12,"[(0, 1), (1, 0), (0, 2), (0, 3), (0, 4), (1, 2), (1, 3), (4, 1), (2, 3), (2, 4), (3, 4), (4, 3)]"
7938,12,"[(0, 1), (1, 0), (0, 2), (0, 3), (0, 4), (1, 2), (1, 3), (4, 1), (2, 3), (4, 2), (3, 4), (4, 3)]"
7939,12,"[(0, 1), (1, 0), (0, 2), (0, 3), (0, 4), (1, 2), (1, 3), (4, 1), (2, 3), (2, 4), (4, 2), (3, 4)]"
7940,12,"[(0, 1), (1, 0), (0, 2), (0, 3), (0, 4), (1, 2), (1, 3), (4, 1), (2, 3), (2, 4), (4, 2), (4, 3)]"
7941,12,"[(0, 1), (1, 0), (0, 2), (0, 3), (0, 4), (1, 2), (1, 3), (4, 1), (2, 3), (3, 2), (2, 4), (3, 4)]"
7942,12,"[(0, 1), (1, 0), (0, 2), (0, 3), (0, 4), (1, 2), (1, 3), (4, 1), (2, 3), (3, 2), (2, 4), (4, 3)]"
7943,12,"[(0, 1), (1, 0), (0, 2), (0, 3), (0, 4), (1, 2), (1, 3), (4, 1), (2, 3), (3, 2), (4, 2), (4, 3)]"
7944,12,"[(0, 1), (1, 0), (0, 2), (0, 3), (0, 4), (1, 2), (3, 1), (4, 1), (2, 3), (2, 4), (3, 4), (4, 3)]"
7945,12,"[(0, 1), (1, 0), (0, 2), (0, 3), (0, 4), (1, 2), (3, 1), (4, 1), (2, 3), (4, 2), (3, 4), (4, 3)]"
7946,12,"[(0, 1), (1, 0), (0, 2), (0, 3), (0, 4), (1, 2), (3, 1), (4, 1), (3, 2), (4, 2), (3, 4), (4, 3)]"
7947,12,"[(0, 1), (1, 0), (0, 2), (0, 3), (0, 4), (1, 2), (3, 1), (4, 1), (2, 3), (3, 2), (2, 4), (3, 4)]"
7948,12,"[(0, 1), (1, 0), (0, 2), (0, 3), (0, 4), (1, 2), (3, 1), (4, 1), (2, 3), (3, 2), (2, 4), (4, 3)]"
7949,12,"[(0, 1), (1, 0), (0, 2), (0, 3), (0, 4), (1, 2), (3, 1), (4, 1), (2, 3), (3, 2), (4, 2), (3, 4)]"
7950,12,"[(0, 1), (1, 0), (0, 2), (0, 3), (0, 4), (1, 2), (3, 1), (4, 1), (2, 3), (3, 2), (4, 2), (4, 3)]"
7951,12,"[(0, 1), (1, 0), (0, 2), (0, 3), (0, 4), (2, 1), (3, 1), (4, 1), (2, 3), (3, 2), (2, 4), (3, 4)]"
7952,12,"[(0, 1), (1, 0), (0, 2), (0, 3), (0, 4), (2, 1), (3, 1), (4, 1), (2, 3), (3, 2), (2, 4), (4, 3)]"
7953,12,"[(0, 1), (1, 0), (0, 2), (0, 3), (0, 4), (2, 1), (3, 1), (4, 1), (2, 3), (3, 2), (4, 2), (4, 3)]"
7954,12,"[(0, 1), (1, 0), (0, 2), (0, 3), (4, 0), (1, 2), (1, 3), (4, 1), (2, 3), (2, 4), (3, 4), (4, 3)]"
7955,12,"[(0, 1), (1, 0), (0, 2), (0, 3), (4, 0), (1, 2), (1, 3), (4, 1), (2, 3), (2, 4), (4, 2), (3, 4)]"
7956,12,"[(0, 1), (1, 0), (0, 2), (0, 3), (4, 0), (1, 2), (1, 3), (4, 1), (2, 3), (3, 2), (2, 4), (3, 4)]"
7957,12,"[(0, 1), (1, 0), (0, 2), (0, 3), (4, 0), (1, 2), (1, 3), (4, 1), (2, 3), (3, 2), (2, 4), (4, 3)]"
7958,12,"[(0, 1), (1, 0), (0, 2), (0, 3), (4, 0), (1, 2), (1, 3), (4, 1), (2, 3), (3, 2), (4, 2), (4, 3)]"
7959,12,"[(0, 1), (1, 0), (0, 2), (0, 3), (4, 0), (1, 2), (3, 1), (1, 4), (2, 3), (2, 4), (3, 4), (4, 3)]"
7960,12,"[(0, 1), (1, 0), (0, 2), (0, 3), (4, 0), (1, 2), (3, 1), (1, 4), (2, 3), (4, 2), (3, 4), (4, 3)]"
7961,12,"[(0, 1), (1, 0), (0, 2), (0, 3), (4, 0), (1, 2), (3, 1), (1, 4), (3, 2), (4, 2), (3, 4), (4, 3)]"
7962,12,"[(0, 1), (1, 0), (0, 2), (0, 3), (4, 0), (1, 2), (3, 1), (1, 4), (2, 3), (3, 2), (2, 4), (3, 4)]"
7963,12,"[(0, 1), (1, 0), (0, 2), (0, 3), (4, 0), (1, 2), (3, 1), (1, 4), (2, 3), (3, 2), (2, 4), (4, 3)]"
7964,12,"[(0, 1), (1, 0), (0, 2), (0, 3), (4, 0), (1, 2), (3, 1), (1, 4), (2, 3), (3, 2), (4, 2), (3, 4)]"
7965,12,"[(0, 1), (1, 0), (0, 2), (0, 3), (4, 0), (1, 2), (3, 1), (1, 4), (2, 3), (3, 2), (4, 2), (4, 3)]"
7966,12,"[(0, 1), (1, 0), (0, 2), (0, 3), (4, 0), (1, 2), (3, 1), (4, 1), (2, 3), (2, 4), (4, 2), (3, 4)]"
7967,12,"[(0, 1), (1, 0), (0, 2), (0, 3), (4, 0), (1, 2), (3, 1), (4, 1), (3, 2), (2, 4), (4, 2), (3, 4)]"
7968,12,"[(0, 1), (1, 0), (0, 2), (0, 3), (4, 0), (1, 2), (3, 1), (4, 1), (2, 3), (3, 2), (2, 4), (3, 4)]"
7969,12,"[(0, 1), (1, 0), (0, 2), (0, 3), (4, 0), (1, 2), (3, 1), (4, 1), (2, 3), (3, 2), (2, 4), (4, 3)]"
7970,12,"[(0, 1), (1, 0), (0, 2), (0, 3), (4, 0), (1, 2), (3, 1), (4, 1), (2, 3), (3, 2), (4, 2), (3, 4)]"
7971,12,"[(0, 1), (1, 0), (0, 2), (0, 3), (4, 0), (1, 2), (3, 1), (4, 1), (2, 3), (3, 2), (4, 2), (4, 3)]"
7972,12,"[(0, 1), (1, 0), (0, 2), (0, 3), (4, 0), (2, 1), (3, 1), (1, 4), (2, 3), (2, 4), (3, 4), (4, 3)]"
7973,12,"[(0, 1), (1, 0), (0, 2), (0, 3), (4, 0), (2, 1), (3, 1), (1, 4), (2, 3), (2, 4), (4, 2), (3, 4)]"
7974,12,"[(0, 1), (1, 0), (0, 2), (0, 3), (4, 0), (2, 1), (3, 1), (1, 4), (2, 3), (3, 2), (4, 2), (4, 3)]"
7975,12,"[(0, 1), (1, 0), (0, 2), (0, 3), (4, 0), (2, 1), (3, 1), (4, 1), (2, 3), (3, 2), (4, 2), (4, 3)]"
7976,12,"[(0, 1), (1, 0), (0, 2), (3, 0), (4, 0), (2, 1), (1, 3), (4, 1), (2, 3), (3, 2), (4, 2), (4, 3)]"
7977,12,"[(0, 1), (1, 0), (0, 2), (2, 0), (0, 3), (0, 4), (1, 2), (1, 3), (1, 4), (2, 3), (2, 4), (3, 4)]"
7978,12,"[(0, 1), (1, 0), (0, 2), (2, 0), (0, 3), (0, 4), (1, 2), (1, 3), (1, 4), (2, 3), (4, 2), (3, 4)]"
7979,12,"[(0, 1), (1, 0), (0, 2), (2, 0), (0, 3), (0, 4), (1, 2), (1, 3), (1, 4), (2, 3), (4, 2), (4, 3)]"
7980,12,"[(0, 1), (1, 0), (0, 2), (2, 0), (0, 3), (0, 4), (1, 2), (1, 3), (1, 4), (3, 2), (4, 2), (3, 4)]"
7981,12,"[(0, 1), (1, 0), (0, 2), (2, 0), (0, 3), (0, 4), (1, 2), (1, 3), (4, 1), (2, 3), (2, 4), (3, 4)]"
7982,12,"[(0, 1), (1, 0), (0, 2), (2, 0), (0, 3), (0, 4), (1, 2), (1, 3), (4, 1), (2, 3), (2, 4), (4, 3)]"
7983,12,"[(0, 1), (1, 0), (0, 2), (2, 0), (0, 3), (0, 4), (1, 2), (1, 3), (4, 1), (2, 3), (4, 2), (3, 4)]"
7984,12,"[(0, 1), (1, 0), (0, 2), (2, 0), (0, 3), (0, 4), (1, 2), (1, 3), (4, 1), (2, 3), (4, 2), (4, 3)]"
7985,12,"[(0, 1), (1, 0), (0, 2), (2, 0), (0, 3), (0, 4), (1, 2), (1, 3), (4, 1), (3, 2), (2, 4), (3, 4)]"
7986,12,"[(0, 1), (1, 0), (0, 2), (2, 0), (0, 3), (0, 4), (1, 2), (1, 3), (4, 1), (3, 2), (2, 4), (4, 3)]"
7987,12,"[(0, 1), (1, 0), (0, 2), (2, 0), (0, 3), (0, 4), (1, 2), (1, 3), (4, 1), (3, 2), (4, 2), (3, 4)]"
7988,12,"[(0, 1), (1, 0), (0, 2), (2, 0), (0, 3), (0, 4), (1, 2), (1, 3), (4, 1), (3, 2), (4, 2), (4, 3)]"
7989,12,"[(0, 1), (1, 0), (0, 2), (2, 0), (0, 3), (0, 4), (1, 2), (3, 1), (4, 1), (2, 3), (2, 4), (3, 4)]"
7990,12,"[(0, 1), (1, 0), (0, 2), (2, 0), (0, 3), (0, 4), (1, 2), (3, 1), (4, 1), (2, 3), (4, 2), (3, 4)]"
7991,12,"[(0, 1), (1, 0), (0, 2), (2, 0), (0, 3), (0, 4), (1, 2), (3, 1), (4, 1), (2, 3), (4, 2), (4, 3)]"
7992,12,"[(0, 1), (1, 0), (0, 2), (2, 0), (0, 3), (0, 4), (1, 2), (3, 1), (4, 1), (3, 2), (4, 2), (3, 4)]"
7993,12,"[(0, 1), (1, 0), (0, 2), (2, 0), (0, 3), (4, 0), (1, 2), (1, 3), (1, 4), (2, 3), (2, 4), (3, 4)]"
7994,12,"[(0, 1), (1, 0), (0, 2), (2, 0), (0, 3), (4, 0), (1, 2), (1, 3), (1, 4), (2, 3), (2, 4), (4, 3)]"
7995,12,"[(0, 1), (1, 0), (0, 2), (2, 0), (0, 3), (4, 0), (1, 2), (1, 3), (1, 4), (2, 3), (4, 2), (3, 4)]"
7996,12,"[(0, 1), (1, 0), (0, 2), (2, 0), (0, 3), (4, 0), (1, 2), (1, 3), (1, 4), (2, 3), (4, 2), (4, 3)]"
7997,12,"[(0, 1), (1, 0), (0, 2), (2, 0), (0, 3), (4, 0), (1, 2), (1, 3), (1, 4), (3, 2), (2, 4), (3, 4)]"
7998,12,"[(0, 1), (1, 0), (0, 2), (2, 0), (0, 3), (4, 0), (1, 2), (1, 3), (1, 4), (3, 2), (2, 4), (4, 3)]"
7999,12,"[(0, 1), (1, 0), (0, 2), (2, 0), (0, 3), (4, 0), (1, 2), (1, 3), (1, 4), (3, 2), (4, 2), (3, 4)]"
8000,12,"[(0, 1), (1, 0), (0, 2), (2, 0), (0, 3), (4, 0), (1, 2), (1, 3), (1, 4), (3, 2), (4, 2), (4, 3)]"
8001,12,"[(0, 1), (1, 0), (0, 2), (2, 0), (0, 3), (4, 0), (1, 2), (1, 3), (4, 1), (2, 3), (2, 4), (3, 4)]"
8002,12,"[(0, 1), (1, 0), (0, 2), (2, 0), (0, 3), (4, 0), (1, 2), (1, 3), (4, 1), (2, 3), (2, 4), (4, 3)]"
8003,12,"[(0, 1), (1, 0), (0, 2), (2, 0), (0, 3), (4, 0), (1, 2), (1, 3), (4, 1), (2, 3), (4, 2), (3, 4)]"
8004,12,"[(0, 1), (1, 0), (0, 2), (2, 0), (0, 3), (4, 0), (1, 2), (1, 3), (4, 1), (2, 3), (4, 2), (4, 3)]"
8005,12,"[(0, 1), (1, 0), (0, 2), (2, 0), (0, 3), (4, 0), (1, 2), (1, 3), (4, 1), (3, 2), (2, 4), (3, 4)]"
8006,12,"[(0, 1), (1, 0), (0, 2), (2, 0), (0, 3), (4, 0), (1, 2), (1, 3), (4, 1), (3, 2), (2, 4), (4, 3)]"
8007,12,"[(0, 1), (1, 0), (0, 2), (2, 0), (0, 3), (4, 0), (1, 2), (1, 3), (4, 1), (3, 2), (4, 2), (3, 4)]"
8008,12,"[(0, 1), (1, 0), (0, 2), (2, 0), (0, 3), (4, 0), (1, 2), (1, 3), (4, 1), (3, 2), (4, 2), (4, 3)]"
8009,12,"[(0, 1), (1, 0), (0, 2), (2, 0), (0, 3), (4, 0), (1, 2), (3, 1), (1, 4), (2, 3), (2, 4), (3, 4)]"
8010,12,"[(0, 1), (1, 0), (0, 2), (2, 0), (0, 3), (4, 0), (1, 2), (3, 1), (1, 4), (2, 3), (2, 4), (4, 3)]"
8011,12,"[(0, 1), (1, 0), (0, 2), (2, 0), (0, 3), (4, 0), (1, 2), (3, 1), (1, 4), (2, 3), (4, 2), (3, 4)]"
8012,12,"[(0, 1), (1, 0), (0, 2), (2, 0), (0, 3), (4, 0), (1, 2), (3, 1), (1, 4), (2, 3), (4, 2), (4, 3)]"
8013,12,"[(0, 1), (1, 0), (0, 2), (2, 0), (0, 3), (4, 0), (1, 2), (3, 1), (1, 4), (3, 2), (2, 4), (3, 4)]"
8014,12,"[(0, 1), (1, 0), (0, 2), (2, 0), (0, 3), (4, 0), (1, 2), (3, 1), (1, 4), (3, 2), (2, 4), (4, 3)]"
8015,12,"[(0, 1), (1, 0), (0, 2), (2, 0), (0, 3), (4, 0), (1, 2), (3, 1), (1, 4), (3, 2), (4, 2), (3, 4)]"
8016,12,"[(0, 1), (1, 0), (0, 2), (2, 0), (0, 3), (4, 0), (1, 2), (3, 1), (1, 4), (3, 2), (4, 2), (4, 3)]"
8017,12,"[(0, 1), (1, 0), (0, 2), (2, 0), (0, 3), (4, 0), (1, 2), (3, 1), (4, 1), (2, 3), (2, 4), (3, 4)]"
8018,12,"[(0, 1), (1, 0), (0, 2), (2, 0), (0, 3), (4, 0), (1, 2), (3, 1), (4, 1), (2, 3), (2, 4), (4, 3)]"
8019,12,"[(0, 1), (1, 0), (0, 2), (2, 0), (0, 3), (4, 0), (1, 2), (3, 1), (4, 1), (2, 3), (4, 2), (3, 4)]"
8020,12,"[(0, 1), (1, 0), (0, 2), (2, 0), (0, 3), (4, 0), (1, 2), (3, 1), (4, 1), (2, 3), (4, 2), (4, 3)]"
8021,12,"[(0, 1), (1, 0), (0, 2), (2, 0), (0, 3), (4, 0), (1, 2), (3, 1), (4, 1), (3, 2), (2, 4), (3, 4)]"
8022,12,"[(0, 1), (1, 0), (0, 2), (2, 0), (0, 3), (4, 0), (1, 2), (3, 1), (4, 1), (3, 2), (2, 4), (4, 3)]"
8023,12,"[(0, 1), (1, 0), (0, 2), (2, 0), (0, 3), (4, 0), (1, 2), (3, 1), (4, 1), (3, 2), (4, 2), (3, 4)]"
8024,12,"[(0, 1), (1, 0), (0, 2), (2, 0), (0, 3), (4, 0), (1, 2), (3, 1), (4, 1), (3, 2), (4, 2), (4, 3)]"
8025,12,"[(0, 1), (1, 0), (0, 2), (2, 0), (3, 0), (4, 0), (1, 2), (1, 3), (1, 4), (2, 3), (2, 4), (3, 4)]"
8026,12,"[(0, 1), (1, 0), (0, 2), (2, 0), (3, 0), (4, 0), (1, 2), (1, 3), (1, 4), (2, 3), (4, 2), (3, 4)]"
8027,12,"[(0, 1), (1, 0), (0, 2), (2, 0), (3, 0), (4, 0), (1, 2), (1, 3), (1, 4), (2, 3), (4, 2), (4, 3)]"
8028,12,"[(0, 1), (1, 0), (0, 2), (2, 0), (3, 0), (4, 0), (1, 2), (1, 3), (1, 4), (3, 2), (4, 2), (3, 4)]"
8029,12,"[(0, 1), (1, 0), (0, 2), (2, 0), (3, 0), (4, 0), (1, 2), (1, 3), (4, 1), (2, 3), (2, 4), (3, 4)]"
8030,12,"[(0, 1), (1, 0), (0, 2), (2, 0), (3, 0), (4, 0), (1, 2), (1, 3), (4, 1), (2, 3), (2, 4), (4, 3)]"
8031,12,"[(0, 1), (1, 0), (0, 2), (2, 0), (3, 0), (4, 0), (1, 2), (1, 3), (4, 1), (2, 3), (4, 2), (3, 4)]"
8032,12,"[(0, 1), (1, 0), (0, 2), (2, 0), (3, 0), (4, 0), (1, 2), (1, 3), (4, 1), (2, 3), (4, 2), (4, 3)]"
8033,12,"[(0, 1), (1, 0), (0, 2), (2, 0), (3, 0), (4, 0), (1, 2), (1, 3), (4, 1), (3, 2), (2, 4), (3, 4)]"
8034,12,"[(0, 1), (1, 0), (0, 2), (2, 0), (3, 0), (4, 0), (1, 2), (1, 3), (4, 1), (3, 2), (2, 4), (4, 3)]"
8035,12,"[(0, 1), (1, 0), (0, 2), (2, 0), (3, 0), (4, 0), (1, 2), (1, 3), (4, 1), (3, 2), (4, 2), (3, 4)]"
8036,12,"[(0, 1), (1, 0), (0, 2), (2, 0), (3, 0), (4, 0), (1, 2), (1, 3), (4, 1), (3, 2), (4, 2), (4, 3)]"
8037,12,"[(0, 1), (1, 0), (0, 2), (2, 0), (3, 0), (4, 0), (1, 2), (3, 1), (4, 1), (2, 3), (2, 4), (3, 4)]"
8038,12,"[(0, 1), (1, 0), (0, 2), (2, 0), (3, 0), (4, 0), (1, 2), (3, 1), (4, 1), (2, 3), (4, 2), (3, 4)]"
8039,12,"[(0, 1), (1, 0), (0, 2), (2, 0), (3, 0), (4, 0), (1, 2), (3, 1), (4, 1), (2, 3), (4, 2), (4, 3)]"
8040,12,"[(0, 1), (1, 0), (0, 2), (2, 0), (3, 0), (4, 0), (1, 2), (3, 1), (4, 1), (3, 2), (4, 2), (3, 4)]"
8041,13,"[(0, 3), (3, 0), (0, 4), (4, 0), (1, 3), (3, 1), (1, 4), (4, 1), (2, 3), (3, 2), (2, 4), (3, 4), (4, 3)]"
8042,13,"[(0, 3), (3, 0), (0, 4), (4, 0), (1, 3), (3, 1), (1, 4), (4, 1), (2, 3), (3, 2), (4, 2), (3, 4), (4, 3)]"
8043,13,"[(0, 3), (3, 0), (0, 4), (4, 0), (1, 3), (3, 1), (1, 4), (4, 1), (2, 3), (3, 2), (2, 4), (4, 2), (3, 4)]"
8044,13,"[(0, 2), (2, 0), (0, 3), (0, 4), (4, 0), (1, 3), (3, 1), (1, 4), (4, 1), (2, 4), (4, 2), (3, 4), (4, 3)]"
8045,13,"[(0, 2), (2, 0), (0, 3), (3, 0), (0, 4), (4, 0), (1, 3), (1, 4), (4, 1), (2, 4), (4, 2), (3, 4), (4, 3)]"
8046,13,"[(0, 2), (2, 0), (0, 3), (3, 0), (0, 4), (4, 0), (3, 1), (1, 4), (4, 1), (2, 4), (4, 2), (3, 4), (4, 3)]"
8047,13,"[(0, 2), (2, 0), (0, 3), (3, 0), (0, 4), (4, 0), (1, 3), (3, 1), (1, 4), (4, 1), (2, 4), (3, 4), (4, 3)]"
8048,13,"[(0, 2), (2, 0), (0, 3), (3, 0), (0, 4), (4, 0), (1, 3), (3, 1), (1, 4), (4, 1), (4, 2), (3, 4), (4, 3)]"
8049,13,"[(0, 2), (2, 0), (0, 3), (3, 0), (0, 4), (4, 0), (1, 3), (3, 1), (1, 4), (4, 1), (2, 4), (4, 2), (3, 4)]"
8050,13,"[(0, 2), (2, 0), (0, 3), (3, 0), (0, 4), (4, 0), (1, 3), (3, 1), (1, 4), (4, 1), (2, 4), (4, 2), (4, 3)]"
8051,13,"[(0, 2), (2, 0), (0, 3), (3, 0), (0, 4), (4, 0), (1, 4), (2, 3), (3, 2), (2, 4), (4, 2), (3, 4), (4, 3)]"
8052,13,"[(0, 2), (2, 0), (0, 3), (3, 0), (0, 4), (4, 0), (4, 1), (2, 3), (3, 2), (2, 4), (4, 2), (3, 4), (4, 3)]"
8053,13,"[(0, 2), (2, 0), (0, 3), (3, 0), (0, 4), (4, 0), (1, 4), (4, 1), (2, 3), (2, 4), (4, 2), (3, 4), (4, 3)]"
8054,13,"[(0, 2), (2, 0), (0, 3), (3, 0), (0, 4), (4, 0), (1, 4), (4, 1), (2, 3), (3, 2), (2, 4), (4, 2), (3, 4)]"
8055,13,"[(0, 2), (2, 0), (0, 3), (3, 0), (0, 4), (4, 0), (1, 4), (4, 1), (2, 3), (3, 2), (2, 4), (4, 2), (4, 3)]"
8056,13,"[(0, 2), (0, 3), (0, 4), (1, 3), (3, 1), (1, 4), (4, 1), (2, 3), (3, 2), (2, 4), (4, 2), (3, 4), (4, 3)]"
8057,13,"[(0, 2), (0, 3), (4, 0), (1, 3), (3, 1), (1, 4), (4, 1), (2, 3), (3, 2), (2, 4), (4, 2), (3, 4), (4, 3)]"
8058,13,"[(0, 2), (3, 0), (4, 0), (1, 3), (3, 1), (1, 4), (4, 1), (2, 3), (3, 2), (2, 4), (4, 2), (3, 4), (4, 3)]"
8059,13,"[(0, 2), (0, 3), (3, 0), (0, 4), (1, 3), (1, 4), (4, 1), (2, 3), (3, 2), (2, 4), (4, 2), (3, 4), (4, 3)]"
8060,13,"[(0, 2), (0, 3), (3, 0), (0, 4), (3, 1), (1, 4), (4, 1), (2, 3), (3, 2), (2, 4), (4, 2), (3, 4), (4, 3)]"
8061,13,"[(0, 2), (0, 3), (3, 0), (0, 4), (1, 3), (3, 1), (1, 4), (2, 3), (3, 2), (2, 4), (4, 2), (3, 4), (4, 3)]"
8062,13,"[(0, 2), (0, 3), (3, 0), (0, 4), (1, 3), (3, 1), (4, 1), (2, 3), (3, 2), (2, 4), (4, 2), (3, 4), (4, 3)]"
8063,13,"[(0, 2), (0, 3), (3, 0), (0, 4), (1, 3), (3, 1), (1, 4), (4, 1), (2, 3), (2, 4), (4, 2), (3, 4), (4, 3)]"
8064,13,"[(0, 2), (0, 3), (3, 0), (0, 4), (1, 3), (3, 1), (1, 4), (4, 1), (3, 2), (2, 4), (4, 2), (3, 4), (4, 3)]"
8065,13,"[(0, 2), (0, 3), (3, 0), (0, 4), (1, 3), (3, 1), (1, 4), (4, 1), (2, 3), (3, 2), (2, 4), (3, 4), (4, 3)]"
8066,13,"[(0, 2), (0, 3), (3, 0), (0, 4), (1, 3), (3, 1), (1, 4), (4, 1), (2, 3), (3, 2), (4, 2), (3, 4), (4, 3)]"
8067,13,"[(0, 2), (0, 3), (3, 0), (0, 4), (1, 3), (3, 1), (1, 4), (4, 1), (2, 3), (3, 2), (2, 4), (4, 2), (3, 4)]"
8068,13,"[(0, 2), (0, 3), (3, 0), (0, 4), (1, 3), (3, 1), (1, 4), (4, 1), (2, 3), (3, 2), (2, 4), (4, 2), (4, 3)]"
8069,13,"[(0, 2), (0, 3), (3, 0), (4, 0), (1, 3), (1, 4), (4, 1), (2, 3), (3, 2), (2, 4), (4, 2), (3, 4), (4, 3)]"
8070,13,"[(0, 2), (0, 3), (3, 0), (4, 0), (3, 1), (1, 4), (4, 1), (2, 3), (3, 2), (2, 4), (4, 2), (3, 4), (4, 3)]"
8071,13,"[(0, 2), (0, 3), (3, 0), (4, 0), (1, 3), (3, 1), (1, 4), (2, 3), (3, 2), (2, 4), (4, 2), (3, 4), (4, 3)]"
8072,13,"[(0, 2), (0, 3), (3, 0), (4, 0), (1, 3), (3, 1), (4, 1), (2, 3), (3, 2), (2, 4), (4, 2), (3, 4), (4, 3)]"
8073,13,"[(0, 2), (0, 3), (3, 0), (4, 0), (1, 3), (3, 1), (1, 4), (4, 1), (2, 3), (2, 4), (4, 2), (3, 4), (4, 3)]"
8074,13,"[(0, 2), (0, 3), (3, 0), (4, 0), (1, 3), (3, 1), (1, 4), (4, 1), (3, 2), (2, 4), (4, 2), (3, 4), (4, 3)]"
8075,13,"[(0, 2), (0, 3), (3, 0), (4, 0), (1, 3), (3, 1), (1, 4), (4, 1), (2, 3), (3, 2), (2, 4), (3, 4), (4, 3)]"
8076,13,"[(0, 2), (0, 3), (3, 0), (4, 0), (1, 3), (3, 1), (1, 4), (4, 1), (2, 3), (3, 2), (4, 2), (3, 4), (4, 3)]"
8077,13,"[(0, 2), (0, 3), (3, 0), (4, 0), (1, 3), (3, 1), (1, 4), (4, 1), (2, 3), (3, 2), (2, 4), (4, 2), (3, 4)]"
8078,13,"[(0, 2), (0, 3), (3, 0), (4, 0), (1, 3), (3, 1), (1, 4), (4, 1), (2, 3), (3, 2), (2, 4), (4, 2), (4, 3)]"
8079,13,"[(0, 2), (0, 3), (3, 0), (0, 4), (4, 0), (1, 3), (1, 4), (2, 3), (3, 2), (2, 4), (4, 2), (3, 4), (4, 3)]"
8080,13,"[(0, 2), (0, 3), (3, 0), (0, 4), (4, 0), (1, 3), (4, 1), (2, 3), (3, 2), (2, 4), (4, 2), (3, 4), (4, 3)]"
8081,13,"[(0, 2), (0, 3), (3, 0), (0, 4), (4, 0), (3, 1), (4, 1), (2, 3), (3, 2), (2, 4), (4, 2), (3, 4), (4, 3)]"
8082,13,"[(0, 2), (0, 3), (3, 0), (0, 4), (4, 0), (1, 3), (3, 1), (1, 4), (2, 3), (2, 4), (4, 2), (3, 4), (4, 3)]"
8083,13,"[(0, 2), (0, 3), (3, 0), (0, 4), (4, 0), (1, 3), (3, 1), (1, 4), (3, 2), (2, 4), (4, 2), (3, 4), (4, 3)]"
8084,13,"[(0, 2), (0, 3), (3, 0), (0, 4), (4, 0), (1, 3), (3, 1), (1, 4), (2, 3), (3, 2), (2, 4), (3, 4), (4, 3)]"
8085,13,"[(0, 2), (0, 3), (3, 0), (0, 4), (4, 0), (1, 3), (3, 1), (1, 4), (2, 3), (3, 2), (4, 2), (3, 4), (4, 3)]"
8086,13,"[(0, 2), (0, 3), (3, 0), (0, 4), (4, 0), (1, 3), (3, 1), (1, 4), (2, 3), (3, 2), (2, 4), (4, 2), (3, 4)]"
8087,13,"[(0, 2), (0, 3), (3, 0), (0, 4), (4, 0), (1, 3), (3, 1), (1, 4), (2, 3), (3, 2), (2, 4), (4, 2), (4, 3)]"
8088,13,"[(0, 2), (0, 3), (3, 0), (0, 4), (4, 0), (1, 3), (3, 1), (4, 1), (2, 3), (2, 4), (4, 2), (3, 4), (4, 3)]"
8089,13,"[(0, 2), (0, 3), (3, 0), (0, 4), (4, 0), (1, 3), (3, 1), (4, 1), (3, 2), (2, 4), (4, 2), (3, 4), (4, 3)]"
8090,13,"[(0, 2), (0, 3), (3, 0), (0, 4), (4, 0), (1, 3), (3, 1), (4, 1), (2, 3), (3, 2), (2, 4), (3, 4), (4, 3)]"
8091,13,"[(0, 2), (0, 3), (3, 0), (0, 4), (4, 0), (1, 3), (3, 1), (4, 1), (2, 3), (3, 2), (4, 2), (3, 4), (4, 3)]"
8092,13,"[(0, 2), (0, 3), (3, 0), (0, 4), (4, 0), (1, 3), (3, 1), (4, 1), (2, 3), (3, 2), (2, 4), (4, 2), (3, 4)]"
8093,13,"[(0, 2), (0, 3), (3, 0), (0, 4), (4, 0), (1, 3), (3, 1), (4, 1), (2, 3), (3, 2), (2, 4), (4, 2), (4, 3)]"
8094,13,"[(0, 2), (0, 3), (3, 0), (0, 4), (4, 0), (1, 3), (3, 1), (1, 4), (4, 1), (2, 3), (2, 4), (3, 4), (4, 3)]"
8095,13,"[(0, 2), (0, 3), (3, 0), (0, 4), (4, 0), (1, 3), (3, 1), (1, 4), (4, 1), (2, 3), (4, 2), (3, 4), (4, 3)]"
8096,13,"[(0, 2), (0, 3), (3, 0), (0, 4), (4, 0), (1, 3), (3, 1), (1, 4), (4, 1), (3, 2), (4, 2), (3, 4), (4, 3)]"
8097,13,"[(0, 2), (0, 3), (3, 0), (0, 4), (4, 0), (1, 3), (3, 1), (1, 4), (4, 1), (2, 3), (3, 2), (2, 4), (3, 4)]"
8098,13,"[(0, 2), (0, 3), (3, 0), (0, 4), (4, 0), (1, 3), (3, 1), (1, 4), (4, 1), (2, 3), (3, 2), (2, 4), (4, 3)]"
8099,13,"[(0, 2), (0, 3), (3, 0), (0, 4), (4, 0), (1, 3), (3, 1), (1, 4), (4, 1), (2, 3), (3, 2), (4, 2), (3, 4)]"
8100,13,"[(0, 2), (0, 3), (3, 0), (0, 4), (4, 0), (1, 3), (3, 1), (1, 4), (4, 1), (2, 3), (3, 2), (4, 2), (4, 3)]"
8101,13,"[(0, 2), (2, 0), (0, 3), (3, 0), (0, 4), (1, 3), (1, 4), (4, 1), (3, 2), (2, 4), (4, 2), (3, 4), (4, 3)]"
8102,13,"[(0, 2), (2, 0), (0, 3), (3, 0), (0, 4), (1, 3), (1, 4), (4, 1), (2, 3), (3, 2), (2, 4), (3, 4), (4, 3)]"
8103,13,"[(0, 2), (2, 0), (0, 3), (3, 0), (0, 4), (1, 3), (1, 4), (4, 1), (2, 3), (3, 2), (4, 2), (3, 4), (4, 3)]"
8104,13,"[(0, 2), (2, 0), (0, 3), (3, 0), (0, 4), (3, 1), (1, 4), (4, 1), (3, 2), (2, 4), (4, 2), (3, 4), (4, 3)]"
8105,13,"[(0, 2), (2, 0), (0, 3), (3, 0), (0, 4), (3, 1), (1, 4), (4, 1), (2, 3), (3, 2), (2, 4), (3, 4), (4, 3)]"
8106,13,"[(0, 2), (2, 0), (0, 3), (3, 0), (0, 4), (3, 1), (1, 4), (4, 1), (2, 3), (3, 2), (4, 2), (3, 4), (4, 3)]"
8107,13,"[(0, 2), (2, 0), (0, 3), (3, 0), (0, 4), (1, 3), (3, 1), (1, 4), (2, 3), (2, 4), (4, 2), (3, 4), (4, 3)]"
8108,13,"[(0, 2), (2, 0), (0, 3), (3, 0), (0, 4), (1, 3), (3, 1), (1, 4), (3, 2), (2, 4), (4, 2), (3, 4), (4, 3)]"
8109,13,"[(0, 2), (2, 0), (0, 3), (3, 0), (0, 4), (1, 3), (3, 1), (1, 4), (2, 3), (3, 2), (2, 4), (3, 4), (4, 3)]"
8110,13,"[(0, 2), (2, 0), (0, 3), (3, 0), (0, 4), (1, 3), (3, 1), (1, 4), (2, 3), (3, 2), (4, 2), (3, 4), (4, 3)]"
8111,13,"[(0, 2), (2, 0), (0, 3), (3, 0), (0, 4), (1, 3), (3, 1), (4, 1), (2, 3), (2, 4), (4, 2), (3, 4), (4, 3)]"
8112,13,"[(0, 2), (2, 0), (0, 3), (3, 0), (0, 4), (1, 3), (3, 1), (4, 1), (3, 2), (2, 4), (4, 2), (3, 4), (4, 3)]"
8113,13,"[(0, 2), (2, 0), (0, 3), (3, 0), (0, 4), (1, 3), (3, 1), (4, 1), (2, 3), (3, 2), (2, 4), (3, 4), (4, 3)]"
8114,13,"[(0, 2), (2, 0), (0, 3), (3, 0), (0, 4), (1, 3), (3, 1), (4, 1), (2, 3), (3, 2), (4, 2), (3, 4), (4, 3)]"
8115,13,"[(0, 2), (2, 0), (0, 3), (3, 0), (0, 4), (1, 3), (3, 1), (1, 4), (4, 1), (2, 3), (2, 4), (3, 4), (4, 3)]"
8116,13,"[(0, 2), (2, 0), (0, 3), (3, 0), (0, 4), (1, 3), (3, 1), (1, 4), (4, 1), (2, 3), (4, 2), (3, 4), (4, 3)]"
8117,13,"[(0, 2), (2, 0), (0, 3), (3, 0), (0, 4), (1, 3), (3, 1), (1, 4), (4, 1), (2, 3), (2, 4), (4, 2), (3, 4)]"
8118,13,"[(0, 2), (2, 0), (0, 3), (3, 0), (0, 4), (1, 3), (3, 1), (1, 4), (4, 1), (3, 2), (2, 4), (3, 4), (4, 3)]"
8119,13,"[(0, 2), (2, 0), (0, 3), (3, 0), (0, 4), (1, 3), (3, 1), (1, 4), (4, 1), (3, 2), (4, 2), (3, 4), (4, 3)]"
8120,13,"[(0, 2), (2, 0), (0, 3), (3, 0), (0, 4), (1, 3), (3, 1), (1, 4), (4, 1), (3, 2), (2, 4), (4, 2), (3, 4)]"
8121,13,"[(0, 2), (2, 0), (0, 3), (3, 0), (0, 4), (1, 3), (3, 1), (1, 4), (4, 1), (3, 2), (2, 4), (4, 2), (4, 3)]"
8122,13,"[(0, 2), (2, 0), (0, 3), (3, 0), (0, 4), (1, 3), (3, 1), (1, 4), (4, 1), (2, 3), (3, 2), (2, 4), (3, 4)]"
8123,13,"[(0, 2), (2, 0), (0, 3), (3, 0), (0, 4), (1, 3), (3, 1), (1, 4), (4, 1), (2, 3), (3, 2), (2, 4), (4, 3)]"
8124,13,"[(0, 2), (2, 0), (0, 3), (3, 0), (0, 4), (1, 3), (3, 1), (1, 4), (4, 1), (2, 3), (3, 2), (4, 2), (3, 4)]"
8125,13,"[(0, 2), (2, 0), (0, 3), (3, 0), (0, 4), (1, 3), (3, 1), (1, 4), (4, 1), (2, 3), (3, 2), (4, 2), (4, 3)]"
8126,13,"[(0, 2), (2, 0), (0, 3), (3, 0), (4, 0), (1, 3), (1, 4), (4, 1), (2, 3), (3, 2), (4, 2), (3, 4), (4, 3)]"
8127,13,"[(0, 2), (2, 0), (0, 3), (3, 0), (4, 0), (3, 1), (1, 4), (4, 1), (2, 3), (3, 2), (4, 2), (3, 4), (4, 3)]"
8128,13,"[(0, 2), (2, 0), (0, 3), (3, 0), (4, 0), (1, 3), (3, 1), (1, 4), (3, 2), (2, 4), (4, 2), (3, 4), (4, 3)]"
8129,13,"[(0, 2), (2, 0), (0, 3), (3, 0), (4, 0), (1, 3), (3, 1), (1, 4), (2, 3), (3, 2), (4, 2), (3, 4), (4, 3)]"
8130,13,"[(0, 2), (2, 0), (0, 3), (3, 0), (4, 0), (1, 3), (3, 1), (4, 1), (3, 2), (2, 4), (4, 2), (3, 4), (4, 3)]"
8131,13,"[(0, 2), (2, 0), (0, 3), (3, 0), (4, 0), (1, 3), (3, 1), (4, 1), (2, 3), (3, 2), (4, 2), (3, 4), (4, 3)]"
8132,13,"[(0, 2), (2, 0), (0, 3), (3, 0), (4, 0), (1, 3), (3, 1), (1, 4), (4, 1), (2, 3), (2, 4), (3, 4), (4, 3)]"
8133,13,"[(0, 2), (2, 0), (0, 3), (3, 0), (4, 0), (1, 3), (3, 1), (1, 4), (4, 1), (2, 3), (4, 2), (3, 4), (4, 3)]"
8134,13,"[(0, 2), (2, 0), (0, 3), (3, 0), (4, 0), (1, 3), (3, 1), (1, 4), (4, 1), (3, 2), (2, 4), (3, 4), (4, 3)]"
8135,13,"[(0, 2), (2, 0), (0, 3), (3, 0), (4, 0), (1, 3), (3, 1), (1, 4), (4, 1), (3, 2), (4, 2), (3, 4), (4, 3)]"
8136,13,"[(0, 2), (2, 0), (0, 3), (3, 0), (4, 0), (1, 3), (3, 1), (1, 4), (4, 1), (3, 2), (2, 4), (4, 2), (3, 4)]"
8137,13,"[(0, 2), (2, 0), (0, 3), (3, 0), (4, 0), (1, 3), (3, 1), (1, 4), (4, 1), (2, 3), (3, 2), (4, 2), (3, 4)]"
8138,13,"[(0, 2), (2, 0), (0, 3), (3, 0), (4, 0), (1, 3), (3, 1), (1, 4), (4, 1), (2, 3), (3, 2), (4, 2), (4, 3)]"
8139,13,"[(0, 2), (2, 0), (0, 3), (3, 0), (0, 4), (4, 0), (1, 3), (1, 4), (2, 3), (3, 2), (2, 4), (3, 4), (4, 3)]"
8140,13,"[(0, 2), (2, 0), (0, 3), (3, 0), (0, 4), (4, 0), (1, 3), (1, 4), (2, 3), (3, 2), (4, 2), (3, 4), (4, 3)]"
8141,13,"[(0, 2), (2, 0), (0, 3), (3, 0), (0, 4), (4, 0), (1, 3), (1, 4), (2, 3), (3, 2), (2, 4), (4, 2), (3, 4)]"
8142,13,"[(0, 2), (2, 0), (0, 3), (3, 0), (0, 4), (4, 0), (1, 3), (4, 1), (2, 3), (2, 4), (4, 2), (3, 4), (4, 3)]"
8143,13,"[(0, 2), (2, 0), (0, 3), (3, 0), (0, 4), (4, 0), (1, 3), (4, 1), (3, 2), (2, 4), (4, 2), (3, 4), (4, 3)]"
8144,13,"[(0, 2), (2, 0), (0, 3), (3, 0), (0, 4), (4, 0), (1, 3), (4, 1), (2, 3), (3, 2), (2, 4), (3, 4), (4, 3)]"
8145,13,"[(0, 2), (2, 0), (0, 3), (3, 0), (0, 4), (4, 0), (1, 3), (4, 1), (2, 3), (3, 2), (4, 2), (3, 4), (4, 3)]"
8146,13,"[(0, 2), (2, 0), (0, 3), (3, 0), (0, 4), (4, 0), (1, 3), (4, 1), (2, 3), (3, 2), (2, 4), (4, 2), (3, 4)]"
8147,13,"[(0, 2), (2, 0), (0, 3), (3, 0), (0, 4), (4, 0), (1, 3), (4, 1), (2, 3), (3, 2), (2, 4), (4, 2), (4, 3)]"
8148,13,"[(0, 2), (2, 0), (0, 3), (3, 0), (0, 4), (4, 0), (3, 1), (4, 1), (2, 3), (3, 2), (2, 4), (3, 4), (4, 3)]"
8149,13,"[(0, 2), (2, 0), (0, 3), (3, 0), (0, 4), (4, 0), (3, 1), (4, 1), (2, 3), (3, 2), (4, 2), (3, 4), (4, 3)]"
8150,13,"[(0, 2), (2, 0), (0, 3), (3, 0), (0, 4), (4, 0), (3, 1), (4, 1), (2, 3), (3, 2), (2, 4), (4, 2), (3, 4)]"
8151,13,"[(0, 2), (2, 0), (0, 3), (3, 0), (0, 4), (4, 0), (1, 3), (3, 1), (1, 4), (2, 3), (2, 4), (3, 4), (4, 3)]"
8152,13,"[(0, 2), (2, 0), (0, 3), (3, 0), (0, 4), (4, 0), (1, 3), (3, 1), (1, 4), (2, 3), (4, 2), (3, 4), (4, 3)]"
8153,13,"[(0, 2), (2, 0), (0, 3), (3, 0), (0, 4), (4, 0), (1, 3), (3, 1), (1, 4), (2, 3), (2, 4), (4, 2), (3, 4)]"
8154,13,"[(0, 2), (2, 0), (0, 3), (3, 0), (0, 4), (4, 0), (1, 3), (3, 1), (1, 4), (2, 3), (2, 4), (4, 2), (4, 3)]"
8155,13,"[(0, 2), (2, 0), (0, 3), (3, 0), (0, 4), (4, 0), (1, 3), (3, 1), (1, 4), (3, 2), (2, 4), (3, 4), (4, 3)]"
8156,13,"[(0, 2), (2, 0), (0, 3), (3, 0), (0, 4), (4, 0), (1, 3), (3, 1), (1, 4), (3, 2), (4, 2), (3, 4), (4, 3)]"
8157,13,"[(0, 2), (2, 0), (0, 3), (3, 0), (0, 4), (4, 0), (1, 3), (3, 1), (1, 4), (3, 2), (2, 4), (4, 2), (3, 4)]"
8158,13,"[(0, 2), (2, 0), (0, 3), (3, 0), (0, 4), (4, 0), (1, 3), (3, 1), (1, 4), (3, 2), (2, 4), (4, 2), (4, 3)]"
8159,13,"[(0, 2), (2, 0), (0, 3), (3, 0), (0, 4), (4, 0), (1, 3), (3, 1), (1, 4), (2, 3), (3, 2), (2, 4), (3, 4)]"
8160,13,"[(0, 2), (2, 0), (0, 3), (3, 0), (0, 4), (4, 0), (1, 3), (3, 1), (1, 4), (2, 3), (3, 2), (2, 4), (4, 3)]"
8161,13,"[(0, 2), (2, 0), (0, 3), (3, 0), (0, 4), (4, 0), (1, 3), (3, 1), (1, 4), (2, 3), (3, 2), (4, 2), (3, 4)]"
8162,13,"[(0, 2), (2, 0), (0, 3), (3, 0), (0, 4), (4, 0), (1, 3), (3, 1), (1, 4), (2, 3), (3, 2), (4, 2), (4, 3)]"
8163,13,"[(0, 2), (2, 0), (0, 3), (3, 0), (0, 4), (4, 0), (1, 3), (3, 1), (4, 1), (2, 3), (2, 4), (3, 4), (4, 3)]"
8164,13,"[(0, 2), (2, 0), (0, 3), (3, 0), (0, 4), (4, 0), (1, 3), (3, 1), (4, 1), (2, 3), (4, 2), (3, 4), (4, 3)]"
8165,13,"[(0, 2), (2, 0), (0, 3), (3, 0), (0, 4), (4, 0), (1, 3), (3, 1), (4, 1), (2, 3), (2, 4), (4, 2), (3, 4)]"
8166,13,"[(0, 2), (2, 0), (0, 3), (3, 0), (0, 4), (4, 0), (1, 3), (3, 1), (4, 1), (2, 3), (2, 4), (4, 2), (4, 3)]"
8167,13,"[(0, 2), (2, 0), (0, 3), (3, 0), (0, 4), (4, 0), (1, 3), (3, 1), (4, 1), (3, 2), (2, 4), (3, 4), (4, 3)]"
8168,13,"[(0, 2), (2, 0), (0, 3), (3, 0), (0, 4), (4, 0), (1, 3), (3, 1), (4, 1), (3, 2), (4, 2), (3, 4), (4, 3)]"
8169,13,"[(0, 2), (2, 0), (0, 3), (3, 0), (0, 4), (4, 0), (1, 3), (3, 1), (4, 1), (3, 2), (2, 4), (4, 2), (3, 4)]"
8170,13,"[(0, 2), (2, 0), (0, 3), (3, 0), (0, 4), (4, 0), (1, 3), (3, 1), (4, 1), (3, 2), (2, 4), (4, 2), (4, 3)]"
8171,13,"[(0, 2), (2, 0), (0, 3), (3, 0), (0, 4), (4, 0), (1, 3), (3, 1), (4, 1), (2, 3), (3, 2), (2, 4), (3, 4)]"
8172,13,"[(0, 2), (2, 0), (0, 3), (3, 0), (0, 4), (4, 0), (1, 3), (3, 1), (4, 1), (2, 3), (3, 2), (2, 4), (4, 3)]"
8173,13,"[(0, 2), (2, 0), (0, 3), (3, 0), (0, 4), (4, 0), (1, 3), (3, 1), (4, 1), (2, 3), (3, 2), (4, 2), (3, 4)]"
8174,13,"[(0, 2), (2, 0), (0, 3), (3, 0), (0, 4), (4, 0), (1, 3), (3, 1), (4, 1), (2, 3), (3, 2), (4, 2), (4, 3)]"
8175,13,"[(0, 2), (2, 0), (0, 3), (3, 0), (0, 4), (4, 0), (1, 3), (3, 1), (1, 4), (4, 1), (2, 3), (2, 4), (3, 4)]"
8176,13,"[(0, 2), (2, 0), (0, 3), (3, 0), (0, 4), (4, 0), (1, 3), (3, 1), (1, 4), (4, 1), (2, 3), (4, 2), (3, 4)]"
8177,13,"[(0, 2), (2, 0), (0, 3), (3, 0), (0, 4), (4, 0), (1, 3), (3, 1), (1, 4), (4, 1), (2, 3), (4, 2), (4, 3)]"
8178,13,"[(0, 2), (2, 0), (0, 3), (3, 0), (0, 4), (4, 0), (1, 3), (3, 1), (1, 4), (4, 1), (3, 2), (4, 2), (3, 4)]"
8179,13,"[(0, 2), (2, 0), (0, 3), (3, 0), (0, 4), (4, 0), (1, 2), (2, 1), (1, 3), (1, 4), (4, 1), (2, 4), (4, 2)]"
8180,13,"[(0, 2), (2, 0), (0, 3), (3, 0), (0, 4), (4, 0), (1, 2), (2, 1), (3, 1), (1, 4), (4, 1), (2, 4), (4, 2)]"
8181,13,"[(0, 2), (2, 0), (0, 3), (3, 0), (0, 4), (4, 0), (1, 2), (2, 1), (1, 3), (3, 1), (1, 4), (2, 4), (4, 2)]"
8182,13,"[(0, 2), (2, 0), (0, 3), (3, 0), (0, 4), (4, 0), (1, 2), (2, 1), (1, 3), (3, 1), (4, 1), (2, 4), (4, 2)]"
8183,13,"[(0, 2), (2, 0), (0, 3), (3, 0), (0, 4), (4, 0), (1, 2), (2, 1), (1, 3), (3, 1), (1, 4), (4, 1), (2, 4)]"
8184,13,"[(0, 2), (2, 0), (0, 3), (0, 4), (4, 0), (1, 2), (1, 3), (1, 4), (4, 1), (2, 4), (4, 2), (3, 4), (4, 3)]"
8185,13,"[(0, 2), (2, 0), (0, 3), (0, 4), (4, 0), (1, 2), (3, 1), (1, 4), (4, 1), (2, 4), (4, 2), (3, 4), (4, 3)]"
8186,13,"[(0, 2), (2, 0), (0, 3), (0, 4), (4, 0), (1, 2), (1, 3), (3, 1), (1, 4), (2, 4), (4, 2), (3, 4), (4, 3)]"
8187,13,"[(0, 2), (2, 0), (0, 3), (0, 4), (4, 0), (1, 2), (1, 3), (3, 1), (4, 1), (2, 4), (4, 2), (3, 4), (4, 3)]"
8188,13,"[(0, 2), (2, 0), (0, 3), (0, 4), (4, 0), (1, 2), (1, 3), (3, 1), (1, 4), (4, 1), (2, 4), (4, 2), (3, 4)]"
8189,13,"[(0, 2), (2, 0), (0, 3), (0, 4), (4, 0), (1, 2), (1, 3), (3, 1), (1, 4), (4, 1), (2, 4), (4, 2), (4, 3)]"
8190,13,"[(0, 2), (2, 0), (0, 3), (0, 4), (4, 0), (2, 1), (1, 3), (1, 4), (4, 1), (2, 4), (4, 2), (3, 4), (4, 3)]"
8191,13,"[(0, 2), (2, 0), (0, 3), (0, 4), (4, 0), (2, 1), (1, 3), (3, 1), (1, 4), (4, 1), (2, 4), (3, 4), (4, 3)]"
8192,13,"[(0, 2), (2, 0), (0, 3), (0, 4), (4, 0), (2, 1), (1, 3), (3, 1), (1, 4), (4, 1), (4, 2), (3, 4), (4, 3)]"
8193,13,"[(0, 2), (2, 0), (0, 3), (0, 4), (4, 0), (2, 1), (1, 3), (3, 1), (1, 4), (4, 1), (2, 4), (4, 2), (3, 4)]"
8194,13,"[(0, 2), (2, 0), (0, 3), (0, 4), (4, 0), (2, 1), (1, 3), (3, 1), (1, 4), (4, 1), (2, 4), (4, 2), (4, 3)]"
8195,13,"[(0, 2), (2, 0), (3, 0), (0, 4), (4, 0), (1, 2), (1, 3), (1, 4), (4, 1), (2, 4), (4, 2), (3, 4), (4, 3)]"
8196,13,"[(0, 2), (2, 0), (0, 3), (3, 0), (0, 4), (1, 2), (1, 3), (1, 4), (4, 1), (2, 4), (4, 2), (3, 4), (4, 3)]"
8197,13,"[(0, 2), (2, 0), (0, 3), (3, 0), (0, 4), (1, 2), (3, 1), (1, 4), (4, 1), (2, 4), (4, 2), (3, 4), (4, 3)]"
8198,13,"[(0, 2), (2, 0), (0, 3), (3, 0), (0, 4), (2, 1), (3, 1), (1, 4), (4, 1), (2, 4), (4, 2), (3, 4), (4, 3)]"
8199,13,"[(0, 2), (2, 0), (0, 3), (3, 0), (0, 4), (1, 2), (2, 1), (1, 3), (1, 4), (4, 1), (2, 4), (3, 4), (4, 3)]"
8200,13,"[(0, 2), (2, 0), (0, 3), (3, 0), (0, 4), (1, 2), (2, 1), (1, 3), (1, 4), (4, 1), (4, 2), (3, 4), (4, 3)]"
8201,13,"[(0, 2), (2, 0), (0, 3), (3, 0), (0, 4), (1, 2), (2, 1), (3, 1), (1, 4), (4, 1), (4, 2), (3, 4), (4, 3)]"
8202,13,"[(0, 2), (2, 0), (0, 3), (3, 0), (4, 0), (1, 2), (1, 3), (1, 4), (4, 1), (2, 4), (4, 2), (3, 4), (4, 3)]"
8203,13,"[(0, 2), (2, 0), (0, 3), (3, 0), (4, 0), (1, 2), (3, 1), (1, 4), (4, 1), (2, 4), (4, 2), (3, 4), (4, 3)]"
8204,13,"[(0, 2), (2, 0), (0, 3), (3, 0), (4, 0), (2, 1), (3, 1), (1, 4), (4, 1), (2, 4), (4, 2), (3, 4), (4, 3)]"
8205,13,"[(0, 2), (2, 0), (0, 3), (3, 0), (4, 0), (1, 2), (2, 1), (1, 3), (1, 4), (4, 1), (4, 2), (3, 4), (4, 3)]"
8206,13,"[(0, 2), (2, 0), (0, 3), (3, 0), (0, 4), (4, 0), (1, 2), (1, 3), (1, 4), (2, 4), (4, 2), (3, 4), (4, 3)]"
8207,13,"[(0, 2), (2, 0), (0, 3), (3, 0), (0, 4), (4, 0), (1, 2), (1, 3), (4, 1), (2, 4), (4, 2), (3, 4), (4, 3)]"
8208,13,"[(0, 2), (2, 0), (0, 3), (3, 0), (0, 4), (4, 0), (1, 2), (1, 3), (1, 4), (4, 1), (2, 4), (4, 2), (3, 4)]"
8209,13,"[(0, 2), (2, 0), (0, 3), (3, 0), (0, 4), (4, 0), (1, 2), (1, 3), (1, 4), (4, 1), (2, 4), (4, 2), (4, 3)]"
8210,13,"[(0, 2), (2, 0), (0, 3), (3, 0), (0, 4), (4, 0), (1, 2), (3, 1), (1, 4), (2, 4), (4, 2), (3, 4), (4, 3)]"
8211,13,"[(0, 2), (2, 0), (0, 3), (3, 0), (0, 4), (4, 0), (1, 2), (3, 1), (4, 1), (2, 4), (4, 2), (3, 4), (4, 3)]"
8212,13,"[(0, 2), (2, 0), (0, 3), (3, 0), (0, 4), (4, 0), (1, 2), (3, 1), (1, 4), (4, 1), (2, 4), (3, 4), (4, 3)]"
8213,13,"[(0, 2), (2, 0), (0, 3), (3, 0), (0, 4), (4, 0), (1, 2), (3, 1), (1, 4), (4, 1), (4, 2), (3, 4), (4, 3)]"
8214,13,"[(0, 2), (2, 0), (0, 3), (3, 0), (0, 4), (4, 0), (1, 2), (3, 1), (1, 4), (4, 1), (2, 4), (4, 2), (3, 4)]"
8215,13,"[(0, 2), (2, 0), (0, 3), (3, 0), (0, 4), (4, 0), (1, 2), (3, 1), (1, 4), (4, 1), (2, 4), (4, 2), (4, 3)]"
8216,13,"[(0, 2), (2, 0), (0, 3), (3, 0), (0, 4), (4, 0), (2, 1), (3, 1), (1, 4), (2, 4), (4, 2), (3, 4), (4, 3)]"
8217,13,"[(0, 2), (2, 0), (0, 3), (3, 0), (0, 4), (4, 0), (2, 1), (3, 1), (4, 1), (2, 4), (4, 2), (3, 4), (4, 3)]"
8218,13,"[(0, 2), (2, 0), (0, 3), (3, 0), (0, 4), (4, 0), (2, 1), (3, 1), (1, 4), (4, 1), (2, 4), (4, 2), (3, 4)]"
8219,13,"[(0, 2), (2, 0), (0, 3), (3, 0), (0, 4), (4, 0), (2, 1), (3, 1), (1, 4), (4, 1), (2, 4), (4, 2), (4, 3)]"
8220,13,"[(0, 2), (2, 0), (0, 3), (3, 0), (0, 4), (4, 0), (1, 2), (2, 1), (1, 3), (1, 4), (2, 4), (3, 4), (4, 3)]"
8221,13,"[(0, 2), (2, 0), (0, 3), (3, 0), (0, 4), (4, 0), (1, 2), (2, 1), (1, 3), (1, 4), (4, 2), (3, 4), (4, 3)]"
8222,13,"[(0, 2), (2, 0), (0, 3), (3, 0), (0, 4), (4, 0), (1, 2), (2, 1), (1, 3), (1, 4), (2, 4), (4, 2), (3, 4)]"
8223,13,"[(0, 2), (2, 0), (0, 3), (3, 0), (0, 4), (4, 0), (1, 2), (2, 1), (1, 3), (1, 4), (2, 4), (4, 2), (4, 3)]"
8224,13,"[(0, 2), (2, 0), (0, 3), (3, 0), (0, 4), (4, 0), (1, 2), (2, 1), (1, 3), (4, 1), (2, 4), (3, 4), (4, 3)]"
8225,13,"[(0, 2), (2, 0), (0, 3), (3, 0), (0, 4), (4, 0), (1, 2), (2, 1), (1, 3), (4, 1), (4, 2), (3, 4), (4, 3)]"
8226,13,"[(0, 2), (2, 0), (0, 3), (3, 0), (0, 4), (4, 0), (1, 2), (2, 1), (1, 3), (4, 1), (2, 4), (4, 2), (3, 4)]"
8227,13,"[(0, 2), (2, 0), (0, 3), (3, 0), (0, 4), (4, 0), (1, 2), (2, 1), (1, 3), (4, 1), (2, 4), (4, 2), (4, 3)]"
8228,13,"[(0, 2), (2, 0), (0, 3), (3, 0), (0, 4), (4, 0), (1, 2), (2, 1), (1, 3), (1, 4), (4, 1), (2, 4), (3, 4)]"
8229,13,"[(0, 2), (2, 0), (0, 3), (3, 0), (0, 4), (4, 0), (1, 2), (2, 1), (1, 3), (1, 4), (4, 1), (2, 4), (4, 3)]"
8230,13,"[(0, 2), (2, 0), (0, 3), (3, 0), (0, 4), (4, 0), (1, 2), (2, 1), (1, 3), (1, 4), (4, 1), (4, 2), (3, 4)]"
8231,13,"[(0, 2), (2, 0), (0, 3), (3, 0), (0, 4), (4, 0), (1, 2), (2, 1), (1, 3), (1, 4), (4, 1), (4, 2), (4, 3)]"
8232,13,"[(0, 2), (2, 0), (0, 3), (3, 0), (0, 4), (4, 0), (1, 2), (2, 1), (3, 1), (1, 4), (2, 4), (3, 4), (4, 3)]"
8233,13,"[(0, 2), (2, 0), (0, 3), (3, 0), (0, 4), (4, 0), (1, 2), (2, 1), (3, 1), (1, 4), (4, 2), (3, 4), (4, 3)]"
8234,13,"[(0, 2), (2, 0), (0, 3), (3, 0), (0, 4), (4, 0), (1, 2), (2, 1), (3, 1), (4, 1), (2, 4), (3, 4), (4, 3)]"
8235,13,"[(0, 2), (2, 0), (0, 3), (3, 0), (0, 4), (4, 0), (1, 2), (2, 1), (3, 1), (4, 1), (4, 2), (3, 4), (4, 3)]"
8236,13,"[(0, 2), (2, 0), (0, 3), (3, 0), (0, 4), (4, 0), (1, 2), (2, 1), (3, 1), (1, 4), (4, 1), (2, 4), (3, 4)]"
8237,13,"[(0, 2), (2, 0), (0, 3), (3, 0), (0, 4), (4, 0), (1, 2), (2, 1), (3, 1), (1, 4), (4, 1), (2, 4), (4, 3)]"
8238,13,"[(0, 2), (2, 0), (0, 3), (3, 0), (0, 4), (4, 0), (1, 2), (2, 1), (3, 1), (1, 4), (4, 1), (4, 2), (3, 4)]"
8239,13,"[(0, 2), (2, 0), (0, 3), (3, 0), (0, 4), (4, 0), (1, 2), (2, 1), (3, 1), (1, 4), (4, 1), (4, 2), (4, 3)]"
8240,13,"[(0, 2), (2, 0), (0, 3), (3, 0), (0, 4), (4, 0), (1, 2), (2, 1), (1, 3), (3, 1), (1, 4), (2, 4), (3, 4)]"
8241,13,"[(0, 2), (2, 0), (0, 3), (3, 0), (0, 4), (4, 0), (1, 2), (2, 1), (1, 3), (3, 1), (1, 4), (2, 4), (4, 3)]"
8242,13,"[(0, 2), (2, 0), (0, 3), (3, 0), (0, 4), (4, 0), (1, 2), (2, 1), (1, 3), (3, 1), (1, 4), (4, 2), (4, 3)]"
8243,13,"[(0, 2), (2, 0), (0, 3), (3, 0), (0, 4), (4, 0), (1, 2), (2, 1), (1, 3), (3, 1), (4, 1), (2, 4), (3, 4)]"
8244,13,"[(0, 2), (2, 0), (0, 3), (3, 0), (0, 4), (4, 0), (1, 2), (2, 1), (1, 3), (3, 1), (4, 1), (2, 4), (4, 3)]"
8245,13,"[(0, 2), (2, 0), (0, 3), (3, 0), (0, 4), (4, 0), (1, 2), (2, 1), (1, 3), (3, 1), (4, 1), (4, 2), (4, 3)]"
8246,13,"[(0, 2), (2, 0), (0, 3), (0, 4), (1, 2), (1, 3), (1, 4), (2, 3), (3, 2), (2, 4), (4, 2), (3, 4), (4, 3)]"
8247,13,"[(0, 2), (2, 0), (0, 3), (0, 4), (1, 2), (1, 3), (4, 1), (2, 3), (3, 2), (2, 4), (4, 2), (3, 4), (4, 3)]"
8248,13,"[(0, 2), (2, 0), (0, 3), (0, 4), (1, 2), (3, 1), (4, 1), (2, 3), (3, 2), (2, 4), (4, 2), (3, 4), (4, 3)]"
8249,13,"[(0, 2), (2, 0), (0, 3), (0, 4), (1, 2), (1, 3), (3, 1), (1, 4), (2, 3), (2, 4), (4, 2), (3, 4), (4, 3)]"
8250,13,"[(0, 2), (2, 0), (0, 3), (0, 4), (1, 2), (1, 3), (3, 1), (1, 4), (2, 3), (3, 2), (2, 4), (4, 2), (3, 4)]"
8251,13,"[(0, 2), (2, 0), (0, 3), (0, 4), (1, 2), (1, 3), (3, 1), (1, 4), (2, 3), (3, 2), (2, 4), (4, 2), (4, 3)]"
8252,13,"[(0, 2), (2, 0), (0, 3), (0, 4), (1, 2), (1, 3), (3, 1), (4, 1), (2, 3), (2, 4), (4, 2), (3, 4), (4, 3)]"
8253,13,"[(0, 2), (2, 0), (0, 3), (0, 4), (1, 2), (1, 3), (3, 1), (4, 1), (3, 2), (2, 4), (4, 2), (3, 4), (4, 3)]"
8254,13,"[(0, 2), (2, 0), (0, 3), (0, 4), (1, 2), (1, 3), (3, 1), (4, 1), (2, 3), (3, 2), (2, 4), (3, 4), (4, 3)]"
8255,13,"[(0, 2), (2, 0), (0, 3), (0, 4), (1, 2), (1, 3), (3, 1), (4, 1), (2, 3), (3, 2), (4, 2), (3, 4), (4, 3)]"
8256,13,"[(0, 2), (2, 0), (0, 3), (0, 4), (1, 2), (1, 3), (3, 1), (4, 1), (2, 3), (3, 2), (2, 4), (4, 2), (3, 4)]"
8257,13,"[(0, 2), (2, 0), (0, 3), (0, 4), (1, 2), (1, 3), (3, 1), (4, 1), (2, 3), (3, 2), (2, 4), (4, 2), (4, 3)]"
8258,13,"[(0, 2), (2, 0), (0, 3), (0, 4), (2, 1), (1, 3), (1, 4), (2, 3), (3, 2), (2, 4), (4, 2), (3, 4), (4, 3)]"
8259,13,"[(0, 2), (2, 0), (0, 3), (0, 4), (2, 1), (1, 3), (4, 1), (2, 3), (3, 2), (2, 4), (4, 2), (3, 4), (4, 3)]"
8260,13,"[(0, 2), (2, 0), (0, 3), (0, 4), (2, 1), (3, 1), (4, 1), (2, 3), (3, 2), (2, 4), (4, 2), (3, 4), (4, 3)]"
8261,13,"[(0, 2), (2, 0), (0, 3), (0, 4), (2, 1), (1, 3), (3, 1), (1, 4), (2, 3), (2, 4), (4, 2), (3, 4), (4, 3)]"
8262,13,"[(0, 2), (2, 0), (0, 3), (0, 4), (2, 1), (1, 3), (3, 1), (1, 4), (3, 2), (2, 4), (4, 2), (3, 4), (4, 3)]"
8263,13,"[(0, 2), (2, 0), (0, 3), (0, 4), (2, 1), (1, 3), (3, 1), (1, 4), (2, 3), (3, 2), (2, 4), (3, 4), (4, 3)]"
8264,13,"[(0, 2), (2, 0), (0, 3), (0, 4), (2, 1), (1, 3), (3, 1), (1, 4), (2, 3), (3, 2), (4, 2), (3, 4), (4, 3)]"
8265,13,"[(0, 2), (2, 0), (0, 3), (0, 4), (2, 1), (1, 3), (3, 1), (1, 4), (2, 3), (3, 2), (2, 4), (4, 2), (3, 4)]"
8266,13,"[(0, 2), (2, 0), (0, 3), (0, 4), (2, 1), (1, 3), (3, 1), (1, 4), (2, 3), (3, 2), (2, 4), (4, 2), (4, 3)]"
8267,13,"[(0, 2), (2, 0), (0, 3), (0, 4), (2, 1), (1, 3), (3, 1), (4, 1), (2, 3), (2, 4), (4, 2), (3, 4), (4, 3)]"
8268,13,"[(0, 2), (2, 0), (0, 3), (0, 4), (2, 1), (1, 3), (3, 1), (4, 1), (3, 2), (2, 4), (4, 2), (3, 4), (4, 3)]"
8269,13,"[(0, 2), (2, 0), (0, 3), (0, 4), (2, 1), (1, 3), (3, 1), (4, 1), (2, 3), (3, 2), (2, 4), (3, 4), (4, 3)]"
8270,13,"[(0, 2), (2, 0), (0, 3), (0, 4), (2, 1), (1, 3), (3, 1), (4, 1), (2, 3), (3, 2), (4, 2), (3, 4), (4, 3)]"
8271,13,"[(0, 2), (2, 0), (0, 3), (0, 4), (2, 1), (1, 3), (3, 1), (4, 1), (2, 3), (3, 2), (2, 4), (4, 2), (3, 4)]"
8272,13,"[(0, 2), (2, 0), (0, 3), (0, 4), (2, 1), (1, 3), (3, 1), (4, 1), (2, 3), (3, 2), (2, 4), (4, 2), (4, 3)]"
8273,13,"[(0, 2), (2, 0), (0, 3), (0, 4), (1, 2), (2, 1), (1, 3), (1, 4), (2, 3), (3, 2), (2, 4), (3, 4), (4, 3)]"
8274,13,"[(0, 2), (2, 0), (0, 3), (0, 4), (1, 2), (2, 1), (1, 3), (1, 4), (2, 3), (3, 2), (4, 2), (3, 4), (4, 3)]"
8275,13,"[(0, 2), (2, 0), (0, 3), (0, 4), (1, 2), (2, 1), (1, 3), (1, 4), (2, 3), (3, 2), (2, 4), (4, 2), (3, 4)]"
8276,13,"[(0, 2), (2, 0), (0, 3), (0, 4), (1, 2), (2, 1), (1, 3), (4, 1), (2, 3), (2, 4), (4, 2), (3, 4), (4, 3)]"
8277,13,"[(0, 2), (2, 0), (0, 3), (0, 4), (1, 2), (2, 1), (1, 3), (4, 1), (3, 2), (2, 4), (4, 2), (3, 4), (4, 3)]"
8278,13,"[(0, 2), (2, 0), (0, 3), (0, 4), (1, 2), (2, 1), (1, 3), (4, 1), (2, 3), (3, 2), (2, 4), (3, 4), (4, 3)]"
8279,13,"[(0, 2), (2, 0), (0, 3), (0, 4), (1, 2), (2, 1), (1, 3), (4, 1), (2, 3), (3, 2), (4, 2), (3, 4), (4, 3)]"
8280,13,"[(0, 2), (2, 0), (0, 3), (0, 4), (1, 2), (2, 1), (1, 3), (4, 1), (2, 3), (3, 2), (2, 4), (4, 2), (3, 4)]"
8281,13,"[(0, 2), (2, 0), (0, 3), (0, 4), (1, 2), (2, 1), (1, 3), (4, 1), (2, 3), (3, 2), (2, 4), (4, 2), (4, 3)]"
8282,13,"[(0, 2), (2, 0), (0, 3), (0, 4), (1, 2), (2, 1), (3, 1), (4, 1), (2, 3), (3, 2), (2, 4), (3, 4), (4, 3)]"
8283,13,"[(0, 2), (2, 0), (0, 3), (0, 4), (1, 2), (2, 1), (3, 1), (4, 1), (2, 3), (3, 2), (4, 2), (3, 4), (4, 3)]"
8284,13,"[(0, 2), (2, 0), (0, 3), (0, 4), (1, 2), (2, 1), (3, 1), (4, 1), (2, 3), (3, 2), (2, 4), (4, 2), (3, 4)]"
8285,13,"[(0, 2), (2, 0), (0, 3), (4, 0), (1, 2), (1, 3), (1, 4), (2, 3), (3, 2), (2, 4), (4, 2), (3, 4), (4, 3)]"
8286,13,"[(0, 2), (2, 0), (0, 3), (4, 0), (1, 2), (1, 3), (4, 1), (2, 3), (3, 2), (2, 4), (4, 2), (3, 4), (4, 3)]"
8287,13,"[(0, 2), (2, 0), (0, 3), (4, 0), (1, 2), (3, 1), (1, 4), (2, 3), (3, 2), (2, 4), (4, 2), (3, 4), (4, 3)]"
8288,13,"[(0, 2), (2, 0), (0, 3), (4, 0), (1, 2), (3, 1), (4, 1), (2, 3), (3, 2), (2, 4), (4, 2), (3, 4), (4, 3)]"
8289,13,"[(0, 2), (2, 0), (0, 3), (4, 0), (1, 2), (3, 1), (1, 4), (4, 1), (2, 3), (2, 4), (4, 2), (3, 4), (4, 3)]"
8290,13,"[(0, 2), (2, 0), (0, 3), (4, 0), (1, 2), (3, 1), (1, 4), (4, 1), (3, 2), (2, 4), (4, 2), (3, 4), (4, 3)]"
8291,13,"[(0, 2), (2, 0), (0, 3), (4, 0), (1, 2), (3, 1), (1, 4), (4, 1), (2, 3), (3, 2), (2, 4), (3, 4), (4, 3)]"
8292,13,"[(0, 2), (2, 0), (0, 3), (4, 0), (1, 2), (3, 1), (1, 4), (4, 1), (2, 3), (3, 2), (4, 2), (3, 4), (4, 3)]"
8293,13,"[(0, 2), (2, 0), (0, 3), (4, 0), (1, 2), (3, 1), (1, 4), (4, 1), (2, 3), (3, 2), (2, 4), (4, 2), (3, 4)]"
8294,13,"[(0, 2), (2, 0), (0, 3), (4, 0), (1, 2), (3, 1), (1, 4), (4, 1), (2, 3), (3, 2), (2, 4), (4, 2), (4, 3)]"
8295,13,"[(0, 2), (2, 0), (0, 3), (4, 0), (1, 2), (1, 3), (3, 1), (4, 1), (2, 3), (2, 4), (4, 2), (3, 4), (4, 3)]"
8296,13,"[(0, 2), (2, 0), (0, 3), (4, 0), (1, 2), (1, 3), (3, 1), (4, 1), (2, 3), (3, 2), (2, 4), (4, 2), (3, 4)]"
8297,13,"[(0, 2), (2, 0), (0, 3), (4, 0), (1, 2), (1, 3), (3, 1), (4, 1), (2, 3), (3, 2), (2, 4), (4, 2), (4, 3)]"
8298,13,"[(0, 2), (2, 0), (0, 3), (4, 0), (2, 1), (1, 3), (1, 4), (2, 3), (3, 2), (2, 4), (4, 2), (3, 4), (4, 3)]"
8299,13,"[(0, 2), (2, 0), (0, 3), (4, 0), (2, 1), (1, 3), (4, 1), (2, 3), (3, 2), (2, 4), (4, 2), (3, 4), (4, 3)]"
8300,13,"[(0, 2), (2, 0), (0, 3), (4, 0), (2, 1), (1, 3), (1, 4), (4, 1), (2, 3), (3, 2), (2, 4), (3, 4), (4, 3)]"
8301,13,"[(0, 2), (2, 0), (0, 3), (4, 0), (2, 1), (1, 3), (1, 4), (4, 1), (2, 3), (3, 2), (2, 4), (4, 2), (3, 4)]"
8302,13,"[(0, 2), (2, 0), (0, 3), (4, 0), (2, 1), (1, 3), (1, 4), (4, 1), (2, 3), (3, 2), (2, 4), (4, 2), (4, 3)]"
8303,13,"[(0, 2), (2, 0), (0, 3), (4, 0), (2, 1), (3, 1), (1, 4), (2, 3), (3, 2), (2, 4), (4, 2), (3, 4), (4, 3)]"
8304,13,"[(0, 2), (2, 0), (0, 3), (4, 0), (2, 1), (3, 1), (4, 1), (2, 3), (3, 2), (2, 4), (4, 2), (3, 4), (4, 3)]"
8305,13,"[(0, 2), (2, 0), (0, 3), (4, 0), (2, 1), (3, 1), (1, 4), (4, 1), (2, 3), (2, 4), (4, 2), (3, 4), (4, 3)]"
8306,13,"[(0, 2), (2, 0), (0, 3), (4, 0), (2, 1), (3, 1), (1, 4), (4, 1), (3, 2), (2, 4), (4, 2), (3, 4), (4, 3)]"
8307,13,"[(0, 2), (2, 0), (0, 3), (4, 0), (2, 1), (3, 1), (1, 4), (4, 1), (2, 3), (3, 2), (2, 4), (3, 4), (4, 3)]"
8308,13,"[(0, 2), (2, 0), (0, 3), (4, 0), (2, 1), (3, 1), (1, 4), (4, 1), (2, 3), (3, 2), (4, 2), (3, 4), (4, 3)]"
8309,13,"[(0, 2), (2, 0), (0, 3), (4, 0), (2, 1), (3, 1), (1, 4), (4, 1), (2, 3), (3, 2), (2, 4), (4, 2), (3, 4)]"
8310,13,"[(0, 2), (2, 0), (0, 3), (4, 0), (2, 1), (3, 1), (1, 4), (4, 1), (2, 3), (3, 2), (2, 4), (4, 2), (4, 3)]"
8311,13,"[(0, 2), (2, 0), (0, 3), (4, 0), (2, 1), (1, 3), (3, 1), (4, 1), (2, 3), (2, 4), (4, 2), (3, 4), (4, 3)]"
8312,13,"[(0, 2), (2, 0), (0, 3), (4, 0), (2, 1), (1, 3), (3, 1), (4, 1), (3, 2), (2, 4), (4, 2), (3, 4), (4, 3)]"
8313,13,"[(0, 2), (2, 0), (0, 3), (4, 0), (2, 1), (1, 3), (3, 1), (4, 1), (2, 3), (3, 2), (2, 4), (3, 4), (4, 3)]"
8314,13,"[(0, 2), (2, 0), (0, 3), (4, 0), (2, 1), (1, 3), (3, 1), (4, 1), (2, 3), (3, 2), (4, 2), (3, 4), (4, 3)]"
8315,13,"[(0, 2), (2, 0), (0, 3), (4, 0), (2, 1), (1, 3), (3, 1), (4, 1), (2, 3), (3, 2), (2, 4), (4, 2), (3, 4)]"
8316,13,"[(0, 2), (2, 0), (0, 3), (4, 0), (2, 1), (1, 3), (3, 1), (4, 1), (2, 3), (3, 2), (2, 4), (4, 2), (4, 3)]"
8317,13,"[(0, 2), (2, 0), (0, 3), (4, 0), (1, 2), (2, 1), (1, 3), (4, 1), (2, 3), (2, 4), (4, 2), (3, 4), (4, 3)]"
8318,13,"[(0, 2), (2, 0), (0, 3), (4, 0), (1, 2), (2, 1), (1, 3), (4, 1), (3, 2), (2, 4), (4, 2), (3, 4), (4, 3)]"
8319,13,"[(0, 2), (2, 0), (0, 3), (4, 0), (1, 2), (2, 1), (1, 3), (4, 1), (2, 3), (3, 2), (2, 4), (3, 4), (4, 3)]"
8320,13,"[(0, 2), (2, 0), (0, 3), (4, 0), (1, 2), (2, 1), (1, 3), (4, 1), (2, 3), (3, 2), (4, 2), (3, 4), (4, 3)]"
8321,13,"[(0, 2), (2, 0), (0, 3), (4, 0), (1, 2), (2, 1), (1, 3), (4, 1), (2, 3), (3, 2), (2, 4), (4, 2), (3, 4)]"
8322,13,"[(0, 2), (2, 0), (0, 3), (4, 0), (1, 2), (2, 1), (1, 3), (4, 1), (2, 3), (3, 2), (2, 4), (4, 2), (4, 3)]"
8323,13,"[(0, 2), (2, 0), (0, 3), (4, 0), (1, 2), (2, 1), (3, 1), (1, 4), (2, 3), (3, 2), (2, 4), (3, 4), (4, 3)]"
8324,13,"[(0, 2), (2, 0), (0, 3), (4, 0), (1, 2), (2, 1), (3, 1), (1, 4), (2, 3), (3, 2), (4, 2), (3, 4), (4, 3)]"
8325,13,"[(0, 2), (2, 0), (0, 3), (4, 0), (1, 2), (2, 1), (3, 1), (1, 4), (2, 3), (3, 2), (2, 4), (4, 2), (3, 4)]"
8326,13,"[(0, 2), (2, 0), (0, 3), (4, 0), (1, 2), (2, 1), (3, 1), (4, 1), (2, 3), (2, 4), (4, 2), (3, 4), (4, 3)]"
8327,13,"[(0, 2), (2, 0), (0, 3), (4, 0), (1, 2), (2, 1), (3, 1), (4, 1), (3, 2), (2, 4), (4, 2), (3, 4), (4, 3)]"
8328,13,"[(0, 2), (2, 0), (0, 3), (4, 0), (1, 2), (2, 1), (3, 1), (4, 1), (2, 3), (3, 2), (2, 4), (3, 4), (4, 3)]"
8329,13,"[(0, 2), (2, 0), (0, 3), (4, 0), (1, 2), (2, 1), (3, 1), (4, 1), (2, 3), (3, 2), (4, 2), (3, 4), (4, 3)]"
8330,13,"[(0, 2), (2, 0), (0, 3), (4, 0), (1, 2), (2, 1), (3, 1), (4, 1), (2, 3), (3, 2), (2, 4), (4, 2), (3, 4)]"
8331,13,"[(0, 2), (2, 0), (0, 3), (4, 0), (1, 2), (2, 1), (3, 1), (4, 1), (2, 3), (3, 2), (2, 4), (4, 2), (4, 3)]"
8332,13,"[(0, 2), (2, 0), (3, 0), (4, 0), (1, 2), (1, 3), (1, 4), (2, 3), (3, 2), (2, 4), (4, 2), (3, 4), (4, 3)]"
8333,13,"[(0, 2), (2, 0), (3, 0), (4, 0), (1, 2), (1, 3), (4, 1), (2, 3), (3, 2), (2, 4), (4, 2), (3, 4), (4, 3)]"
8334,13,"[(0, 2), (2, 0), (3, 0), (4, 0), (1, 2), (3, 1), (4, 1), (2, 3), (3, 2), (2, 4), (4, 2), (3, 4), (4, 3)]"
8335,13,"[(0, 2), (2, 0), (3, 0), (4, 0), (2, 1), (1, 3), (1, 4), (2, 3), (3, 2), (2, 4), (4, 2), (3, 4), (4, 3)]"
8336,13,"[(0, 2), (2, 0), (3, 0), (4, 0), (2, 1), (1, 3), (4, 1), (2, 3), (3, 2), (2, 4), (4, 2), (3, 4), (4, 3)]"
8337,13,"[(0, 2), (2, 0), (3, 0), (4, 0), (2, 1), (3, 1), (4, 1), (2, 3), (3, 2), (2, 4), (4, 2), (3, 4), (4, 3)]"
8338,13,"[(0, 2), (2, 0), (3, 0), (4, 0), (2, 1), (1, 3), (3, 1), (4, 1), (2, 3), (2, 4), (4, 2), (3, 4), (4, 3)]"
8339,13,"[(0, 2), (2, 0), (3, 0), (4, 0), (2, 1), (1, 3), (3, 1), (4, 1), (2, 3), (3, 2), (2, 4), (4, 2), (3, 4)]"
8340,13,"[(0, 2), (2, 0), (3, 0), (4, 0), (2, 1), (1, 3), (3, 1), (4, 1), (2, 3), (3, 2), (2, 4), (4, 2), (4, 3)]"
8341,13,"[(0, 2), (2, 0), (3, 0), (4, 0), (1, 2), (2, 1), (3, 1), (4, 1), (2, 3), (3, 2), (2, 4), (3, 4), (4, 3)]"
8342,13,"[(0, 2), (2, 0), (3, 0), (4, 0), (1, 2), (2, 1), (3, 1), (4, 1), (2, 3), (3, 2), (4, 2), (3, 4), (4, 3)]"
8343,13,"[(0, 2), (2, 0), (3, 0), (4, 0), (1, 2), (2, 1), (3, 1), (4, 1), (2, 3), (3, 2), (2, 4), (4, 2), (3, 4)]"
8344,13,"[(0, 2), (2, 0), (0, 3), (3, 0), (0, 4), (1, 2), (1, 3), (1, 4), (2, 3), (2, 4), (4, 2), (3, 4), (4, 3)]"
8345,13,"[(0, 2), (2, 0), (0, 3), (3, 0), (0, 4), (1, 2), (1, 3), (1, 4), (2, 3), (3, 2), (2, 4), (4, 2), (3, 4)]"
8346,13,"[(0, 2), (2, 0), (0, 3), (3, 0), (0, 4), (1, 2), (1, 3), (1, 4), (2, 3), (3, 2), (2, 4), (4, 2), (4, 3)]"
8347,13,"[(0, 2), (2, 0), (0, 3), (3, 0), (0, 4), (1, 2), (1, 3), (4, 1), (2, 3), (2, 4), (4, 2), (3, 4), (4, 3)]"
8348,13,"[(0, 2), (2, 0), (0, 3), (3, 0), (0, 4), (1, 2), (1, 3), (4, 1), (2, 3), (3, 2), (2, 4), (4, 2), (3, 4)]"
8349,13,"[(0, 2), (2, 0), (0, 3), (3, 0), (0, 4), (1, 2), (1, 3), (4, 1), (2, 3), (3, 2), (2, 4), (4, 2), (4, 3)]"
8350,13,"[(0, 2), (2, 0), (0, 3), (3, 0), (0, 4), (1, 2), (1, 3), (1, 4), (4, 1), (2, 3), (2, 4), (3, 4), (4, 3)]"
8351,13,"[(0, 2), (2, 0), (0, 3), (3, 0), (0, 4), (1, 2), (1, 3), (1, 4), (4, 1), (2, 3), (4, 2), (3, 4), (4, 3)]"
8352,13,"[(0, 2), (2, 0), (0, 3), (3, 0), (0, 4), (1, 2), (1, 3), (1, 4), (4, 1), (2, 3), (2, 4), (4, 2), (3, 4)]"
8353,13,"[(0, 2), (2, 0), (0, 3), (3, 0), (0, 4), (1, 2), (1, 3), (1, 4), (4, 1), (2, 3), (2, 4), (4, 2), (4, 3)]"
8354,13,"[(0, 2), (2, 0), (0, 3), (3, 0), (0, 4), (1, 2), (1, 3), (1, 4), (4, 1), (2, 3), (3, 2), (2, 4), (3, 4)]"
8355,13,"[(0, 2), (2, 0), (0, 3), (3, 0), (0, 4), (1, 2), (1, 3), (1, 4), (4, 1), (2, 3), (3, 2), (2, 4), (4, 3)]"
8356,13,"[(0, 2), (2, 0), (0, 3), (3, 0), (0, 4), (1, 2), (1, 3), (1, 4), (4, 1), (2, 3), (3, 2), (4, 2), (4, 3)]"
8357,13,"[(0, 2), (2, 0), (0, 3), (3, 0), (0, 4), (1, 2), (3, 1), (1, 4), (2, 3), (2, 4), (4, 2), (3, 4), (4, 3)]"
8358,13,"[(0, 2), (2, 0), (0, 3), (3, 0), (0, 4), (1, 2), (3, 1), (1, 4), (3, 2), (2, 4), (4, 2), (3, 4), (4, 3)]"
8359,13,"[(0, 2), (2, 0), (0, 3), (3, 0), (0, 4), (1, 2), (3, 1), (1, 4), (2, 3), (3, 2), (2, 4), (3, 4), (4, 3)]"
8360,13,"[(0, 2), (2, 0), (0, 3), (3, 0), (0, 4), (1, 2), (3, 1), (1, 4), (2, 3), (3, 2), (4, 2), (3, 4), (4, 3)]"
8361,13,"[(0, 2), (2, 0), (0, 3), (3, 0), (0, 4), (1, 2), (3, 1), (1, 4), (2, 3), (3, 2), (2, 4), (4, 2), (3, 4)]"
8362,13,"[(0, 2), (2, 0), (0, 3), (3, 0), (0, 4), (1, 2), (3, 1), (1, 4), (2, 3), (3, 2), (2, 4), (4, 2), (4, 3)]"
8363,13,"[(0, 2), (2, 0), (0, 3), (3, 0), (0, 4), (1, 2), (3, 1), (4, 1), (2, 3), (2, 4), (4, 2), (3, 4), (4, 3)]"
8364,13,"[(0, 2), (2, 0), (0, 3), (3, 0), (0, 4), (1, 2), (3, 1), (4, 1), (3, 2), (2, 4), (4, 2), (3, 4), (4, 3)]"
8365,13,"[(0, 2), (2, 0), (0, 3), (3, 0), (0, 4), (1, 2), (3, 1), (4, 1), (2, 3), (3, 2), (2, 4), (3, 4), (4, 3)]"
8366,13,"[(0, 2), (2, 0), (0, 3), (3, 0), (0, 4), (1, 2), (3, 1), (4, 1), (2, 3), (3, 2), (4, 2), (3, 4), (4, 3)]"
8367,13,"[(0, 2), (2, 0), (0, 3), (3, 0), (0, 4), (1, 2), (3, 1), (4, 1), (2, 3), (3, 2), (2, 4), (4, 2), (3, 4)]"
8368,13,"[(0, 2), (2, 0), (0, 3), (3, 0), (0, 4), (1, 2), (3, 1), (4, 1), (2, 3), (3, 2), (2, 4), (4, 2), (4, 3)]"
8369,13,"[(0, 2), (2, 0), (0, 3), (3, 0), (0, 4), (1, 2), (3, 1), (1, 4), (4, 1), (2, 3), (2, 4), (3, 4), (4, 3)]"
8370,13,"[(0, 2), (2, 0), (0, 3), (3, 0), (0, 4), (1, 2), (3, 1), (1, 4), (4, 1), (2, 3), (4, 2), (3, 4), (4, 3)]"
8371,13,"[(0, 2), (2, 0), (0, 3), (3, 0), (0, 4), (1, 2), (3, 1), (1, 4), (4, 1), (2, 3), (2, 4), (4, 2), (3, 4)]"
8372,13,"[(0, 2), (2, 0), (0, 3), (3, 0), (0, 4), (1, 2), (3, 1), (1, 4), (4, 1), (2, 3), (2, 4), (4, 2), (4, 3)]"
8373,13,"[(0, 2), (2, 0), (0, 3), (3, 0), (0, 4), (1, 2), (3, 1), (1, 4), (4, 1), (3, 2), (2, 4), (3, 4), (4, 3)]"
8374,13,"[(0, 2), (2, 0), (0, 3), (3, 0), (0, 4), (1, 2), (3, 1), (1, 4), (4, 1), (3, 2), (4, 2), (3, 4), (4, 3)]"
8375,13,"[(0, 2), (2, 0), (0, 3), (3, 0), (0, 4), (1, 2), (3, 1), (1, 4), (4, 1), (3, 2), (2, 4), (4, 2), (3, 4)]"
8376,13,"[(0, 2), (2, 0), (0, 3), (3, 0), (0, 4), (1, 2), (3, 1), (1, 4), (4, 1), (3, 2), (2, 4), (4, 2), (4, 3)]"
8377,13,"[(0, 2), (2, 0), (0, 3), (3, 0), (0, 4), (1, 2), (3, 1), (1, 4), (4, 1), (2, 3), (3, 2), (2, 4), (3, 4)]"
8378,13,"[(0, 2), (2, 0), (0, 3), (3, 0), (0, 4), (1, 2), (3, 1), (1, 4), (4, 1), (2, 3), (3, 2), (2, 4), (4, 3)]"
8379,13,"[(0, 2), (2, 0), (0, 3), (3, 0), (0, 4), (1, 2), (3, 1), (1, 4), (4, 1), (2, 3), (3, 2), (4, 2), (3, 4)]"
8380,13,"[(0, 2), (2, 0), (0, 3), (3, 0), (0, 4), (1, 2), (3, 1), (1, 4), (4, 1), (2, 3), (3, 2), (4, 2), (4, 3)]"
8381,13,"[(0, 2), (2, 0), (0, 3), (3, 0), (0, 4), (2, 1), (3, 1), (1, 4), (2, 3), (2, 4), (4, 2), (3, 4), (4, 3)]"
8382,13,"[(0, 2), (2, 0), (0, 3), (3, 0), (0, 4), (2, 1), (3, 1), (1, 4), (2, 3), (3, 2), (2, 4), (4, 2), (3, 4)]"
8383,13,"[(0, 2), (2, 0), (0, 3), (3, 0), (0, 4), (2, 1), (3, 1), (1, 4), (2, 3), (3, 2), (2, 4), (4, 2), (4, 3)]"
8384,13,"[(0, 2), (2, 0), (0, 3), (3, 0), (0, 4), (2, 1), (3, 1), (4, 1), (2, 3), (2, 4), (4, 2), (3, 4), (4, 3)]"
8385,13,"[(0, 2), (2, 0), (0, 3), (3, 0), (0, 4), (2, 1), (3, 1), (4, 1), (2, 3), (3, 2), (2, 4), (4, 2), (3, 4)]"
8386,13,"[(0, 2), (2, 0), (0, 3), (3, 0), (0, 4), (2, 1), (3, 1), (4, 1), (2, 3), (3, 2), (2, 4), (4, 2), (4, 3)]"
8387,13,"[(0, 2), (2, 0), (0, 3), (3, 0), (0, 4), (2, 1), (3, 1), (1, 4), (4, 1), (2, 3), (2, 4), (3, 4), (4, 3)]"
8388,13,"[(0, 2), (2, 0), (0, 3), (3, 0), (0, 4), (2, 1), (3, 1), (1, 4), (4, 1), (2, 3), (4, 2), (3, 4), (4, 3)]"
8389,13,"[(0, 2), (2, 0), (0, 3), (3, 0), (0, 4), (2, 1), (3, 1), (1, 4), (4, 1), (2, 3), (2, 4), (4, 2), (3, 4)]"
8390,13,"[(0, 2), (2, 0), (0, 3), (3, 0), (0, 4), (2, 1), (3, 1), (1, 4), (4, 1), (2, 3), (2, 4), (4, 2), (4, 3)]"
8391,13,"[(0, 2), (2, 0), (0, 3), (3, 0), (0, 4), (2, 1), (3, 1), (1, 4), (4, 1), (2, 3), (3, 2), (2, 4), (3, 4)]"
8392,13,"[(0, 2), (2, 0), (0, 3), (3, 0), (0, 4), (2, 1), (3, 1), (1, 4), (4, 1), (2, 3), (3, 2), (2, 4), (4, 3)]"
8393,13,"[(0, 2), (2, 0), (0, 3), (3, 0), (0, 4), (2, 1), (3, 1), (1, 4), (4, 1), (2, 3), (3, 2), (4, 2), (4, 3)]"
8394,13,"[(0, 2), (2, 0), (0, 3), (3, 0), (0, 4), (1, 2), (2, 1), (1, 3), (1, 4), (2, 3), (2, 4), (3, 4), (4, 3)]"
8395,13,"[(0, 2), (2, 0), (0, 3), (3, 0), (0, 4), (1, 2), (2, 1), (1, 3), (1, 4), (2, 3), (4, 2), (3, 4), (4, 3)]"
8396,13,"[(0, 2), (2, 0), (0, 3), (3, 0), (0, 4), (1, 2), (2, 1), (1, 3), (1, 4), (2, 3), (2, 4), (4, 2), (3, 4)]"
8397,13,"[(0, 2), (2, 0), (0, 3), (3, 0), (0, 4), (1, 2), (2, 1), (1, 3), (1, 4), (2, 3), (2, 4), (4, 2), (4, 3)]"
8398,13,"[(0, 2), (2, 0), (0, 3), (3, 0), (0, 4), (1, 2), (2, 1), (1, 3), (1, 4), (3, 2), (2, 4), (3, 4), (4, 3)]"
8399,13,"[(0, 2), (2, 0), (0, 3), (3, 0), (0, 4), (1, 2), (2, 1), (1, 3), (1, 4), (3, 2), (4, 2), (3, 4), (4, 3)]"
8400,13,"[(0, 2), (2, 0), (0, 3), (3, 0), (0, 4), (1, 2), (2, 1), (1, 3), (1, 4), (3, 2), (2, 4), (4, 2), (3, 4)]"
8401,13,"[(0, 2), (2, 0), (0, 3), (3, 0), (0, 4), (1, 2), (2, 1), (1, 3), (1, 4), (3, 2), (2, 4), (4, 2), (4, 3)]"
8402,13,"[(0, 2), (2, 0), (0, 3), (3, 0), (0, 4), (1, 2), (2, 1), (1, 3), (1, 4), (2, 3), (3, 2), (2, 4), (3, 4)]"
8403,13,"[(0, 2), (2, 0), (0, 3), (3, 0), (0, 4), (1, 2), (2, 1), (1, 3), (1, 4), (2, 3), (3, 2), (2, 4), (4, 3)]"
8404,13,"[(0, 2), (2, 0), (0, 3), (3, 0), (0, 4), (1, 2), (2, 1), (1, 3), (1, 4), (2, 3), (3, 2), (4, 2), (3, 4)]"
8405,13,"[(0, 2), (2, 0), (0, 3), (3, 0), (0, 4), (1, 2), (2, 1), (1, 3), (1, 4), (2, 3), (3, 2), (4, 2), (4, 3)]"
8406,13,"[(0, 2), (2, 0), (0, 3), (3, 0), (0, 4), (1, 2), (2, 1), (1, 3), (4, 1), (2, 3), (2, 4), (3, 4), (4, 3)]"
8407,13,"[(0, 2), (2, 0), (0, 3), (3, 0), (0, 4), (1, 2), (2, 1), (1, 3), (4, 1), (2, 3), (4, 2), (3, 4), (4, 3)]"
8408,13,"[(0, 2), (2, 0), (0, 3), (3, 0), (0, 4), (1, 2), (2, 1), (1, 3), (4, 1), (2, 3), (2, 4), (4, 2), (3, 4)]"
8409,13,"[(0, 2), (2, 0), (0, 3), (3, 0), (0, 4), (1, 2), (2, 1), (1, 3), (4, 1), (2, 3), (2, 4), (4, 2), (4, 3)]"
8410,13,"[(0, 2), (2, 0), (0, 3), (3, 0), (0, 4), (1, 2), (2, 1), (1, 3), (4, 1), (3, 2), (2, 4), (3, 4), (4, 3)]"
8411,13,"[(0, 2), (2, 0), (0, 3), (3, 0), (0, 4), (1, 2), (2, 1), (1, 3), (4, 1), (3, 2), (4, 2), (3, 4), (4, 3)]"
8412,13,"[(0, 2), (2, 0), (0, 3), (3, 0), (0, 4), (1, 2), (2, 1), (1, 3), (4, 1), (3, 2), (2, 4), (4, 2), (3, 4)]"
8413,13,"[(0, 2), (2, 0), (0, 3), (3, 0), (0, 4), (1, 2), (2, 1), (1, 3), (4, 1), (3, 2), (2, 4), (4, 2), (4, 3)]"
8414,13,"[(0, 2), (2, 0), (0, 3), (3, 0), (0, 4), (1, 2), (2, 1), (1, 3), (4, 1), (2, 3), (3, 2), (2, 4), (3, 4)]"
8415,13,"[(0, 2), (2, 0), (0, 3), (3, 0), (0, 4), (1, 2), (2, 1), (1, 3), (4, 1), (2, 3), (3, 2), (2, 4), (4, 3)]"
8416,13,"[(0, 2), (2, 0), (0, 3), (3, 0), (0, 4), (1, 2), (2, 1), (1, 3), (4, 1), (2, 3), (3, 2), (4, 2), (3, 4)]"
8417,13,"[(0, 2), (2, 0), (0, 3), (3, 0), (0, 4), (1, 2), (2, 1), (1, 3), (4, 1), (2, 3), (3, 2), (4, 2), (4, 3)]"
8418,13,"[(0, 2), (2, 0), (0, 3), (3, 0), (0, 4), (1, 2), (2, 1), (1, 3), (1, 4), (4, 1), (2, 3), (2, 4), (3, 4)]"
8419,13,"[(0, 2), (2, 0), (0, 3), (3, 0), (0, 4), (1, 2), (2, 1), (1, 3), (1, 4), (4, 1), (2, 3), (4, 2), (3, 4)]"
8420,13,"[(0, 2), (2, 0), (0, 3), (3, 0), (0, 4), (1, 2), (2, 1), (1, 3), (1, 4), (4, 1), (2, 3), (4, 2), (4, 3)]"
8421,13,"[(0, 2), (2, 0), (0, 3), (3, 0), (0, 4), (1, 2), (2, 1), (1, 3), (1, 4), (4, 1), (3, 2), (4, 2), (3, 4)]"
8422,13,"[(0, 2), (2, 0), (0, 3), (3, 0), (0, 4), (1, 2), (2, 1), (3, 1), (1, 4), (2, 3), (2, 4), (3, 4), (4, 3)]"
8423,13,"[(0, 2), (2, 0), (0, 3), (3, 0), (0, 4), (1, 2), (2, 1), (3, 1), (1, 4), (2, 3), (4, 2), (3, 4), (4, 3)]"
8424,13,"[(0, 2), (2, 0), (0, 3), (3, 0), (0, 4), (1, 2), (2, 1), (3, 1), (1, 4), (2, 3), (2, 4), (4, 2), (3, 4)]"
8425,13,"[(0, 2), (2, 0), (0, 3), (3, 0), (0, 4), (1, 2), (2, 1), (3, 1), (1, 4), (2, 3), (2, 4), (4, 2), (4, 3)]"
8426,13,"[(0, 2), (2, 0), (0, 3), (3, 0), (0, 4), (1, 2), (2, 1), (3, 1), (1, 4), (3, 2), (2, 4), (3, 4), (4, 3)]"
8427,13,"[(0, 2), (2, 0), (0, 3), (3, 0), (0, 4), (1, 2), (2, 1), (3, 1), (1, 4), (3, 2), (4, 2), (3, 4), (4, 3)]"
8428,13,"[(0, 2), (2, 0), (0, 3), (3, 0), (0, 4), (1, 2), (2, 1), (3, 1), (1, 4), (3, 2), (2, 4), (4, 2), (3, 4)]"
8429,13,"[(0, 2), (2, 0), (0, 3), (3, 0), (0, 4), (1, 2), (2, 1), (3, 1), (1, 4), (3, 2), (2, 4), (4, 2), (4, 3)]"
8430,13,"[(0, 2), (2, 0), (0, 3), (3, 0), (0, 4), (1, 2), (2, 1), (3, 1), (1, 4), (2, 3), (3, 2), (2, 4), (3, 4)]"
8431,13,"[(0, 2), (2, 0), (0, 3), (3, 0), (0, 4), (1, 2), (2, 1), (3, 1), (1, 4), (2, 3), (3, 2), (2, 4), (4, 3)]"
8432,13,"[(0, 2), (2, 0), (0, 3), (3, 0), (0, 4), (1, 2), (2, 1), (3, 1), (1, 4), (2, 3), (3, 2), (4, 2), (3, 4)]"
8433,13,"[(0, 2), (2, 0), (0, 3), (3, 0), (0, 4), (1, 2), (2, 1), (3, 1), (1, 4), (2, 3), (3, 2), (4, 2), (4, 3)]"
8434,13,"[(0, 2), (2, 0), (0, 3), (3, 0), (0, 4), (1, 2), (2, 1), (3, 1), (4, 1), (2, 3), (2, 4), (3, 4), (4, 3)]"
8435,13,"[(0, 2), (2, 0), (0, 3), (3, 0), (0, 4), (1, 2), (2, 1), (3, 1), (4, 1), (2, 3), (4, 2), (3, 4), (4, 3)]"
8436,13,"[(0, 2), (2, 0), (0, 3), (3, 0), (0, 4), (1, 2), (2, 1), (3, 1), (4, 1), (2, 3), (2, 4), (4, 2), (3, 4)]"
8437,13,"[(0, 2), (2, 0), (0, 3), (3, 0), (0, 4), (1, 2), (2, 1), (3, 1), (4, 1), (2, 3), (2, 4), (4, 2), (4, 3)]"
8438,13,"[(0, 2), (2, 0), (0, 3), (3, 0), (0, 4), (1, 2), (2, 1), (3, 1), (4, 1), (3, 2), (2, 4), (3, 4), (4, 3)]"
8439,13,"[(0, 2), (2, 0), (0, 3), (3, 0), (0, 4), (1, 2), (2, 1), (3, 1), (4, 1), (3, 2), (4, 2), (3, 4), (4, 3)]"
8440,13,"[(0, 2), (2, 0), (0, 3), (3, 0), (0, 4), (1, 2), (2, 1), (3, 1), (4, 1), (3, 2), (2, 4), (4, 2), (3, 4)]"
8441,13,"[(0, 2), (2, 0), (0, 3), (3, 0), (0, 4), (1, 2), (2, 1), (3, 1), (4, 1), (3, 2), (2, 4), (4, 2), (4, 3)]"
8442,13,"[(0, 2), (2, 0), (0, 3), (3, 0), (0, 4), (1, 2), (2, 1), (3, 1), (4, 1), (2, 3), (3, 2), (2, 4), (3, 4)]"
8443,13,"[(0, 2), (2, 0), (0, 3), (3, 0), (0, 4), (1, 2), (2, 1), (3, 1), (4, 1), (2, 3), (3, 2), (2, 4), (4, 3)]"
8444,13,"[(0, 2), (2, 0), (0, 3), (3, 0), (0, 4), (1, 2), (2, 1), (3, 1), (4, 1), (2, 3), (3, 2), (4, 2), (3, 4)]"
8445,13,"[(0, 2), (2, 0), (0, 3), (3, 0), (0, 4), (1, 2), (2, 1), (3, 1), (4, 1), (2, 3), (3, 2), (4, 2), (4, 3)]"
8446,13,"[(0, 2), (2, 0), (0, 3), (3, 0), (0, 4), (1, 2), (2, 1), (3, 1), (1, 4), (4, 1), (2, 3), (2, 4), (3, 4)]"
8447,13,"[(0, 2), (2, 0), (0, 3), (3, 0), (0, 4), (1, 2), (2, 1), (3, 1), (1, 4), (4, 1), (2, 3), (2, 4), (4, 3)]"
8448,13,"[(0, 2), (2, 0), (0, 3), (3, 0), (0, 4), (1, 2), (2, 1), (3, 1), (1, 4), (4, 1), (2, 3), (4, 2), (3, 4)]"
8449,13,"[(0, 2), (2, 0), (0, 3), (3, 0), (0, 4), (1, 2), (2, 1), (3, 1), (1, 4), (4, 1), (2, 3), (4, 2), (4, 3)]"
8450,13,"[(0, 2), (2, 0), (0, 3), (3, 0), (0, 4), (1, 2), (2, 1), (3, 1), (1, 4), (4, 1), (3, 2), (2, 4), (3, 4)]"
8451,13,"[(0, 2), (2, 0), (0, 3), (3, 0), (0, 4), (1, 2), (2, 1), (3, 1), (1, 4), (4, 1), (3, 2), (2, 4), (4, 3)]"
8452,13,"[(0, 2), (2, 0), (0, 3), (3, 0), (0, 4), (1, 2), (2, 1), (3, 1), (1, 4), (4, 1), (3, 2), (4, 2), (3, 4)]"
8453,13,"[(0, 2), (2, 0), (0, 3), (3, 0), (0, 4), (1, 2), (2, 1), (3, 1), (1, 4), (4, 1), (3, 2), (4, 2), (4, 3)]"
8454,13,"[(0, 2), (2, 0), (0, 3), (3, 0), (0, 4), (1, 2), (2, 1), (1, 3), (3, 1), (1, 4), (2, 3), (2, 4), (3, 4)]"
8455,13,"[(0, 2), (2, 0), (0, 3), (3, 0), (0, 4), (1, 2), (2, 1), (1, 3), (3, 1), (1, 4), (2, 3), (2, 4), (4, 3)]"
8456,13,"[(0, 2), (2, 0), (0, 3), (3, 0), (0, 4), (1, 2), (2, 1), (1, 3), (3, 1), (1, 4), (2, 3), (4, 2), (3, 4)]"
8457,13,"[(0, 2), (2, 0), (0, 3), (3, 0), (0, 4), (1, 2), (2, 1), (1, 3), (3, 1), (1, 4), (2, 3), (4, 2), (4, 3)]"
8458,13,"[(0, 2), (2, 0), (0, 3), (3, 0), (0, 4), (1, 2), (2, 1), (1, 3), (3, 1), (4, 1), (2, 3), (2, 4), (3, 4)]"
8459,13,"[(0, 2), (2, 0), (0, 3), (3, 0), (0, 4), (1, 2), (2, 1), (1, 3), (3, 1), (4, 1), (2, 3), (2, 4), (4, 3)]"
8460,13,"[(0, 2), (2, 0), (0, 3), (3, 0), (0, 4), (1, 2), (2, 1), (1, 3), (3, 1), (4, 1), (2, 3), (4, 2), (3, 4)]"
8461,13,"[(0, 2), (2, 0), (0, 3), (3, 0), (0, 4), (1, 2), (2, 1), (1, 3), (3, 1), (4, 1), (2, 3), (4, 2), (4, 3)]"
8462,13,"[(0, 2), (2, 0), (0, 3), (3, 0), (4, 0), (1, 2), (1, 3), (1, 4), (2, 3), (2, 4), (4, 2), (3, 4), (4, 3)]"
8463,13,"[(0, 2), (2, 0), (0, 3), (3, 0), (4, 0), (1, 2), (1, 3), (1, 4), (2, 3), (3, 2), (2, 4), (4, 2), (3, 4)]"
8464,13,"[(0, 2), (2, 0), (0, 3), (3, 0), (4, 0), (1, 2), (1, 3), (1, 4), (2, 3), (3, 2), (2, 4), (4, 2), (4, 3)]"
8465,13,"[(0, 2), (2, 0), (0, 3), (3, 0), (4, 0), (1, 2), (1, 3), (4, 1), (2, 3), (2, 4), (4, 2), (3, 4), (4, 3)]"
8466,13,"[(0, 2), (2, 0), (0, 3), (3, 0), (4, 0), (1, 2), (1, 3), (4, 1), (2, 3), (3, 2), (2, 4), (4, 2), (3, 4)]"
8467,13,"[(0, 2), (2, 0), (0, 3), (3, 0), (4, 0), (1, 2), (1, 3), (4, 1), (2, 3), (3, 2), (2, 4), (4, 2), (4, 3)]"
8468,13,"[(0, 2), (2, 0), (0, 3), (3, 0), (4, 0), (1, 2), (1, 3), (1, 4), (4, 1), (2, 3), (2, 4), (3, 4), (4, 3)]"
8469,13,"[(0, 2), (2, 0), (0, 3), (3, 0), (4, 0), (1, 2), (1, 3), (1, 4), (4, 1), (2, 3), (4, 2), (3, 4), (4, 3)]"
8470,13,"[(0, 2), (2, 0), (0, 3), (3, 0), (4, 0), (1, 2), (1, 3), (1, 4), (4, 1), (2, 3), (2, 4), (4, 2), (3, 4)]"
8471,13,"[(0, 2), (2, 0), (0, 3), (3, 0), (4, 0), (1, 2), (1, 3), (1, 4), (4, 1), (2, 3), (2, 4), (4, 2), (4, 3)]"
8472,13,"[(0, 2), (2, 0), (0, 3), (3, 0), (4, 0), (1, 2), (1, 3), (1, 4), (4, 1), (2, 3), (3, 2), (2, 4), (3, 4)]"
8473,13,"[(0, 2), (2, 0), (0, 3), (3, 0), (4, 0), (1, 2), (1, 3), (1, 4), (4, 1), (2, 3), (3, 2), (2, 4), (4, 3)]"
8474,13,"[(0, 2), (2, 0), (0, 3), (3, 0), (4, 0), (1, 2), (1, 3), (1, 4), (4, 1), (2, 3), (3, 2), (4, 2), (4, 3)]"
8475,13,"[(0, 2), (2, 0), (0, 3), (3, 0), (4, 0), (1, 2), (3, 1), (1, 4), (2, 3), (2, 4), (4, 2), (3, 4), (4, 3)]"
8476,13,"[(0, 2), (2, 0), (0, 3), (3, 0), (4, 0), (1, 2), (3, 1), (1, 4), (3, 2), (2, 4), (4, 2), (3, 4), (4, 3)]"
8477,13,"[(0, 2), (2, 0), (0, 3), (3, 0), (4, 0), (1, 2), (3, 1), (1, 4), (2, 3), (3, 2), (2, 4), (3, 4), (4, 3)]"
8478,13,"[(0, 2), (2, 0), (0, 3), (3, 0), (4, 0), (1, 2), (3, 1), (1, 4), (2, 3), (3, 2), (4, 2), (3, 4), (4, 3)]"
8479,13,"[(0, 2), (2, 0), (0, 3), (3, 0), (4, 0), (1, 2), (3, 1), (1, 4), (2, 3), (3, 2), (2, 4), (4, 2), (3, 4)]"
8480,13,"[(0, 2), (2, 0), (0, 3), (3, 0), (4, 0), (1, 2), (3, 1), (1, 4), (2, 3), (3, 2), (2, 4), (4, 2), (4, 3)]"
8481,13,"[(0, 2), (2, 0), (0, 3), (3, 0), (4, 0), (1, 2), (3, 1), (4, 1), (2, 3), (2, 4), (4, 2), (3, 4), (4, 3)]"
8482,13,"[(0, 2), (2, 0), (0, 3), (3, 0), (4, 0), (1, 2), (3, 1), (4, 1), (3, 2), (2, 4), (4, 2), (3, 4), (4, 3)]"
8483,13,"[(0, 2), (2, 0), (0, 3), (3, 0), (4, 0), (1, 2), (3, 1), (4, 1), (2, 3), (3, 2), (2, 4), (3, 4), (4, 3)]"
8484,13,"[(0, 2), (2, 0), (0, 3), (3, 0), (4, 0), (1, 2), (3, 1), (4, 1), (2, 3), (3, 2), (4, 2), (3, 4), (4, 3)]"
8485,13,"[(0, 2), (2, 0), (0, 3), (3, 0), (4, 0), (1, 2), (3, 1), (4, 1), (2, 3), (3, 2), (2, 4), (4, 2), (3, 4)]"
8486,13,"[(0, 2), (2, 0), (0, 3), (3, 0), (4, 0), (1, 2), (3, 1), (4, 1), (2, 3), (3, 2), (2, 4), (4, 2), (4, 3)]"
8487,13,"[(0, 2), (2, 0), (0, 3), (3, 0), (4, 0), (1, 2), (3, 1), (1, 4), (4, 1), (2, 3), (2, 4), (3, 4), (4, 3)]"
8488,13,"[(0, 2), (2, 0), (0, 3), (3, 0), (4, 0), (1, 2), (3, 1), (1, 4), (4, 1), (2, 3), (4, 2), (3, 4), (4, 3)]"
8489,13,"[(0, 2), (2, 0), (0, 3), (3, 0), (4, 0), (1, 2), (3, 1), (1, 4), (4, 1), (2, 3), (2, 4), (4, 2), (3, 4)]"
8490,13,"[(0, 2), (2, 0), (0, 3), (3, 0), (4, 0), (1, 2), (3, 1), (1, 4), (4, 1), (2, 3), (2, 4), (4, 2), (4, 3)]"
8491,13,"[(0, 2), (2, 0), (0, 3), (3, 0), (4, 0), (1, 2), (3, 1), (1, 4), (4, 1), (3, 2), (2, 4), (3, 4), (4, 3)]"
8492,13,"[(0, 2), (2, 0), (0, 3), (3, 0), (4, 0), (1, 2), (3, 1), (1, 4), (4, 1), (3, 2), (4, 2), (3, 4), (4, 3)]"
8493,13,"[(0, 2), (2, 0), (0, 3), (3, 0), (4, 0), (1, 2), (3, 1), (1, 4), (4, 1), (3, 2), (2, 4), (4, 2), (3, 4)]"
8494,13,"[(0, 2), (2, 0), (0, 3), (3, 0), (4, 0), (1, 2), (3, 1), (1, 4), (4, 1), (3, 2), (2, 4), (4, 2), (4, 3)]"
8495,13,"[(0, 2), (2, 0), (0, 3), (3, 0), (4, 0), (1, 2), (3, 1), (1, 4), (4, 1), (2, 3), (3, 2), (2, 4), (3, 4)]"
8496,13,"[(0, 2), (2, 0), (0, 3), (3, 0), (4, 0), (1, 2), (3, 1), (1, 4), (4, 1), (2, 3), (3, 2), (2, 4), (4, 3)]"
8497,13,"[(0, 2), (2, 0), (0, 3), (3, 0), (4, 0), (1, 2), (3, 1), (1, 4), (4, 1), (2, 3), (3, 2), (4, 2), (3, 4)]"
8498,13,"[(0, 2), (2, 0), (0, 3), (3, 0), (4, 0), (1, 2), (3, 1), (1, 4), (4, 1), (2, 3), (3, 2), (4, 2), (4, 3)]"
8499,13,"[(0, 2), (2, 0), (0, 3), (3, 0), (4, 0), (2, 1), (3, 1), (1, 4), (2, 3), (2, 4), (4, 2), (3, 4), (4, 3)]"
8500,13,"[(0, 2), (2, 0), (0, 3), (3, 0), (4, 0), (2, 1), (3, 1), (1, 4), (2, 3), (3, 2), (2, 4), (4, 2), (3, 4)]"
8501,13,"[(0, 2), (2, 0), (0, 3), (3, 0), (4, 0), (2, 1), (3, 1), (1, 4), (2, 3), (3, 2), (2, 4), (4, 2), (4, 3)]"
8502,13,"[(0, 2), (2, 0), (0, 3), (3, 0), (4, 0), (2, 1), (3, 1), (4, 1), (2, 3), (2, 4), (4, 2), (3, 4), (4, 3)]"
8503,13,"[(0, 2), (2, 0), (0, 3), (3, 0), (4, 0), (2, 1), (3, 1), (4, 1), (2, 3), (3, 2), (2, 4), (4, 2), (3, 4)]"
8504,13,"[(0, 2), (2, 0), (0, 3), (3, 0), (4, 0), (2, 1), (3, 1), (4, 1), (2, 3), (3, 2), (2, 4), (4, 2), (4, 3)]"
8505,13,"[(0, 2), (2, 0), (0, 3), (3, 0), (4, 0), (2, 1), (3, 1), (1, 4), (4, 1), (2, 3), (2, 4), (3, 4), (4, 3)]"
8506,13,"[(0, 2), (2, 0), (0, 3), (3, 0), (4, 0), (2, 1), (3, 1), (1, 4), (4, 1), (2, 3), (4, 2), (3, 4), (4, 3)]"
8507,13,"[(0, 2), (2, 0), (0, 3), (3, 0), (4, 0), (2, 1), (3, 1), (1, 4), (4, 1), (2, 3), (2, 4), (4, 2), (3, 4)]"
8508,13,"[(0, 2), (2, 0), (0, 3), (3, 0), (4, 0), (2, 1), (3, 1), (1, 4), (4, 1), (2, 3), (2, 4), (4, 2), (4, 3)]"
8509,13,"[(0, 2), (2, 0), (0, 3), (3, 0), (4, 0), (2, 1), (3, 1), (1, 4), (4, 1), (2, 3), (3, 2), (2, 4), (3, 4)]"
8510,13,"[(0, 2), (2, 0), (0, 3), (3, 0), (4, 0), (2, 1), (3, 1), (1, 4), (4, 1), (2, 3), (3, 2), (2, 4), (4, 3)]"
8511,13,"[(0, 2), (2, 0), (0, 3), (3, 0), (4, 0), (2, 1), (3, 1), (1, 4), (4, 1), (2, 3), (3, 2), (4, 2), (4, 3)]"
8512,13,"[(0, 2), (2, 0), (0, 3), (3, 0), (4, 0), (1, 2), (2, 1), (1, 3), (1, 4), (2, 3), (2, 4), (3, 4), (4, 3)]"
8513,13,"[(0, 2), (2, 0), (0, 3), (3, 0), (4, 0), (1, 2), (2, 1), (1, 3), (1, 4), (2, 3), (4, 2), (3, 4), (4, 3)]"
8514,13,"[(0, 2), (2, 0), (0, 3), (3, 0), (4, 0), (1, 2), (2, 1), (1, 3), (1, 4), (2, 3), (2, 4), (4, 2), (3, 4)]"
8515,13,"[(0, 2), (2, 0), (0, 3), (3, 0), (4, 0), (1, 2), (2, 1), (1, 3), (1, 4), (2, 3), (2, 4), (4, 2), (4, 3)]"
8516,13,"[(0, 2), (2, 0), (0, 3), (3, 0), (4, 0), (1, 2), (2, 1), (1, 3), (1, 4), (3, 2), (2, 4), (3, 4), (4, 3)]"
8517,13,"[(0, 2), (2, 0), (0, 3), (3, 0), (4, 0), (1, 2), (2, 1), (1, 3), (1, 4), (3, 2), (4, 2), (3, 4), (4, 3)]"
8518,13,"[(0, 2), (2, 0), (0, 3), (3, 0), (4, 0), (1, 2), (2, 1), (1, 3), (1, 4), (3, 2), (2, 4), (4, 2), (3, 4)]"
8519,13,"[(0, 2), (2, 0), (0, 3), (3, 0), (4, 0), (1, 2), (2, 1), (1, 3), (1, 4), (3, 2), (2, 4), (4, 2), (4, 3)]"
8520,13,"[(0, 2), (2, 0), (0, 3), (3, 0), (4, 0), (1, 2), (2, 1), (1, 3), (1, 4), (2, 3), (3, 2), (2, 4), (3, 4)]"
8521,13,"[(0, 2), (2, 0), (0, 3), (3, 0), (4, 0), (1, 2), (2, 1), (1, 3), (1, 4), (2, 3), (3, 2), (2, 4), (4, 3)]"
8522,13,"[(0, 2), (2, 0), (0, 3), (3, 0), (4, 0), (1, 2), (2, 1), (1, 3), (1, 4), (2, 3), (3, 2), (4, 2), (3, 4)]"
8523,13,"[(0, 2), (2, 0), (0, 3), (3, 0), (4, 0), (1, 2), (2, 1), (1, 3), (1, 4), (2, 3), (3, 2), (4, 2), (4, 3)]"
8524,13,"[(0, 2), (2, 0), (0, 3), (3, 0), (4, 0), (1, 2), (2, 1), (1, 3), (4, 1), (2, 3), (2, 4), (3, 4), (4, 3)]"
8525,13,"[(0, 2), (2, 0), (0, 3), (3, 0), (4, 0), (1, 2), (2, 1), (1, 3), (4, 1), (2, 3), (4, 2), (3, 4), (4, 3)]"
8526,13,"[(0, 2), (2, 0), (0, 3), (3, 0), (4, 0), (1, 2), (2, 1), (1, 3), (4, 1), (2, 3), (2, 4), (4, 2), (3, 4)]"
8527,13,"[(0, 2), (2, 0), (0, 3), (3, 0), (4, 0), (1, 2), (2, 1), (1, 3), (4, 1), (2, 3), (2, 4), (4, 2), (4, 3)]"
8528,13,"[(0, 2), (2, 0), (0, 3), (3, 0), (4, 0), (1, 2), (2, 1), (1, 3), (4, 1), (3, 2), (2, 4), (3, 4), (4, 3)]"
8529,13,"[(0, 2), (2, 0), (0, 3), (3, 0), (4, 0), (1, 2), (2, 1), (1, 3), (4, 1), (3, 2), (4, 2), (3, 4), (4, 3)]"
8530,13,"[(0, 2), (2, 0), (0, 3), (3, 0), (4, 0), (1, 2), (2, 1), (1, 3), (4, 1), (3, 2), (2, 4), (4, 2), (3, 4)]"
8531,13,"[(0, 2), (2, 0), (0, 3), (3, 0), (4, 0), (1, 2), (2, 1), (1, 3), (4, 1), (3, 2), (2, 4), (4, 2), (4, 3)]"
8532,13,"[(0, 2), (2, 0), (0, 3), (3, 0), (4, 0), (1, 2), (2, 1), (1, 3), (4, 1), (2, 3), (3, 2), (2, 4), (3, 4)]"
8533,13,"[(0, 2), (2, 0), (0, 3), (3, 0), (4, 0), (1, 2), (2, 1), (1, 3), (4, 1), (2, 3), (3, 2), (2, 4), (4, 3)]"
8534,13,"[(0, 2), (2, 0), (0, 3), (3, 0), (4, 0), (1, 2), (2, 1), (1, 3), (4, 1), (2, 3), (3, 2), (4, 2), (3, 4)]"
8535,13,"[(0, 2), (2, 0), (0, 3), (3, 0), (4, 0), (1, 2), (2, 1), (1, 3), (4, 1), (2, 3), (3, 2), (4, 2), (4, 3)]"
8536,13,"[(0, 2), (2, 0), (0, 3), (3, 0), (4, 0), (1, 2), (2, 1), (3, 1), (1, 4), (2, 3), (2, 4), (3, 4), (4, 3)]"
8537,13,"[(0, 2), (2, 0), (0, 3), (3, 0), (4, 0), (1, 2), (2, 1), (3, 1), (1, 4), (2, 3), (4, 2), (3, 4), (4, 3)]"
8538,13,"[(0, 2), (2, 0), (0, 3), (3, 0), (4, 0), (1, 2), (2, 1), (3, 1), (1, 4), (2, 3), (2, 4), (4, 2), (3, 4)]"
8539,13,"[(0, 2), (2, 0), (0, 3), (3, 0), (4, 0), (1, 2), (2, 1), (3, 1), (1, 4), (2, 3), (2, 4), (4, 2), (4, 3)]"
8540,13,"[(0, 2), (2, 0), (0, 3), (3, 0), (4, 0), (1, 2), (2, 1), (3, 1), (1, 4), (3, 2), (2, 4), (3, 4), (4, 3)]"
8541,13,"[(0, 2), (2, 0), (0, 3), (3, 0), (4, 0), (1, 2), (2, 1), (3, 1), (1, 4), (3, 2), (4, 2), (3, 4), (4, 3)]"
8542,13,"[(0, 2), (2, 0), (0, 3), (3, 0), (4, 0), (1, 2), (2, 1), (3, 1), (1, 4), (3, 2), (2, 4), (4, 2), (3, 4)]"
8543,13,"[(0, 2), (2, 0), (0, 3), (3, 0), (4, 0), (1, 2), (2, 1), (3, 1), (1, 4), (3, 2), (2, 4), (4, 2), (4, 3)]"
8544,13,"[(0, 2), (2, 0), (0, 3), (3, 0), (4, 0), (1, 2), (2, 1), (3, 1), (1, 4), (2, 3), (3, 2), (2, 4), (3, 4)]"
8545,13,"[(0, 2), (2, 0), (0, 3), (3, 0), (4, 0), (1, 2), (2, 1), (3, 1), (1, 4), (2, 3), (3, 2), (2, 4), (4, 3)]"
8546,13,"[(0, 2), (2, 0), (0, 3), (3, 0), (4, 0), (1, 2), (2, 1), (3, 1), (1, 4), (2, 3), (3, 2), (4, 2), (3, 4)]"
8547,13,"[(0, 2), (2, 0), (0, 3), (3, 0), (4, 0), (1, 2), (2, 1), (3, 1), (1, 4), (2, 3), (3, 2), (4, 2), (4, 3)]"
8548,13,"[(0, 2), (2, 0), (0, 3), (3, 0), (4, 0), (1, 2), (2, 1), (3, 1), (4, 1), (2, 3), (2, 4), (3, 4), (4, 3)]"
8549,13,"[(0, 2), (2, 0), (0, 3), (3, 0), (4, 0), (1, 2), (2, 1), (3, 1), (4, 1), (2, 3), (4, 2), (3, 4), (4, 3)]"
8550,13,"[(0, 2), (2, 0), (0, 3), (3, 0), (4, 0), (1, 2), (2, 1), (3, 1), (4, 1), (2, 3), (2, 4), (4, 2), (3, 4)]"
8551,13,"[(0, 2), (2, 0), (0, 3), (3, 0), (4, 0), (1, 2), (2, 1), (3, 1), (4, 1), (2, 3), (2, 4), (4, 2), (4, 3)]"
8552,13,"[(0, 2), (2, 0), (0, 3), (3, 0), (4, 0), (1, 2), (2, 1), (3, 1), (4, 1), (3, 2), (2, 4), (3, 4), (4, 3)]"
8553,13,"[(0, 2), (2, 0), (0, 3), (3, 0), (4, 0), (1, 2), (2, 1), (3, 1), (4, 1), (3, 2), (4, 2), (3, 4), (4, 3)]"
8554,13,"[(0, 2), (2, 0), (0, 3), (3, 0), (4, 0), (1, 2), (2, 1), (3, 1), (4, 1), (3, 2), (2, 4), (4, 2), (3, 4)]"
8555,13,"[(0, 2), (2, 0), (0, 3), (3, 0), (4, 0), (1, 2), (2, 1), (3, 1), (4, 1), (3, 2), (2, 4), (4, 2), (4, 3)]"
8556,13,"[(0, 2), (2, 0), (0, 3), (3, 0), (4, 0), (1, 2), (2, 1), (3, 1), (4, 1), (2, 3), (3, 2), (2, 4), (3, 4)]"
8557,13,"[(0, 2), (2, 0), (0, 3), (3, 0), (4, 0), (1, 2), (2, 1), (3, 1), (4, 1), (2, 3), (3, 2), (2, 4), (4, 3)]"
8558,13,"[(0, 2), (2, 0), (0, 3), (3, 0), (4, 0), (1, 2), (2, 1), (3, 1), (4, 1), (2, 3), (3, 2), (4, 2), (3, 4)]"
8559,13,"[(0, 2), (2, 0), (0, 3), (3, 0), (4, 0), (1, 2), (2, 1), (3, 1), (4, 1), (2, 3), (3, 2), (4, 2), (4, 3)]"
8560,13,"[(0, 2), (2, 0), (0, 3), (3, 0), (4, 0), (1, 2), (2, 1), (3, 1), (1, 4), (4, 1), (2, 3), (2, 4), (3, 4)]"
8561,13,"[(0, 2), (2, 0), (0, 3), (3, 0), (4, 0), (1, 2), (2, 1), (3, 1), (1, 4), (4, 1), (2, 3), (4, 2), (3, 4)]"
8562,13,"[(0, 2), (2, 0), (0, 3), (3, 0), (4, 0), (1, 2), (2, 1), (3, 1), (1, 4), (4, 1), (2, 3), (4, 2), (4, 3)]"
8563,13,"[(0, 2), (2, 0), (0, 3), (3, 0), (4, 0), (1, 2), (2, 1), (3, 1), (1, 4), (4, 1), (3, 2), (4, 2), (3, 4)]"
8564,13,"[(0, 2), (2, 0), (0, 3), (3, 0), (4, 0), (1, 2), (2, 1), (1, 3), (3, 1), (4, 1), (2, 3), (2, 4), (3, 4)]"
8565,13,"[(0, 2), (2, 0), (0, 3), (3, 0), (4, 0), (1, 2), (2, 1), (1, 3), (3, 1), (4, 1), (2, 3), (2, 4), (4, 3)]"
8566,13,"[(0, 2), (2, 0), (0, 3), (3, 0), (4, 0), (1, 2), (2, 1), (1, 3), (3, 1), (4, 1), (2, 3), (4, 2), (3, 4)]"
8567,13,"[(0, 2), (2, 0), (0, 3), (3, 0), (4, 0), (1, 2), (2, 1), (1, 3), (3, 1), (4, 1), (2, 3), (4, 2), (4, 3)]"
8568,13,"[(0, 2), (2, 0), (0, 3), (3, 0), (0, 4), (4, 0), (1, 2), (1, 3), (1, 4), (2, 3), (3, 2), (2, 4), (3, 4)]"
8569,13,"[(0, 2), (2, 0), (0, 3), (3, 0), (0, 4), (4, 0), (1, 2), (1, 3), (1, 4), (2, 3), (3, 2), (2, 4), (4, 3)]"
8570,13,"[(0, 2), (2, 0), (0, 3), (3, 0), (0, 4), (4, 0), (1, 2), (1, 3), (1, 4), (2, 3), (3, 2), (4, 2), (4, 3)]"
8571,13,"[(0, 2), (2, 0), (0, 3), (3, 0), (0, 4), (4, 0), (1, 2), (1, 3), (4, 1), (2, 3), (2, 4), (3, 4), (4, 3)]"
8572,13,"[(0, 2), (2, 0), (0, 3), (3, 0), (0, 4), (4, 0), (1, 2), (1, 3), (4, 1), (2, 3), (4, 2), (3, 4), (4, 3)]"
8573,13,"[(0, 2), (2, 0), (0, 3), (3, 0), (0, 4), (4, 0), (1, 2), (1, 3), (4, 1), (2, 3), (2, 4), (4, 2), (3, 4)]"
8574,13,"[(0, 2), (2, 0), (0, 3), (3, 0), (0, 4), (4, 0), (1, 2), (1, 3), (4, 1), (2, 3), (2, 4), (4, 2), (4, 3)]"
8575,13,"[(0, 2), (2, 0), (0, 3), (3, 0), (0, 4), (4, 0), (1, 2), (1, 3), (4, 1), (2, 3), (3, 2), (2, 4), (3, 4)]"
8576,13,"[(0, 2), (2, 0), (0, 3), (3, 0), (0, 4), (4, 0), (1, 2), (1, 3), (4, 1), (2, 3), (3, 2), (2, 4), (4, 3)]"
8577,13,"[(0, 2), (2, 0), (0, 3), (3, 0), (0, 4), (4, 0), (1, 2), (1, 3), (4, 1), (2, 3), (3, 2), (4, 2), (4, 3)]"
8578,13,"[(0, 2), (2, 0), (0, 3), (3, 0), (0, 4), (4, 0), (1, 2), (3, 1), (4, 1), (2, 3), (2, 4), (3, 4), (4, 3)]"
8579,13,"[(0, 2), (2, 0), (0, 3), (3, 0), (0, 4), (4, 0), (1, 2), (3, 1), (4, 1), (2, 3), (4, 2), (3, 4), (4, 3)]"
8580,13,"[(0, 2), (2, 0), (0, 3), (3, 0), (0, 4), (4, 0), (1, 2), (3, 1), (4, 1), (3, 2), (4, 2), (3, 4), (4, 3)]"
8581,13,"[(0, 2), (2, 0), (0, 3), (3, 0), (0, 4), (4, 0), (1, 2), (3, 1), (4, 1), (2, 3), (3, 2), (2, 4), (3, 4)]"
8582,13,"[(0, 2), (2, 0), (0, 3), (3, 0), (0, 4), (4, 0), (1, 2), (3, 1), (4, 1), (2, 3), (3, 2), (2, 4), (4, 3)]"
8583,13,"[(0, 2), (2, 0), (0, 3), (3, 0), (0, 4), (4, 0), (1, 2), (3, 1), (4, 1), (2, 3), (3, 2), (4, 2), (3, 4)]"
8584,13,"[(0, 2), (2, 0), (0, 3), (3, 0), (0, 4), (4, 0), (1, 2), (3, 1), (4, 1), (2, 3), (3, 2), (4, 2), (4, 3)]"
8585,13,"[(0, 2), (2, 0), (0, 3), (3, 0), (0, 4), (4, 0), (2, 1), (3, 1), (4, 1), (2, 3), (3, 2), (2, 4), (3, 4)]"
8586,13,"[(0, 2), (2, 0), (0, 3), (3, 0), (0, 4), (4, 0), (2, 1), (3, 1), (4, 1), (2, 3), (3, 2), (2, 4), (4, 3)]"
8587,13,"[(0, 2), (2, 0), (0, 3), (3, 0), (0, 4), (4, 0), (2, 1), (3, 1), (4, 1), (2, 3), (3, 2), (4, 2), (4, 3)]"
8588,13,"[(0, 2), (2, 0), (0, 3), (3, 0), (0, 4), (4, 0), (1, 2), (2, 1), (1, 3), (1, 4), (2, 3), (2, 4), (3, 4)]"
8589,13,"[(0, 2), (2, 0), (0, 3), (3, 0), (0, 4), (4, 0), (1, 2), (2, 1), (1, 3), (1, 4), (2, 3), (4, 2), (3, 4)]"
8590,13,"[(0, 2), (2, 0), (0, 3), (3, 0), (0, 4), (4, 0), (1, 2), (2, 1), (1, 3), (1, 4), (2, 3), (4, 2), (4, 3)]"
8591,13,"[(0, 2), (2, 0), (0, 3), (3, 0), (0, 4), (4, 0), (1, 2), (2, 1), (1, 3), (1, 4), (3, 2), (4, 2), (3, 4)]"
8592,13,"[(0, 2), (2, 0), (0, 3), (3, 0), (0, 4), (4, 0), (1, 2), (2, 1), (1, 3), (4, 1), (2, 3), (2, 4), (3, 4)]"
8593,13,"[(0, 2), (2, 0), (0, 3), (3, 0), (0, 4), (4, 0), (1, 2), (2, 1), (1, 3), (4, 1), (2, 3), (2, 4), (4, 3)]"
8594,13,"[(0, 2), (2, 0), (0, 3), (3, 0), (0, 4), (4, 0), (1, 2), (2, 1), (1, 3), (4, 1), (2, 3), (4, 2), (3, 4)]"
8595,13,"[(0, 2), (2, 0), (0, 3), (3, 0), (0, 4), (4, 0), (1, 2), (2, 1), (1, 3), (4, 1), (2, 3), (4, 2), (4, 3)]"
8596,13,"[(0, 2), (2, 0), (0, 3), (3, 0), (0, 4), (4, 0), (1, 2), (2, 1), (1, 3), (4, 1), (3, 2), (2, 4), (3, 4)]"
8597,13,"[(0, 2), (2, 0), (0, 3), (3, 0), (0, 4), (4, 0), (1, 2), (2, 1), (1, 3), (4, 1), (3, 2), (2, 4), (4, 3)]"
8598,13,"[(0, 2), (2, 0), (0, 3), (3, 0), (0, 4), (4, 0), (1, 2), (2, 1), (1, 3), (4, 1), (3, 2), (4, 2), (3, 4)]"
8599,13,"[(0, 2), (2, 0), (0, 3), (3, 0), (0, 4), (4, 0), (1, 2), (2, 1), (1, 3), (4, 1), (3, 2), (4, 2), (4, 3)]"
8600,13,"[(0, 2), (2, 0), (0, 3), (3, 0), (0, 4), (4, 0), (1, 2), (2, 1), (3, 1), (4, 1), (2, 3), (2, 4), (3, 4)]"
8601,13,"[(0, 2), (2, 0), (0, 3), (3, 0), (0, 4), (4, 0), (1, 2), (2, 1), (3, 1), (4, 1), (2, 3), (4, 2), (3, 4)]"
8602,13,"[(0, 2), (2, 0), (0, 3), (3, 0), (0, 4), (4, 0), (1, 2), (2, 1), (3, 1), (4, 1), (2, 3), (4, 2), (4, 3)]"
8603,13,"[(0, 2), (2, 0), (0, 3), (3, 0), (0, 4), (4, 0), (1, 2), (2, 1), (3, 1), (4, 1), (3, 2), (4, 2), (3, 4)]"
8604,13,"[(0, 1), (1, 0), (0, 2), (2, 0), (0, 3), (0, 4), (1, 2), (1, 3), (1, 4), (2, 3), (2, 4), (3, 4), (4, 3)]"
8605,13,"[(0, 1), (1, 0), (0, 2), (2, 0), (0, 3), (0, 4), (1, 2), (1, 3), (1, 4), (2, 3), (4, 2), (3, 4), (4, 3)]"
8606,13,"[(0, 1), (1, 0), (0, 2), (2, 0), (0, 3), (0, 4), (1, 2), (1, 3), (1, 4), (3, 2), (4, 2), (3, 4), (4, 3)]"
8607,13,"[(0, 1), (1, 0), (0, 2), (2, 0), (0, 3), (0, 4), (1, 2), (1, 3), (1, 4), (2, 3), (3, 2), (2, 4), (3, 4)]"
8608,13,"[(0, 1), (1, 0), (0, 2), (2, 0), (0, 3), (0, 4), (1, 2), (1, 3), (1, 4), (2, 3), (3, 2), (2, 4), (4, 3)]"
8609,13,"[(0, 1), (1, 0), (0, 2), (2, 0), (0, 3), (0, 4), (1, 2), (1, 3), (1, 4), (2, 3), (3, 2), (4, 2), (3, 4)]"
8610,13,"[(0, 1), (1, 0), (0, 2), (2, 0), (0, 3), (0, 4), (1, 2), (1, 3), (1, 4), (2, 3), (3, 2), (4, 2), (4, 3)]"
8611,13,"[(0, 1), (1, 0), (0, 2), (2, 0), (0, 3), (0, 4), (1, 2), (1, 3), (4, 1), (2, 3), (2, 4), (3, 4), (4, 3)]"
8612,13,"[(0, 1), (1, 0), (0, 2), (2, 0), (0, 3), (0, 4), (1, 2), (1, 3), (4, 1), (2, 3), (4, 2), (3, 4), (4, 3)]"
8613,13,"[(0, 1), (1, 0), (0, 2), (2, 0), (0, 3), (0, 4), (1, 2), (1, 3), (4, 1), (2, 3), (2, 4), (4, 2), (3, 4)]"
8614,13,"[(0, 1), (1, 0), (0, 2), (2, 0), (0, 3), (0, 4), (1, 2), (1, 3), (4, 1), (2, 3), (2, 4), (4, 2), (4, 3)]"
8615,13,"[(0, 1), (1, 0), (0, 2), (2, 0), (0, 3), (0, 4), (1, 2), (1, 3), (4, 1), (3, 2), (2, 4), (3, 4), (4, 3)]"
8616,13,"[(0, 1), (1, 0), (0, 2), (2, 0), (0, 3), (0, 4), (1, 2), (1, 3), (4, 1), (3, 2), (4, 2), (3, 4), (4, 3)]"
8617,13,"[(0, 1), (1, 0), (0, 2), (2, 0), (0, 3), (0, 4), (1, 2), (1, 3), (4, 1), (3, 2), (2, 4), (4, 2), (3, 4)]"
8618,13,"[(0, 1), (1, 0), (0, 2), (2, 0), (0, 3), (0, 4), (1, 2), (1, 3), (4, 1), (3, 2), (2, 4), (4, 2), (4, 3)]"
8619,13,"[(0, 1), (1, 0), (0, 2), (2, 0), (0, 3), (0, 4), (1, 2), (1, 3), (4, 1), (2, 3), (3, 2), (2, 4), (3, 4)]"
8620,13,"[(0, 1), (1, 0), (0, 2), (2, 0), (0, 3), (0, 4), (1, 2), (1, 3), (4, 1), (2, 3), (3, 2), (2, 4), (4, 3)]"
8621,13,"[(0, 1), (1, 0), (0, 2), (2, 0), (0, 3), (0, 4), (1, 2), (1, 3), (4, 1), (2, 3), (3, 2), (4, 2), (3, 4)]"
8622,13,"[(0, 1), (1, 0), (0, 2), (2, 0), (0, 3), (0, 4), (1, 2), (1, 3), (4, 1), (2, 3), (3, 2), (4, 2), (4, 3)]"
8623,13,"[(0, 1), (1, 0), (0, 2), (2, 0), (0, 3), (0, 4), (1, 2), (3, 1), (4, 1), (2, 3), (2, 4), (3, 4), (4, 3)]"
8624,13,"[(0, 1), (1, 0), (0, 2), (2, 0), (0, 3), (0, 4), (1, 2), (3, 1), (4, 1), (2, 3), (4, 2), (3, 4), (4, 3)]"
8625,13,"[(0, 1), (1, 0), (0, 2), (2, 0), (0, 3), (0, 4), (1, 2), (3, 1), (4, 1), (3, 2), (4, 2), (3, 4), (4, 3)]"
8626,13,"[(0, 1), (1, 0), (0, 2), (2, 0), (0, 3), (0, 4), (1, 2), (3, 1), (4, 1), (2, 3), (3, 2), (2, 4), (3, 4)]"
8627,13,"[(0, 1), (1, 0), (0, 2), (2, 0), (0, 3), (0, 4), (1, 2), (3, 1), (4, 1), (2, 3), (3, 2), (2, 4), (4, 3)]"
8628,13,"[(0, 1), (1, 0), (0, 2), (2, 0), (0, 3), (0, 4), (1, 2), (3, 1), (4, 1), (2, 3), (3, 2), (4, 2), (3, 4)]"
8629,13,"[(0, 1), (1, 0), (0, 2), (2, 0), (0, 3), (0, 4), (1, 2), (3, 1), (4, 1), (2, 3), (3, 2), (4, 2), (4, 3)]"
8630,13,"[(0, 1), (1, 0), (0, 2), (2, 0), (0, 3), (0, 4), (1, 2), (1, 3), (3, 1), (1, 4), (2, 3), (2, 4), (3, 4)]"
8631,13,"[(0, 1), (1, 0), (0, 2), (2, 0), (0, 3), (0, 4), (1, 2), (1, 3), (3, 1), (1, 4), (2, 3), (2, 4), (4, 3)]"
8632,13,"[(0, 1), (1, 0), (0, 2), (2, 0), (0, 3), (0, 4), (1, 2), (1, 3), (3, 1), (1, 4), (2, 3), (4, 2), (3, 4)]"
8633,13,"[(0, 1), (1, 0), (0, 2), (2, 0), (0, 3), (0, 4), (1, 2), (1, 3), (3, 1), (1, 4), (2, 3), (4, 2), (4, 3)]"
8634,13,"[(0, 1), (1, 0), (0, 2), (2, 0), (0, 3), (0, 4), (1, 2), (1, 3), (3, 1), (4, 1), (2, 3), (2, 4), (3, 4)]"
8635,13,"[(0, 1), (1, 0), (0, 2), (2, 0), (0, 3), (0, 4), (1, 2), (1, 3), (3, 1), (4, 1), (2, 3), (2, 4), (4, 3)]"
8636,13,"[(0, 1), (1, 0), (0, 2), (2, 0), (0, 3), (0, 4), (1, 2), (1, 3), (3, 1), (4, 1), (2, 3), (4, 2), (3, 4)]"
8637,13,"[(0, 1), (1, 0), (0, 2), (2, 0), (0, 3), (0, 4), (1, 2), (1, 3), (3, 1), (4, 1), (2, 3), (4, 2), (4, 3)]"
8638,13,"[(0, 1), (1, 0), (0, 2), (2, 0), (0, 3), (0, 4), (1, 2), (1, 3), (3, 1), (4, 1), (3, 2), (2, 4), (3, 4)]"
8639,13,"[(0, 1), (1, 0), (0, 2), (2, 0), (0, 3), (0, 4), (1, 2), (1, 3), (3, 1), (4, 1), (3, 2), (2, 4), (4, 3)]"
8640,13,"[(0, 1), (1, 0), (0, 2), (2, 0), (0, 3), (0, 4), (1, 2), (1, 3), (3, 1), (4, 1), (3, 2), (4, 2), (3, 4)]"
8641,13,"[(0, 1), (1, 0), (0, 2), (2, 0), (0, 3), (0, 4), (1, 2), (1, 3), (3, 1), (4, 1), (3, 2), (4, 2), (4, 3)]"
8642,13,"[(0, 1), (1, 0), (0, 2), (2, 0), (0, 3), (0, 4), (1, 2), (2, 1), (1, 3), (1, 4), (2, 3), (2, 4), (3, 4)]"
8643,13,"[(0, 1), (1, 0), (0, 2), (2, 0), (0, 3), (0, 4), (1, 2), (2, 1), (1, 3), (1, 4), (2, 3), (4, 2), (3, 4)]"
8644,13,"[(0, 1), (1, 0), (0, 2), (2, 0), (0, 3), (0, 4), (1, 2), (2, 1), (1, 3), (1, 4), (2, 3), (4, 2), (4, 3)]"
8645,13,"[(0, 1), (1, 0), (0, 2), (2, 0), (0, 3), (0, 4), (1, 2), (2, 1), (1, 3), (1, 4), (3, 2), (4, 2), (3, 4)]"
8646,13,"[(0, 1), (1, 0), (0, 2), (2, 0), (0, 3), (0, 4), (1, 2), (2, 1), (1, 3), (4, 1), (2, 3), (4, 2), (3, 4)]"
8647,13,"[(0, 1), (1, 0), (0, 2), (2, 0), (0, 3), (0, 4), (1, 2), (2, 1), (1, 3), (4, 1), (2, 3), (4, 2), (4, 3)]"
8648,13,"[(0, 1), (1, 0), (0, 2), (2, 0), (0, 3), (0, 4), (1, 2), (2, 1), (1, 3), (4, 1), (3, 2), (2, 4), (3, 4)]"
8649,13,"[(0, 1), (1, 0), (0, 2), (2, 0), (0, 3), (0, 4), (1, 2), (2, 1), (1, 3), (4, 1), (3, 2), (4, 2), (3, 4)]"
8650,13,"[(0, 1), (1, 0), (0, 2), (2, 0), (0, 3), (0, 4), (1, 2), (2, 1), (1, 3), (4, 1), (3, 2), (4, 2), (4, 3)]"
8651,13,"[(0, 1), (1, 0), (0, 2), (2, 0), (0, 3), (0, 4), (1, 2), (2, 1), (3, 1), (4, 1), (3, 2), (4, 2), (3, 4)]"
8652,13,"[(0, 1), (1, 0), (0, 2), (2, 0), (0, 3), (4, 0), (1, 2), (1, 3), (1, 4), (2, 3), (2, 4), (3, 4), (4, 3)]"
8653,13,"[(0, 1), (1, 0), (0, 2), (2, 0), (0, 3), (4, 0), (1, 2), (1, 3), (1, 4), (2, 3), (4, 2), (3, 4), (4, 3)]"
8654,13,"[(0, 1), (1, 0), (0, 2), (2, 0), (0, 3), (4, 0), (1, 2), (1, 3), (1, 4), (2, 3), (2, 4), (4, 2), (3, 4)]"
8655,13,"[(0, 1), (1, 0), (0, 2), (2, 0), (0, 3), (4, 0), (1, 2), (1, 3), (1, 4), (2, 3), (2, 4), (4, 2), (4, 3)]"
8656,13,"[(0, 1), (1, 0), (0, 2), (2, 0), (0, 3), (4, 0), (1, 2), (1, 3), (1, 4), (3, 2), (2, 4), (3, 4), (4, 3)]"
8657,13,"[(0, 1), (1, 0), (0, 2), (2, 0), (0, 3), (4, 0), (1, 2), (1, 3), (1, 4), (3, 2), (4, 2), (3, 4), (4, 3)]"
8658,13,"[(0, 1), (1, 0), (0, 2), (2, 0), (0, 3), (4, 0), (1, 2), (1, 3), (1, 4), (3, 2), (2, 4), (4, 2), (3, 4)]"
8659,13,"[(0, 1), (1, 0), (0, 2), (2, 0), (0, 3), (4, 0), (1, 2), (1, 3), (1, 4), (3, 2), (2, 4), (4, 2), (4, 3)]"
8660,13,"[(0, 1), (1, 0), (0, 2), (2, 0), (0, 3), (4, 0), (1, 2), (1, 3), (1, 4), (2, 3), (3, 2), (2, 4), (3, 4)]"
8661,13,"[(0, 1), (1, 0), (0, 2), (2, 0), (0, 3), (4, 0), (1, 2), (1, 3), (1, 4), (2, 3), (3, 2), (2, 4), (4, 3)]"
8662,13,"[(0, 1), (1, 0), (0, 2), (2, 0), (0, 3), (4, 0), (1, 2), (1, 3), (1, 4), (2, 3), (3, 2), (4, 2), (3, 4)]"
8663,13,"[(0, 1), (1, 0), (0, 2), (2, 0), (0, 3), (4, 0), (1, 2), (1, 3), (1, 4), (2, 3), (3, 2), (4, 2), (4, 3)]"
8664,13,"[(0, 1), (1, 0), (0, 2), (2, 0), (0, 3), (4, 0), (1, 2), (1, 3), (4, 1), (2, 3), (2, 4), (3, 4), (4, 3)]"
8665,13,"[(0, 1), (1, 0), (0, 2), (2, 0), (0, 3), (4, 0), (1, 2), (1, 3), (4, 1), (2, 3), (4, 2), (3, 4), (4, 3)]"
8666,13,"[(0, 1), (1, 0), (0, 2), (2, 0), (0, 3), (4, 0), (1, 2), (1, 3), (4, 1), (2, 3), (2, 4), (4, 2), (3, 4)]"
8667,13,"[(0, 1), (1, 0), (0, 2), (2, 0), (0, 3), (4, 0), (1, 2), (1, 3), (4, 1), (3, 2), (2, 4), (3, 4), (4, 3)]"
8668,13,"[(0, 1), (1, 0), (0, 2), (2, 0), (0, 3), (4, 0), (1, 2), (1, 3), (4, 1), (3, 2), (4, 2), (3, 4), (4, 3)]"
8669,13,"[(0, 1), (1, 0), (0, 2), (2, 0), (0, 3), (4, 0), (1, 2), (1, 3), (4, 1), (3, 2), (2, 4), (4, 2), (3, 4)]"
8670,13,"[(0, 1), (1, 0), (0, 2), (2, 0), (0, 3), (4, 0), (1, 2), (1, 3), (4, 1), (3, 2), (2, 4), (4, 2), (4, 3)]"
8671,13,"[(0, 1), (1, 0), (0, 2), (2, 0), (0, 3), (4, 0), (1, 2), (1, 3), (4, 1), (2, 3), (3, 2), (2, 4), (3, 4)]"
8672,13,"[(0, 1), (1, 0), (0, 2), (2, 0), (0, 3), (4, 0), (1, 2), (1, 3), (4, 1), (2, 3), (3, 2), (2, 4), (4, 3)]"
8673,13,"[(0, 1), (1, 0), (0, 2), (2, 0), (0, 3), (4, 0), (1, 2), (1, 3), (4, 1), (2, 3), (3, 2), (4, 2), (3, 4)]"
8674,13,"[(0, 1), (1, 0), (0, 2), (2, 0), (0, 3), (4, 0), (1, 2), (1, 3), (4, 1), (2, 3), (3, 2), (4, 2), (4, 3)]"
8675,13,"[(0, 1), (1, 0), (0, 2), (2, 0), (0, 3), (4, 0), (1, 2), (3, 1), (1, 4), (2, 3), (2, 4), (3, 4), (4, 3)]"
8676,13,"[(0, 1), (1, 0), (0, 2), (2, 0), (0, 3), (4, 0), (1, 2), (3, 1), (1, 4), (2, 3), (4, 2), (3, 4), (4, 3)]"
8677,13,"[(0, 1), (1, 0), (0, 2), (2, 0), (0, 3), (4, 0), (1, 2), (3, 1), (1, 4), (2, 3), (2, 4), (4, 2), (3, 4)]"
8678,13,"[(0, 1), (1, 0), (0, 2), (2, 0), (0, 3), (4, 0), (1, 2), (3, 1), (1, 4), (3, 2), (2, 4), (3, 4), (4, 3)]"
8679,13,"[(0, 1), (1, 0), (0, 2), (2, 0), (0, 3), (4, 0), (1, 2), (3, 1), (1, 4), (3, 2), (4, 2), (3, 4), (4, 3)]"
8680,13,"[(0, 1), (1, 0), (0, 2), (2, 0), (0, 3), (4, 0), (1, 2), (3, 1), (1, 4), (3, 2), (2, 4), (4, 2), (3, 4)]"
8681,13,"[(0, 1), (1, 0), (0, 2), (2, 0), (0, 3), (4, 0), (1, 2), (3, 1), (1, 4), (3, 2), (2, 4), (4, 2), (4, 3)]"
8682,13,"[(0, 1), (1, 0), (0, 2), (2, 0), (0, 3), (4, 0), (1, 2), (3, 1), (1, 4), (2, 3), (3, 2), (4, 2), (3, 4)]"
8683,13,"[(0, 1), (1, 0), (0, 2), (2, 0), (0, 3), (4, 0), (1, 2), (3, 1), (1, 4), (2, 3), (3, 2), (4, 2), (4, 3)]"
8684,13,"[(0, 1), (1, 0), (0, 2), (2, 0), (0, 3), (4, 0), (1, 2), (3, 1), (4, 1), (2, 3), (2, 4), (3, 4), (4, 3)]"
8685,13,"[(0, 1), (1, 0), (0, 2), (2, 0), (0, 3), (4, 0), (1, 2), (3, 1), (4, 1), (2, 3), (4, 2), (3, 4), (4, 3)]"
8686,13,"[(0, 1), (1, 0), (0, 2), (2, 0), (0, 3), (4, 0), (1, 2), (3, 1), (4, 1), (3, 2), (2, 4), (3, 4), (4, 3)]"
8687,13,"[(0, 1), (1, 0), (0, 2), (2, 0), (0, 3), (4, 0), (1, 2), (3, 1), (4, 1), (3, 2), (4, 2), (3, 4), (4, 3)]"
8688,13,"[(0, 1), (1, 0), (0, 2), (2, 0), (0, 3), (4, 0), (1, 2), (3, 1), (4, 1), (3, 2), (2, 4), (4, 2), (3, 4)]"
8689,13,"[(0, 1), (1, 0), (0, 2), (2, 0), (0, 3), (4, 0), (1, 2), (3, 1), (4, 1), (3, 2), (2, 4), (4, 2), (4, 3)]"
8690,13,"[(0, 1), (1, 0), (0, 2), (2, 0), (0, 3), (4, 0), (1, 2), (3, 1), (4, 1), (2, 3), (3, 2), (4, 2), (3, 4)]"
8691,13,"[(0, 1), (1, 0), (0, 2), (2, 0), (0, 3), (4, 0), (1, 2), (3, 1), (4, 1), (2, 3), (3, 2), (4, 2), (4, 3)]"
8692,13,"[(0, 1), (1, 0), (0, 2), (2, 0), (0, 3), (4, 0), (1, 2), (3, 1), (1, 4), (4, 1), (2, 3), (2, 4), (3, 4)]"
8693,13,"[(0, 1), (1, 0), (0, 2), (2, 0), (0, 3), (4, 0), (1, 2), (3, 1), (1, 4), (4, 1), (2, 3), (2, 4), (4, 3)]"
8694,13,"[(0, 1), (1, 0), (0, 2), (2, 0), (0, 3), (4, 0), (1, 2), (3, 1), (1, 4), (4, 1), (3, 2), (2, 4), (3, 4)]"
8695,13,"[(0, 1), (1, 0), (0, 2), (2, 0), (0, 3), (4, 0), (1, 2), (3, 1), (1, 4), (4, 1), (3, 2), (2, 4), (4, 3)]"
8696,13,"[(0, 1), (1, 0), (0, 2), (2, 0), (0, 3), (4, 0), (1, 2), (1, 3), (3, 1), (4, 1), (2, 3), (2, 4), (3, 4)]"
8697,13,"[(0, 1), (1, 0), (0, 2), (2, 0), (0, 3), (4, 0), (1, 2), (1, 3), (3, 1), (4, 1), (2, 3), (2, 4), (4, 3)]"
8698,13,"[(0, 1), (1, 0), (0, 2), (2, 0), (0, 3), (4, 0), (1, 2), (1, 3), (3, 1), (4, 1), (2, 3), (4, 2), (3, 4)]"
8699,13,"[(0, 1), (1, 0), (0, 2), (2, 0), (0, 3), (4, 0), (1, 2), (1, 3), (3, 1), (4, 1), (2, 3), (4, 2), (4, 3)]"
8700,13,"[(0, 1), (1, 0), (0, 2), (2, 0), (0, 3), (4, 0), (1, 2), (2, 1), (1, 3), (4, 1), (2, 3), (4, 2), (3, 4)]"
8701,13,"[(0, 1), (1, 0), (0, 2), (2, 0), (0, 3), (4, 0), (1, 2), (2, 1), (1, 3), (4, 1), (2, 3), (4, 2), (4, 3)]"
8702,13,"[(0, 1), (1, 0), (0, 2), (2, 0), (0, 3), (4, 0), (1, 2), (2, 1), (1, 3), (4, 1), (3, 2), (2, 4), (3, 4)]"
8703,13,"[(0, 1), (1, 0), (0, 2), (2, 0), (0, 3), (4, 0), (1, 2), (2, 1), (1, 3), (4, 1), (3, 2), (2, 4), (4, 3)]"
8704,13,"[(0, 1), (1, 0), (0, 2), (2, 0), (0, 3), (4, 0), (1, 2), (2, 1), (1, 3), (4, 1), (3, 2), (4, 2), (3, 4)]"
8705,13,"[(0, 1), (1, 0), (0, 2), (2, 0), (0, 3), (4, 0), (1, 2), (2, 1), (1, 3), (4, 1), (3, 2), (4, 2), (4, 3)]"
8706,13,"[(0, 1), (1, 0), (0, 2), (2, 0), (0, 3), (4, 0), (1, 2), (2, 1), (3, 1), (1, 4), (3, 2), (4, 2), (3, 4)]"
8707,13,"[(0, 1), (1, 0), (0, 2), (2, 0), (0, 3), (4, 0), (1, 2), (2, 1), (3, 1), (4, 1), (3, 2), (4, 2), (3, 4)]"
8708,13,"[(0, 1), (1, 0), (0, 2), (2, 0), (0, 3), (4, 0), (1, 2), (2, 1), (3, 1), (4, 1), (3, 2), (4, 2), (4, 3)]"
8709,13,"[(0, 1), (1, 0), (0, 2), (2, 0), (3, 0), (4, 0), (1, 2), (1, 3), (1, 4), (2, 3), (2, 4), (3, 4), (4, 3)]"
8710,13,"[(0, 1), (1, 0), (0, 2), (2, 0), (3, 0), (4, 0), (1, 2), (1, 3), (1, 4), (2, 3), (4, 2), (3, 4), (4, 3)]"
8711,13,"[(0, 1), (1, 0), (0, 2), (2, 0), (3, 0), (4, 0), (1, 2), (1, 3), (1, 4), (3, 2), (4, 2), (3, 4), (4, 3)]"
8712,13,"[(0, 1), (1, 0), (0, 2), (2, 0), (3, 0), (4, 0), (1, 2), (1, 3), (1, 4), (2, 3), (3, 2), (4, 2), (3, 4)]"
8713,13,"[(0, 1), (1, 0), (0, 2), (2, 0), (3, 0), (4, 0), (1, 2), (1, 3), (1, 4), (2, 3), (3, 2), (4, 2), (4, 3)]"
8714,13,"[(0, 1), (1, 0), (0, 2), (2, 0), (3, 0), (4, 0), (1, 2), (1, 3), (4, 1), (2, 3), (2, 4), (3, 4), (4, 3)]"
8715,13,"[(0, 1), (1, 0), (0, 2), (2, 0), (3, 0), (4, 0), (1, 2), (1, 3), (4, 1), (2, 3), (4, 2), (3, 4), (4, 3)]"
8716,13,"[(0, 1), (1, 0), (0, 2), (2, 0), (3, 0), (4, 0), (1, 2), (1, 3), (4, 1), (3, 2), (2, 4), (3, 4), (4, 3)]"
8717,13,"[(0, 1), (1, 0), (0, 2), (2, 0), (3, 0), (4, 0), (1, 2), (1, 3), (4, 1), (3, 2), (4, 2), (3, 4), (4, 3)]"
8718,13,"[(0, 1), (1, 0), (0, 2), (2, 0), (3, 0), (4, 0), (1, 2), (1, 3), (4, 1), (2, 3), (3, 2), (4, 2), (3, 4)]"
8719,13,"[(0, 1), (1, 0), (0, 2), (2, 0), (3, 0), (4, 0), (1, 2), (1, 3), (4, 1), (2, 3), (3, 2), (4, 2), (4, 3)]"
8720,13,"[(0, 1), (1, 0), (0, 2), (2, 0), (3, 0), (4, 0), (1, 2), (3, 1), (4, 1), (2, 3), (2, 4), (3, 4), (4, 3)]"
8721,13,"[(0, 1), (1, 0), (0, 2), (2, 0), (3, 0), (4, 0), (1, 2), (3, 1), (4, 1), (2, 3), (4, 2), (3, 4), (4, 3)]"
8722,13,"[(0, 1), (1, 0), (0, 2), (2, 0), (3, 0), (4, 0), (1, 2), (3, 1), (4, 1), (3, 2), (4, 2), (3, 4), (4, 3)]"
8723,13,"[(0, 1), (1, 0), (0, 2), (2, 0), (3, 0), (4, 0), (1, 2), (2, 1), (3, 1), (4, 1), (3, 2), (4, 2), (3, 4)]"
8724,13,"[(0, 1), (1, 0), (0, 2), (2, 0), (0, 3), (3, 0), (0, 4), (1, 2), (1, 3), (1, 4), (2, 3), (2, 4), (3, 4)]"
8725,13,"[(0, 1), (1, 0), (0, 2), (2, 0), (0, 3), (3, 0), (0, 4), (1, 2), (1, 3), (1, 4), (2, 3), (2, 4), (4, 3)]"
8726,13,"[(0, 1), (1, 0), (0, 2), (2, 0), (0, 3), (3, 0), (0, 4), (1, 2), (1, 3), (1, 4), (2, 3), (4, 2), (3, 4)]"
8727,13,"[(0, 1), (1, 0), (0, 2), (2, 0), (0, 3), (3, 0), (0, 4), (1, 2), (1, 3), (1, 4), (2, 3), (4, 2), (4, 3)]"
8728,13,"[(0, 1), (1, 0), (0, 2), (2, 0), (0, 3), (3, 0), (0, 4), (1, 2), (1, 3), (4, 1), (2, 3), (2, 4), (3, 4)]"
8729,13,"[(0, 1), (1, 0), (0, 2), (2, 0), (0, 3), (3, 0), (0, 4), (1, 2), (1, 3), (4, 1), (2, 3), (2, 4), (4, 3)]"
8730,13,"[(0, 1), (1, 0), (0, 2), (2, 0), (0, 3), (3, 0), (0, 4), (1, 2), (1, 3), (4, 1), (2, 3), (4, 2), (3, 4)]"
8731,13,"[(0, 1), (1, 0), (0, 2), (2, 0), (0, 3), (3, 0), (0, 4), (1, 2), (1, 3), (4, 1), (2, 3), (4, 2), (4, 3)]"
8732,13,"[(0, 1), (1, 0), (0, 2), (2, 0), (0, 3), (3, 0), (0, 4), (1, 2), (3, 1), (1, 4), (2, 3), (2, 4), (3, 4)]"
8733,13,"[(0, 1), (1, 0), (0, 2), (2, 0), (0, 3), (3, 0), (0, 4), (1, 2), (3, 1), (1, 4), (2, 3), (2, 4), (4, 3)]"
8734,13,"[(0, 1), (1, 0), (0, 2), (2, 0), (0, 3), (3, 0), (0, 4), (1, 2), (3, 1), (1, 4), (2, 3), (4, 2), (4, 3)]"
8735,13,"[(0, 1), (1, 0), (0, 2), (2, 0), (0, 3), (3, 0), (0, 4), (1, 2), (3, 1), (4, 1), (2, 3), (4, 2), (4, 3)]"
8736,13,"[(0, 1), (1, 0), (0, 2), (2, 0), (0, 3), (3, 0), (4, 0), (1, 2), (1, 3), (1, 4), (2, 3), (2, 4), (3, 4)]"
8737,13,"[(0, 1), (1, 0), (0, 2), (2, 0), (0, 3), (3, 0), (4, 0), (1, 2), (1, 3), (1, 4), (2, 3), (2, 4), (4, 3)]"
8738,13,"[(0, 1), (1, 0), (0, 2), (2, 0), (0, 3), (3, 0), (4, 0), (1, 2), (1, 3), (1, 4), (2, 3), (4, 2), (3, 4)]"
8739,13,"[(0, 1), (1, 0), (0, 2), (2, 0), (0, 3), (3, 0), (4, 0), (1, 2), (1, 3), (1, 4), (2, 3), (4, 2), (4, 3)]"
8740,13,"[(0, 1), (1, 0), (0, 2), (2, 0), (0, 3), (3, 0), (4, 0), (1, 2), (1, 3), (4, 1), (2, 3), (2, 4), (3, 4)]"
8741,13,"[(0, 1), (1, 0), (0, 2), (2, 0), (0, 3), (3, 0), (4, 0), (1, 2), (1, 3), (4, 1), (2, 3), (2, 4), (4, 3)]"
8742,13,"[(0, 1), (1, 0), (0, 2), (2, 0), (0, 3), (3, 0), (4, 0), (1, 2), (1, 3), (4, 1), (2, 3), (4, 2), (3, 4)]"
8743,13,"[(0, 1), (1, 0), (0, 2), (2, 0), (0, 3), (3, 0), (4, 0), (1, 2), (1, 3), (4, 1), (2, 3), (4, 2), (4, 3)]"
8744,13,"[(0, 1), (1, 0), (0, 2), (2, 0), (0, 3), (3, 0), (4, 0), (1, 2), (3, 1), (1, 4), (2, 3), (2, 4), (3, 4)]"
8745,13,"[(0, 1), (1, 0), (0, 2), (2, 0), (0, 3), (3, 0), (4, 0), (1, 2), (3, 1), (1, 4), (2, 3), (2, 4), (4, 3)]"
8746,13,"[(0, 1), (1, 0), (0, 2), (2, 0), (0, 3), (3, 0), (4, 0), (1, 2), (3, 1), (1, 4), (2, 3), (4, 2), (4, 3)]"
8747,13,"[(0, 1), (1, 0), (0, 2), (2, 0), (0, 3), (3, 0), (4, 0), (1, 2), (3, 1), (4, 1), (2, 3), (4, 2), (4, 3)]"
8748,14,"[(0, 3), (3, 0), (0, 4), (4, 0), (1, 3), (3, 1), (1, 4), (4, 1), (2, 3), (3, 2), (2, 4), (4, 2), (3, 4), (4, 3)]"
8749,14,"[(0, 2), (2, 0), (0, 3), (3, 0), (0, 4), (4, 0), (1, 3), (3, 1), (1, 4), (4, 1), (2, 4), (4, 2), (3, 4), (4, 3)]"
8750,14,"[(0, 2), (2, 0), (0, 3), (3, 0), (0, 4), (4, 0), (1, 4), (4, 1), (2, 3), (3, 2), (2, 4), (4, 2), (3, 4), (4, 3)]"
8751,14,"[(0, 2), (0, 3), (3, 0), (0, 4), (1, 3), (3, 1), (1, 4), (4, 1), (2, 3), (3, 2), (2, 4), (4, 2), (3, 4), (4, 3)]"
8752,14,"[(0, 2), (0, 3), (3, 0), (4, 0), (1, 3), (3, 1), (1, 4), (4, 1), (2, 3), (3, 2), (2, 4), (4, 2), (3, 4), (4, 3)]"
8753,14,"[(0, 2), (0, 3), (3, 0), (0, 4), (4, 0), (1, 3), (3, 1), (1, 4), (2, 3), (3, 2), (2, 4), (4, 2), (3, 4), (4, 3)]"
8754,14,"[(0, 2), (0, 3), (3, 0), (0, 4), (4, 0), (1, 3), (3, 1), (4, 1), (2, 3), (3, 2), (2, 4), (4, 2), (3, 4), (4, 3)]"
8755,14,"[(0, 2), (0, 3), (3, 0), (0, 4), (4, 0), (1, 3), (3, 1), (1, 4), (4, 1), (2, 3), (3, 2), (2, 4), (3, 4), (4, 3)]"
8756,14,"[(0, 2), (0, 3), (3, 0), (0, 4), (4, 0), (1, 3), (3, 1), (1, 4), (4, 1), (2, 3), (3, 2), (4, 2), (3, 4), (4, 3)]"
8757,14,"[(0, 2), (0, 3), (3, 0), (0, 4), (4, 0), (1, 3), (3, 1), (1, 4), (4, 1), (2, 3), (3, 2), (2, 4), (4, 2), (3, 4)]"
8758,14,"[(0, 2), (2, 0), (0, 3), (3, 0), (0, 4), (1, 3), (3, 1), (1, 4), (4, 1), (2, 3), (2, 4), (4, 2), (3, 4), (4, 3)]"
8759,14,"[(0, 2), (2, 0), (0, 3), (3, 0), (0, 4), (1, 3), (3, 1), (1, 4), (4, 1), (3, 2), (2, 4), (4, 2), (3, 4), (4, 3)]"
8760,14,"[(0, 2), (2, 0), (0, 3), (3, 0), (0, 4), (1, 3), (3, 1), (1, 4), (4, 1), (2, 3), (3, 2), (2, 4), (3, 4), (4, 3)]"
8761,14,"[(0, 2), (2, 0), (0, 3), (3, 0), (0, 4), (1, 3), (3, 1), (1, 4), (4, 1), (2, 3), (3, 2), (4, 2), (3, 4), (4, 3)]"
8762,14,"[(0, 2), (2, 0), (0, 3), (3, 0), (4, 0), (1, 3), (3, 1), (1, 4), (4, 1), (3, 2), (2, 4), (4, 2), (3, 4), (4, 3)]"
8763,14,"[(0, 2), (2, 0), (0, 3), (3, 0), (4, 0), (1, 3), (3, 1), (1, 4), (4, 1), (2, 3), (3, 2), (4, 2), (3, 4), (4, 3)]"
8764,14,"[(0, 2), (2, 0), (0, 3), (3, 0), (0, 4), (4, 0), (1, 3), (1, 4), (2, 3), (3, 2), (2, 4), (4, 2), (3, 4), (4, 3)]"
8765,14,"[(0, 2), (2, 0), (0, 3), (3, 0), (0, 4), (4, 0), (1, 3), (4, 1), (2, 3), (3, 2), (2, 4), (4, 2), (3, 4), (4, 3)]"
8766,14,"[(0, 2), (2, 0), (0, 3), (3, 0), (0, 4), (4, 0), (3, 1), (4, 1), (2, 3), (3, 2), (2, 4), (4, 2), (3, 4), (4, 3)]"
8767,14,"[(0, 2), (2, 0), (0, 3), (3, 0), (0, 4), (4, 0), (1, 3), (3, 1), (1, 4), (2, 3), (2, 4), (4, 2), (3, 4), (4, 3)]"
8768,14,"[(0, 2), (2, 0), (0, 3), (3, 0), (0, 4), (4, 0), (1, 3), (3, 1), (1, 4), (3, 2), (2, 4), (4, 2), (3, 4), (4, 3)]"
8769,14,"[(0, 2), (2, 0), (0, 3), (3, 0), (0, 4), (4, 0), (1, 3), (3, 1), (1, 4), (2, 3), (3, 2), (2, 4), (3, 4), (4, 3)]"
8770,14,"[(0, 2), (2, 0), (0, 3), (3, 0), (0, 4), (4, 0), (1, 3), (3, 1), (1, 4), (2, 3), (3, 2), (4, 2), (3, 4), (4, 3)]"
8771,14,"[(0, 2), (2, 0), (0, 3), (3, 0), (0, 4), (4, 0), (1, 3), (3, 1), (1, 4), (2, 3), (3, 2), (2, 4), (4, 2), (3, 4)]"
8772,14,"[(0, 2), (2, 0), (0, 3), (3, 0), (0, 4), (4, 0), (1, 3), (3, 1), (1, 4), (2, 3), (3, 2), (2, 4), (4, 2), (4, 3)]"
8773,14,"[(0, 2), (2, 0), (0, 3), (3, 0), (0, 4), (4, 0), (1, 3), (3, 1), (4, 1), (2, 3), (2, 4), (4, 2), (3, 4), (4, 3)]"
8774,14,"[(0, 2), (2, 0), (0, 3), (3, 0), (0, 4), (4, 0), (1, 3), (3, 1), (4, 1), (3, 2), (2, 4), (4, 2), (3, 4), (4, 3)]"
8775,14,"[(0, 2), (2, 0), (0, 3), (3, 0), (0, 4), (4, 0), (1, 3), (3, 1), (4, 1), (2, 3), (3, 2), (2, 4), (3, 4), (4, 3)]"
8776,14,"[(0, 2), (2, 0), (0, 3), (3, 0), (0, 4), (4, 0), (1, 3), (3, 1), (4, 1), (2, 3), (3, 2), (4, 2), (3, 4), (4, 3)]"
8777,14,"[(0, 2), (2, 0), (0, 3), (3, 0), (0, 4), (4, 0), (1, 3), (3, 1), (4, 1), (2, 3), (3, 2), (2, 4), (4, 2), (3, 4)]"
8778,14,"[(0, 2), (2, 0), (0, 3), (3, 0), (0, 4), (4, 0), (1, 3), (3, 1), (4, 1), (2, 3), (3, 2), (2, 4), (4, 2), (4, 3)]"
8779,14,"[(0, 2), (2, 0), (0, 3), (3, 0), (0, 4), (4, 0), (1, 3), (3, 1), (1, 4), (4, 1), (2, 3), (2, 4), (3, 4), (4, 3)]"
8780,14,"[(0, 2), (2, 0), (0, 3), (3, 0), (0, 4), (4, 0), (1, 3), (3, 1), (1, 4), (4, 1), (2, 3), (4, 2), (3, 4), (4, 3)]"
8781,14,"[(0, 2), (2, 0), (0, 3), (3, 0), (0, 4), (4, 0), (1, 3), (3, 1), (1, 4), (4, 1), (3, 2), (4, 2), (3, 4), (4, 3)]"
8782,14,"[(0, 2), (2, 0), (0, 3), (3, 0), (0, 4), (4, 0), (1, 3), (3, 1), (1, 4), (4, 1), (2, 3), (3, 2), (2, 4), (3, 4)]"
8783,14,"[(0, 2), (2, 0), (0, 3), (3, 0), (0, 4), (4, 0), (1, 3), (3, 1), (1, 4), (4, 1), (2, 3), (3, 2), (2, 4), (4, 3)]"
8784,14,"[(0, 2), (2, 0), (0, 3), (3, 0), (0, 4), (4, 0), (1, 3), (3, 1), (1, 4), (4, 1), (2, 3), (3, 2), (4, 2), (3, 4)]"
8785,14,"[(0, 2), (2, 0), (0, 3), (3, 0), (0, 4), (4, 0), (1, 3), (3, 1), (1, 4), (4, 1), (2, 3), (3, 2), (4, 2), (4, 3)]"
8786,14,"[(0, 2), (2, 0), (0, 3), (3, 0), (0, 4), (4, 0), (1, 2), (2, 1), (1, 3), (3, 1), (1, 4), (4, 1), (2, 4), (4, 2)]"
8787,14,"[(0, 2), (2, 0), (0, 3), (0, 4), (4, 0), (1, 2), (1, 3), (3, 1), (1, 4), (4, 1), (2, 4), (4, 2), (3, 4), (4, 3)]"
8788,14,"[(0, 2), (2, 0), (0, 3), (0, 4), (4, 0), (2, 1), (1, 3), (3, 1), (1, 4), (4, 1), (2, 4), (4, 2), (3, 4), (4, 3)]"
8789,14,"[(0, 2), (2, 0), (0, 3), (3, 0), (0, 4), (4, 0), (1, 2), (1, 3), (1, 4), (4, 1), (2, 4), (4, 2), (3, 4), (4, 3)]"
8790,14,"[(0, 2), (2, 0), (0, 3), (3, 0), (0, 4), (4, 0), (1, 2), (3, 1), (1, 4), (4, 1), (2, 4), (4, 2), (3, 4), (4, 3)]"
8791,14,"[(0, 2), (2, 0), (0, 3), (3, 0), (0, 4), (4, 0), (2, 1), (3, 1), (1, 4), (4, 1), (2, 4), (4, 2), (3, 4), (4, 3)]"
8792,14,"[(0, 2), (2, 0), (0, 3), (3, 0), (0, 4), (4, 0), (1, 2), (2, 1), (1, 3), (1, 4), (2, 4), (4, 2), (3, 4), (4, 3)]"
8793,14,"[(0, 2), (2, 0), (0, 3), (3, 0), (0, 4), (4, 0), (1, 2), (2, 1), (1, 3), (4, 1), (2, 4), (4, 2), (3, 4), (4, 3)]"
8794,14,"[(0, 2), (2, 0), (0, 3), (3, 0), (0, 4), (4, 0), (1, 2), (2, 1), (1, 3), (1, 4), (4, 1), (2, 4), (3, 4), (4, 3)]"
8795,14,"[(0, 2), (2, 0), (0, 3), (3, 0), (0, 4), (4, 0), (1, 2), (2, 1), (1, 3), (1, 4), (4, 1), (4, 2), (3, 4), (4, 3)]"
8796,14,"[(0, 2), (2, 0), (0, 3), (3, 0), (0, 4), (4, 0), (1, 2), (2, 1), (1, 3), (1, 4), (4, 1), (2, 4), (4, 2), (3, 4)]"
8797,14,"[(0, 2), (2, 0), (0, 3), (3, 0), (0, 4), (4, 0), (1, 2), (2, 1), (1, 3), (1, 4), (4, 1), (2, 4), (4, 2), (4, 3)]"
8798,14,"[(0, 2), (2, 0), (0, 3), (3, 0), (0, 4), (4, 0), (1, 2), (2, 1), (3, 1), (1, 4), (4, 1), (2, 4), (3, 4), (4, 3)]"
8799,14,"[(0, 2), (2, 0), (0, 3), (3, 0), (0, 4), (4, 0), (1, 2), (2, 1), (3, 1), (1, 4), (4, 1), (4, 2), (3, 4), (4, 3)]"
8800,14,"[(0, 2), (2, 0), (0, 3), (3, 0), (0, 4), (4, 0), (1, 2), (2, 1), (1, 3), (3, 1), (1, 4), (2, 4), (4, 2), (3, 4)]"
8801,14,"[(0, 2), (2, 0), (0, 3), (3, 0), (0, 4), (4, 0), (1, 2), (2, 1), (1, 3), (3, 1), (1, 4), (2, 4), (4, 2), (4, 3)]"
8802,14,"[(0, 2), (2, 0), (0, 3), (3, 0), (0, 4), (4, 0), (1, 2), (2, 1), (1, 3), (3, 1), (4, 1), (2, 4), (4, 2), (4, 3)]"
8803,14,"[(0, 2), (2, 0), (0, 3), (3, 0), (0, 4), (4, 0), (1, 2), (2, 1), (1, 3), (3, 1), (1, 4), (4, 1), (2, 4), (3, 4)]"
8804,14,"[(0, 2), (2, 0), (0, 3), (3, 0), (0, 4), (4, 0), (1, 2), (2, 1), (1, 3), (3, 1), (1, 4), (4, 1), (2, 4), (4, 3)]"
8805,14,"[(0, 2), (2, 0), (0, 3), (3, 0), (0, 4), (4, 0), (1, 2), (2, 1), (1, 3), (3, 1), (1, 4), (4, 1), (4, 2), (4, 3)]"
8806,14,"[(0, 2), (2, 0), (0, 3), (0, 4), (1, 2), (1, 3), (3, 1), (1, 4), (2, 3), (3, 2), (2, 4), (4, 2), (3, 4), (4, 3)]"
8807,14,"[(0, 2), (2, 0), (0, 3), (0, 4), (1, 2), (1, 3), (3, 1), (4, 1), (2, 3), (3, 2), (2, 4), (4, 2), (3, 4), (4, 3)]"
8808,14,"[(0, 2), (2, 0), (0, 3), (0, 4), (2, 1), (1, 3), (3, 1), (1, 4), (2, 3), (3, 2), (2, 4), (4, 2), (3, 4), (4, 3)]"
8809,14,"[(0, 2), (2, 0), (0, 3), (0, 4), (2, 1), (1, 3), (3, 1), (4, 1), (2, 3), (3, 2), (2, 4), (4, 2), (3, 4), (4, 3)]"
8810,14,"[(0, 2), (2, 0), (0, 3), (0, 4), (1, 2), (2, 1), (1, 3), (1, 4), (2, 3), (3, 2), (2, 4), (4, 2), (3, 4), (4, 3)]"
8811,14,"[(0, 2), (2, 0), (0, 3), (0, 4), (1, 2), (2, 1), (1, 3), (4, 1), (2, 3), (3, 2), (2, 4), (4, 2), (3, 4), (4, 3)]"
8812,14,"[(0, 2), (2, 0), (0, 3), (0, 4), (1, 2), (2, 1), (3, 1), (4, 1), (2, 3), (3, 2), (2, 4), (4, 2), (3, 4), (4, 3)]"
8813,14,"[(0, 2), (2, 0), (0, 3), (4, 0), (1, 2), (3, 1), (1, 4), (4, 1), (2, 3), (3, 2), (2, 4), (4, 2), (3, 4), (4, 3)]"
8814,14,"[(0, 2), (2, 0), (0, 3), (4, 0), (1, 2), (1, 3), (3, 1), (4, 1), (2, 3), (3, 2), (2, 4), (4, 2), (3, 4), (4, 3)]"
8815,14,"[(0, 2), (2, 0), (0, 3), (4, 0), (2, 1), (1, 3), (1, 4), (4, 1), (2, 3), (3, 2), (2, 4), (4, 2), (3, 4), (4, 3)]"
8816,14,"[(0, 2), (2, 0), (0, 3), (4, 0), (2, 1), (3, 1), (1, 4), (4, 1), (2, 3), (3, 2), (2, 4), (4, 2), (3, 4), (4, 3)]"
8817,14,"[(0, 2), (2, 0), (0, 3), (4, 0), (2, 1), (1, 3), (3, 1), (4, 1), (2, 3), (3, 2), (2, 4), (4, 2), (3, 4), (4, 3)]"
8818,14,"[(0, 2), (2, 0), (0, 3), (4, 0), (1, 2), (2, 1), (1, 3), (4, 1), (2, 3), (3, 2), (2, 4), (4, 2), (3, 4), (4, 3)]"
8819,14,"[(0, 2), (2, 0), (0, 3), (4, 0), (1, 2), (2, 1), (3, 1), (1, 4), (2, 3), (3, 2), (2, 4), (4, 2), (3, 4), (4, 3)]"
8820,14,"[(0, 2), (2, 0), (0, 3), (4, 0), (1, 2), (2, 1), (3, 1), (4, 1), (2, 3), (3, 2), (2, 4), (4, 2), (3, 4), (4, 3)]"
8821,14,"[(0, 2), (2, 0), (3, 0), (4, 0), (2, 1), (1, 3), (3, 1), (4, 1), (2, 3), (3, 2), (2, 4), (4, 2), (3, 4), (4, 3)]"
8822,14,"[(0, 2), (2, 0), (3, 0), (4, 0), (1, 2), (2, 1), (3, 1), (4, 1), (2, 3), (3, 2), (2, 4), (4, 2), (3, 4), (4, 3)]"
8823,14,"[(0, 2), (2, 0), (0, 3), (3, 0), (0, 4), (1, 2), (1, 3), (1, 4), (2, 3), (3, 2), (2, 4), (4, 2), (3, 4), (4, 3)]"
8824,14,"[(0, 2), (2, 0), (0, 3), (3, 0), (0, 4), (1, 2), (1, 3), (4, 1), (2, 3), (3, 2), (2, 4), (4, 2), (3, 4), (4, 3)]"
8825,14,"[(0, 2), (2, 0), (0, 3), (3, 0), (0, 4), (1, 2), (1, 3), (1, 4), (4, 1), (2, 3), (2, 4), (4, 2), (3, 4), (4, 3)]"
8826,14,"[(0, 2), (2, 0), (0, 3), (3, 0), (0, 4), (1, 2), (1, 3), (1, 4), (4, 1), (2, 3), (3, 2), (2, 4), (4, 2), (3, 4)]"
8827,14,"[(0, 2), (2, 0), (0, 3), (3, 0), (0, 4), (1, 2), (1, 3), (1, 4), (4, 1), (2, 3), (3, 2), (2, 4), (4, 2), (4, 3)]"
8828,14,"[(0, 2), (2, 0), (0, 3), (3, 0), (0, 4), (1, 2), (3, 1), (1, 4), (2, 3), (3, 2), (2, 4), (4, 2), (3, 4), (4, 3)]"
8829,14,"[(0, 2), (2, 0), (0, 3), (3, 0), (0, 4), (1, 2), (3, 1), (4, 1), (2, 3), (3, 2), (2, 4), (4, 2), (3, 4), (4, 3)]"
8830,14,"[(0, 2), (2, 0), (0, 3), (3, 0), (0, 4), (1, 2), (3, 1), (1, 4), (4, 1), (2, 3), (2, 4), (4, 2), (3, 4), (4, 3)]"
8831,14,"[(0, 2), (2, 0), (0, 3), (3, 0), (0, 4), (1, 2), (3, 1), (1, 4), (4, 1), (3, 2), (2, 4), (4, 2), (3, 4), (4, 3)]"
8832,14,"[(0, 2), (2, 0), (0, 3), (3, 0), (0, 4), (1, 2), (3, 1), (1, 4), (4, 1), (2, 3), (3, 2), (2, 4), (3, 4), (4, 3)]"
8833,14,"[(0, 2), (2, 0), (0, 3), (3, 0), (0, 4), (1, 2), (3, 1), (1, 4), (4, 1), (2, 3), (3, 2), (4, 2), (3, 4), (4, 3)]"
8834,14,"[(0, 2), (2, 0), (0, 3), (3, 0), (0, 4), (1, 2), (3, 1), (1, 4), (4, 1), (2, 3), (3, 2), (2, 4), (4, 2), (3, 4)]"
8835,14,"[(0, 2), (2, 0), (0, 3), (3, 0), (0, 4), (1, 2), (3, 1), (1, 4), (4, 1), (2, 3), (3, 2), (2, 4), (4, 2), (4, 3)]"
8836,14,"[(0, 2), (2, 0), (0, 3), (3, 0), (0, 4), (2, 1), (3, 1), (1, 4), (2, 3), (3, 2), (2, 4), (4, 2), (3, 4), (4, 3)]"
8837,14,"[(0, 2), (2, 0), (0, 3), (3, 0), (0, 4), (2, 1), (3, 1), (4, 1), (2, 3), (3, 2), (2, 4), (4, 2), (3, 4), (4, 3)]"
8838,14,"[(0, 2), (2, 0), (0, 3), (3, 0), (0, 4), (2, 1), (3, 1), (1, 4), (4, 1), (2, 3), (2, 4), (4, 2), (3, 4), (4, 3)]"
8839,14,"[(0, 2), (2, 0), (0, 3), (3, 0), (0, 4), (2, 1), (3, 1), (1, 4), (4, 1), (2, 3), (3, 2), (2, 4), (4, 2), (3, 4)]"
8840,14,"[(0, 2), (2, 0), (0, 3), (3, 0), (0, 4), (2, 1), (3, 1), (1, 4), (4, 1), (2, 3), (3, 2), (2, 4), (4, 2), (4, 3)]"
8841,14,"[(0, 2), (2, 0), (0, 3), (3, 0), (0, 4), (1, 2), (2, 1), (1, 3), (1, 4), (2, 3), (2, 4), (4, 2), (3, 4), (4, 3)]"
8842,14,"[(0, 2), (2, 0), (0, 3), (3, 0), (0, 4), (1, 2), (2, 1), (1, 3), (1, 4), (3, 2), (2, 4), (4, 2), (3, 4), (4, 3)]"
8843,14,"[(0, 2), (2, 0), (0, 3), (3, 0), (0, 4), (1, 2), (2, 1), (1, 3), (1, 4), (2, 3), (3, 2), (2, 4), (3, 4), (4, 3)]"
8844,14,"[(0, 2), (2, 0), (0, 3), (3, 0), (0, 4), (1, 2), (2, 1), (1, 3), (1, 4), (2, 3), (3, 2), (4, 2), (3, 4), (4, 3)]"
8845,14,"[(0, 2), (2, 0), (0, 3), (3, 0), (0, 4), (1, 2), (2, 1), (1, 3), (1, 4), (2, 3), (3, 2), (2, 4), (4, 2), (3, 4)]"
8846,14,"[(0, 2), (2, 0), (0, 3), (3, 0), (0, 4), (1, 2), (2, 1), (1, 3), (1, 4), (2, 3), (3, 2), (2, 4), (4, 2), (4, 3)]"
8847,14,"[(0, 2), (2, 0), (0, 3), (3, 0), (0, 4), (1, 2), (2, 1), (1, 3), (4, 1), (2, 3), (2, 4), (4, 2), (3, 4), (4, 3)]"
8848,14,"[(0, 2), (2, 0), (0, 3), (3, 0), (0, 4), (1, 2), (2, 1), (1, 3), (4, 1), (3, 2), (2, 4), (4, 2), (3, 4), (4, 3)]"
8849,14,"[(0, 2), (2, 0), (0, 3), (3, 0), (0, 4), (1, 2), (2, 1), (1, 3), (4, 1), (2, 3), (3, 2), (2, 4), (3, 4), (4, 3)]"
8850,14,"[(0, 2), (2, 0), (0, 3), (3, 0), (0, 4), (1, 2), (2, 1), (1, 3), (4, 1), (2, 3), (3, 2), (4, 2), (3, 4), (4, 3)]"
8851,14,"[(0, 2), (2, 0), (0, 3), (3, 0), (0, 4), (1, 2), (2, 1), (1, 3), (4, 1), (2, 3), (3, 2), (2, 4), (4, 2), (3, 4)]"
8852,14,"[(0, 2), (2, 0), (0, 3), (3, 0), (0, 4), (1, 2), (2, 1), (1, 3), (4, 1), (2, 3), (3, 2), (2, 4), (4, 2), (4, 3)]"
8853,14,"[(0, 2), (2, 0), (0, 3), (3, 0), (0, 4), (1, 2), (2, 1), (1, 3), (1, 4), (4, 1), (2, 3), (2, 4), (3, 4), (4, 3)]"
8854,14,"[(0, 2), (2, 0), (0, 3), (3, 0), (0, 4), (1, 2), (2, 1), (1, 3), (1, 4), (4, 1), (2, 3), (4, 2), (3, 4), (4, 3)]"
8855,14,"[(0, 2), (2, 0), (0, 3), (3, 0), (0, 4), (1, 2), (2, 1), (1, 3), (1, 4), (4, 1), (3, 2), (4, 2), (3, 4), (4, 3)]"
8856,14,"[(0, 2), (2, 0), (0, 3), (3, 0), (0, 4), (1, 2), (2, 1), (1, 3), (1, 4), (4, 1), (2, 3), (3, 2), (2, 4), (3, 4)]"
8857,14,"[(0, 2), (2, 0), (0, 3), (3, 0), (0, 4), (1, 2), (2, 1), (1, 3), (1, 4), (4, 1), (2, 3), (3, 2), (2, 4), (4, 3)]"
8858,14,"[(0, 2), (2, 0), (0, 3), (3, 0), (0, 4), (1, 2), (2, 1), (1, 3), (1, 4), (4, 1), (2, 3), (3, 2), (4, 2), (3, 4)]"
8859,14,"[(0, 2), (2, 0), (0, 3), (3, 0), (0, 4), (1, 2), (2, 1), (1, 3), (1, 4), (4, 1), (2, 3), (3, 2), (4, 2), (4, 3)]"
8860,14,"[(0, 2), (2, 0), (0, 3), (3, 0), (0, 4), (1, 2), (2, 1), (3, 1), (1, 4), (2, 3), (2, 4), (4, 2), (3, 4), (4, 3)]"
8861,14,"[(0, 2), (2, 0), (0, 3), (3, 0), (0, 4), (1, 2), (2, 1), (3, 1), (1, 4), (3, 2), (2, 4), (4, 2), (3, 4), (4, 3)]"
8862,14,"[(0, 2), (2, 0), (0, 3), (3, 0), (0, 4), (1, 2), (2, 1), (3, 1), (1, 4), (2, 3), (3, 2), (2, 4), (3, 4), (4, 3)]"
8863,14,"[(0, 2), (2, 0), (0, 3), (3, 0), (0, 4), (1, 2), (2, 1), (3, 1), (1, 4), (2, 3), (3, 2), (4, 2), (3, 4), (4, 3)]"
8864,14,"[(0, 2), (2, 0), (0, 3), (3, 0), (0, 4), (1, 2), (2, 1), (3, 1), (1, 4), (2, 3), (3, 2), (2, 4), (4, 2), (3, 4)]"
8865,14,"[(0, 2), (2, 0), (0, 3), (3, 0), (0, 4), (1, 2), (2, 1), (3, 1), (1, 4), (2, 3), (3, 2), (2, 4), (4, 2), (4, 3)]"
8866,14,"[(0, 2), (2, 0), (0, 3), (3, 0), (0, 4), (1, 2), (2, 1), (3, 1), (4, 1), (2, 3), (2, 4), (4, 2), (3, 4), (4, 3)]"
8867,14,"[(0, 2), (2, 0), (0, 3), (3, 0), (0, 4), (1, 2), (2, 1), (3, 1), (4, 1), (3, 2), (2, 4), (4, 2), (3, 4), (4, 3)]"
8868,14,"[(0, 2), (2, 0), (0, 3), (3, 0), (0, 4), (1, 2), (2, 1), (3, 1), (4, 1), (2, 3), (3, 2), (2, 4), (3, 4), (4, 3)]"
8869,14,"[(0, 2), (2, 0), (0, 3), (3, 0), (0, 4), (1, 2), (2, 1), (3, 1), (4, 1), (2, 3), (3, 2), (4, 2), (3, 4), (4, 3)]"
8870,14,"[(0, 2), (2, 0), (0, 3), (3, 0), (0, 4), (1, 2), (2, 1), (3, 1), (4, 1), (2, 3), (3, 2), (2, 4), (4, 2), (3, 4)]"
8871,14,"[(0, 2), (2, 0), (0, 3), (3, 0), (0, 4), (1, 2), (2, 1), (3, 1), (4, 1), (2, 3), (3, 2), (2, 4), (4, 2), (4, 3)]"
8872,14,"[(0, 2), (2, 0), (0, 3), (3, 0), (0, 4), (1, 2), (2, 1), (3, 1), (1, 4), (4, 1), (2, 3), (2, 4), (3, 4), (4, 3)]"
8873,14,"[(0, 2), (2, 0), (0, 3), (3, 0), (0, 4), (1, 2), (2, 1), (3, 1), (1, 4), (4, 1), (2, 3), (4, 2), (3, 4), (4, 3)]"
8874,14,"[(0, 2), (2, 0), (0, 3), (3, 0), (0, 4), (1, 2), (2, 1), (3, 1), (1, 4), (4, 1), (2, 3), (2, 4), (4, 2), (3, 4)]"
8875,14,"[(0, 2), (2, 0), (0, 3), (3, 0), (0, 4), (1, 2), (2, 1), (3, 1), (1, 4), (4, 1), (2, 3), (2, 4), (4, 2), (4, 3)]"
8876,14,"[(0, 2), (2, 0), (0, 3), (3, 0), (0, 4), (1, 2), (2, 1), (3, 1), (1, 4), (4, 1), (3, 2), (2, 4), (3, 4), (4, 3)]"
8877,14,"[(0, 2), (2, 0), (0, 3), (3, 0), (0, 4), (1, 2), (2, 1), (3, 1), (1, 4), (4, 1), (3, 2), (4, 2), (3, 4), (4, 3)]"
8878,14,"[(0, 2), (2, 0), (0, 3), (3, 0), (0, 4), (1, 2), (2, 1), (3, 1), (1, 4), (4, 1), (3, 2), (2, 4), (4, 2), (3, 4)]"
8879,14,"[(0, 2), (2, 0), (0, 3), (3, 0), (0, 4), (1, 2), (2, 1), (3, 1), (1, 4), (4, 1), (3, 2), (2, 4), (4, 2), (4, 3)]"
8880,14,"[(0, 2), (2, 0), (0, 3), (3, 0), (0, 4), (1, 2), (2, 1), (3, 1), (1, 4), (4, 1), (2, 3), (3, 2), (2, 4), (3, 4)]"
8881,14,"[(0, 2), (2, 0), (0, 3), (3, 0), (0, 4), (1, 2), (2, 1), (3, 1), (1, 4), (4, 1), (2, 3), (3, 2), (2, 4), (4, 3)]"
8882,14,"[(0, 2), (2, 0), (0, 3), (3, 0), (0, 4), (1, 2), (2, 1), (3, 1), (1, 4), (4, 1), (2, 3), (3, 2), (4, 2), (3, 4)]"
8883,14,"[(0, 2), (2, 0), (0, 3), (3, 0), (0, 4), (1, 2), (2, 1), (3, 1), (1, 4), (4, 1), (2, 3), (3, 2), (4, 2), (4, 3)]"
8884,14,"[(0, 2), (2, 0), (0, 3), (3, 0), (0, 4), (1, 2), (2, 1), (1, 3), (3, 1), (1, 4), (2, 3), (2, 4), (3, 4), (4, 3)]"
8885,14,"[(0, 2), (2, 0), (0, 3), (3, 0), (0, 4), (1, 2), (2, 1), (1, 3), (3, 1), (1, 4), (2, 3), (4, 2), (3, 4), (4, 3)]"
8886,14,"[(0, 2), (2, 0), (0, 3), (3, 0), (0, 4), (1, 2), (2, 1), (1, 3), (3, 1), (1, 4), (2, 3), (2, 4), (4, 2), (3, 4)]"
8887,14,"[(0, 2), (2, 0), (0, 3), (3, 0), (0, 4), (1, 2), (2, 1), (1, 3), (3, 1), (1, 4), (2, 3), (2, 4), (4, 2), (4, 3)]"
8888,14,"[(0, 2), (2, 0), (0, 3), (3, 0), (0, 4), (1, 2), (2, 1), (1, 3), (3, 1), (1, 4), (2, 3), (3, 2), (2, 4), (3, 4)]"
8889,14,"[(0, 2), (2, 0), (0, 3), (3, 0), (0, 4), (1, 2), (2, 1), (1, 3), (3, 1), (1, 4), (2, 3), (3, 2), (2, 4), (4, 3)]"
8890,14,"[(0, 2), (2, 0), (0, 3), (3, 0), (0, 4), (1, 2), (2, 1), (1, 3), (3, 1), (1, 4), (2, 3), (3, 2), (4, 2), (4, 3)]"
8891,14,"[(0, 2), (2, 0), (0, 3), (3, 0), (0, 4), (1, 2), (2, 1), (1, 3), (3, 1), (4, 1), (2, 3), (2, 4), (3, 4), (4, 3)]"
8892,14,"[(0, 2), (2, 0), (0, 3), (3, 0), (0, 4), (1, 2), (2, 1), (1, 3), (3, 1), (4, 1), (2, 3), (4, 2), (3, 4), (4, 3)]"
8893,14,"[(0, 2), (2, 0), (0, 3), (3, 0), (0, 4), (1, 2), (2, 1), (1, 3), (3, 1), (4, 1), (2, 3), (2, 4), (4, 2), (3, 4)]"
8894,14,"[(0, 2), (2, 0), (0, 3), (3, 0), (0, 4), (1, 2), (2, 1), (1, 3), (3, 1), (4, 1), (2, 3), (2, 4), (4, 2), (4, 3)]"
8895,14,"[(0, 2), (2, 0), (0, 3), (3, 0), (0, 4), (1, 2), (2, 1), (1, 3), (3, 1), (4, 1), (2, 3), (3, 2), (2, 4), (3, 4)]"
8896,14,"[(0, 2), (2, 0), (0, 3), (3, 0), (0, 4), (1, 2), (2, 1), (1, 3), (3, 1), (4, 1), (2, 3), (3, 2), (2, 4), (4, 3)]"
8897,14,"[(0, 2), (2, 0), (0, 3), (3, 0), (0, 4), (1, 2), (2, 1), (1, 3), (3, 1), (4, 1), (2, 3), (3, 2), (4, 2), (4, 3)]"
8898,14,"[(0, 2), (2, 0), (0, 3), (3, 0), (4, 0), (1, 2), (1, 3), (1, 4), (2, 3), (3, 2), (2, 4), (4, 2), (3, 4), (4, 3)]"
8899,14,"[(0, 2), (2, 0), (0, 3), (3, 0), (4, 0), (1, 2), (1, 3), (4, 1), (2, 3), (3, 2), (2, 4), (4, 2), (3, 4), (4, 3)]"
8900,14,"[(0, 2), (2, 0), (0, 3), (3, 0), (4, 0), (1, 2), (1, 3), (1, 4), (4, 1), (2, 3), (2, 4), (4, 2), (3, 4), (4, 3)]"
8901,14,"[(0, 2), (2, 0), (0, 3), (3, 0), (4, 0), (1, 2), (1, 3), (1, 4), (4, 1), (2, 3), (3, 2), (2, 4), (4, 2), (3, 4)]"
8902,14,"[(0, 2), (2, 0), (0, 3), (3, 0), (4, 0), (1, 2), (1, 3), (1, 4), (4, 1), (2, 3), (3, 2), (2, 4), (4, 2), (4, 3)]"
8903,14,"[(0, 2), (2, 0), (0, 3), (3, 0), (4, 0), (1, 2), (3, 1), (1, 4), (2, 3), (3, 2), (2, 4), (4, 2), (3, 4), (4, 3)]"
8904,14,"[(0, 2), (2, 0), (0, 3), (3, 0), (4, 0), (1, 2), (3, 1), (4, 1), (2, 3), (3, 2), (2, 4), (4, 2), (3, 4), (4, 3)]"
8905,14,"[(0, 2), (2, 0), (0, 3), (3, 0), (4, 0), (1, 2), (3, 1), (1, 4), (4, 1), (2, 3), (2, 4), (4, 2), (3, 4), (4, 3)]"
8906,14,"[(0, 2), (2, 0), (0, 3), (3, 0), (4, 0), (1, 2), (3, 1), (1, 4), (4, 1), (3, 2), (2, 4), (4, 2), (3, 4), (4, 3)]"
8907,14,"[(0, 2), (2, 0), (0, 3), (3, 0), (4, 0), (1, 2), (3, 1), (1, 4), (4, 1), (2, 3), (3, 2), (2, 4), (3, 4), (4, 3)]"
8908,14,"[(0, 2), (2, 0), (0, 3), (3, 0), (4, 0), (1, 2), (3, 1), (1, 4), (4, 1), (2, 3), (3, 2), (4, 2), (3, 4), (4, 3)]"
8909,14,"[(0, 2), (2, 0), (0, 3), (3, 0), (4, 0), (1, 2), (3, 1), (1, 4), (4, 1), (2, 3), (3, 2), (2, 4), (4, 2), (3, 4)]"
8910,14,"[(0, 2), (2, 0), (0, 3), (3, 0), (4, 0), (1, 2), (3, 1), (1, 4), (4, 1), (2, 3), (3, 2), (2, 4), (4, 2), (4, 3)]"
8911,14,"[(0, 2), (2, 0), (0, 3), (3, 0), (4, 0), (2, 1), (3, 1), (1, 4), (2, 3), (3, 2), (2, 4), (4, 2), (3, 4), (4, 3)]"
8912,14,"[(0, 2), (2, 0), (0, 3), (3, 0), (4, 0), (2, 1), (3, 1), (4, 1), (2, 3), (3, 2), (2, 4), (4, 2), (3, 4), (4, 3)]"
8913,14,"[(0, 2), (2, 0), (0, 3), (3, 0), (4, 0), (2, 1), (3, 1), (1, 4), (4, 1), (2, 3), (2, 4), (4, 2), (3, 4), (4, 3)]"
8914,14,"[(0, 2), (2, 0), (0, 3), (3, 0), (4, 0), (2, 1), (3, 1), (1, 4), (4, 1), (2, 3), (3, 2), (2, 4), (4, 2), (3, 4)]"
8915,14,"[(0, 2), (2, 0), (0, 3), (3, 0), (4, 0), (2, 1), (3, 1), (1, 4), (4, 1), (2, 3), (3, 2), (2, 4), (4, 2), (4, 3)]"
8916,14,"[(0, 2), (2, 0), (0, 3), (3, 0), (4, 0), (1, 2), (2, 1), (1, 3), (1, 4), (2, 3), (2, 4), (4, 2), (3, 4), (4, 3)]"
8917,14,"[(0, 2), (2, 0), (0, 3), (3, 0), (4, 0), (1, 2), (2, 1), (1, 3), (1, 4), (3, 2), (2, 4), (4, 2), (3, 4), (4, 3)]"
8918,14,"[(0, 2), (2, 0), (0, 3), (3, 0), (4, 0), (1, 2), (2, 1), (1, 3), (1, 4), (2, 3), (3, 2), (2, 4), (3, 4), (4, 3)]"
8919,14,"[(0, 2), (2, 0), (0, 3), (3, 0), (4, 0), (1, 2), (2, 1), (1, 3), (1, 4), (2, 3), (3, 2), (4, 2), (3, 4), (4, 3)]"
8920,14,"[(0, 2), (2, 0), (0, 3), (3, 0), (4, 0), (1, 2), (2, 1), (1, 3), (1, 4), (2, 3), (3, 2), (2, 4), (4, 2), (3, 4)]"
8921,14,"[(0, 2), (2, 0), (0, 3), (3, 0), (4, 0), (1, 2), (2, 1), (1, 3), (1, 4), (2, 3), (3, 2), (2, 4), (4, 2), (4, 3)]"
8922,14,"[(0, 2), (2, 0), (0, 3), (3, 0), (4, 0), (1, 2), (2, 1), (1, 3), (4, 1), (2, 3), (2, 4), (4, 2), (3, 4), (4, 3)]"
8923,14,"[(0, 2), (2, 0), (0, 3), (3, 0), (4, 0), (1, 2), (2, 1), (1, 3), (4, 1), (3, 2), (2, 4), (4, 2), (3, 4), (4, 3)]"
8924,14,"[(0, 2), (2, 0), (0, 3), (3, 0), (4, 0), (1, 2), (2, 1), (1, 3), (4, 1), (2, 3), (3, 2), (2, 4), (3, 4), (4, 3)]"
8925,14,"[(0, 2), (2, 0), (0, 3), (3, 0), (4, 0), (1, 2), (2, 1), (1, 3), (4, 1), (2, 3), (3, 2), (4, 2), (3, 4), (4, 3)]"
8926,14,"[(0, 2), (2, 0), (0, 3), (3, 0), (4, 0), (1, 2), (2, 1), (1, 3), (4, 1), (2, 3), (3, 2), (2, 4), (4, 2), (3, 4)]"
8927,14,"[(0, 2), (2, 0), (0, 3), (3, 0), (4, 0), (1, 2), (2, 1), (1, 3), (4, 1), (2, 3), (3, 2), (2, 4), (4, 2), (4, 3)]"
8928,14,"[(0, 2), (2, 0), (0, 3), (3, 0), (4, 0), (1, 2), (2, 1), (3, 1), (1, 4), (2, 3), (2, 4), (4, 2), (3, 4), (4, 3)]"
8929,14,"[(0, 2), (2, 0), (0, 3), (3, 0), (4, 0), (1, 2), (2, 1), (3, 1), (1, 4), (3, 2), (2, 4), (4, 2), (3, 4), (4, 3)]"
8930,14,"[(0, 2), (2, 0), (0, 3), (3, 0), (4, 0), (1, 2), (2, 1), (3, 1), (1, 4), (2, 3), (3, 2), (2, 4), (3, 4), (4, 3)]"
8931,14,"[(0, 2), (2, 0), (0, 3), (3, 0), (4, 0), (1, 2), (2, 1), (3, 1), (1, 4), (2, 3), (3, 2), (4, 2), (3, 4), (4, 3)]"
8932,14,"[(0, 2), (2, 0), (0, 3), (3, 0), (4, 0), (1, 2), (2, 1), (3, 1), (1, 4), (2, 3), (3, 2), (2, 4), (4, 2), (3, 4)]"
8933,14,"[(0, 2), (2, 0), (0, 3), (3, 0), (4, 0), (1, 2), (2, 1), (3, 1), (1, 4), (2, 3), (3, 2), (2, 4), (4, 2), (4, 3)]"
8934,14,"[(0, 2), (2, 0), (0, 3), (3, 0), (4, 0), (1, 2), (2, 1), (3, 1), (4, 1), (2, 3), (2, 4), (4, 2), (3, 4), (4, 3)]"
8935,14,"[(0, 2), (2, 0), (0, 3), (3, 0), (4, 0), (1, 2), (2, 1), (3, 1), (4, 1), (3, 2), (2, 4), (4, 2), (3, 4), (4, 3)]"
8936,14,"[(0, 2), (2, 0), (0, 3), (3, 0), (4, 0), (1, 2), (2, 1), (3, 1), (4, 1), (2, 3), (3, 2), (2, 4), (3, 4), (4, 3)]"
8937,14,"[(0, 2), (2, 0), (0, 3), (3, 0), (4, 0), (1, 2), (2, 1), (3, 1), (4, 1), (2, 3), (3, 2), (4, 2), (3, 4), (4, 3)]"
8938,14,"[(0, 2), (2, 0), (0, 3), (3, 0), (4, 0), (1, 2), (2, 1), (3, 1), (4, 1), (2, 3), (3, 2), (2, 4), (4, 2), (3, 4)]"
8939,14,"[(0, 2), (2, 0), (0, 3), (3, 0), (4, 0), (1, 2), (2, 1), (3, 1), (4, 1), (2, 3), (3, 2), (2, 4), (4, 2), (4, 3)]"
8940,14,"[(0, 2), (2, 0), (0, 3), (3, 0), (4, 0), (1, 2), (2, 1), (3, 1), (1, 4), (4, 1), (2, 3), (2, 4), (3, 4), (4, 3)]"
8941,14,"[(0, 2), (2, 0), (0, 3), (3, 0), (4, 0), (1, 2), (2, 1), (3, 1), (1, 4), (4, 1), (2, 3), (4, 2), (3, 4), (4, 3)]"
8942,14,"[(0, 2), (2, 0), (0, 3), (3, 0), (4, 0), (1, 2), (2, 1), (3, 1), (1, 4), (4, 1), (3, 2), (4, 2), (3, 4), (4, 3)]"
8943,14,"[(0, 2), (2, 0), (0, 3), (3, 0), (4, 0), (1, 2), (2, 1), (3, 1), (1, 4), (4, 1), (2, 3), (3, 2), (2, 4), (3, 4)]"
8944,14,"[(0, 2), (2, 0), (0, 3), (3, 0), (4, 0), (1, 2), (2, 1), (3, 1), (1, 4), (4, 1), (2, 3), (3, 2), (2, 4), (4, 3)]"
8945,14,"[(0, 2), (2, 0), (0, 3), (3, 0), (4, 0), (1, 2), (2, 1), (3, 1), (1, 4), (4, 1), (2, 3), (3, 2), (4, 2), (3, 4)]"
8946,14,"[(0, 2), (2, 0), (0, 3), (3, 0), (4, 0), (1, 2), (2, 1), (3, 1), (1, 4), (4, 1), (2, 3), (3, 2), (4, 2), (4, 3)]"
8947,14,"[(0, 2), (2, 0), (0, 3), (3, 0), (4, 0), (1, 2), (2, 1), (1, 3), (3, 1), (4, 1), (2, 3), (2, 4), (3, 4), (4, 3)]"
8948,14,"[(0, 2), (2, 0), (0, 3), (3, 0), (4, 0), (1, 2), (2, 1), (1, 3), (3, 1), (4, 1), (2, 3), (4, 2), (3, 4), (4, 3)]"
8949,14,"[(0, 2), (2, 0), (0, 3), (3, 0), (4, 0), (1, 2), (2, 1), (1, 3), (3, 1), (4, 1), (2, 3), (2, 4), (4, 2), (3, 4)]"
8950,14,"[(0, 2), (2, 0), (0, 3), (3, 0), (4, 0), (1, 2), (2, 1), (1, 3), (3, 1), (4, 1), (2, 3), (2, 4), (4, 2), (4, 3)]"
8951,14,"[(0, 2), (2, 0), (0, 3), (3, 0), (4, 0), (1, 2), (2, 1), (1, 3), (3, 1), (4, 1), (2, 3), (3, 2), (2, 4), (3, 4)]"
8952,14,"[(0, 2), (2, 0), (0, 3), (3, 0), (4, 0), (1, 2), (2, 1), (1, 3), (3, 1), (4, 1), (2, 3), (3, 2), (2, 4), (4, 3)]"
8953,14,"[(0, 2), (2, 0), (0, 3), (3, 0), (4, 0), (1, 2), (2, 1), (1, 3), (3, 1), (4, 1), (2, 3), (3, 2), (4, 2), (4, 3)]"
8954,14,"[(0, 2), (2, 0), (0, 3), (3, 0), (0, 4), (4, 0), (1, 2), (1, 3), (1, 4), (2, 3), (3, 2), (2, 4), (4, 2), (3, 4)]"
8955,14,"[(0, 2), (2, 0), (0, 3), (3, 0), (0, 4), (4, 0), (1, 2), (1, 3), (4, 1), (2, 3), (2, 4), (4, 2), (3, 4), (4, 3)]"
8956,14,"[(0, 2), (2, 0), (0, 3), (3, 0), (0, 4), (4, 0), (1, 2), (1, 3), (4, 1), (2, 3), (3, 2), (2, 4), (4, 2), (3, 4)]"
8957,14,"[(0, 2), (2, 0), (0, 3), (3, 0), (0, 4), (4, 0), (1, 2), (1, 3), (4, 1), (2, 3), (3, 2), (2, 4), (4, 2), (4, 3)]"
8958,14,"[(0, 2), (2, 0), (0, 3), (3, 0), (0, 4), (4, 0), (1, 2), (3, 1), (4, 1), (2, 3), (3, 2), (2, 4), (3, 4), (4, 3)]"
8959,14,"[(0, 2), (2, 0), (0, 3), (3, 0), (0, 4), (4, 0), (1, 2), (3, 1), (4, 1), (2, 3), (3, 2), (4, 2), (3, 4), (4, 3)]"
8960,14,"[(0, 2), (2, 0), (0, 3), (3, 0), (0, 4), (4, 0), (1, 2), (3, 1), (4, 1), (2, 3), (3, 2), (2, 4), (4, 2), (3, 4)]"
8961,14,"[(0, 2), (2, 0), (0, 3), (3, 0), (0, 4), (4, 0), (2, 1), (3, 1), (4, 1), (2, 3), (3, 2), (2, 4), (4, 2), (3, 4)]"
8962,14,"[(0, 2), (2, 0), (0, 3), (3, 0), (0, 4), (4, 0), (1, 2), (2, 1), (1, 3), (1, 4), (2, 3), (2, 4), (3, 4), (4, 3)]"
8963,14,"[(0, 2), (2, 0), (0, 3), (3, 0), (0, 4), (4, 0), (1, 2), (2, 1), (1, 3), (1, 4), (2, 3), (4, 2), (3, 4), (4, 3)]"
8964,14,"[(0, 2), (2, 0), (0, 3), (3, 0), (0, 4), (4, 0), (1, 2), (2, 1), (1, 3), (1, 4), (3, 2), (4, 2), (3, 4), (4, 3)]"
8965,14,"[(0, 2), (2, 0), (0, 3), (3, 0), (0, 4), (4, 0), (1, 2), (2, 1), (1, 3), (1, 4), (2, 3), (3, 2), (2, 4), (3, 4)]"
8966,14,"[(0, 2), (2, 0), (0, 3), (3, 0), (0, 4), (4, 0), (1, 2), (2, 1), (1, 3), (1, 4), (2, 3), (3, 2), (2, 4), (4, 3)]"
8967,14,"[(0, 2), (2, 0), (0, 3), (3, 0), (0, 4), (4, 0), (1, 2), (2, 1), (1, 3), (1, 4), (2, 3), (3, 2), (4, 2), (3, 4)]"
8968,14,"[(0, 2), (2, 0), (0, 3), (3, 0), (0, 4), (4, 0), (1, 2), (2, 1), (1, 3), (1, 4), (2, 3), (3, 2), (4, 2), (4, 3)]"
8969,14,"[(0, 2), (2, 0), (0, 3), (3, 0), (0, 4), (4, 0), (1, 2), (2, 1), (1, 3), (4, 1), (2, 3), (2, 4), (3, 4), (4, 3)]"
8970,14,"[(0, 2), (2, 0), (0, 3), (3, 0), (0, 4), (4, 0), (1, 2), (2, 1), (1, 3), (4, 1), (2, 3), (4, 2), (3, 4), (4, 3)]"
8971,14,"[(0, 2), (2, 0), (0, 3), (3, 0), (0, 4), (4, 0), (1, 2), (2, 1), (1, 3), (4, 1), (2, 3), (2, 4), (4, 2), (3, 4)]"
8972,14,"[(0, 2), (2, 0), (0, 3), (3, 0), (0, 4), (4, 0), (1, 2), (2, 1), (1, 3), (4, 1), (2, 3), (2, 4), (4, 2), (4, 3)]"
8973,14,"[(0, 2), (2, 0), (0, 3), (3, 0), (0, 4), (4, 0), (1, 2), (2, 1), (1, 3), (4, 1), (3, 2), (2, 4), (3, 4), (4, 3)]"
8974,14,"[(0, 2), (2, 0), (0, 3), (3, 0), (0, 4), (4, 0), (1, 2), (2, 1), (1, 3), (4, 1), (3, 2), (4, 2), (3, 4), (4, 3)]"
8975,14,"[(0, 2), (2, 0), (0, 3), (3, 0), (0, 4), (4, 0), (1, 2), (2, 1), (1, 3), (4, 1), (3, 2), (2, 4), (4, 2), (3, 4)]"
8976,14,"[(0, 2), (2, 0), (0, 3), (3, 0), (0, 4), (4, 0), (1, 2), (2, 1), (1, 3), (4, 1), (3, 2), (2, 4), (4, 2), (4, 3)]"
8977,14,"[(0, 2), (2, 0), (0, 3), (3, 0), (0, 4), (4, 0), (1, 2), (2, 1), (1, 3), (4, 1), (2, 3), (3, 2), (2, 4), (3, 4)]"
8978,14,"[(0, 2), (2, 0), (0, 3), (3, 0), (0, 4), (4, 0), (1, 2), (2, 1), (1, 3), (4, 1), (2, 3), (3, 2), (2, 4), (4, 3)]"
8979,14,"[(0, 2), (2, 0), (0, 3), (3, 0), (0, 4), (4, 0), (1, 2), (2, 1), (1, 3), (4, 1), (2, 3), (3, 2), (4, 2), (3, 4)]"
8980,14,"[(0, 2), (2, 0), (0, 3), (3, 0), (0, 4), (4, 0), (1, 2), (2, 1), (1, 3), (4, 1), (2, 3), (3, 2), (4, 2), (4, 3)]"
8981,14,"[(0, 2), (2, 0), (0, 3), (3, 0), (0, 4), (4, 0), (1, 2), (2, 1), (3, 1), (4, 1), (2, 3), (2, 4), (3, 4), (4, 3)]"
8982,14,"[(0, 2), (2, 0), (0, 3), (3, 0), (0, 4), (4, 0), (1, 2), (2, 1), (3, 1), (4, 1), (2, 3), (4, 2), (3, 4), (4, 3)]"
8983,14,"[(0, 2), (2, 0), (0, 3), (3, 0), (0, 4), (4, 0), (1, 2), (2, 1), (3, 1), (4, 1), (3, 2), (4, 2), (3, 4), (4, 3)]"
8984,14,"[(0, 2), (2, 0), (0, 3), (3, 0), (0, 4), (4, 0), (1, 2), (2, 1), (3, 1), (4, 1), (2, 3), (3, 2), (2, 4), (3, 4)]"
8985,14,"[(0, 2), (2, 0), (0, 3), (3, 0), (0, 4), (4, 0), (1, 2), (2, 1), (3, 1), (4, 1), (2, 3), (3, 2), (2, 4), (4, 3)]"
8986,14,"[(0, 2), (2, 0), (0, 3), (3, 0), (0, 4), (4, 0), (1, 2), (2, 1), (3, 1), (4, 1), (2, 3), (3, 2), (4, 2), (3, 4)]"
8987,14,"[(0, 2), (2, 0), (0, 3), (3, 0), (0, 4), (4, 0), (1, 2), (2, 1), (3, 1), (4, 1), (2, 3), (3, 2), (4, 2), (4, 3)]"
8988,14,"[(0, 2), (2, 0), (0, 3), (3, 0), (0, 4), (4, 0), (1, 2), (2, 1), (1, 3), (3, 1), (1, 4), (2, 3), (2, 4), (3, 4)]"
8989,14,"[(0, 2), (2, 0), (0, 3), (3, 0), (0, 4), (4, 0), (1, 2), (2, 1), (1, 3), (3, 1), (1, 4), (2, 3), (2, 4), (4, 3)]"
8990,14,"[(0, 2), (2, 0), (0, 3), (3, 0), (0, 4), (4, 0), (1, 2), (2, 1), (1, 3), (3, 1), (1, 4), (2, 3), (4, 2), (3, 4)]"
8991,14,"[(0, 2), (2, 0), (0, 3), (3, 0), (0, 4), (4, 0), (1, 2), (2, 1), (1, 3), (3, 1), (1, 4), (2, 3), (4, 2), (4, 3)]"
8992,14,"[(0, 2), (2, 0), (0, 3), (3, 0), (0, 4), (4, 0), (1, 2), (2, 1), (1, 3), (3, 1), (4, 1), (2, 3), (2, 4), (3, 4)]"
8993,14,"[(0, 2), (2, 0), (0, 3), (3, 0), (0, 4), (4, 0), (1, 2), (2, 1), (1, 3), (3, 1), (4, 1), (2, 3), (2, 4), (4, 3)]"
8994,14,"[(0, 2), (2, 0), (0, 3), (3, 0), (0, 4), (4, 0), (1, 2), (2, 1), (1, 3), (3, 1), (4, 1), (2, 3), (4, 2), (3, 4)]"
8995,14,"[(0, 2), (2, 0), (0, 3), (3, 0), (0, 4), (4, 0), (1, 2), (2, 1), (1, 3), (3, 1), (4, 1), (2, 3), (4, 2), (4, 3)]"
8996,14,"[(0, 1), (1, 0), (0, 2), (2, 0), (0, 3), (0, 4), (1, 2), (1, 3), (1, 4), (2, 3), (3, 2), (2, 4), (3, 4), (4, 3)]"
8997,14,"[(0, 1), (1, 0), (0, 2), (2, 0), (0, 3), (0, 4), (1, 2), (1, 3), (1, 4), (2, 3), (3, 2), (4, 2), (3, 4), (4, 3)]"
8998,14,"[(0, 1), (1, 0), (0, 2), (2, 0), (0, 3), (0, 4), (1, 2), (1, 3), (4, 1), (2, 3), (2, 4), (4, 2), (3, 4), (4, 3)]"
8999,14,"[(0, 1), (1, 0), (0, 2), (2, 0), (0, 3), (0, 4), (1, 2), (1, 3), (4, 1), (3, 2), (2, 4), (4, 2), (3, 4), (4, 3)]"
9000,14,"[(0, 1), (1, 0), (0, 2), (2, 0), (0, 3), (0, 4), (1, 2), (1, 3), (4, 1), (2, 3), (3, 2), (2, 4), (3, 4), (4, 3)]"
9001,14,"[(0, 1), (1, 0), (0, 2), (2, 0), (0, 3), (0, 4), (1, 2), (1, 3), (4, 1), (2, 3), (3, 2), (4, 2), (3, 4), (4, 3)]"
9002,14,"[(0, 1), (1, 0), (0, 2), (2, 0), (0, 3), (0, 4), (1, 2), (3, 1), (4, 1), (2, 3), (3, 2), (2, 4), (3, 4), (4, 3)]"
9003,14,"[(0, 1), (1, 0), (0, 2), (2, 0), (0, 3), (0, 4), (1, 2), (3, 1), (4, 1), (2, 3), (3, 2), (4, 2), (3, 4), (4, 3)]"
9004,14,"[(0, 1), (1, 0), (0, 2), (2, 0), (0, 3), (0, 4), (1, 2), (1, 3), (3, 1), (1, 4), (2, 3), (2, 4), (3, 4), (4, 3)]"
9005,14,"[(0, 1), (1, 0), (0, 2), (2, 0), (0, 3), (0, 4), (1, 2), (1, 3), (3, 1), (1, 4), (2, 3), (4, 2), (3, 4), (4, 3)]"
9006,14,"[(0, 1), (1, 0), (0, 2), (2, 0), (0, 3), (0, 4), (1, 2), (1, 3), (3, 1), (1, 4), (2, 3), (2, 4), (4, 2), (3, 4)]"
9007,14,"[(0, 1), (1, 0), (0, 2), (2, 0), (0, 3), (0, 4), (1, 2), (1, 3), (3, 1), (1, 4), (2, 3), (2, 4), (4, 2), (4, 3)]"
9008,14,"[(0, 1), (1, 0), (0, 2), (2, 0), (0, 3), (0, 4), (1, 2), (1, 3), (3, 1), (1, 4), (2, 3), (3, 2), (2, 4), (3, 4)]"
9009,14,"[(0, 1), (1, 0), (0, 2), (2, 0), (0, 3), (0, 4), (1, 2), (1, 3), (3, 1), (1, 4), (2, 3), (3, 2), (2, 4), (4, 3)]"
9010,14,"[(0, 1), (1, 0), (0, 2), (2, 0), (0, 3), (0, 4), (1, 2), (1, 3), (3, 1), (1, 4), (2, 3), (3, 2), (4, 2), (4, 3)]"
9011,14,"[(0, 1), (1, 0), (0, 2), (2, 0), (0, 3), (0, 4), (1, 2), (1, 3), (3, 1), (4, 1), (2, 3), (2, 4), (3, 4), (4, 3)]"
9012,14,"[(0, 1), (1, 0), (0, 2), (2, 0), (0, 3), (0, 4), (1, 2), (1, 3), (3, 1), (4, 1), (2, 3), (4, 2), (3, 4), (4, 3)]"
9013,14,"[(0, 1), (1, 0), (0, 2), (2, 0), (0, 3), (0, 4), (1, 2), (1, 3), (3, 1), (4, 1), (2, 3), (2, 4), (4, 2), (3, 4)]"
9014,14,"[(0, 1), (1, 0), (0, 2), (2, 0), (0, 3), (0, 4), (1, 2), (1, 3), (3, 1), (4, 1), (2, 3), (2, 4), (4, 2), (4, 3)]"
9015,14,"[(0, 1), (1, 0), (0, 2), (2, 0), (0, 3), (0, 4), (1, 2), (1, 3), (3, 1), (4, 1), (3, 2), (2, 4), (3, 4), (4, 3)]"
9016,14,"[(0, 1), (1, 0), (0, 2), (2, 0), (0, 3), (0, 4), (1, 2), (1, 3), (3, 1), (4, 1), (3, 2), (4, 2), (3, 4), (4, 3)]"
9017,14,"[(0, 1), (1, 0), (0, 2), (2, 0), (0, 3), (0, 4), (1, 2), (1, 3), (3, 1), (4, 1), (3, 2), (2, 4), (4, 2), (3, 4)]"
9018,14,"[(0, 1), (1, 0), (0, 2), (2, 0), (0, 3), (0, 4), (1, 2), (1, 3), (3, 1), (4, 1), (3, 2), (2, 4), (4, 2), (4, 3)]"
9019,14,"[(0, 1), (1, 0), (0, 2), (2, 0), (0, 3), (0, 4), (1, 2), (1, 3), (3, 1), (4, 1), (2, 3), (3, 2), (2, 4), (3, 4)]"
9020,14,"[(0, 1), (1, 0), (0, 2), (2, 0), (0, 3), (0, 4), (1, 2), (1, 3), (3, 1), (4, 1), (2, 3), (3, 2), (2, 4), (4, 3)]"
9021,14,"[(0, 1), (1, 0), (0, 2), (2, 0), (0, 3), (0, 4), (1, 2), (1, 3), (3, 1), (4, 1), (2, 3), (3, 2), (4, 2), (3, 4)]"
9022,14,"[(0, 1), (1, 0), (0, 2), (2, 0), (0, 3), (0, 4), (1, 2), (1, 3), (3, 1), (4, 1), (2, 3), (3, 2), (4, 2), (4, 3)]"
9023,14,"[(0, 1), (1, 0), (0, 2), (2, 0), (0, 3), (0, 4), (1, 2), (2, 1), (1, 3), (1, 4), (2, 3), (2, 4), (3, 4), (4, 3)]"
9024,14,"[(0, 1), (1, 0), (0, 2), (2, 0), (0, 3), (0, 4), (1, 2), (2, 1), (1, 3), (1, 4), (2, 3), (4, 2), (3, 4), (4, 3)]"
9025,14,"[(0, 1), (1, 0), (0, 2), (2, 0), (0, 3), (0, 4), (1, 2), (2, 1), (1, 3), (1, 4), (3, 2), (4, 2), (3, 4), (4, 3)]"
9026,14,"[(0, 1), (1, 0), (0, 2), (2, 0), (0, 3), (0, 4), (1, 2), (2, 1), (1, 3), (4, 1), (2, 3), (4, 2), (3, 4), (4, 3)]"
9027,14,"[(0, 1), (1, 0), (0, 2), (2, 0), (0, 3), (0, 4), (1, 2), (2, 1), (1, 3), (4, 1), (3, 2), (2, 4), (3, 4), (4, 3)]"
9028,14,"[(0, 1), (1, 0), (0, 2), (2, 0), (0, 3), (0, 4), (1, 2), (2, 1), (1, 3), (4, 1), (3, 2), (4, 2), (3, 4), (4, 3)]"
9029,14,"[(0, 1), (1, 0), (0, 2), (2, 0), (0, 3), (0, 4), (1, 2), (2, 1), (3, 1), (4, 1), (3, 2), (4, 2), (3, 4), (4, 3)]"
9030,14,"[(0, 1), (1, 0), (0, 2), (2, 0), (0, 3), (4, 0), (1, 2), (1, 3), (1, 4), (3, 2), (2, 4), (4, 2), (3, 4), (4, 3)]"
9031,14,"[(0, 1), (1, 0), (0, 2), (2, 0), (0, 3), (4, 0), (1, 2), (1, 3), (1, 4), (2, 3), (3, 2), (2, 4), (3, 4), (4, 3)]"
9032,14,"[(0, 1), (1, 0), (0, 2), (2, 0), (0, 3), (4, 0), (1, 2), (1, 3), (1, 4), (2, 3), (3, 2), (4, 2), (3, 4), (4, 3)]"
9033,14,"[(0, 1), (1, 0), (0, 2), (2, 0), (0, 3), (4, 0), (1, 2), (1, 3), (4, 1), (2, 3), (3, 2), (2, 4), (3, 4), (4, 3)]"
9034,14,"[(0, 1), (1, 0), (0, 2), (2, 0), (0, 3), (4, 0), (1, 2), (1, 3), (4, 1), (2, 3), (3, 2), (4, 2), (3, 4), (4, 3)]"
9035,14,"[(0, 1), (1, 0), (0, 2), (2, 0), (0, 3), (4, 0), (1, 2), (3, 1), (1, 4), (2, 3), (3, 2), (4, 2), (3, 4), (4, 3)]"
9036,14,"[(0, 1), (1, 0), (0, 2), (2, 0), (0, 3), (4, 0), (1, 2), (3, 1), (1, 4), (4, 1), (2, 3), (3, 2), (2, 4), (3, 4)]"
9037,14,"[(0, 1), (1, 0), (0, 2), (2, 0), (0, 3), (4, 0), (1, 2), (3, 1), (1, 4), (4, 1), (2, 3), (3, 2), (2, 4), (4, 3)]"
9038,14,"[(0, 1), (1, 0), (0, 2), (2, 0), (0, 3), (4, 0), (1, 2), (1, 3), (3, 1), (4, 1), (2, 3), (2, 4), (3, 4), (4, 3)]"
9039,14,"[(0, 1), (1, 0), (0, 2), (2, 0), (0, 3), (4, 0), (1, 2), (1, 3), (3, 1), (4, 1), (2, 3), (4, 2), (3, 4), (4, 3)]"
9040,14,"[(0, 1), (1, 0), (0, 2), (2, 0), (0, 3), (4, 0), (1, 2), (1, 3), (3, 1), (4, 1), (2, 3), (2, 4), (4, 2), (3, 4)]"
9041,14,"[(0, 1), (1, 0), (0, 2), (2, 0), (0, 3), (4, 0), (1, 2), (1, 3), (3, 1), (4, 1), (2, 3), (2, 4), (4, 2), (4, 3)]"
9042,14,"[(0, 1), (1, 0), (0, 2), (2, 0), (0, 3), (4, 0), (1, 2), (1, 3), (3, 1), (4, 1), (2, 3), (3, 2), (2, 4), (3, 4)]"
9043,14,"[(0, 1), (1, 0), (0, 2), (2, 0), (0, 3), (4, 0), (1, 2), (1, 3), (3, 1), (4, 1), (2, 3), (3, 2), (2, 4), (4, 3)]"
9044,14,"[(0, 1), (1, 0), (0, 2), (2, 0), (0, 3), (4, 0), (1, 2), (1, 3), (3, 1), (4, 1), (2, 3), (3, 2), (4, 2), (4, 3)]"
9045,14,"[(0, 1), (1, 0), (0, 2), (2, 0), (0, 3), (4, 0), (1, 2), (2, 1), (1, 3), (4, 1), (2, 3), (4, 2), (3, 4), (4, 3)]"
9046,14,"[(0, 1), (1, 0), (0, 2), (2, 0), (0, 3), (4, 0), (1, 2), (2, 1), (1, 3), (4, 1), (3, 2), (2, 4), (3, 4), (4, 3)]"
9047,14,"[(0, 1), (1, 0), (0, 2), (2, 0), (0, 3), (4, 0), (1, 2), (2, 1), (1, 3), (4, 1), (3, 2), (4, 2), (3, 4), (4, 3)]"
9048,14,"[(0, 1), (1, 0), (0, 2), (2, 0), (0, 3), (4, 0), (1, 2), (2, 1), (3, 1), (1, 4), (3, 2), (4, 2), (3, 4), (4, 3)]"
9049,14,"[(0, 1), (1, 0), (0, 2), (2, 0), (0, 3), (4, 0), (1, 2), (2, 1), (3, 1), (4, 1), (3, 2), (4, 2), (3, 4), (4, 3)]"
9050,14,"[(0, 1), (1, 0), (0, 2), (2, 0), (3, 0), (4, 0), (1, 2), (2, 1), (3, 1), (4, 1), (3, 2), (4, 2), (3, 4), (4, 3)]"
9051,14,"[(0, 1), (1, 0), (0, 2), (2, 0), (0, 3), (3, 0), (0, 4), (1, 2), (1, 3), (1, 4), (2, 3), (2, 4), (3, 4), (4, 3)]"
9052,14,"[(0, 1), (1, 0), (0, 2), (2, 0), (0, 3), (3, 0), (0, 4), (1, 2), (1, 3), (1, 4), (2, 3), (4, 2), (3, 4), (4, 3)]"
9053,14,"[(0, 1), (1, 0), (0, 2), (2, 0), (0, 3), (3, 0), (0, 4), (1, 2), (1, 3), (1, 4), (2, 3), (2, 4), (4, 2), (3, 4)]"
9054,14,"[(0, 1), (1, 0), (0, 2), (2, 0), (0, 3), (3, 0), (0, 4), (1, 2), (1, 3), (1, 4), (2, 3), (2, 4), (4, 2), (4, 3)]"
9055,14,"[(0, 1), (1, 0), (0, 2), (2, 0), (0, 3), (3, 0), (0, 4), (1, 2), (1, 3), (4, 1), (2, 3), (2, 4), (3, 4), (4, 3)]"
9056,14,"[(0, 1), (1, 0), (0, 2), (2, 0), (0, 3), (3, 0), (0, 4), (1, 2), (1, 3), (4, 1), (2, 3), (4, 2), (3, 4), (4, 3)]"
9057,14,"[(0, 1), (1, 0), (0, 2), (2, 0), (0, 3), (3, 0), (0, 4), (1, 2), (1, 3), (4, 1), (2, 3), (2, 4), (4, 2), (3, 4)]"
9058,14,"[(0, 1), (1, 0), (0, 2), (2, 0), (0, 3), (3, 0), (0, 4), (1, 2), (1, 3), (4, 1), (2, 3), (2, 4), (4, 2), (4, 3)]"
9059,14,"[(0, 1), (1, 0), (0, 2), (2, 0), (0, 3), (3, 0), (0, 4), (1, 2), (1, 3), (1, 4), (4, 1), (2, 3), (2, 4), (3, 4)]"
9060,14,"[(0, 1), (1, 0), (0, 2), (2, 0), (0, 3), (3, 0), (0, 4), (1, 2), (1, 3), (1, 4), (4, 1), (2, 3), (2, 4), (4, 3)]"
9061,14,"[(0, 1), (1, 0), (0, 2), (2, 0), (0, 3), (3, 0), (0, 4), (1, 2), (1, 3), (1, 4), (4, 1), (2, 3), (4, 2), (3, 4)]"
9062,14,"[(0, 1), (1, 0), (0, 2), (2, 0), (0, 3), (3, 0), (0, 4), (1, 2), (1, 3), (1, 4), (4, 1), (2, 3), (4, 2), (4, 3)]"
9063,14,"[(0, 1), (1, 0), (0, 2), (2, 0), (0, 3), (3, 0), (0, 4), (1, 2), (3, 1), (1, 4), (4, 1), (2, 3), (2, 4), (3, 4)]"
9064,14,"[(0, 1), (1, 0), (0, 2), (2, 0), (0, 3), (3, 0), (0, 4), (1, 2), (3, 1), (1, 4), (4, 1), (2, 3), (2, 4), (4, 3)]"
9065,14,"[(0, 1), (1, 0), (0, 2), (2, 0), (0, 3), (3, 0), (0, 4), (1, 2), (3, 1), (1, 4), (4, 1), (2, 3), (4, 2), (3, 4)]"
9066,14,"[(0, 1), (1, 0), (0, 2), (2, 0), (0, 3), (3, 0), (0, 4), (1, 2), (3, 1), (1, 4), (4, 1), (2, 3), (4, 2), (4, 3)]"
9067,14,"[(0, 1), (1, 0), (0, 2), (2, 0), (0, 3), (3, 0), (0, 4), (1, 2), (2, 1), (1, 3), (1, 4), (2, 3), (2, 4), (3, 4)]"
9068,14,"[(0, 1), (1, 0), (0, 2), (2, 0), (0, 3), (3, 0), (0, 4), (1, 2), (2, 1), (1, 3), (1, 4), (2, 3), (2, 4), (4, 3)]"
9069,14,"[(0, 1), (1, 0), (0, 2), (2, 0), (0, 3), (3, 0), (0, 4), (1, 2), (2, 1), (1, 3), (1, 4), (2, 3), (4, 2), (3, 4)]"
9070,14,"[(0, 1), (1, 0), (0, 2), (2, 0), (0, 3), (3, 0), (0, 4), (1, 2), (2, 1), (1, 3), (1, 4), (2, 3), (4, 2), (4, 3)]"
9071,14,"[(0, 1), (1, 0), (0, 2), (2, 0), (0, 3), (3, 0), (0, 4), (1, 2), (2, 1), (1, 3), (1, 4), (3, 2), (2, 4), (3, 4)]"
9072,14,"[(0, 1), (1, 0), (0, 2), (2, 0), (0, 3), (3, 0), (0, 4), (1, 2), (2, 1), (1, 3), (1, 4), (3, 2), (2, 4), (4, 3)]"
9073,14,"[(0, 1), (1, 0), (0, 2), (2, 0), (0, 3), (3, 0), (0, 4), (1, 2), (2, 1), (1, 3), (1, 4), (3, 2), (4, 2), (3, 4)]"
9074,14,"[(0, 1), (1, 0), (0, 2), (2, 0), (0, 3), (3, 0), (0, 4), (1, 2), (2, 1), (1, 3), (1, 4), (3, 2), (4, 2), (4, 3)]"
9075,14,"[(0, 1), (1, 0), (0, 2), (2, 0), (0, 3), (3, 0), (0, 4), (1, 2), (2, 1), (1, 3), (4, 1), (2, 3), (4, 2), (3, 4)]"
9076,14,"[(0, 1), (1, 0), (0, 2), (2, 0), (0, 3), (3, 0), (0, 4), (1, 2), (2, 1), (1, 3), (4, 1), (2, 3), (4, 2), (4, 3)]"
9077,14,"[(0, 1), (1, 0), (0, 2), (2, 0), (0, 3), (3, 0), (0, 4), (1, 2), (2, 1), (1, 3), (4, 1), (3, 2), (2, 4), (3, 4)]"
9078,14,"[(0, 1), (1, 0), (0, 2), (2, 0), (0, 3), (3, 0), (0, 4), (1, 2), (2, 1), (1, 3), (4, 1), (3, 2), (2, 4), (4, 3)]"
9079,14,"[(0, 1), (1, 0), (0, 2), (2, 0), (0, 3), (3, 0), (0, 4), (1, 2), (2, 1), (1, 3), (4, 1), (3, 2), (4, 2), (3, 4)]"
9080,14,"[(0, 1), (1, 0), (0, 2), (2, 0), (0, 3), (3, 0), (0, 4), (1, 2), (2, 1), (1, 3), (4, 1), (3, 2), (4, 2), (4, 3)]"
9081,14,"[(0, 1), (1, 0), (0, 2), (2, 0), (0, 3), (3, 0), (0, 4), (1, 2), (2, 1), (3, 1), (1, 4), (3, 2), (2, 4), (3, 4)]"
9082,14,"[(0, 1), (1, 0), (0, 2), (2, 0), (0, 3), (3, 0), (0, 4), (1, 2), (2, 1), (3, 1), (1, 4), (3, 2), (2, 4), (4, 3)]"
9083,14,"[(0, 1), (1, 0), (0, 2), (2, 0), (0, 3), (3, 0), (0, 4), (1, 2), (2, 1), (3, 1), (1, 4), (3, 2), (4, 2), (3, 4)]"
9084,14,"[(0, 1), (1, 0), (0, 2), (2, 0), (0, 3), (3, 0), (0, 4), (1, 2), (2, 1), (3, 1), (1, 4), (3, 2), (4, 2), (4, 3)]"
9085,14,"[(0, 1), (1, 0), (0, 2), (2, 0), (0, 3), (3, 0), (0, 4), (1, 2), (2, 1), (3, 1), (4, 1), (3, 2), (4, 2), (3, 4)]"
9086,14,"[(0, 1), (1, 0), (0, 2), (2, 0), (0, 3), (3, 0), (0, 4), (1, 2), (2, 1), (3, 1), (4, 1), (3, 2), (4, 2), (4, 3)]"
9087,14,"[(0, 1), (1, 0), (0, 2), (2, 0), (0, 3), (3, 0), (4, 0), (1, 2), (1, 3), (1, 4), (2, 3), (2, 4), (3, 4), (4, 3)]"
9088,14,"[(0, 1), (1, 0), (0, 2), (2, 0), (0, 3), (3, 0), (4, 0), (1, 2), (1, 3), (1, 4), (2, 3), (4, 2), (3, 4), (4, 3)]"
9089,14,"[(0, 1), (1, 0), (0, 2), (2, 0), (0, 3), (3, 0), (4, 0), (1, 2), (1, 3), (1, 4), (2, 3), (2, 4), (4, 2), (3, 4)]"
9090,14,"[(0, 1), (1, 0), (0, 2), (2, 0), (0, 3), (3, 0), (4, 0), (1, 2), (1, 3), (1, 4), (2, 3), (2, 4), (4, 2), (4, 3)]"
9091,14,"[(0, 1), (1, 0), (0, 2), (2, 0), (0, 3), (3, 0), (4, 0), (1, 2), (1, 3), (4, 1), (2, 3), (2, 4), (3, 4), (4, 3)]"
9092,14,"[(0, 1), (1, 0), (0, 2), (2, 0), (0, 3), (3, 0), (4, 0), (1, 2), (1, 3), (4, 1), (2, 3), (4, 2), (3, 4), (4, 3)]"
9093,14,"[(0, 1), (1, 0), (0, 2), (2, 0), (0, 3), (3, 0), (4, 0), (1, 2), (1, 3), (4, 1), (2, 3), (2, 4), (4, 2), (3, 4)]"
9094,14,"[(0, 1), (1, 0), (0, 2), (2, 0), (0, 3), (3, 0), (4, 0), (1, 2), (1, 3), (4, 1), (2, 3), (2, 4), (4, 2), (4, 3)]"
9095,14,"[(0, 1), (1, 0), (0, 2), (2, 0), (0, 3), (3, 0), (4, 0), (1, 2), (1, 3), (1, 4), (4, 1), (2, 3), (2, 4), (3, 4)]"
9096,14,"[(0, 1), (1, 0), (0, 2), (2, 0), (0, 3), (3, 0), (4, 0), (1, 2), (1, 3), (1, 4), (4, 1), (2, 3), (2, 4), (4, 3)]"
9097,14,"[(0, 1), (1, 0), (0, 2), (2, 0), (0, 3), (3, 0), (4, 0), (1, 2), (1, 3), (1, 4), (4, 1), (2, 3), (4, 2), (3, 4)]"
9098,14,"[(0, 1), (1, 0), (0, 2), (2, 0), (0, 3), (3, 0), (4, 0), (1, 2), (1, 3), (1, 4), (4, 1), (2, 3), (4, 2), (4, 3)]"
9099,14,"[(0, 1), (1, 0), (0, 2), (2, 0), (0, 3), (3, 0), (4, 0), (1, 2), (3, 1), (1, 4), (4, 1), (2, 3), (2, 4), (3, 4)]"
9100,14,"[(0, 1), (1, 0), (0, 2), (2, 0), (0, 3), (3, 0), (4, 0), (1, 2), (3, 1), (1, 4), (4, 1), (2, 3), (2, 4), (4, 3)]"
9101,14,"[(0, 1), (1, 0), (0, 2), (2, 0), (0, 3), (3, 0), (4, 0), (1, 2), (3, 1), (1, 4), (4, 1), (2, 3), (4, 2), (3, 4)]"
9102,14,"[(0, 1), (1, 0), (0, 2), (2, 0), (0, 3), (3, 0), (4, 0), (1, 2), (3, 1), (1, 4), (4, 1), (2, 3), (4, 2), (4, 3)]"
9103,14,"[(0, 1), (1, 0), (0, 2), (2, 0), (0, 3), (3, 0), (4, 0), (1, 2), (2, 1), (1, 3), (1, 4), (2, 3), (2, 4), (3, 4)]"
9104,14,"[(0, 1), (1, 0), (0, 2), (2, 0), (0, 3), (3, 0), (4, 0), (1, 2), (2, 1), (1, 3), (1, 4), (2, 3), (2, 4), (4, 3)]"
9105,14,"[(0, 1), (1, 0), (0, 2), (2, 0), (0, 3), (3, 0), (4, 0), (1, 2), (2, 1), (1, 3), (1, 4), (2, 3), (4, 2), (3, 4)]"
9106,14,"[(0, 1), (1, 0), (0, 2), (2, 0), (0, 3), (3, 0), (4, 0), (1, 2), (2, 1), (1, 3), (1, 4), (2, 3), (4, 2), (4, 3)]"
9107,14,"[(0, 1), (1, 0), (0, 2), (2, 0), (0, 3), (3, 0), (4, 0), (1, 2), (2, 1), (1, 3), (1, 4), (3, 2), (2, 4), (3, 4)]"
9108,14,"[(0, 1), (1, 0), (0, 2), (2, 0), (0, 3), (3, 0), (4, 0), (1, 2), (2, 1), (1, 3), (1, 4), (3, 2), (2, 4), (4, 3)]"
9109,14,"[(0, 1), (1, 0), (0, 2), (2, 0), (0, 3), (3, 0), (4, 0), (1, 2), (2, 1), (1, 3), (1, 4), (3, 2), (4, 2), (3, 4)]"
9110,14,"[(0, 1), (1, 0), (0, 2), (2, 0), (0, 3), (3, 0), (4, 0), (1, 2), (2, 1), (1, 3), (1, 4), (3, 2), (4, 2), (4, 3)]"
9111,14,"[(0, 1), (1, 0), (0, 2), (2, 0), (0, 3), (3, 0), (4, 0), (1, 2), (2, 1), (1, 3), (4, 1), (2, 3), (4, 2), (3, 4)]"
9112,14,"[(0, 1), (1, 0), (0, 2), (2, 0), (0, 3), (3, 0), (4, 0), (1, 2), (2, 1), (1, 3), (4, 1), (2, 3), (4, 2), (4, 3)]"
9113,14,"[(0, 1), (1, 0), (0, 2), (2, 0), (0, 3), (3, 0), (4, 0), (1, 2), (2, 1), (1, 3), (4, 1), (3, 2), (2, 4), (3, 4)]"
9114,14,"[(0, 1), (1, 0), (0, 2), (2, 0), (0, 3), (3, 0), (4, 0), (1, 2), (2, 1), (1, 3), (4, 1), (3, 2), (2, 4), (4, 3)]"
9115,14,"[(0, 1), (1, 0), (0, 2), (2, 0), (0, 3), (3, 0), (4, 0), (1, 2), (2, 1), (1, 3), (4, 1), (3, 2), (4, 2), (3, 4)]"
9116,14,"[(0, 1), (1, 0), (0, 2), (2, 0), (0, 3), (3, 0), (4, 0), (1, 2), (2, 1), (1, 3), (4, 1), (3, 2), (4, 2), (4, 3)]"
9117,14,"[(0, 1), (1, 0), (0, 2), (2, 0), (0, 3), (3, 0), (4, 0), (1, 2), (2, 1), (3, 1), (1, 4), (3, 2), (2, 4), (3, 4)]"
9118,14,"[(0, 1), (1, 0), (0, 2), (2, 0), (0, 3), (3, 0), (4, 0), (1, 2), (2, 1), (3, 1), (1, 4), (3, 2), (2, 4), (4, 3)]"
9119,14,"[(0, 1), (1, 0), (0, 2), (2, 0), (0, 3), (3, 0), (4, 0), (1, 2), (2, 1), (3, 1), (1, 4), (3, 2), (4, 2), (3, 4)]"
9120,14,"[(0, 1), (1, 0), (0, 2), (2, 0), (0, 3), (3, 0), (4, 0), (1, 2), (2, 1), (3, 1), (1, 4), (3, 2), (4, 2), (4, 3)]"
9121,14,"[(0, 1), (1, 0), (0, 2), (2, 0), (0, 3), (3, 0), (4, 0), (1, 2), (2, 1), (3, 1), (4, 1), (3, 2), (4, 2), (3, 4)]"
9122,14,"[(0, 1), (1, 0), (0, 2), (2, 0), (0, 3), (3, 0), (4, 0), (1, 2), (2, 1), (3, 1), (4, 1), (3, 2), (4, 2), (4, 3)]"
9123,14,"[(0, 1), (1, 0), (0, 2), (2, 0), (0, 3), (3, 0), (0, 4), (4, 0), (1, 2), (1, 3), (1, 4), (2, 3), (2, 4), (3, 4)]"
9124,14,"[(0, 1), (1, 0), (0, 2), (2, 0), (0, 3), (3, 0), (0, 4), (4, 0), (1, 2), (1, 3), (1, 4), (2, 3), (4, 2), (3, 4)]"
9125,14,"[(0, 1), (1, 0), (0, 2), (2, 0), (0, 3), (3, 0), (0, 4), (4, 0), (1, 2), (1, 3), (4, 1), (2, 3), (2, 4), (3, 4)]"
9126,14,"[(0, 1), (1, 0), (0, 2), (2, 0), (0, 3), (3, 0), (0, 4), (4, 0), (1, 2), (1, 3), (4, 1), (2, 3), (2, 4), (4, 3)]"
9127,15,"[(0, 2), (0, 3), (3, 0), (0, 4), (4, 0), (1, 3), (3, 1), (1, 4), (4, 1), (2, 3), (3, 2), (2, 4), (4, 2), (3, 4), (4, 3)]"
9128,15,"[(0, 2), (2, 0), (0, 3), (3, 0), (0, 4), (4, 0), (1, 3), (3, 1), (1, 4), (2, 3), (3, 2), (2, 4), (4, 2), (3, 4), (4, 3)]"
9129,15,"[(0, 2), (2, 0), (0, 3), (3, 0), (0, 4), (4, 0), (1, 3), (3, 1), (4, 1), (2, 3), (3, 2), (2, 4), (4, 2), (3, 4), (4, 3)]"
9130,15,"[(0, 2), (2, 0), (0, 3), (3, 0), (0, 4), (4, 0), (1, 3), (3, 1), (1, 4), (4, 1), (2, 3), (3, 2), (2, 4), (3, 4), (4, 3)]"
9131,15,"[(0, 2), (2, 0), (0, 3), (3, 0), (0, 4), (4, 0), (1, 3), (3, 1), (1, 4), (4, 1), (2, 3), (3, 2), (4, 2), (3, 4), (4, 3)]"
9132,15,"[(0, 2), (2, 0), (0, 3), (3, 0), (0, 4), (4, 0), (1, 3), (3, 1), (1, 4), (4, 1), (2, 3), (3, 2), (2, 4), (4, 2), (3, 4)]"
9133,15,"[(0, 2), (2, 0), (0, 3), (3, 0), (0, 4), (4, 0), (1, 2), (2, 1), (1, 3), (1, 4), (4, 1), (2, 4), (4, 2), (3, 4), (4, 3)]"
9134,15,"[(0, 2), (2, 0), (0, 3), (3, 0), (0, 4), (4, 0), (1, 2), (2, 1), (1, 3), (3, 1), (1, 4), (4, 1), (2, 4), (4, 2), (3, 4)]"
9135,15,"[(0, 2), (2, 0), (0, 3), (3, 0), (0, 4), (4, 0), (1, 2), (2, 1), (1, 3), (3, 1), (1, 4), (4, 1), (2, 4), (4, 2), (4, 3)]"
9136,15,"[(0, 2), (2, 0), (0, 3), (3, 0), (0, 4), (1, 2), (1, 3), (1, 4), (4, 1), (2, 3), (3, 2), (2, 4), (4, 2), (3, 4), (4, 3)]"
9137,15,"[(0, 2), (2, 0), (0, 3), (3, 0), (0, 4), (1, 2), (3, 1), (1, 4), (4, 1), (2, 3), (3, 2), (2, 4), (4, 2), (3, 4), (4, 3)]"
9138,15,"[(0, 2), (2, 0), (0, 3), (3, 0), (0, 4), (2, 1), (3, 1), (1, 4), (4, 1), (2, 3), (3, 2), (2, 4), (4, 2), (3, 4), (4, 3)]"
9139,15,"[(0, 2), (2, 0), (0, 3), (3, 0), (0, 4), (1, 2), (2, 1), (1, 3), (1, 4), (2, 3), (3, 2), (2, 4), (4, 2), (3, 4), (4, 3)]"
9140,15,"[(0, 2), (2, 0), (0, 3), (3, 0), (0, 4), (1, 2), (2, 1), (1, 3), (4, 1), (2, 3), (3, 2), (2, 4), (4, 2), (3, 4), (4, 3)]"
9141,15,"[(0, 2), (2, 0), (0, 3), (3, 0), (0, 4), (1, 2), (2, 1), (1, 3), (1, 4), (4, 1), (2, 3), (3, 2), (2, 4), (3, 4), (4, 3)]"
9142,15,"[(0, 2), (2, 0), (0, 3), (3, 0), (0, 4), (1, 2), (2, 1), (1, 3), (1, 4), (4, 1), (2, 3), (3, 2), (4, 2), (3, 4), (4, 3)]"
9143,15,"[(0, 2), (2, 0), (0, 3), (3, 0), (0, 4), (1, 2), (2, 1), (1, 3), (1, 4), (4, 1), (2, 3), (3, 2), (2, 4), (4, 2), (3, 4)]"
9144,15,"[(0, 2), (2, 0), (0, 3), (3, 0), (0, 4), (1, 2), (2, 1), (3, 1), (1, 4), (2, 3), (3, 2), (2, 4), (4, 2), (3, 4), (4, 3)]"
9145,15,"[(0, 2), (2, 0), (0, 3), (3, 0), (0, 4), (1, 2), (2, 1), (3, 1), (4, 1), (2, 3), (3, 2), (2, 4), (4, 2), (3, 4), (4, 3)]"
9146,15,"[(0, 2), (2, 0), (0, 3), (3, 0), (0, 4), (1, 2), (2, 1), (3, 1), (1, 4), (4, 1), (2, 3), (2, 4), (4, 2), (3, 4), (4, 3)]"
9147,15,"[(0, 2), (2, 0), (0, 3), (3, 0), (0, 4), (1, 2), (2, 1), (3, 1), (1, 4), (4, 1), (3, 2), (2, 4), (4, 2), (3, 4), (4, 3)]"
9148,15,"[(0, 2), (2, 0), (0, 3), (3, 0), (0, 4), (1, 2), (2, 1), (3, 1), (1, 4), (4, 1), (2, 3), (3, 2), (2, 4), (3, 4), (4, 3)]"
9149,15,"[(0, 2), (2, 0), (0, 3), (3, 0), (0, 4), (1, 2), (2, 1), (3, 1), (1, 4), (4, 1), (2, 3), (3, 2), (4, 2), (3, 4), (4, 3)]"
9150,15,"[(0, 2), (2, 0), (0, 3), (3, 0), (0, 4), (1, 2), (2, 1), (3, 1), (1, 4), (4, 1), (2, 3), (3, 2), (2, 4), (4, 2), (3, 4)]"
9151,15,"[(0, 2), (2, 0), (0, 3), (3, 0), (0, 4), (1, 2), (2, 1), (3, 1), (1, 4), (4, 1), (2, 3), (3, 2), (2, 4), (4, 2), (4, 3)]"
9152,15,"[(0, 2), (2, 0), (0, 3), (3, 0), (0, 4), (1, 2), (2, 1), (1, 3), (3, 1), (1, 4), (2, 3), (2, 4), (4, 2), (3, 4), (4, 3)]"
9153,15,"[(0, 2), (2, 0), (0, 3), (3, 0), (0, 4), (1, 2), (2, 1), (1, 3), (3, 1), (1, 4), (2, 3), (3, 2), (2, 4), (4, 2), (3, 4)]"
9154,15,"[(0, 2), (2, 0), (0, 3), (3, 0), (0, 4), (1, 2), (2, 1), (1, 3), (3, 1), (1, 4), (2, 3), (3, 2), (2, 4), (4, 2), (4, 3)]"
9155,15,"[(0, 2), (2, 0), (0, 3), (3, 0), (0, 4), (1, 2), (2, 1), (1, 3), (3, 1), (4, 1), (2, 3), (2, 4), (4, 2), (3, 4), (4, 3)]"
9156,15,"[(0, 2), (2, 0), (0, 3), (3, 0), (0, 4), (1, 2), (2, 1), (1, 3), (3, 1), (4, 1), (2, 3), (3, 2), (2, 4), (4, 2), (3, 4)]"
9157,15,"[(0, 2), (2, 0), (0, 3), (3, 0), (0, 4), (1, 2), (2, 1), (1, 3), (3, 1), (4, 1), (2, 3), (3, 2), (2, 4), (4, 2), (4, 3)]"
9158,15,"[(0, 2), (2, 0), (0, 3), (3, 0), (4, 0), (1, 2), (1, 3), (1, 4), (4, 1), (2, 3), (3, 2), (2, 4), (4, 2), (3, 4), (4, 3)]"
9159,15,"[(0, 2), (2, 0), (0, 3), (3, 0), (4, 0), (1, 2), (3, 1), (1, 4), (4, 1), (2, 3), (3, 2), (2, 4), (4, 2), (3, 4), (4, 3)]"
9160,15,"[(0, 2), (2, 0), (0, 3), (3, 0), (4, 0), (2, 1), (3, 1), (1, 4), (4, 1), (2, 3), (3, 2), (2, 4), (4, 2), (3, 4), (4, 3)]"
9161,15,"[(0, 2), (2, 0), (0, 3), (3, 0), (4, 0), (1, 2), (2, 1), (1, 3), (1, 4), (2, 3), (3, 2), (2, 4), (4, 2), (3, 4), (4, 3)]"
9162,15,"[(0, 2), (2, 0), (0, 3), (3, 0), (4, 0), (1, 2), (2, 1), (1, 3), (4, 1), (2, 3), (3, 2), (2, 4), (4, 2), (3, 4), (4, 3)]"
9163,15,"[(0, 2), (2, 0), (0, 3), (3, 0), (4, 0), (1, 2), (2, 1), (3, 1), (1, 4), (2, 3), (3, 2), (2, 4), (4, 2), (3, 4), (4, 3)]"
9164,15,"[(0, 2), (2, 0), (0, 3), (3, 0), (4, 0), (1, 2), (2, 1), (3, 1), (4, 1), (2, 3), (3, 2), (2, 4), (4, 2), (3, 4), (4, 3)]"
9165,15,"[(0, 2), (2, 0), (0, 3), (3, 0), (4, 0), (1, 2), (2, 1), (3, 1), (1, 4), (4, 1), (2, 3), (3, 2), (2, 4), (3, 4), (4, 3)]"
9166,15,"[(0, 2), (2, 0), (0, 3), (3, 0), (4, 0), (1, 2), (2, 1), (3, 1), (1, 4), (4, 1), (2, 3), (3, 2), (4, 2), (3, 4), (4, 3)]"
9167,15,"[(0, 2), (2, 0), (0, 3), (3, 0), (4, 0), (1, 2), (2, 1), (3, 1), (1, 4), (4, 1), (2, 3), (3, 2), (2, 4), (4, 2), (3, 4)]"
9168,15,"[(0, 2), (2, 0), (0, 3), (3, 0), (4, 0), (1, 2), (2, 1), (1, 3), (3, 1), (4, 1), (2, 3), (2, 4), (4, 2), (3, 4), (4, 3)]"
9169,15,"[(0, 2), (2, 0), (0, 3), (3, 0), (4, 0), (1, 2), (2, 1), (1, 3), (3, 1), (4, 1), (2, 3), (3, 2), (2, 4), (4, 2), (3, 4)]"
9170,15,"[(0, 2), (2, 0), (0, 3), (3, 0), (4, 0), (1, 2), (2, 1), (1, 3), (3, 1), (4, 1), (2, 3), (3, 2), (2, 4), (4, 2), (4, 3)]"
9171,15,"[(0, 2), (2, 0), (0, 3), (3, 0), (0, 4), (4, 0), (1, 2), (1, 3), (1, 4), (2, 3), (3, 2), (2, 4), (4, 2), (3, 4), (4, 3)]"
9172,15,"[(0, 2), (2, 0), (0, 3), (3, 0), (0, 4), (4, 0), (1, 2), (1, 3), (4, 1), (2, 3), (3, 2), (2, 4), (4, 2), (3, 4), (4, 3)]"
9173,15,"[(0, 2), (2, 0), (0, 3), (3, 0), (0, 4), (4, 0), (1, 2), (3, 1), (4, 1), (2, 3), (3, 2), (2, 4), (4, 2), (3, 4), (4, 3)]"
9174,15,"[(0, 2), (2, 0), (0, 3), (3, 0), (0, 4), (4, 0), (2, 1), (3, 1), (4, 1), (2, 3), (3, 2), (2, 4), (4, 2), (3, 4), (4, 3)]"
9175,15,"[(0, 2), (2, 0), (0, 3), (3, 0), (0, 4), (4, 0), (1, 2), (2, 1), (1, 3), (1, 4), (2, 3), (3, 2), (2, 4), (3, 4), (4, 3)]"
9176,15,"[(0, 2), (2, 0), (0, 3), (3, 0), (0, 4), (4, 0), (1, 2), (2, 1), (1, 3), (1, 4), (2, 3), (3, 2), (4, 2), (3, 4), (4, 3)]"
9177,15,"[(0, 2), (2, 0), (0, 3), (3, 0), (0, 4), (4, 0), (1, 2), (2, 1), (1, 3), (1, 4), (2, 3), (3, 2), (2, 4), (4, 2), (3, 4)]"
9178,15,"[(0, 2), (2, 0), (0, 3), (3, 0), (0, 4), (4, 0), (1, 2), (2, 1), (1, 3), (4, 1), (2, 3), (2, 4), (4, 2), (3, 4), (4, 3)]"
9179,15,"[(0, 2), (2, 0), (0, 3), (3, 0), (0, 4), (4, 0), (1, 2), (2, 1), (1, 3), (4, 1), (3, 2), (2, 4), (4, 2), (3, 4), (4, 3)]"
9180,15,"[(0, 2), (2, 0), (0, 3), (3, 0), (0, 4), (4, 0), (1, 2), (2, 1), (1, 3), (4, 1), (2, 3), (3, 2), (2, 4), (3, 4), (4, 3)]"
9181,15,"[(0, 2), (2, 0), (0, 3), (3, 0), (0, 4), (4, 0), (1, 2), (2, 1), (1, 3), (4, 1), (2, 3), (3, 2), (4, 2), (3, 4), (4, 3)]"
9182,15,"[(0, 2), (2, 0), (0, 3), (3, 0), (0, 4), (4, 0), (1, 2), (2, 1), (1, 3), (4, 1), (2, 3), (3, 2), (2, 4), (4, 2), (3, 4)]"
9183,15,"[(0, 2), (2, 0), (0, 3), (3, 0), (0, 4), (4, 0), (1, 2), (2, 1), (1, 3), (4, 1), (2, 3), (3, 2), (2, 4), (4, 2), (4, 3)]"
9184,15,"[(0, 2), (2, 0), (0, 3), (3, 0), (0, 4), (4, 0), (1, 2), (2, 1), (3, 1), (4, 1), (2, 3), (3, 2), (2, 4), (3, 4), (4, 3)]"
9185,15,"[(0, 2), (2, 0), (0, 3), (3, 0), (0, 4), (4, 0), (1, 2), (2, 1), (3, 1), (4, 1), (2, 3), (3, 2), (4, 2), (3, 4), (4, 3)]"
9186,15,"[(0, 2), (2, 0), (0, 3), (3, 0), (0, 4), (4, 0), (1, 2), (2, 1), (3, 1), (4, 1), (2, 3), (3, 2), (2, 4), (4, 2), (3, 4)]"
9187,15,"[(0, 2), (2, 0), (0, 3), (3, 0), (0, 4), (4, 0), (1, 2), (2, 1), (1, 3), (3, 1), (1, 4), (2, 3), (2, 4), (3, 4), (4, 3)]"
9188,15,"[(0, 2), (2, 0), (0, 3), (3, 0), (0, 4), (4, 0), (1, 2), (2, 1), (1, 3), (3, 1), (1, 4), (2, 3), (4, 2), (3, 4), (4, 3)]"
9189,15,"[(0, 2), (2, 0), (0, 3), (3, 0), (0, 4), (4, 0), (1, 2), (2, 1), (1, 3), (3, 1), (1, 4), (2, 3), (2, 4), (4, 2), (3, 4)]"
9190,15,"[(0, 2), (2, 0), (0, 3), (3, 0), (0, 4), (4, 0), (1, 2), (2, 1), (1, 3), (3, 1), (1, 4), (2, 3), (2, 4), (4, 2), (4, 3)]"
9191,15,"[(0, 2), (2, 0), (0, 3), (3, 0), (0, 4), (4, 0), (1, 2), (2, 1), (1, 3), (3, 1), (1, 4), (2, 3), (3, 2), (2, 4), (3, 4)]"
9192,15,"[(0, 2), (2, 0), (0, 3), (3, 0), (0, 4), (4, 0), (1, 2), (2, 1), (1, 3), (3, 1), (1, 4), (2, 3), (3, 2), (2, 4), (4, 3)]"
9193,15,"[(0, 2), (2, 0), (0, 3), (3, 0), (0, 4), (4, 0), (1, 2), (2, 1), (1, 3), (3, 1), (1, 4), (2, 3), (3, 2), (4, 2), (4, 3)]"
9194,15,"[(0, 2), (2, 0), (0, 3), (3, 0), (0, 4), (4, 0), (1, 2), (2, 1), (1, 3), (3, 1), (4, 1), (2, 3), (2, 4), (3, 4), (4, 3)]"
9195,15,"[(0, 2), (2, 0), (0, 3), (3, 0), (0, 4), (4, 0), (1, 2), (2, 1), (1, 3), (3, 1), (4, 1), (2, 3), (4, 2), (3, 4), (4, 3)]"
9196,15,"[(0, 2), (2, 0), (0, 3), (3, 0), (0, 4), (4, 0), (1, 2), (2, 1), (1, 3), (3, 1), (4, 1), (2, 3), (2, 4), (4, 2), (3, 4)]"
9197,15,"[(0, 2), (2, 0), (0, 3), (3, 0), (0, 4), (4, 0), (1, 2), (2, 1), (1, 3), (3, 1), (4, 1), (2, 3), (2, 4), (4, 2), (4, 3)]"
9198,15,"[(0, 2), (2, 0), (0, 3), (3, 0), (0, 4), (4, 0), (1, 2), (2, 1), (1, 3), (3, 1), (4, 1), (2, 3), (3, 2), (2, 4), (3, 4)]"
9199,15,"[(0, 2), (2, 0), (0, 3), (3, 0), (0, 4), (4, 0), (1, 2), (2, 1), (1, 3), (3, 1), (4, 1), (2, 3), (3, 2), (2, 4), (4, 3)]"
9200,15,"[(0, 2), (2, 0), (0, 3), (3, 0), (0, 4), (4, 0), (1, 2), (2, 1), (1, 3), (3, 1), (4, 1), (2, 3), (3, 2), (4, 2), (4, 3)]"
9201,15,"[(0, 2), (2, 0), (0, 3), (3, 0), (0, 4), (4, 0), (1, 2), (2, 1), (1, 3), (3, 1), (1, 4), (4, 1), (2, 3), (2, 4), (3, 4)]"
9202,15,"[(0, 2), (2, 0), (0, 3), (3, 0), (0, 4), (4, 0), (1, 2), (2, 1), (1, 3), (3, 1), (1, 4), (4, 1), (2, 3), (4, 2), (3, 4)]"
9203,15,"[(0, 1), (1, 0), (0, 2), (2, 0), (0, 3), (0, 4), (1, 2), (1, 3), (3, 1), (1, 4), (2, 3), (2, 4), (4, 2), (3, 4), (4, 3)]"
9204,15,"[(0, 1), (1, 0), (0, 2), (2, 0), (0, 3), (0, 4), (1, 2), (1, 3), (3, 1), (4, 1), (2, 3), (2, 4), (4, 2), (3, 4), (4, 3)]"
9205,15,"[(0, 1), (1, 0), (0, 2), (2, 0), (0, 3), (0, 4), (1, 2), (1, 3), (3, 1), (4, 1), (3, 2), (2, 4), (4, 2), (3, 4), (4, 3)]"
9206,15,"[(0, 1), (1, 0), (0, 2), (2, 0), (0, 3), (4, 0), (1, 2), (3, 1), (1, 4), (4, 1), (2, 3), (3, 2), (2, 4), (3, 4), (4, 3)]"
9207,15,"[(0, 1), (1, 0), (0, 2), (2, 0), (0, 3), (3, 0), (0, 4), (1, 2), (1, 3), (1, 4), (2, 3), (2, 4), (4, 2), (3, 4), (4, 3)]"
9208,15,"[(0, 1), (1, 0), (0, 2), (2, 0), (0, 3), (3, 0), (0, 4), (1, 2), (1, 3), (4, 1), (2, 3), (2, 4), (4, 2), (3, 4), (4, 3)]"
9209,15,"[(0, 1), (1, 0), (0, 2), (2, 0), (0, 3), (3, 0), (0, 4), (1, 2), (1, 3), (1, 4), (4, 1), (2, 3), (2, 4), (3, 4), (4, 3)]"
9210,15,"[(0, 1), (1, 0), (0, 2), (2, 0), (0, 3), (3, 0), (0, 4), (1, 2), (1, 3), (1, 4), (4, 1), (2, 3), (4, 2), (3, 4), (4, 3)]"
9211,15,"[(0, 1), (1, 0), (0, 2), (2, 0), (0, 3), (3, 0), (0, 4), (1, 2), (1, 3), (1, 4), (4, 1), (2, 3), (2, 4), (4, 2), (3, 4)]"
9212,15,"[(0, 1), (1, 0), (0, 2), (2, 0), (0, 3), (3, 0), (0, 4), (1, 2), (1, 3), (1, 4), (4, 1), (2, 3), (2, 4), (4, 2), (4, 3)]"
9213,15,"[(0, 1), (1, 0), (0, 2), (2, 0), (0, 3), (3, 0), (0, 4), (1, 2), (3, 1), (1, 4), (4, 1), (2, 3), (2, 4), (4, 2), (3, 4)]"
9214,15,"[(0, 1), (1, 0), (0, 2), (2, 0), (0, 3), (3, 0), (0, 4), (1, 2), (3, 1), (1, 4), (4, 1), (2, 3), (2, 4), (4, 2), (4, 3)]"
9215,15,"[(0, 1), (1, 0), (0, 2), (2, 0), (0, 3), (3, 0), (0, 4), (1, 2), (2, 1), (1, 3), (1, 4), (2, 3), (2, 4), (3, 4), (4, 3)]"
9216,15,"[(0, 1), (1, 0), (0, 2), (2, 0), (0, 3), (3, 0), (0, 4), (1, 2), (2, 1), (1, 3), (1, 4), (2, 3), (4, 2), (3, 4), (4, 3)]"
9217,15,"[(0, 1), (1, 0), (0, 2), (2, 0), (0, 3), (3, 0), (0, 4), (1, 2), (2, 1), (1, 3), (1, 4), (3, 2), (2, 4), (3, 4), (4, 3)]"
9218,15,"[(0, 1), (1, 0), (0, 2), (2, 0), (0, 3), (3, 0), (0, 4), (1, 2), (2, 1), (1, 3), (1, 4), (3, 2), (4, 2), (3, 4), (4, 3)]"
9219,15,"[(0, 1), (1, 0), (0, 2), (2, 0), (0, 3), (3, 0), (0, 4), (1, 2), (2, 1), (1, 3), (1, 4), (3, 2), (2, 4), (4, 2), (3, 4)]"
9220,15,"[(0, 1), (1, 0), (0, 2), (2, 0), (0, 3), (3, 0), (0, 4), (1, 2), (2, 1), (1, 3), (1, 4), (3, 2), (2, 4), (4, 2), (4, 3)]"
9221,15,"[(0, 1), (1, 0), (0, 2), (2, 0), (0, 3), (3, 0), (0, 4), (1, 2), (2, 1), (1, 3), (4, 1), (2, 3), (4, 2), (3, 4), (4, 3)]"
9222,15,"[(0, 1), (1, 0), (0, 2), (2, 0), (0, 3), (3, 0), (0, 4), (1, 2), (2, 1), (1, 3), (4, 1), (3, 2), (2, 4), (3, 4), (4, 3)]"
9223,15,"[(0, 1), (1, 0), (0, 2), (2, 0), (0, 3), (3, 0), (0, 4), (1, 2), (2, 1), (1, 3), (4, 1), (3, 2), (4, 2), (3, 4), (4, 3)]"
9224,15,"[(0, 1), (1, 0), (0, 2), (2, 0), (0, 3), (3, 0), (0, 4), (1, 2), (2, 1), (1, 3), (4, 1), (3, 2), (2, 4), (4, 2), (3, 4)]"
9225,15,"[(0, 1), (1, 0), (0, 2), (2, 0), (0, 3), (3, 0), (0, 4), (1, 2), (2, 1), (1, 3), (4, 1), (3, 2), (2, 4), (4, 2), (4, 3)]"
9226,15,"[(0, 1), (1, 0), (0, 2), (2, 0), (0, 3), (3, 0), (0, 4), (1, 2), (2, 1), (1, 3), (1, 4), (4, 1), (2, 3), (2, 4), (3, 4)]"
9227,15,"[(0, 1), (1, 0), (0, 2), (2, 0), (0, 3), (3, 0), (0, 4), (1, 2), (2, 1), (1, 3), (1, 4), (4, 1), (2, 3), (4, 2), (3, 4)]"
9228,15,"[(0, 1), (1, 0), (0, 2), (2, 0), (0, 3), (3, 0), (0, 4), (1, 2), (2, 1), (1, 3), (1, 4), (4, 1), (2, 3), (4, 2), (4, 3)]"
9229,15,"[(0, 1), (1, 0), (0, 2), (2, 0), (0, 3), (3, 0), (0, 4), (1, 2), (2, 1), (1, 3), (1, 4), (4, 1), (3, 2), (4, 2), (3, 4)]"
9230,15,"[(0, 1), (1, 0), (0, 2), (2, 0), (0, 3), (3, 0), (0, 4), (1, 2), (2, 1), (3, 1), (1, 4), (3, 2), (2, 4), (3, 4), (4, 3)]"
9231,15,"[(0, 1), (1, 0), (0, 2), (2, 0), (0, 3), (3, 0), (0, 4), (1, 2), (2, 1), (3, 1), (1, 4), (3, 2), (4, 2), (3, 4), (4, 3)]"
9232,15,"[(0, 1), (1, 0), (0, 2), (2, 0), (0, 3), (3, 0), (0, 4), (1, 2), (2, 1), (3, 1), (4, 1), (3, 2), (4, 2), (3, 4), (4, 3)]"
9233,15,"[(0, 1), (1, 0), (0, 2), (2, 0), (0, 3), (3, 0), (0, 4), (1, 2), (2, 1), (3, 1), (1, 4), (4, 1), (3, 2), (2, 4), (3, 4)]"
9234,15,"[(0, 1), (1, 0), (0, 2), (2, 0), (0, 3), (3, 0), (0, 4), (1, 2), (2, 1), (3, 1), (1, 4), (4, 1), (3, 2), (2, 4), (4, 3)]"
9235,15,"[(0, 1), (1, 0), (0, 2), (2, 0), (0, 3), (3, 0), (0, 4), (1, 2), (2, 1), (3, 1), (1, 4), (4, 1), (3, 2), (4, 2), (3, 4)]"
9236,15,"[(0, 1), (1, 0), (0, 2), (2, 0), (0, 3), (3, 0), (0, 4), (1, 2), (2, 1), (3, 1), (1, 4), (4, 1), (3, 2), (4, 2), (4, 3)]"
9237,15,"[(0, 1), (1, 0), (0, 2), (2, 0), (0, 3), (3, 0), (0, 4), (1, 2), (2, 1), (1, 3), (3, 1), (1, 4), (2, 3), (2, 4), (3, 4)]"
9238,15,"[(0, 1), (1, 0), (0, 2), (2, 0), (0, 3), (3, 0), (0, 4), (1, 2), (2, 1), (1, 3), (3, 1), (1, 4), (2, 3), (2, 4), (4, 3)]"
9239,15,"[(0, 1), (1, 0), (0, 2), (2, 0), (0, 3), (3, 0), (0, 4), (1, 2), (2, 1), (1, 3), (3, 1), (1, 4), (2, 3), (4, 2), (3, 4)]"
9240,15,"[(0, 1), (1, 0), (0, 2), (2, 0), (0, 3), (3, 0), (0, 4), (1, 2), (2, 1), (1, 3), (3, 1), (1, 4), (2, 3), (4, 2), (4, 3)]"
9241,15,"[(0, 1), (1, 0), (0, 2), (2, 0), (0, 3), (3, 0), (0, 4), (1, 2), (2, 1), (1, 3), (3, 1), (4, 1), (2, 3), (2, 4), (3, 4)]"
9242,15,"[(0, 1), (1, 0), (0, 2), (2, 0), (0, 3), (3, 0), (0, 4), (1, 2), (2, 1), (1, 3), (3, 1), (4, 1), (2, 3), (2, 4), (4, 3)]"
9243,15,"[(0, 1), (1, 0), (0, 2), (2, 0), (0, 3), (3, 0), (0, 4), (1, 2), (2, 1), (1, 3), (3, 1), (4, 1), (2, 3), (4, 2), (3, 4)]"
9244,15,"[(0, 1), (1, 0), (0, 2), (2, 0), (0, 3), (3, 0), (0, 4), (1, 2), (2, 1), (1, 3), (3, 1), (4, 1), (2, 3), (4, 2), (4, 3)]"
9245,15,"[(0, 1), (1, 0), (0, 2), (2, 0), (0, 3), (3, 0), (4, 0), (1, 2), (1, 3), (1, 4), (2, 3), (2, 4), (4, 2), (3, 4), (4, 3)]"
9246,15,"[(0, 1), (1, 0), (0, 2), (2, 0), (0, 3), (3, 0), (4, 0), (1, 2), (1, 3), (4, 1), (2, 3), (2, 4), (4, 2), (3, 4), (4, 3)]"
9247,15,"[(0, 1), (1, 0), (0, 2), (2, 0), (0, 3), (3, 0), (4, 0), (1, 2), (1, 3), (1, 4), (4, 1), (2, 3), (2, 4), (3, 4), (4, 3)]"
9248,15,"[(0, 1), (1, 0), (0, 2), (2, 0), (0, 3), (3, 0), (4, 0), (1, 2), (1, 3), (1, 4), (4, 1), (2, 3), (4, 2), (3, 4), (4, 3)]"
9249,15,"[(0, 1), (1, 0), (0, 2), (2, 0), (0, 3), (3, 0), (4, 0), (1, 2), (1, 3), (1, 4), (4, 1), (2, 3), (2, 4), (4, 2), (3, 4)]"
9250,15,"[(0, 1), (1, 0), (0, 2), (2, 0), (0, 3), (3, 0), (4, 0), (1, 2), (1, 3), (1, 4), (4, 1), (2, 3), (2, 4), (4, 2), (4, 3)]"
9251,15,"[(0, 1), (1, 0), (0, 2), (2, 0), (0, 3), (3, 0), (4, 0), (1, 2), (3, 1), (1, 4), (4, 1), (2, 3), (2, 4), (4, 2), (3, 4)]"
9252,15,"[(0, 1), (1, 0), (0, 2), (2, 0), (0, 3), (3, 0), (4, 0), (1, 2), (3, 1), (1, 4), (4, 1), (2, 3), (2, 4), (4, 2), (4, 3)]"
9253,15,"[(0, 1), (1, 0), (0, 2), (2, 0), (0, 3), (3, 0), (4, 0), (1, 2), (2, 1), (1, 3), (1, 4), (2, 3), (2, 4), (3, 4), (4, 3)]"
9254,15,"[(0, 1), (1, 0), (0, 2), (2, 0), (0, 3), (3, 0), (4, 0), (1, 2), (2, 1), (1, 3), (1, 4), (2, 3), (4, 2), (3, 4), (4, 3)]"
9255,15,"[(0, 1), (1, 0), (0, 2), (2, 0), (0, 3), (3, 0), (4, 0), (1, 2), (2, 1), (1, 3), (1, 4), (3, 2), (2, 4), (3, 4), (4, 3)]"
9256,15,"[(0, 1), (1, 0), (0, 2), (2, 0), (0, 3), (3, 0), (4, 0), (1, 2), (2, 1), (1, 3), (1, 4), (3, 2), (4, 2), (3, 4), (4, 3)]"
9257,15,"[(0, 1), (1, 0), (0, 2), (2, 0), (0, 3), (3, 0), (4, 0), (1, 2), (2, 1), (1, 3), (1, 4), (3, 2), (2, 4), (4, 2), (3, 4)]"
9258,15,"[(0, 1), (1, 0), (0, 2), (2, 0), (0, 3), (3, 0), (4, 0), (1, 2), (2, 1), (1, 3), (4, 1), (2, 3), (4, 2), (3, 4), (4, 3)]"
9259,15,"[(0, 1), (1, 0), (0, 2), (2, 0), (0, 3), (3, 0), (4, 0), (1, 2), (2, 1), (1, 3), (4, 1), (3, 2), (2, 4), (3, 4), (4, 3)]"
9260,15,"[(0, 1), (1, 0), (0, 2), (2, 0), (0, 3), (3, 0), (4, 0), (1, 2), (2, 1), (1, 3), (4, 1), (3, 2), (4, 2), (3, 4), (4, 3)]"
9261,15,"[(0, 1), (1, 0), (0, 2), (2, 0), (0, 3), (3, 0), (4, 0), (1, 2), (2, 1), (1, 3), (4, 1), (3, 2), (2, 4), (4, 2), (3, 4)]"
9262,15,"[(0, 1), (1, 0), (0, 2), (2, 0), (0, 3), (3, 0), (4, 0), (1, 2), (2, 1), (1, 3), (4, 1), (3, 2), (2, 4), (4, 2), (4, 3)]"
9263,15,"[(0, 1), (1, 0), (0, 2), (2, 0), (0, 3), (3, 0), (4, 0), (1, 2), (2, 1), (3, 1), (1, 4), (3, 2), (2, 4), (3, 4), (4, 3)]"
9264,15,"[(0, 1), (1, 0), (0, 2), (2, 0), (0, 3), (3, 0), (4, 0), (1, 2), (2, 1), (3, 1), (1, 4), (3, 2), (4, 2), (3, 4), (4, 3)]"
9265,15,"[(0, 1), (1, 0), (0, 2), (2, 0), (0, 3), (3, 0), (4, 0), (1, 2), (2, 1), (3, 1), (4, 1), (3, 2), (4, 2), (3, 4), (4, 3)]"
9266,15,"[(0, 1), (1, 0), (0, 2), (2, 0), (0, 3), (3, 0), (4, 0), (1, 2), (2, 1), (3, 1), (1, 4), (4, 1), (3, 2), (4, 2), (3, 4)]"
9267,15,"[(0, 1), (1, 0), (0, 2), (2, 0), (0, 3), (3, 0), (4, 0), (1, 2), (2, 1), (1, 3), (3, 1), (4, 1), (2, 3), (2, 4), (3, 4)]"
9268,15,"[(0, 1), (1, 0), (0, 2), (2, 0), (0, 3), (3, 0), (4, 0), (1, 2), (2, 1), (1, 3), (3, 1), (4, 1), (2, 3), (2, 4), (4, 3)]"
9269,15,"[(0, 1), (1, 0), (0, 2), (2, 0), (0, 3), (3, 0), (4, 0), (1, 2), (2, 1), (1, 3), (3, 1), (4, 1), (2, 3), (4, 2), (3, 4)]"
9270,15,"[(0, 1), (1, 0), (0, 2), (2, 0), (0, 3), (3, 0), (4, 0), (1, 2), (2, 1), (1, 3), (3, 1), (4, 1), (2, 3), (4, 2), (4, 3)]"
9271,15,"[(0, 1), (1, 0), (0, 2), (2, 0), (0, 3), (3, 0), (0, 4), (4, 0), (1, 2), (2, 1), (1, 3), (1, 4), (2, 3), (2, 4), (3, 4)]"
9272,15,"[(0, 1), (1, 0), (0, 2), (2, 0), (0, 3), (3, 0), (0, 4), (4, 0), (1, 2), (2, 1), (1, 3), (1, 4), (2, 3), (4, 2), (3, 4)]"
9273,15,"[(0, 1), (1, 0), (0, 2), (2, 0), (0, 3), (3, 0), (0, 4), (4, 0), (1, 2), (2, 1), (1, 3), (1, 4), (2, 3), (4, 2), (4, 3)]"
9274,15,"[(0, 1), (1, 0), (0, 2), (2, 0), (0, 3), (3, 0), (0, 4), (4, 0), (1, 2), (2, 1), (1, 3), (1, 4), (3, 2), (4, 2), (3, 4)]"
9275,15,"[(0, 1), (1, 0), (0, 2), (2, 0), (0, 3), (3, 0), (0, 4), (4, 0), (1, 2), (2, 1), (1, 3), (4, 1), (2, 3), (4, 2), (3, 4)]"
9276,15,"[(0, 1), (1, 0), (0, 2), (2, 0), (0, 3), (3, 0), (0, 4), (4, 0), (1, 2), (2, 1), (1, 3), (4, 1), (2, 3), (4, 2), (4, 3)]"
9277,15,"[(0, 1), (1, 0), (0, 2), (2, 0), (0, 3), (3, 0), (0, 4), (4, 0), (1, 2), (2, 1), (1, 3), (4, 1), (3, 2), (2, 4), (3, 4)]"
9278,15,"[(0, 1), (1, 0), (0, 2), (2, 0), (0, 3), (3, 0), (0, 4), (4, 0), (1, 2), (2, 1), (1, 3), (4, 1), (3, 2), (4, 2), (3, 4)]"
9279,15,"[(0, 1), (1, 0), (0, 2), (2, 0), (0, 3), (3, 0), (0, 4), (4, 0), (1, 2), (2, 1), (1, 3), (4, 1), (3, 2), (4, 2), (4, 3)]"
9280,15,"[(0, 1), (1, 0), (0, 2), (2, 0), (0, 3), (3, 0), (0, 4), (4, 0), (1, 2), (2, 1), (3, 1), (4, 1), (3, 2), (4, 2), (3, 4)]"
9281,16,"[(0, 2), (2, 0), (0, 3), (3, 0), (0, 4), (4, 0), (1, 3), (3, 1), (1, 4), (4, 1), (2, 3), (3, 2), (2, 4), (4, 2), (3, 4), (4, 3)]"
9282,16,"[(0, 2), (2, 0), (0, 3), (3, 0), (0, 4), (4, 0), (1, 2), (2, 1), (1, 3), (3, 1), (1, 4), (4, 1), (2, 4), (4, 2), (3, 4), (4, 3)]"
9283,16,"[(0, 2), (2, 0), (0, 3), (3, 0), (0, 4), (1, 2), (2, 1), (1, 3), (1, 4), (4, 1), (2, 3), (3, 2), (2, 4), (4, 2), (3, 4), (4, 3)]"
9284,16,"[(0, 2), (2, 0), (0, 3), (3, 0), (0, 4), (1, 2), (2, 1), (3, 1), (1, 4), (4, 1), (2, 3), (3, 2), (2, 4), (4, 2), (3, 4), (4, 3)]"
9285,16,"[(0, 2), (2, 0), (0, 3), (3, 0), (0, 4), (1, 2), (2, 1), (1, 3), (3, 1), (1, 4), (2, 3), (3, 2), (2, 4), (4, 2), (3, 4), (4, 3)]"
9286,16,"[(0, 2), (2, 0), (0, 3), (3, 0), (0, 4), (1, 2), (2, 1), (1, 3), (3, 1), (4, 1), (2, 3), (3, 2), (2, 4), (4, 2), (3, 4), (4, 3)]"
9287,16,"[(0, 2), (2, 0), (0, 3), (3, 0), (4, 0), (1, 2), (2, 1), (3, 1), (1, 4), (4, 1), (2, 3), (3, 2), (2, 4), (4, 2), (3, 4), (4, 3)]"
9288,16,"[(0, 2), (2, 0), (0, 3), (3, 0), (4, 0), (1, 2), (2, 1), (1, 3), (3, 1), (4, 1), (2, 3), (3, 2), (2, 4), (4, 2), (3, 4), (4, 3)]"
9289,16,"[(0, 2), (2, 0), (0, 3), (3, 0), (0, 4), (4, 0), (1, 2), (2, 1), (1, 3), (1, 4), (2, 3), (3, 2), (2, 4), (4, 2), (3, 4), (4, 3)]"
9290,16,"[(0, 2), (2, 0), (0, 3), (3, 0), (0, 4), (4, 0), (1, 2), (2, 1), (1, 3), (4, 1), (2, 3), (3, 2), (2, 4), (4, 2), (3, 4), (4, 3)]"
9291,16,"[(0, 2), (2, 0), (0, 3), (3, 0), (0, 4), (4, 0), (1, 2), (2, 1), (3, 1), (4, 1), (2, 3), (3, 2), (2, 4), (4, 2), (3, 4), (4, 3)]"
9292,16,"[(0, 2), (2, 0), (0, 3), (3, 0), (0, 4), (4, 0), (1, 2), (2, 1), (1, 3), (3, 1), (1, 4), (2, 3), (2, 4), (4, 2), (3, 4), (4, 3)]"
9293,16,"[(0, 2), (2, 0), (0, 3), (3, 0), (0, 4), (4, 0), (1, 2), (2, 1), (1, 3), (3, 1), (1, 4), (2, 3), (3, 2), (2, 4), (4, 2), (3, 4)]"
9294,16,"[(0, 2), (2, 0), (0, 3), (3, 0), (0, 4), (4, 0), (1, 2), (2, 1), (1, 3), (3, 1), (1, 4), (2, 3), (3, 2), (2, 4), (4, 2), (4, 3)]"
9295,16,"[(0, 2), (2, 0), (0, 3), (3, 0), (0, 4), (4, 0), (1, 2), (2, 1), (1, 3), (3, 1), (4, 1), (2, 3), (2, 4), (4, 2), (3, 4), (4, 3)]"
9296,16,"[(0, 2), (2, 0), (0, 3), (3, 0), (0, 4), (4, 0), (1, 2), (2, 1), (1, 3), (3, 1), (4, 1), (2, 3), (3, 2), (2, 4), (4, 2), (3, 4)]"
9297,16,"[(0, 2), (2, 0), (0, 3), (3, 0), (0, 4), (4, 0), (1, 2), (2, 1), (1, 3), (3, 1), (4, 1), (2, 3), (3, 2), (2, 4), (4, 2), (4, 3)]"
9298,16,"[(0, 2), (2, 0), (0, 3), (3, 0), (0, 4), (4, 0), (1, 2), (2, 1), (1, 3), (3, 1), (1, 4), (4, 1), (2, 3), (3, 2), (2, 4), (3, 4)]"
9299,16,"[(0, 2), (2, 0), (0, 3), (3, 0), (0, 4), (4, 0), (1, 2), (2, 1), (1, 3), (3, 1), (1, 4), (4, 1), (2, 3), (3, 2), (2, 4), (4, 3)]"
9300,16,"[(0, 2), (2, 0), (0, 3), (3, 0), (0, 4), (4, 0), (1, 2), (2, 1), (1, 3), (3, 1), (1, 4), (4, 1), (2, 3), (3, 2), (4, 2), (4, 3)]"
9301,16,"[(0, 1), (1, 0), (0, 2), (2, 0), (0, 3), (3, 0), (0, 4), (1, 2), (1, 3), (1, 4), (4, 1), (2, 3), (2, 4), (4, 2), (3, 4), (4, 3)]"
9302,16,"[(0, 1), (1, 0), (0, 2), (2, 0), (0, 3), (3, 0), (0, 4), (1, 2), (3, 1), (1, 4), (4, 1), (2, 3), (2, 4), (4, 2), (3, 4), (4, 3)]"
9303,16,"[(0, 1), (1, 0), (0, 2), (2, 0), (0, 3), (3, 0), (0, 4), (1, 2), (2, 1), (1, 3), (1, 4), (3, 2), (2, 4), (4, 2), (3, 4), (4, 3)]"
9304,16,"[(0, 1), (1, 0), (0, 2), (2, 0), (0, 3), (3, 0), (0, 4), (1, 2), (2, 1), (1, 3), (4, 1), (3, 2), (2, 4), (4, 2), (3, 4), (4, 3)]"
9305,16,"[(0, 1), (1, 0), (0, 2), (2, 0), (0, 3), (3, 0), (0, 4), (1, 2), (2, 1), (1, 3), (1, 4), (4, 1), (2, 3), (2, 4), (3, 4), (4, 3)]"
9306,16,"[(0, 1), (1, 0), (0, 2), (2, 0), (0, 3), (3, 0), (0, 4), (1, 2), (2, 1), (1, 3), (1, 4), (4, 1), (2, 3), (4, 2), (3, 4), (4, 3)]"
9307,16,"[(0, 1), (1, 0), (0, 2), (2, 0), (0, 3), (3, 0), (0, 4), (1, 2), (2, 1), (1, 3), (1, 4), (4, 1), (3, 2), (4, 2), (3, 4), (4, 3)]"
9308,16,"[(0, 1), (1, 0), (0, 2), (2, 0), (0, 3), (3, 0), (0, 4), (1, 2), (2, 1), (3, 1), (1, 4), (4, 1), (3, 2), (2, 4), (3, 4), (4, 3)]"
9309,16,"[(0, 1), (1, 0), (0, 2), (2, 0), (0, 3), (3, 0), (0, 4), (1, 2), (2, 1), (3, 1), (1, 4), (4, 1), (3, 2), (4, 2), (3, 4), (4, 3)]"
9310,16,"[(0, 1), (1, 0), (0, 2), (2, 0), (0, 3), (3, 0), (0, 4), (1, 2), (2, 1), (3, 1), (1, 4), (4, 1), (3, 2), (2, 4), (4, 2), (3, 4)]"
9311,16,"[(0, 1), (1, 0), (0, 2), (2, 0), (0, 3), (3, 0), (0, 4), (1, 2), (2, 1), (3, 1), (1, 4), (4, 1), (3, 2), (2, 4), (4, 2), (4, 3)]"
9312,16,"[(0, 1), (1, 0), (0, 2), (2, 0), (0, 3), (3, 0), (0, 4), (1, 2), (2, 1), (1, 3), (3, 1), (1, 4), (2, 3), (2, 4), (3, 4), (4, 3)]"
9313,16,"[(0, 1), (1, 0), (0, 2), (2, 0), (0, 3), (3, 0), (0, 4), (1, 2), (2, 1), (1, 3), (3, 1), (1, 4), (2, 3), (4, 2), (3, 4), (4, 3)]"
9314,16,"[(0, 1), (1, 0), (0, 2), (2, 0), (0, 3), (3, 0), (0, 4), (1, 2), (2, 1), (1, 3), (3, 1), (1, 4), (2, 3), (2, 4), (4, 2), (3, 4)]"
9315,16,"[(0, 1), (1, 0), (0, 2), (2, 0), (0, 3), (3, 0), (0, 4), (1, 2), (2, 1), (1, 3), (3, 1), (1, 4), (2, 3), (2, 4), (4, 2), (4, 3)]"
9316,16,"[(0, 1), (1, 0), (0, 2), (2, 0), (0, 3), (3, 0), (0, 4), (1, 2), (2, 1), (1, 3), (3, 1), (1, 4), (2, 3), (3, 2), (2, 4), (3, 4)]"
9317,16,"[(0, 1), (1, 0), (0, 2), (2, 0), (0, 3), (3, 0), (0, 4), (1, 2), (2, 1), (1, 3), (3, 1), (1, 4), (2, 3), (3, 2), (2, 4), (4, 3)]"
9318,16,"[(0, 1), (1, 0), (0, 2), (2, 0), (0, 3), (3, 0), (0, 4), (1, 2), (2, 1), (1, 3), (3, 1), (1, 4), (2, 3), (3, 2), (4, 2), (4, 3)]"
9319,16,"[(0, 1), (1, 0), (0, 2), (2, 0), (0, 3), (3, 0), (0, 4), (1, 2), (2, 1), (1, 3), (3, 1), (4, 1), (2, 3), (2, 4), (3, 4), (4, 3)]"
9320,16,"[(0, 1), (1, 0), (0, 2), (2, 0), (0, 3), (3, 0), (0, 4), (1, 2), (2, 1), (1, 3), (3, 1), (4, 1), (2, 3), (4, 2), (3, 4), (4, 3)]"
9321,16,"[(0, 1), (1, 0), (0, 2), (2, 0), (0, 3), (3, 0), (0, 4), (1, 2), (2, 1), (1, 3), (3, 1), (4, 1), (2, 3), (2, 4), (4, 2), (3, 4)]"
9322,16,"[(0, 1), (1, 0), (0, 2), (2, 0), (0, 3), (3, 0), (0, 4), (1, 2), (2, 1), (1, 3), (3, 1), (4, 1), (2, 3), (2, 4), (4, 2), (4, 3)]"
9323,16,"[(0, 1), (1, 0), (0, 2), (2, 0), (0, 3), (3, 0), (0, 4), (1, 2), (2, 1), (1, 3), (3, 1), (4, 1), (2, 3), (3, 2), (4, 2), (4, 3)]"
9324,16,"[(0, 1), (1, 0), (0, 2), (2, 0), (0, 3), (3, 0), (4, 0), (1, 2), (2, 1), (1, 3), (1, 4), (3, 2), (2, 4), (4, 2), (3, 4), (4, 3)]"
9325,16,"[(0, 1), (1, 0), (0, 2), (2, 0), (0, 3), (3, 0), (4, 0), (1, 2), (2, 1), (1, 3), (4, 1), (3, 2), (2, 4), (4, 2), (3, 4), (4, 3)]"
9326,16,"[(0, 1), (1, 0), (0, 2), (2, 0), (0, 3), (3, 0), (4, 0), (1, 2), (2, 1), (3, 1), (1, 4), (4, 1), (3, 2), (4, 2), (3, 4), (4, 3)]"
9327,16,"[(0, 1), (1, 0), (0, 2), (2, 0), (0, 3), (3, 0), (4, 0), (1, 2), (2, 1), (1, 3), (3, 1), (4, 1), (2, 3), (2, 4), (3, 4), (4, 3)]"
9328,16,"[(0, 1), (1, 0), (0, 2), (2, 0), (0, 3), (3, 0), (4, 0), (1, 2), (2, 1), (1, 3), (3, 1), (4, 1), (2, 3), (4, 2), (3, 4), (4, 3)]"
9329,16,"[(0, 1), (1, 0), (0, 2), (2, 0), (0, 3), (3, 0), (4, 0), (1, 2), (2, 1), (1, 3), (3, 1), (4, 1), (2, 3), (3, 2), (4, 2), (4, 3)]"
9330,16,"[(0, 1), (1, 0), (0, 2), (2, 0), (0, 3), (3, 0), (0, 4), (4, 0), (1, 2), (2, 1), (1, 3), (1, 4), (2, 3), (2, 4), (3, 4), (4, 3)]"
9331,16,"[(0, 1), (1, 0), (0, 2), (2, 0), (0, 3), (3, 0), (0, 4), (4, 0), (1, 2), (2, 1), (1, 3), (1, 4), (2, 3), (4, 2), (3, 4), (4, 3)]"
9332,16,"[(0, 1), (1, 0), (0, 2), (2, 0), (0, 3), (3, 0), (0, 4), (4, 0), (1, 2), (2, 1), (1, 3), (1, 4), (3, 2), (4, 2), (3, 4), (4, 3)]"
9333,16,"[(0, 1), (1, 0), (0, 2), (2, 0), (0, 3), (3, 0), (0, 4), (4, 0), (1, 2), (2, 1), (1, 3), (4, 1), (3, 2), (2, 4), (3, 4), (4, 3)]"
9334,16,"[(0, 1), (1, 0), (0, 2), (2, 0), (0, 3), (3, 0), (0, 4), (4, 0), (1, 2), (2, 1), (1, 3), (3, 1), (1, 4), (2, 3), (2, 4), (3, 4)]"
9335,16,"[(0, 1), (1, 0), (0, 2), (2, 0), (0, 3), (3, 0), (0, 4), (4, 0), (1, 2), (2, 1), (1, 3), (3, 1), (1, 4), (2, 3), (2, 4), (4, 3)]"
9336,16,"[(0, 1), (1, 0), (0, 2), (2, 0), (0, 3), (3, 0), (0, 4), (4, 0), (1, 2), (2, 1), (1, 3), (3, 1), (1, 4), (2, 3), (4, 2), (3, 4)]"
9337,16,"[(0, 1), (1, 0), (0, 2), (2, 0), (0, 3), (3, 0), (0, 4), (4, 0), (1, 2), (2, 1), (1, 3), (3, 1), (1, 4), (2, 3), (4, 2), (4, 3)]"
9338,16,"[(0, 1), (1, 0), (0, 2), (2, 0), (0, 3), (3, 0), (0, 4), (4, 0), (1, 2), (2, 1), (1, 3), (3, 1), (4, 1), (2, 3), (2, 4), (3, 4)]"
9339,16,"[(0, 1), (1, 0), (0, 2), (2, 0), (0, 3), (3, 0), (0, 4), (4, 0), (1, 2), (2, 1), (1, 3), (3, 1), (4, 1), (2, 3), (2, 4), (4, 3)]"
9340,16,"[(0, 1), (1, 0), (0, 2), (2, 0), (0, 3), (3, 0), (0, 4), (4, 0), (1, 2), (2, 1), (1, 3), (3, 1), (4, 1), (2, 3), (4, 2), (3, 4)]"
9341,16,"[(0, 1), (1, 0), (0, 2), (2, 0), (0, 3), (3, 0), (0, 4), (4, 0), (1, 2), (2, 1), (1, 3), (3, 1), (4, 1), (2, 3), (4, 2), (4, 3)]"
9342,17,"[(0, 2), (2, 0), (0, 3), (3, 0), (0, 4), (4, 0), (1, 2), (2, 1), (1, 3), (3, 1), (1, 4), (2, 3), (3, 2), (2, 4), (4, 2), (3, 4), (4, 3)]"
9343,17,"[(0, 2), (2, 0), (0, 3), (3, 0), (0, 4), (4, 0), (1, 2), (2, 1), (1, 3), (3, 1), (4, 1), (2, 3), (3, 2), (2, 4), (4, 2), (3, 4), (4, 3)]"
9344,17,"[(0, 2), (2, 0), (0, 3), (3, 0), (0, 4), (4, 0), (1, 2), (2, 1), (1, 3), (3, 1), (1, 4), (4, 1), (2, 3), (3, 2), (2, 4), (4, 2), (3, 4)]"
9345,17,"[(0, 1), (1, 0), (0, 2), (2, 0), (0, 3), (3, 0), (0, 4), (1, 2), (2, 1), (3, 1), (1, 4), (4, 1), (3, 2), (2, 4), (4, 2), (3, 4), (4, 3)]"
9346,17,"[(0, 1), (1, 0), (0, 2), (2, 0), (0, 3), (3, 0), (0, 4), (1, 2), (2, 1), (1, 3), (3, 1), (1, 4), (2, 3), (2, 4), (4, 2), (3, 4), (4, 3)]"
9347,17,"[(0, 1), (1, 0), (0, 2), (2, 0), (0, 3), (3, 0), (0, 4), (1, 2), (2, 1), (1, 3), (3, 1), (4, 1), (2, 3), (2, 4), (4, 2), (3, 4), (4, 3)]"
9348,17,"[(0, 1), (1, 0), (0, 2), (2, 0), (0, 3), (3, 0), (0, 4), (4, 0), (1, 2), (2, 1), (1, 3), (3, 1), (1, 4), (2, 3), (2, 4), (3, 4), (4, 3)]"
9349,17,"[(0, 1), (1, 0), (0, 2), (2, 0), (0, 3), (3, 0), (0, 4), (4, 0), (1, 2), (2, 1), (1, 3), (3, 1), (1, 4), (2, 3), (4, 2), (3, 4), (4, 3)]"
9350,17,"[(0, 1), (1, 0), (0, 2), (2, 0), (0, 3), (3, 0), (0, 4), (4, 0), (1, 2), (2, 1), (1, 3), (3, 1), (1, 4), (2, 3), (2, 4), (4, 2), (3, 4)]"
9351,17,"[(0, 1), (1, 0), (0, 2), (2, 0), (0, 3), (3, 0), (0, 4), (4, 0), (1, 2), (2, 1), (1, 3), (3, 1), (1, 4), (2, 3), (3, 2), (2, 4), (3, 4)]"
9352,17,"[(0, 1), (1, 0), (0, 2), (2, 0), (0, 3), (3, 0), (0, 4), (4, 0), (1, 2), (2, 1), (1, 3), (3, 1), (1, 4), (2, 3), (3, 2), (2, 4), (4, 3)]"
9353,17,"[(0, 1), (1, 0), (0, 2), (2, 0), (0, 3), (3, 0), (0, 4), (4, 0), (1, 2), (2, 1), (1, 3), (3, 1), (1, 4), (2, 3), (3, 2), (4, 2), (4, 3)]"
9354,17,"[(0, 1), (1, 0), (0, 2), (2, 0), (0, 3), (3, 0), (0, 4), (4, 0), (1, 2), (2, 1), (1, 3), (3, 1), (4, 1), (2, 3), (2, 4), (3, 4), (4, 3)]"
9355,17,"[(0, 1), (1, 0), (0, 2), (2, 0), (0, 3), (3, 0), (0, 4), (4, 0), (1, 2), (2, 1), (1, 3), (3, 1), (4, 1), (2, 3), (3, 2), (4, 2), (4, 3)]"
9356,17,"[(0, 1), (1, 0), (0, 2), (2, 0), (0, 3), (3, 0), (0, 4), (4, 0), (1, 2), (2, 1), (1, 3), (3, 1), (1, 4), (4, 1), (2, 3), (2, 4), (3, 4)]"
9357,17,"[(0, 1), (1, 0), (0, 2), (2, 0), (0, 3), (3, 0), (0, 4), (4, 0), (1, 2), (2, 1), (1, 3), (3, 1), (1, 4), (4, 1), (2, 3), (4, 2), (3, 4)]"
9358,18,"[(0, 2), (2, 0), (0, 3), (3, 0), (0, 4), (4, 0), (1, 2), (2, 1), (1, 3), (3, 1), (1, 4), (4, 1), (2, 3), (3, 2), (2, 4), (4, 2), (3, 4), (4, 3)]"
9359,18,"[(0, 1), (1, 0), (0, 2), (2, 0), (0, 3), (3, 0), (0, 4), (4, 0), (1, 2), (2, 1), (1, 3), (3, 1), (1, 4), (2, 3), (2, 4), (4, 2), (3, 4), (4, 3)]"
9360,18,"[(0, 1), (1, 0), (0, 2), (2, 0), (0, 3), (3, 0), (0, 4), (4, 0), (1, 2), (2, 1), (1, 3), (3, 1), (1, 4), (4, 1), (2, 3), (3, 2), (2, 4), (3, 4)]"
9361,18,"[(0, 1), (1, 0), (0, 2), (2, 0), (0, 3), (3, 0), (0, 4), (4, 0), (1, 2), (2, 1), (1, 3), (3, 1), (1, 4), (4, 1), (2, 3), (3, 2), (2, 4), (4, 3)]"
9362,18,"[(0, 1), (1, 0), (0, 2), (2, 0), (0, 3), (3, 0), (0, 4), (4, 0), (1, 2), (2, 1), (1, 3), (3, 1), (1, 4), (4, 1), (2, 3), (3, 2), (4, 2), (4, 3)]"
9363,19,"[(0, 1), (1, 0), (0, 2), (2, 0), (0, 3), (3, 0), (0, 4), (4, 0), (1, 2), (2, 1), (1, 3), (3, 1), (1, 4), (4, 1), (2, 3), (3, 2), (2, 4), (4, 2), (3, 4)]"
9364,20,"[(0, 1), (1, 0), (0, 2), (2, 0), (0, 3), (3, 0), (0, 4), (4, 0), (1, 2), (2, 1), (1, 3), (3, 1), (1, 4), (4, 1), (2, 3), (3, 2), (2, 4), (4, 2), (3, 4), (4, 3)]"
