{
  "n_samples": 231,
  "mu_mean": 1.713417870387447,
  "mu_hdi_95": [
    1.279774113264027,
    2.150506816956081
  ],
  "sigma_mean": 3.306259170250826,
  "prob_positive": 1.0,
  "r_hat": [
    1.0013644988493247,
    1.0002610063302366
  ],
  "ess": [
    2011.762670573787,
    2288.8217820667255
  ],
  "timestamp": "2026-02-05T15:48:15.969368"
}