Lineage,N_DepMap_Models,N_Nodes_Used,Pearson_r,Pearson_p,Spearman_rho,Spearman_p,MI_bits,MI_interpretation
BREAST,96,15,-0.3889081626907923,0.1519438745145818,-0.2964285714285714,0.2833554284342631,0.07884378842340863,No Dependency
BOWEL,99,15,-0.3229748211471717,0.24033102774725684,-0.3214285714285714,0.2427190468016684,0.1141537055108543,Weak Dependency
HEAD AND NECK,95,15,-0.32289005582999664,0.24046156049825226,-0.35357142857142854,0.19607167843419873,0.015874876667228602,No Dependency
KIDNEY,73,15,-0.3660494677767651,0.17964481109610786,-0.3214285714285714,0.2427190468016684,0.15689328587081264,Weak Dependency
LIVER,29,15,-0.3730892749362522,0.17078649709132565,-0.3178571428571428,0.24829056581701822,0.07674356137698161,No Dependency
LUNG,260,15,-0.31754000211386024,0.24878908066052793,-0.25357142857142856,0.3618161038158894,0.2667018781124041,Weak Dependency
PROSTATE,15,15,-0.3755016029493456,0.1678184080155775,-0.37857142857142856,0.16409082655922078,0.07746872555097287,No Dependency
THYROID,25,15,-0.3833890694688903,0.158352156804735,-0.34642857142857136,0.20589599209355114,0.20051763591674138,Weak Dependency
