{
    "rho": -0.3522922266153279,
    "pval": 0.19780847941578905,
    "spearman_rho": -0.3071428571428571,
    "spearman_pval": 0.2654726857102781,
    "mi_bits": 0.2526149568377309,
    "mi_interpretation": "Weak Dependency"
}