{
  "count": 231,
  "z_er_mean": 3.066137475090675,
  "z_deg_mean": 1.7048356960262967,
  "z_gate_mean": 2.5878679477530913
}