case_id,archive,component,bits
confirmation-F01-1024-3000-base,A0,CONCAT.header,16
confirmation-F01-1024-3000-base,A0,CONCAT.refs,16
confirmation-F01-1024-3000-base,A0,LITERAL.header,32
confirmation-F01-1024-3000-base,A0,LITERAL.payload,40
confirmation-F01-1024-3000-base,A0,REPEAT.header,8
confirmation-F01-1024-3000-base,A0,REPEAT.payload,8
confirmation-F01-1024-3000-base,A0,REPEAT.refs,8
confirmation-F01-1024-3000-base,A0,dag,8
confirmation-F01-1024-3000-base,A0,envelope,64
confirmation-F01-1024-3000-base,best_R,CONCAT.header,32
confirmation-F01-1024-3000-base,best_R,CONCAT.refs,144
confirmation-F01-1024-3000-base,best_R,LITERAL.header,224
confirmation-F01-1024-3000-base,best_R,LITERAL.payload,864
confirmation-F01-1024-3000-base,best_R,PATCH.header,32
confirmation-F01-1024-3000-base,best_R,PATCH.payload,128
confirmation-F01-1024-3000-base,best_R,PATCH.refs,16
confirmation-F01-1024-3000-base,best_R,XFORM.header,16
confirmation-F01-1024-3000-base,best_R,XFORM.payload,32
confirmation-F01-1024-3000-base,best_R,XFORM.refs,16
confirmation-F01-1024-3000-base,best_R,dag,8
confirmation-F01-1024-3000-base,best_R,envelope,72
confirmation-F01-1024-3000-base,best_O,CONCAT.header,32
confirmation-F01-1024-3000-base,best_O,CONCAT.refs,288
confirmation-F01-1024-3000-base,best_O,LITERAL.header,464
confirmation-F01-1024-3000-base,best_O,LITERAL.payload,232
confirmation-F01-1024-3000-base,best_O,REPEAT.header,8
confirmation-F01-1024-3000-base,best_O,REPEAT.payload,8
confirmation-F01-1024-3000-base,best_O,REPEAT.refs,8
confirmation-F01-1024-3000-base,best_O,dag,8
confirmation-F01-1024-3000-base,best_O,envelope,72
confirmation-F01-1024-3000-ragged,A0,CONCAT.header,16
confirmation-F01-1024-3000-ragged,A0,CONCAT.refs,16
confirmation-F01-1024-3000-ragged,A0,LITERAL.header,32
confirmation-F01-1024-3000-ragged,A0,LITERAL.payload,40
confirmation-F01-1024-3000-ragged,A0,REPEAT.header,8
confirmation-F01-1024-3000-ragged,A0,REPEAT.payload,8
confirmation-F01-1024-3000-ragged,A0,REPEAT.refs,8
confirmation-F01-1024-3000-ragged,A0,dag,8
confirmation-F01-1024-3000-ragged,A0,envelope,64
confirmation-F01-1024-3000-ragged,best_R,CONCAT.header,32
confirmation-F01-1024-3000-ragged,best_R,CONCAT.refs,144
confirmation-F01-1024-3000-ragged,best_R,LITERAL.header,240
confirmation-F01-1024-3000-ragged,best_R,LITERAL.payload,904
confirmation-F01-1024-3000-ragged,best_R,PATCH.header,32
confirmation-F01-1024-3000-ragged,best_R,PATCH.payload,128
confirmation-F01-1024-3000-ragged,best_R,PATCH.refs,16
confirmation-F01-1024-3000-ragged,best_R,XFORM.header,16
confirmation-F01-1024-3000-ragged,best_R,XFORM.payload,32
confirmation-F01-1024-3000-ragged,best_R,XFORM.refs,16
confirmation-F01-1024-3000-ragged,best_R,dag,8
confirmation-F01-1024-3000-ragged,best_R,envelope,72
confirmation-F01-1024-3000-ragged,best_O,CONCAT.header,48
confirmation-F01-1024-3000-ragged,best_O,CONCAT.refs,304
confirmation-F01-1024-3000-ragged,best_O,LITERAL.header,480
confirmation-F01-1024-3000-ragged,best_O,LITERAL.payload,240
confirmation-F01-1024-3000-ragged,best_O,REPEAT.header,8
confirmation-F01-1024-3000-ragged,best_O,REPEAT.payload,8
confirmation-F01-1024-3000-ragged,best_O,REPEAT.refs,8
confirmation-F01-1024-3000-ragged,best_O,dag,8
confirmation-F01-1024-3000-ragged,best_O,envelope,72
confirmation-F01-1024-3001-base,A0,CONCAT.header,16
confirmation-F01-1024-3001-base,A0,CONCAT.refs,16
confirmation-F01-1024-3001-base,A0,LITERAL.header,32
confirmation-F01-1024-3001-base,A0,LITERAL.payload,32
confirmation-F01-1024-3001-base,A0,REPEAT.header,8
confirmation-F01-1024-3001-base,A0,REPEAT.payload,8
confirmation-F01-1024-3001-base,A0,REPEAT.refs,8
confirmation-F01-1024-3001-base,A0,dag,8
confirmation-F01-1024-3001-base,A0,envelope,64
confirmation-F01-1024-3001-base,best_R,CONCAT.header,32
confirmation-F01-1024-3001-base,best_R,CONCAT.refs,152
confirmation-F01-1024-3001-base,best_R,LITERAL.header,16
confirmation-F01-1024-3001-base,best_R,LITERAL.payload,8
confirmation-F01-1024-3001-base,best_R,PATCH.header,64
confirmation-F01-1024-3001-base,best_R,PATCH.payload,40
confirmation-F01-1024-3001-base,best_R,PATCH.refs,32
confirmation-F01-1024-3001-base,best_R,REPEAT.header,8
confirmation-F01-1024-3001-base,best_R,REPEAT.payload,8
confirmation-F01-1024-3001-base,best_R,REPEAT.refs,8
confirmation-F01-1024-3001-base,best_R,XFORM.header,64
confirmation-F01-1024-3001-base,best_R,XFORM.payload,128
confirmation-F01-1024-3001-base,best_R,XFORM.refs,64
confirmation-F01-1024-3001-base,best_R,dag,8
confirmation-F01-1024-3001-base,best_R,envelope,64
confirmation-F01-1024-3001-base,best_O,CONCAT.header,32
confirmation-F01-1024-3001-base,best_O,CONCAT.refs,152
confirmation-F01-1024-3001-base,best_O,LITERAL.header,208
confirmation-F01-1024-3001-base,best_O,LITERAL.payload,104
confirmation-F01-1024-3001-base,best_O,REPEAT.header,8
confirmation-F01-1024-3001-base,best_O,REPEAT.payload,8
confirmation-F01-1024-3001-base,best_O,REPEAT.refs,8
confirmation-F01-1024-3001-base,best_O,dag,8
confirmation-F01-1024-3001-base,best_O,envelope,64
confirmation-F01-1024-3001-ragged,A0,CONCAT.header,16
confirmation-F01-1024-3001-ragged,A0,CONCAT.refs,16
confirmation-F01-1024-3001-ragged,A0,LITERAL.header,32
confirmation-F01-1024-3001-ragged,A0,LITERAL.payload,32
confirmation-F01-1024-3001-ragged,A0,REPEAT.header,8
confirmation-F01-1024-3001-ragged,A0,REPEAT.payload,8
confirmation-F01-1024-3001-ragged,A0,REPEAT.refs,8
confirmation-F01-1024-3001-ragged,A0,dag,8
confirmation-F01-1024-3001-ragged,A0,envelope,64
confirmation-F01-1024-3001-ragged,best_R,CONCAT.header,48
confirmation-F01-1024-3001-ragged,best_R,CONCAT.refs,168
confirmation-F01-1024-3001-ragged,best_R,LITERAL.header,32
confirmation-F01-1024-3001-ragged,best_R,LITERAL.payload,16
confirmation-F01-1024-3001-ragged,best_R,PATCH.header,64
confirmation-F01-1024-3001-ragged,best_R,PATCH.payload,40
confirmation-F01-1024-3001-ragged,best_R,PATCH.refs,32
confirmation-F01-1024-3001-ragged,best_R,REPEAT.header,8
confirmation-F01-1024-3001-ragged,best_R,REPEAT.payload,8
confirmation-F01-1024-3001-ragged,best_R,REPEAT.refs,8
confirmation-F01-1024-3001-ragged,best_R,XFORM.header,64
confirmation-F01-1024-3001-ragged,best_R,XFORM.payload,128
confirmation-F01-1024-3001-ragged,best_R,XFORM.refs,64
confirmation-F01-1024-3001-ragged,best_R,dag,8
confirmation-F01-1024-3001-ragged,best_R,envelope,64
confirmation-F01-1024-3001-ragged,best_O,CONCAT.header,48
confirmation-F01-1024-3001-ragged,best_O,CONCAT.refs,168
confirmation-F01-1024-3001-ragged,best_O,LITERAL.header,224
confirmation-F01-1024-3001-ragged,best_O,LITERAL.payload,112
confirmation-F01-1024-3001-ragged,best_O,REPEAT.header,8
confirmation-F01-1024-3001-ragged,best_O,REPEAT.payload,8
confirmation-F01-1024-3001-ragged,best_O,REPEAT.refs,8
confirmation-F01-1024-3001-ragged,best_O,dag,8
confirmation-F01-1024-3001-ragged,best_O,envelope,64
confirmation-F01-4096-3000-base,A0,CONCAT.header,16
confirmation-F01-4096-3000-base,A0,CONCAT.refs,16
confirmation-F01-4096-3000-base,A0,LITERAL.header,32
confirmation-F01-4096-3000-base,A0,LITERAL.payload,40
confirmation-F01-4096-3000-base,A0,REPEAT.header,8
confirmation-F01-4096-3000-base,A0,REPEAT.payload,16
confirmation-F01-4096-3000-base,A0,REPEAT.refs,8
confirmation-F01-4096-3000-base,A0,dag,8
confirmation-F01-4096-3000-base,A0,envelope,64
confirmation-F01-4096-3000-base,best_R,CONCAT.header,32
confirmation-F01-4096-3000-base,best_R,CONCAT.refs,264
confirmation-F01-4096-3000-base,best_R,LITERAL.header,16
confirmation-F01-4096-3000-base,best_R,LITERAL.payload,8
confirmation-F01-4096-3000-base,best_R,PATCH.header,96
confirmation-F01-4096-3000-base,best_R,PATCH.payload,64
confirmation-F01-4096-3000-base,best_R,PATCH.refs,48
confirmation-F01-4096-3000-base,best_R,REPEAT.header,8
confirmation-F01-4096-3000-base,best_R,REPEAT.payload,8
confirmation-F01-4096-3000-base,best_R,REPEAT.refs,8
confirmation-F01-4096-3000-base,best_R,XFORM.header,64
confirmation-F01-4096-3000-base,best_R,XFORM.payload,128
confirmation-F01-4096-3000-base,best_R,XFORM.refs,64
confirmation-F01-4096-3000-base,best_R,dag,8
confirmation-F01-4096-3000-base,best_R,envelope,64
confirmation-F01-4096-3000-base,best_O,CONCAT.header,32
confirmation-F01-4096-3000-base,best_O,CONCAT.refs,264
confirmation-F01-4096-3000-base,best_O,LITERAL.header,240
confirmation-F01-4096-3000-base,best_O,LITERAL.payload,120
confirmation-F01-4096-3000-base,best_O,REPEAT.header,8
confirmation-F01-4096-3000-base,best_O,REPEAT.payload,8
confirmation-F01-4096-3000-base,best_O,REPEAT.refs,8
confirmation-F01-4096-3000-base,best_O,dag,8
confirmation-F01-4096-3000-base,best_O,envelope,64
confirmation-F01-4096-3000-ragged,A0,CONCAT.header,16
confirmation-F01-4096-3000-ragged,A0,CONCAT.refs,16
confirmation-F01-4096-3000-ragged,A0,LITERAL.header,32
confirmation-F01-4096-3000-ragged,A0,LITERAL.payload,40
confirmation-F01-4096-3000-ragged,A0,REPEAT.header,8
confirmation-F01-4096-3000-ragged,A0,REPEAT.payload,16
confirmation-F01-4096-3000-ragged,A0,REPEAT.refs,8
confirmation-F01-4096-3000-ragged,A0,dag,8
confirmation-F01-4096-3000-ragged,A0,envelope,64
confirmation-F01-4096-3000-ragged,best_R,CONCAT.header,48
confirmation-F01-4096-3000-ragged,best_R,CONCAT.refs,280
confirmation-F01-4096-3000-ragged,best_R,LITERAL.header,32
confirmation-F01-4096-3000-ragged,best_R,LITERAL.payload,16
confirmation-F01-4096-3000-ragged,best_R,PATCH.header,96
confirmation-F01-4096-3000-ragged,best_R,PATCH.payload,64
confirmation-F01-4096-3000-ragged,best_R,PATCH.refs,48
confirmation-F01-4096-3000-ragged,best_R,REPEAT.header,8
confirmation-F01-4096-3000-ragged,best_R,REPEAT.payload,8
confirmation-F01-4096-3000-ragged,best_R,REPEAT.refs,8
confirmation-F01-4096-3000-ragged,best_R,XFORM.header,64
confirmation-F01-4096-3000-ragged,best_R,XFORM.payload,128
confirmation-F01-4096-3000-ragged,best_R,XFORM.refs,64
confirmation-F01-4096-3000-ragged,best_R,dag,8
confirmation-F01-4096-3000-ragged,best_R,envelope,64
confirmation-F01-4096-3000-ragged,best_O,CONCAT.header,48
confirmation-F01-4096-3000-ragged,best_O,CONCAT.refs,280
confirmation-F01-4096-3000-ragged,best_O,LITERAL.header,256
confirmation-F01-4096-3000-ragged,best_O,LITERAL.payload,128
confirmation-F01-4096-3000-ragged,best_O,REPEAT.header,8
confirmation-F01-4096-3000-ragged,best_O,REPEAT.payload,8
confirmation-F01-4096-3000-ragged,best_O,REPEAT.refs,8
confirmation-F01-4096-3000-ragged,best_O,dag,8
confirmation-F01-4096-3000-ragged,best_O,envelope,64
confirmation-F01-4096-3001-base,A0,CONCAT.header,16
confirmation-F01-4096-3001-base,A0,CONCAT.refs,16
confirmation-F01-4096-3001-base,A0,LITERAL.header,32
confirmation-F01-4096-3001-base,A0,LITERAL.payload,24
confirmation-F01-4096-3001-base,A0,REPEAT.header,8
confirmation-F01-4096-3001-base,A0,REPEAT.payload,16
confirmation-F01-4096-3001-base,A0,REPEAT.refs,8
confirmation-F01-4096-3001-base,A0,dag,8
confirmation-F01-4096-3001-base,A0,envelope,64
confirmation-F01-4096-3001-base,best_R,CONCAT.header,32
confirmation-F01-4096-3001-base,best_R,CONCAT.refs,192
confirmation-F01-4096-3001-base,best_R,LITERAL.header,16
confirmation-F01-4096-3001-base,best_R,LITERAL.payload,8
confirmation-F01-4096-3001-base,best_R,PATCH.header,64
confirmation-F01-4096-3001-base,best_R,PATCH.payload,32
confirmation-F01-4096-3001-base,best_R,PATCH.refs,32
confirmation-F01-4096-3001-base,best_R,REPEAT.header,8
confirmation-F01-4096-3001-base,best_R,REPEAT.payload,8
confirmation-F01-4096-3001-base,best_R,REPEAT.refs,8
confirmation-F01-4096-3001-base,best_R,XFORM.header,48
confirmation-F01-4096-3001-base,best_R,XFORM.payload,96
confirmation-F01-4096-3001-base,best_R,XFORM.refs,48
confirmation-F01-4096-3001-base,best_R,dag,8
confirmation-F01-4096-3001-base,best_R,envelope,64
confirmation-F01-4096-3001-base,best_O,CONCAT.header,32
confirmation-F01-4096-3001-base,best_O,CONCAT.refs,192
confirmation-F01-4096-3001-base,best_O,LITERAL.header,144
confirmation-F01-4096-3001-base,best_O,LITERAL.payload,72
confirmation-F01-4096-3001-base,best_O,REPEAT.header,8
confirmation-F01-4096-3001-base,best_O,REPEAT.payload,8
confirmation-F01-4096-3001-base,best_O,REPEAT.refs,8
confirmation-F01-4096-3001-base,best_O,dag,8
confirmation-F01-4096-3001-base,best_O,envelope,64
confirmation-F01-4096-3001-ragged,A0,CONCAT.header,16
confirmation-F01-4096-3001-ragged,A0,CONCAT.refs,16
confirmation-F01-4096-3001-ragged,A0,LITERAL.header,32
confirmation-F01-4096-3001-ragged,A0,LITERAL.payload,24
confirmation-F01-4096-3001-ragged,A0,REPEAT.header,8
confirmation-F01-4096-3001-ragged,A0,REPEAT.payload,16
confirmation-F01-4096-3001-ragged,A0,REPEAT.refs,8
confirmation-F01-4096-3001-ragged,A0,dag,8
confirmation-F01-4096-3001-ragged,A0,envelope,64
confirmation-F01-4096-3001-ragged,best_R,CONCAT.header,48
confirmation-F01-4096-3001-ragged,best_R,CONCAT.refs,208
confirmation-F01-4096-3001-ragged,best_R,LITERAL.header,32
confirmation-F01-4096-3001-ragged,best_R,LITERAL.payload,16
confirmation-F01-4096-3001-ragged,best_R,PATCH.header,64
confirmation-F01-4096-3001-ragged,best_R,PATCH.payload,32
confirmation-F01-4096-3001-ragged,best_R,PATCH.refs,32
confirmation-F01-4096-3001-ragged,best_R,REPEAT.header,8
confirmation-F01-4096-3001-ragged,best_R,REPEAT.payload,8
confirmation-F01-4096-3001-ragged,best_R,REPEAT.refs,8
confirmation-F01-4096-3001-ragged,best_R,XFORM.header,48
confirmation-F01-4096-3001-ragged,best_R,XFORM.payload,96
confirmation-F01-4096-3001-ragged,best_R,XFORM.refs,48
confirmation-F01-4096-3001-ragged,best_R,dag,8
confirmation-F01-4096-3001-ragged,best_R,envelope,64
confirmation-F01-4096-3001-ragged,best_O,CONCAT.header,48
confirmation-F01-4096-3001-ragged,best_O,CONCAT.refs,208
confirmation-F01-4096-3001-ragged,best_O,LITERAL.header,160
confirmation-F01-4096-3001-ragged,best_O,LITERAL.payload,80
confirmation-F01-4096-3001-ragged,best_O,REPEAT.header,8
confirmation-F01-4096-3001-ragged,best_O,REPEAT.payload,8
confirmation-F01-4096-3001-ragged,best_O,REPEAT.refs,8
confirmation-F01-4096-3001-ragged,best_O,dag,8
confirmation-F01-4096-3001-ragged,best_O,envelope,64
confirmation-F02-1024-3000-base,A0,CONCAT.header,16
confirmation-F02-1024-3000-base,A0,CONCAT.refs,16
confirmation-F02-1024-3000-base,A0,LITERAL.header,40
confirmation-F02-1024-3000-base,A0,LITERAL.payload,280
confirmation-F02-1024-3000-base,A0,REPEAT.header,8
confirmation-F02-1024-3000-base,A0,REPEAT.payload,8
confirmation-F02-1024-3000-base,A0,REPEAT.refs,8
confirmation-F02-1024-3000-base,A0,dag,8
confirmation-F02-1024-3000-base,A0,envelope,64
confirmation-F02-1024-3000-base,best_R,CONCAT.header,16
confirmation-F02-1024-3000-base,best_R,CONCAT.refs,128
confirmation-F02-1024-3000-base,best_R,LITERAL.header,256
confirmation-F02-1024-3000-base,best_R,LITERAL.payload,1024
confirmation-F02-1024-3000-base,best_R,dag,8
confirmation-F02-1024-3000-base,best_R,envelope,72
confirmation-F02-1024-3000-base,best_O,CONCAT.header,32
confirmation-F02-1024-3000-base,best_O,CONCAT.refs,288
confirmation-F02-1024-3000-base,best_O,LITERAL.header,464
confirmation-F02-1024-3000-base,best_O,LITERAL.payload,232
confirmation-F02-1024-3000-base,best_O,REPEAT.header,8
confirmation-F02-1024-3000-base,best_O,REPEAT.payload,8
confirmation-F02-1024-3000-base,best_O,REPEAT.refs,8
confirmation-F02-1024-3000-base,best_O,dag,8
confirmation-F02-1024-3000-base,best_O,envelope,72
confirmation-F02-1024-3000-ragged,A0,CONCAT.header,16
confirmation-F02-1024-3000-ragged,A0,CONCAT.refs,16
confirmation-F02-1024-3000-ragged,A0,LITERAL.header,40
confirmation-F02-1024-3000-ragged,A0,LITERAL.payload,288
confirmation-F02-1024-3000-ragged,A0,REPEAT.header,8
confirmation-F02-1024-3000-ragged,A0,REPEAT.payload,8
confirmation-F02-1024-3000-ragged,A0,REPEAT.refs,8
confirmation-F02-1024-3000-ragged,A0,dag,8
confirmation-F02-1024-3000-ragged,A0,envelope,64
confirmation-F02-1024-3000-ragged,best_R,CONCAT.header,32
confirmation-F02-1024-3000-ragged,best_R,CONCAT.refs,144
confirmation-F02-1024-3000-ragged,best_R,LITERAL.header,272
confirmation-F02-1024-3000-ragged,best_R,LITERAL.payload,1032
confirmation-F02-1024-3000-ragged,best_R,dag,8
confirmation-F02-1024-3000-ragged,best_R,envelope,72
confirmation-F02-1024-3000-ragged,best_O,CONCAT.header,48
confirmation-F02-1024-3000-ragged,best_O,CONCAT.refs,304
confirmation-F02-1024-3000-ragged,best_O,LITERAL.header,480
confirmation-F02-1024-3000-ragged,best_O,LITERAL.payload,240
confirmation-F02-1024-3000-ragged,best_O,REPEAT.header,8
confirmation-F02-1024-3000-ragged,best_O,REPEAT.payload,8
confirmation-F02-1024-3000-ragged,best_O,REPEAT.refs,8
confirmation-F02-1024-3000-ragged,best_O,dag,8
confirmation-F02-1024-3000-ragged,best_O,envelope,72
confirmation-F02-1024-3001-base,A0,envelope,72
confirmation-F02-1024-3001-base,A0,raw.payload,1024
confirmation-F02-1024-3001-base,best_R,CONCAT.header,16
confirmation-F02-1024-3001-base,best_R,CONCAT.refs,128
confirmation-F02-1024-3001-base,best_R,LITERAL.header,256
confirmation-F02-1024-3001-base,best_R,LITERAL.payload,1024
confirmation-F02-1024-3001-base,best_R,dag,8
confirmation-F02-1024-3001-base,best_R,envelope,72
confirmation-F02-1024-3001-base,best_O,CONCAT.header,16
confirmation-F02-1024-3001-base,best_O,CONCAT.refs,128
confirmation-F02-1024-3001-base,best_O,LITERAL.header,256
confirmation-F02-1024-3001-base,best_O,LITERAL.payload,1024
confirmation-F02-1024-3001-base,best_O,dag,8
confirmation-F02-1024-3001-base,best_O,envelope,72
confirmation-F02-1024-3001-ragged,A0,envelope,72
confirmation-F02-1024-3001-ragged,A0,raw.payload,1032
confirmation-F02-1024-3001-ragged,best_R,CONCAT.header,32
confirmation-F02-1024-3001-ragged,best_R,CONCAT.refs,144
confirmation-F02-1024-3001-ragged,best_R,LITERAL.header,272
confirmation-F02-1024-3001-ragged,best_R,LITERAL.payload,1032
confirmation-F02-1024-3001-ragged,best_R,dag,8
confirmation-F02-1024-3001-ragged,best_R,envelope,72
confirmation-F02-1024-3001-ragged,best_O,CONCAT.header,32
confirmation-F02-1024-3001-ragged,best_O,CONCAT.refs,144
confirmation-F02-1024-3001-ragged,best_O,LITERAL.header,272
confirmation-F02-1024-3001-ragged,best_O,LITERAL.payload,1032
confirmation-F02-1024-3001-ragged,best_O,dag,8
confirmation-F02-1024-3001-ragged,best_O,envelope,72
confirmation-F02-4096-3000-base,A0,CONCAT.header,16
confirmation-F02-4096-3000-base,A0,CONCAT.refs,16
confirmation-F02-4096-3000-base,A0,LITERAL.header,40
confirmation-F02-4096-3000-base,A0,LITERAL.payload,152
confirmation-F02-4096-3000-base,A0,REPEAT.header,8
confirmation-F02-4096-3000-base,A0,REPEAT.payload,8
confirmation-F02-4096-3000-base,A0,REPEAT.refs,8
confirmation-F02-4096-3000-base,A0,dag,8
confirmation-F02-4096-3000-base,A0,envelope,64
confirmation-F02-4096-3000-base,best_R,CONCAT.header,32
confirmation-F02-4096-3000-base,best_R,CONCAT.refs,160
confirmation-F02-4096-3000-base,best_R,LITERAL.header,16
confirmation-F02-4096-3000-base,best_R,LITERAL.payload,8
confirmation-F02-4096-3000-base,best_R,PATCH.header,224
confirmation-F02-4096-3000-base,best_R,PATCH.payload,200
confirmation-F02-4096-3000-base,best_R,PATCH.refs,112
confirmation-F02-4096-3000-base,best_R,REPEAT.header,8
confirmation-F02-4096-3000-base,best_R,REPEAT.payload,8
confirmation-F02-4096-3000-base,best_R,REPEAT.refs,8
confirmation-F02-4096-3000-base,best_R,XFORM.header,56
confirmation-F02-4096-3000-base,best_R,XFORM.payload,112
confirmation-F02-4096-3000-base,best_R,XFORM.refs,56
confirmation-F02-4096-3000-base,best_R,dag,8
confirmation-F02-4096-3000-base,best_R,envelope,64
confirmation-F02-4096-3000-base,best_O,CONCAT.header,32
confirmation-F02-4096-3000-base,best_O,CONCAT.refs,160
confirmation-F02-4096-3000-base,best_O,LITERAL.header,256
confirmation-F02-4096-3000-base,best_O,LITERAL.payload,128
confirmation-F02-4096-3000-base,best_O,REPEAT.header,8
confirmation-F02-4096-3000-base,best_O,REPEAT.payload,8
confirmation-F02-4096-3000-base,best_O,REPEAT.refs,8
confirmation-F02-4096-3000-base,best_O,dag,8
confirmation-F02-4096-3000-base,best_O,envelope,64
confirmation-F02-4096-3000-ragged,A0,CONCAT.header,16
confirmation-F02-4096-3000-ragged,A0,CONCAT.refs,16
confirmation-F02-4096-3000-ragged,A0,LITERAL.header,40
confirmation-F02-4096-3000-ragged,A0,LITERAL.payload,160
confirmation-F02-4096-3000-ragged,A0,REPEAT.header,8
confirmation-F02-4096-3000-ragged,A0,REPEAT.payload,8
confirmation-F02-4096-3000-ragged,A0,REPEAT.refs,8
confirmation-F02-4096-3000-ragged,A0,dag,8
confirmation-F02-4096-3000-ragged,A0,envelope,64
confirmation-F02-4096-3000-ragged,best_R,CONCAT.header,48
confirmation-F02-4096-3000-ragged,best_R,CONCAT.refs,176
confirmation-F02-4096-3000-ragged,best_R,LITERAL.header,32
confirmation-F02-4096-3000-ragged,best_R,LITERAL.payload,16
confirmation-F02-4096-3000-ragged,best_R,PATCH.header,224
confirmation-F02-4096-3000-ragged,best_R,PATCH.payload,200
confirmation-F02-4096-3000-ragged,best_R,PATCH.refs,112
confirmation-F02-4096-3000-ragged,best_R,REPEAT.header,8
confirmation-F02-4096-3000-ragged,best_R,REPEAT.payload,8
confirmation-F02-4096-3000-ragged,best_R,REPEAT.refs,8
confirmation-F02-4096-3000-ragged,best_R,XFORM.header,56
confirmation-F02-4096-3000-ragged,best_R,XFORM.payload,112
confirmation-F02-4096-3000-ragged,best_R,XFORM.refs,56
confirmation-F02-4096-3000-ragged,best_R,dag,8
confirmation-F02-4096-3000-ragged,best_R,envelope,72
confirmation-F02-4096-3000-ragged,best_O,CONCAT.header,48
confirmation-F02-4096-3000-ragged,best_O,CONCAT.refs,176
confirmation-F02-4096-3000-ragged,best_O,LITERAL.header,272
confirmation-F02-4096-3000-ragged,best_O,LITERAL.payload,136
confirmation-F02-4096-3000-ragged,best_O,REPEAT.header,8
confirmation-F02-4096-3000-ragged,best_O,REPEAT.payload,8
confirmation-F02-4096-3000-ragged,best_O,REPEAT.refs,8
confirmation-F02-4096-3000-ragged,best_O,dag,8
confirmation-F02-4096-3000-ragged,best_O,envelope,64
confirmation-F02-4096-3001-base,A0,CONCAT.header,560
confirmation-F02-4096-3001-base,A0,CONCAT.refs,1344
confirmation-F02-4096-3001-base,A0,LITERAL.header,224
confirmation-F02-4096-3001-base,A0,LITERAL.payload,176
confirmation-F02-4096-3001-base,A0,REPEAT.header,16
confirmation-F02-4096-3001-base,A0,REPEAT.payload,16
confirmation-F02-4096-3001-base,A0,REPEAT.refs,16
confirmation-F02-4096-3001-base,A0,dag,8
confirmation-F02-4096-3001-base,A0,envelope,72
confirmation-F02-4096-3001-base,best_R,CONCAT.header,1048
confirmation-F02-4096-3001-base,best_R,CONCAT.refs,2760
confirmation-F02-4096-3001-base,best_R,LITERAL.header,16
confirmation-F02-4096-3001-base,best_R,LITERAL.payload,8
confirmation-F02-4096-3001-base,best_R,PATCH.header,80
confirmation-F02-4096-3001-base,best_R,PATCH.payload,48
confirmation-F02-4096-3001-base,best_R,PATCH.refs,40
confirmation-F02-4096-3001-base,best_R,XFORM.header,80
confirmation-F02-4096-3001-base,best_R,XFORM.payload,160
confirmation-F02-4096-3001-base,best_R,XFORM.refs,80
confirmation-F02-4096-3001-base,best_R,dag,8
confirmation-F02-4096-3001-base,best_R,envelope,72
confirmation-F02-4096-3001-base,best_O,CONCAT.header,1048
confirmation-F02-4096-3001-base,best_O,CONCAT.refs,2760
confirmation-F02-4096-3001-base,best_O,LITERAL.header,256
confirmation-F02-4096-3001-base,best_O,LITERAL.payload,128
confirmation-F02-4096-3001-base,best_O,dag,8
confirmation-F02-4096-3001-base,best_O,envelope,72
confirmation-F02-4096-3001-ragged,A0,CONCAT.header,560
confirmation-F02-4096-3001-ragged,A0,CONCAT.refs,1368
confirmation-F02-4096-3001-ragged,A0,LITERAL.header,256
confirmation-F02-4096-3001-ragged,A0,LITERAL.payload,200
confirmation-F02-4096-3001-ragged,A0,REPEAT.header,16
confirmation-F02-4096-3001-ragged,A0,REPEAT.payload,16
confirmation-F02-4096-3001-ragged,A0,REPEAT.refs,16
confirmation-F02-4096-3001-ragged,A0,dag,8
confirmation-F02-4096-3001-ragged,A0,envelope,72
confirmation-F02-4096-3001-ragged,best_R,CONCAT.header,1064
confirmation-F02-4096-3001-ragged,best_R,CONCAT.refs,2776
confirmation-F02-4096-3001-ragged,best_R,LITERAL.header,32
confirmation-F02-4096-3001-ragged,best_R,LITERAL.payload,16
confirmation-F02-4096-3001-ragged,best_R,PATCH.header,80
confirmation-F02-4096-3001-ragged,best_R,PATCH.payload,48
confirmation-F02-4096-3001-ragged,best_R,PATCH.refs,40
confirmation-F02-4096-3001-ragged,best_R,XFORM.header,80
confirmation-F02-4096-3001-ragged,best_R,XFORM.payload,160
confirmation-F02-4096-3001-ragged,best_R,XFORM.refs,80
confirmation-F02-4096-3001-ragged,best_R,dag,8
confirmation-F02-4096-3001-ragged,best_R,envelope,72
confirmation-F02-4096-3001-ragged,best_O,CONCAT.header,1064
confirmation-F02-4096-3001-ragged,best_O,CONCAT.refs,2776
confirmation-F02-4096-3001-ragged,best_O,LITERAL.header,272
confirmation-F02-4096-3001-ragged,best_O,LITERAL.payload,136
confirmation-F02-4096-3001-ragged,best_O,dag,8
confirmation-F02-4096-3001-ragged,best_O,envelope,72
confirmation-F03-1024-3000-base,A0,CONCAT.header,80
confirmation-F03-1024-3000-base,A0,CONCAT.refs,104
confirmation-F03-1024-3000-base,A0,LITERAL.header,80
confirmation-F03-1024-3000-base,A0,LITERAL.payload,160
confirmation-F03-1024-3000-base,A0,REPEAT.header,16
confirmation-F03-1024-3000-base,A0,REPEAT.payload,16
confirmation-F03-1024-3000-base,A0,REPEAT.refs,16
confirmation-F03-1024-3000-base,A0,dag,8
confirmation-F03-1024-3000-base,A0,envelope,64
confirmation-F03-1024-3000-base,best_R,CONCAT.header,16
confirmation-F03-1024-3000-base,best_R,CONCAT.refs,128
confirmation-F03-1024-3000-base,best_R,LITERAL.header,208
confirmation-F03-1024-3000-base,best_R,LITERAL.payload,832
confirmation-F03-1024-3000-base,best_R,dag,8
confirmation-F03-1024-3000-base,best_R,envelope,72
confirmation-F03-1024-3000-base,best_O,CONCAT.header,368
confirmation-F03-1024-3000-base,best_O,CONCAT.refs,384
confirmation-F03-1024-3000-base,best_O,LITERAL.header,208
confirmation-F03-1024-3000-base,best_O,LITERAL.payload,104
confirmation-F03-1024-3000-base,best_O,REPEAT.header,8
confirmation-F03-1024-3000-base,best_O,REPEAT.payload,8
confirmation-F03-1024-3000-base,best_O,REPEAT.refs,8
confirmation-F03-1024-3000-base,best_O,dag,8
confirmation-F03-1024-3000-base,best_O,envelope,72
confirmation-F03-1024-3000-ragged,A0,CONCAT.header,80
confirmation-F03-1024-3000-ragged,A0,CONCAT.refs,104
confirmation-F03-1024-3000-ragged,A0,LITERAL.header,80
confirmation-F03-1024-3000-ragged,A0,LITERAL.payload,160
confirmation-F03-1024-3000-ragged,A0,REPEAT.header,16
confirmation-F03-1024-3000-ragged,A0,REPEAT.payload,16
confirmation-F03-1024-3000-ragged,A0,REPEAT.refs,16
confirmation-F03-1024-3000-ragged,A0,dag,8
confirmation-F03-1024-3000-ragged,A0,envelope,64
confirmation-F03-1024-3000-ragged,best_R,CONCAT.header,32
confirmation-F03-1024-3000-ragged,best_R,CONCAT.refs,144
confirmation-F03-1024-3000-ragged,best_R,LITERAL.header,224
confirmation-F03-1024-3000-ragged,best_R,LITERAL.payload,840
confirmation-F03-1024-3000-ragged,best_R,dag,8
confirmation-F03-1024-3000-ragged,best_R,envelope,72
confirmation-F03-1024-3000-ragged,best_O,CONCAT.header,384
confirmation-F03-1024-3000-ragged,best_O,CONCAT.refs,400
confirmation-F03-1024-3000-ragged,best_O,LITERAL.header,224
confirmation-F03-1024-3000-ragged,best_O,LITERAL.payload,112
confirmation-F03-1024-3000-ragged,best_O,REPEAT.header,8
confirmation-F03-1024-3000-ragged,best_O,REPEAT.payload,8
confirmation-F03-1024-3000-ragged,best_O,REPEAT.refs,8
confirmation-F03-1024-3000-ragged,best_O,dag,8
confirmation-F03-1024-3000-ragged,best_O,envelope,72
confirmation-F03-1024-3001-base,A0,CONCAT.header,80
confirmation-F03-1024-3001-base,A0,CONCAT.refs,104
confirmation-F03-1024-3001-base,A0,LITERAL.header,80
confirmation-F03-1024-3001-base,A0,LITERAL.payload,168
confirmation-F03-1024-3001-base,A0,REPEAT.header,16
confirmation-F03-1024-3001-base,A0,REPEAT.payload,16
confirmation-F03-1024-3001-base,A0,REPEAT.refs,16
confirmation-F03-1024-3001-base,A0,dag,8
confirmation-F03-1024-3001-base,A0,envelope,64
confirmation-F03-1024-3001-base,best_R,CONCAT.header,336
confirmation-F03-1024-3001-base,best_R,CONCAT.refs,352
confirmation-F03-1024-3001-base,best_R,LITERAL.header,16
confirmation-F03-1024-3001-base,best_R,LITERAL.payload,8
confirmation-F03-1024-3001-base,best_R,PATCH.header,48
confirmation-F03-1024-3001-base,best_R,PATCH.payload,32
confirmation-F03-1024-3001-base,best_R,PATCH.refs,24
confirmation-F03-1024-3001-base,best_R,REPEAT.header,8
confirmation-F03-1024-3001-base,best_R,REPEAT.payload,8
confirmation-F03-1024-3001-base,best_R,REPEAT.refs,8
confirmation-F03-1024-3001-base,best_R,XFORM.header,40
confirmation-F03-1024-3001-base,best_R,XFORM.payload,80
confirmation-F03-1024-3001-base,best_R,XFORM.refs,40
confirmation-F03-1024-3001-base,best_R,dag,8
confirmation-F03-1024-3001-base,best_R,envelope,64
confirmation-F03-1024-3001-base,best_O,CONCAT.header,336
confirmation-F03-1024-3001-base,best_O,CONCAT.refs,352
confirmation-F03-1024-3001-base,best_O,LITERAL.header,144
confirmation-F03-1024-3001-base,best_O,LITERAL.payload,72
confirmation-F03-1024-3001-base,best_O,REPEAT.header,8
confirmation-F03-1024-3001-base,best_O,REPEAT.payload,8
confirmation-F03-1024-3001-base,best_O,REPEAT.refs,8
confirmation-F03-1024-3001-base,best_O,dag,8
confirmation-F03-1024-3001-base,best_O,envelope,64
confirmation-F03-1024-3001-ragged,A0,CONCAT.header,16
confirmation-F03-1024-3001-ragged,A0,CONCAT.refs,16
confirmation-F03-1024-3001-ragged,A0,LITERAL.header,40
confirmation-F03-1024-3001-ragged,A0,LITERAL.payload,416
confirmation-F03-1024-3001-ragged,A0,REPEAT.header,8
confirmation-F03-1024-3001-ragged,A0,REPEAT.payload,8
confirmation-F03-1024-3001-ragged,A0,REPEAT.refs,8
confirmation-F03-1024-3001-ragged,A0,dag,8
confirmation-F03-1024-3001-ragged,A0,envelope,64
confirmation-F03-1024-3001-ragged,best_R,CONCAT.header,352
confirmation-F03-1024-3001-ragged,best_R,CONCAT.refs,368
confirmation-F03-1024-3001-ragged,best_R,LITERAL.header,32
confirmation-F03-1024-3001-ragged,best_R,LITERAL.payload,16
confirmation-F03-1024-3001-ragged,best_R,PATCH.header,48
confirmation-F03-1024-3001-ragged,best_R,PATCH.payload,32
confirmation-F03-1024-3001-ragged,best_R,PATCH.refs,24
confirmation-F03-1024-3001-ragged,best_R,REPEAT.header,8
confirmation-F03-1024-3001-ragged,best_R,REPEAT.payload,8
confirmation-F03-1024-3001-ragged,best_R,REPEAT.refs,8
confirmation-F03-1024-3001-ragged,best_R,XFORM.header,40
confirmation-F03-1024-3001-ragged,best_R,XFORM.payload,80
confirmation-F03-1024-3001-ragged,best_R,XFORM.refs,40
confirmation-F03-1024-3001-ragged,best_R,dag,8
confirmation-F03-1024-3001-ragged,best_R,envelope,72
confirmation-F03-1024-3001-ragged,best_O,CONCAT.header,352
confirmation-F03-1024-3001-ragged,best_O,CONCAT.refs,368
confirmation-F03-1024-3001-ragged,best_O,LITERAL.header,160
confirmation-F03-1024-3001-ragged,best_O,LITERAL.payload,80
confirmation-F03-1024-3001-ragged,best_O,REPEAT.header,8
confirmation-F03-1024-3001-ragged,best_O,REPEAT.payload,8
confirmation-F03-1024-3001-ragged,best_O,REPEAT.refs,8
confirmation-F03-1024-3001-ragged,best_O,dag,8
confirmation-F03-1024-3001-ragged,best_O,envelope,64
confirmation-F03-4096-3000-base,A0,CONCAT.header,16
confirmation-F03-4096-3000-base,A0,CONCAT.refs,16
confirmation-F03-4096-3000-base,A0,LITERAL.header,40
confirmation-F03-4096-3000-base,A0,LITERAL.payload,408
confirmation-F03-4096-3000-base,A0,REPEAT.header,8
confirmation-F03-4096-3000-base,A0,REPEAT.payload,8
confirmation-F03-4096-3000-base,A0,REPEAT.refs,8
confirmation-F03-4096-3000-base,A0,dag,8
confirmation-F03-4096-3000-base,A0,envelope,64
confirmation-F03-4096-3000-base,best_R,CONCAT.header,416
confirmation-F03-4096-3000-base,best_R,CONCAT.refs,440
confirmation-F03-4096-3000-base,best_R,LITERAL.header,16
confirmation-F03-4096-3000-base,best_R,LITERAL.payload,8
confirmation-F03-4096-3000-base,best_R,PATCH.header,64
confirmation-F03-4096-3000-base,best_R,PATCH.payload,32
confirmation-F03-4096-3000-base,best_R,PATCH.refs,32
confirmation-F03-4096-3000-base,best_R,REPEAT.header,8
confirmation-F03-4096-3000-base,best_R,REPEAT.payload,8
confirmation-F03-4096-3000-base,best_R,REPEAT.refs,8
confirmation-F03-4096-3000-base,best_R,XFORM.header,56
confirmation-F03-4096-3000-base,best_R,XFORM.payload,112
confirmation-F03-4096-3000-base,best_R,XFORM.refs,56
confirmation-F03-4096-3000-base,best_R,dag,8
confirmation-F03-4096-3000-base,best_R,envelope,72
confirmation-F03-4096-3000-base,best_O,CONCAT.header,416
confirmation-F03-4096-3000-base,best_O,CONCAT.refs,440
confirmation-F03-4096-3000-base,best_O,LITERAL.header,176
confirmation-F03-4096-3000-base,best_O,LITERAL.payload,88
confirmation-F03-4096-3000-base,best_O,REPEAT.header,8
confirmation-F03-4096-3000-base,best_O,REPEAT.payload,8
confirmation-F03-4096-3000-base,best_O,REPEAT.refs,8
confirmation-F03-4096-3000-base,best_O,dag,8
confirmation-F03-4096-3000-base,best_O,envelope,72
confirmation-F03-4096-3000-ragged,A0,CONCAT.header,16
confirmation-F03-4096-3000-ragged,A0,CONCAT.refs,16
confirmation-F03-4096-3000-ragged,A0,LITERAL.header,40
confirmation-F03-4096-3000-ragged,A0,LITERAL.payload,408
confirmation-F03-4096-3000-ragged,A0,REPEAT.header,8
confirmation-F03-4096-3000-ragged,A0,REPEAT.payload,8
confirmation-F03-4096-3000-ragged,A0,REPEAT.refs,8
confirmation-F03-4096-3000-ragged,A0,dag,8
confirmation-F03-4096-3000-ragged,A0,envelope,64
confirmation-F03-4096-3000-ragged,best_R,CONCAT.header,432
confirmation-F03-4096-3000-ragged,best_R,CONCAT.refs,456
confirmation-F03-4096-3000-ragged,best_R,LITERAL.header,32
confirmation-F03-4096-3000-ragged,best_R,LITERAL.payload,16
confirmation-F03-4096-3000-ragged,best_R,PATCH.header,64
confirmation-F03-4096-3000-ragged,best_R,PATCH.payload,32
confirmation-F03-4096-3000-ragged,best_R,PATCH.refs,32
confirmation-F03-4096-3000-ragged,best_R,REPEAT.header,8
confirmation-F03-4096-3000-ragged,best_R,REPEAT.payload,8
confirmation-F03-4096-3000-ragged,best_R,REPEAT.refs,8
confirmation-F03-4096-3000-ragged,best_R,XFORM.header,56
confirmation-F03-4096-3000-ragged,best_R,XFORM.payload,112
confirmation-F03-4096-3000-ragged,best_R,XFORM.refs,56
confirmation-F03-4096-3000-ragged,best_R,dag,8
confirmation-F03-4096-3000-ragged,best_R,envelope,72
confirmation-F03-4096-3000-ragged,best_O,CONCAT.header,400
confirmation-F03-4096-3000-ragged,best_O,CONCAT.refs,432
confirmation-F03-4096-3000-ragged,best_O,LITERAL.header,224
confirmation-F03-4096-3000-ragged,best_O,LITERAL.payload,112
confirmation-F03-4096-3000-ragged,best_O,REPEAT.header,8
confirmation-F03-4096-3000-ragged,best_O,REPEAT.payload,8
confirmation-F03-4096-3000-ragged,best_O,REPEAT.refs,8
confirmation-F03-4096-3000-ragged,best_O,dag,8
confirmation-F03-4096-3000-ragged,best_O,envelope,72
confirmation-F03-4096-3001-base,A0,CONCAT.header,16
confirmation-F03-4096-3001-base,A0,CONCAT.refs,16
confirmation-F03-4096-3001-base,A0,LITERAL.header,40
confirmation-F03-4096-3001-base,A0,LITERAL.payload,408
confirmation-F03-4096-3001-base,A0,REPEAT.header,8
confirmation-F03-4096-3001-base,A0,REPEAT.payload,8
confirmation-F03-4096-3001-base,A0,REPEAT.refs,8
confirmation-F03-4096-3001-base,A0,dag,8
confirmation-F03-4096-3001-base,A0,envelope,64
confirmation-F03-4096-3001-base,best_R,CONCAT.header,416
confirmation-F03-4096-3001-base,best_R,CONCAT.refs,432
confirmation-F03-4096-3001-base,best_R,LITERAL.header,16
confirmation-F03-4096-3001-base,best_R,LITERAL.payload,8
confirmation-F03-4096-3001-base,best_R,PATCH.header,80
confirmation-F03-4096-3001-base,best_R,PATCH.payload,48
confirmation-F03-4096-3001-base,best_R,PATCH.refs,40
confirmation-F03-4096-3001-base,best_R,REPEAT.header,8
confirmation-F03-4096-3001-base,best_R,REPEAT.payload,8
confirmation-F03-4096-3001-base,best_R,REPEAT.refs,8
confirmation-F03-4096-3001-base,best_R,XFORM.header,48
confirmation-F03-4096-3001-base,best_R,XFORM.payload,96
confirmation-F03-4096-3001-base,best_R,XFORM.refs,48
confirmation-F03-4096-3001-base,best_R,dag,8
confirmation-F03-4096-3001-base,best_R,envelope,72
confirmation-F03-4096-3001-base,best_O,CONCAT.header,416
confirmation-F03-4096-3001-base,best_O,CONCAT.refs,432
confirmation-F03-4096-3001-base,best_O,LITERAL.header,176
confirmation-F03-4096-3001-base,best_O,LITERAL.payload,88
confirmation-F03-4096-3001-base,best_O,REPEAT.header,8
confirmation-F03-4096-3001-base,best_O,REPEAT.payload,8
confirmation-F03-4096-3001-base,best_O,REPEAT.refs,8
confirmation-F03-4096-3001-base,best_O,dag,8
confirmation-F03-4096-3001-base,best_O,envelope,72
confirmation-F03-4096-3001-ragged,A0,CONCAT.header,16
confirmation-F03-4096-3001-ragged,A0,CONCAT.refs,16
confirmation-F03-4096-3001-ragged,A0,LITERAL.header,40
confirmation-F03-4096-3001-ragged,A0,LITERAL.payload,408
confirmation-F03-4096-3001-ragged,A0,REPEAT.header,8
confirmation-F03-4096-3001-ragged,A0,REPEAT.payload,8
confirmation-F03-4096-3001-ragged,A0,REPEAT.refs,8
confirmation-F03-4096-3001-ragged,A0,dag,8
confirmation-F03-4096-3001-ragged,A0,envelope,64
confirmation-F03-4096-3001-ragged,best_R,CONCAT.header,432
confirmation-F03-4096-3001-ragged,best_R,CONCAT.refs,448
confirmation-F03-4096-3001-ragged,best_R,LITERAL.header,32
confirmation-F03-4096-3001-ragged,best_R,LITERAL.payload,16
confirmation-F03-4096-3001-ragged,best_R,PATCH.header,80
confirmation-F03-4096-3001-ragged,best_R,PATCH.payload,48
confirmation-F03-4096-3001-ragged,best_R,PATCH.refs,40
confirmation-F03-4096-3001-ragged,best_R,REPEAT.header,8
confirmation-F03-4096-3001-ragged,best_R,REPEAT.payload,8
confirmation-F03-4096-3001-ragged,best_R,REPEAT.refs,8
confirmation-F03-4096-3001-ragged,best_R,XFORM.header,48
confirmation-F03-4096-3001-ragged,best_R,XFORM.payload,96
confirmation-F03-4096-3001-ragged,best_R,XFORM.refs,48
confirmation-F03-4096-3001-ragged,best_R,dag,8
confirmation-F03-4096-3001-ragged,best_R,envelope,72
confirmation-F03-4096-3001-ragged,best_O,CONCAT.header,432
confirmation-F03-4096-3001-ragged,best_O,CONCAT.refs,448
confirmation-F03-4096-3001-ragged,best_O,LITERAL.header,192
confirmation-F03-4096-3001-ragged,best_O,LITERAL.payload,96
confirmation-F03-4096-3001-ragged,best_O,REPEAT.header,8
confirmation-F03-4096-3001-ragged,best_O,REPEAT.payload,8
confirmation-F03-4096-3001-ragged,best_O,REPEAT.refs,8
confirmation-F03-4096-3001-ragged,best_O,dag,8
confirmation-F03-4096-3001-ragged,best_O,envelope,72
confirmation-F04-1024-3000-base,A0,AP_UNION.header,40
confirmation-F04-1024-3000-base,A0,AP_UNION.payload,48
confirmation-F04-1024-3000-base,A0,dag,8
confirmation-F04-1024-3000-base,A0,envelope,64
confirmation-F04-1024-3000-base,best_R,CONCAT.header,32
confirmation-F04-1024-3000-base,best_R,CONCAT.refs,216
confirmation-F04-1024-3000-base,best_R,LITERAL.header,16
confirmation-F04-1024-3000-base,best_R,LITERAL.payload,8
confirmation-F04-1024-3000-base,best_R,PATCH.header,112
confirmation-F04-1024-3000-base,best_R,PATCH.payload,480
confirmation-F04-1024-3000-base,best_R,PATCH.refs,56
confirmation-F04-1024-3000-base,best_R,REPEAT.header,8
confirmation-F04-1024-3000-base,best_R,REPEAT.payload,8
confirmation-F04-1024-3000-base,best_R,REPEAT.refs,8
confirmation-F04-1024-3000-base,best_R,XFORM.header,24
confirmation-F04-1024-3000-base,best_R,XFORM.payload,48
confirmation-F04-1024-3000-base,best_R,XFORM.refs,24
confirmation-F04-1024-3000-base,best_R,dag,8
confirmation-F04-1024-3000-base,best_R,envelope,72
confirmation-F04-1024-3000-base,best_O,CONCAT.header,32
confirmation-F04-1024-3000-base,best_O,CONCAT.refs,216
confirmation-F04-1024-3000-base,best_O,LITERAL.header,144
confirmation-F04-1024-3000-base,best_O,LITERAL.payload,72
confirmation-F04-1024-3000-base,best_O,PATCH.header,16
confirmation-F04-1024-3000-base,best_O,PATCH.payload,432
confirmation-F04-1024-3000-base,best_O,PATCH.refs,8
confirmation-F04-1024-3000-base,best_O,REPEAT.header,8
confirmation-F04-1024-3000-base,best_O,REPEAT.payload,8
confirmation-F04-1024-3000-base,best_O,REPEAT.refs,8
confirmation-F04-1024-3000-base,best_O,dag,8
confirmation-F04-1024-3000-base,best_O,envelope,64
confirmation-F04-1024-3000-ragged,A0,AP_UNION.header,40
confirmation-F04-1024-3000-ragged,A0,AP_UNION.payload,48
confirmation-F04-1024-3000-ragged,A0,dag,8
confirmation-F04-1024-3000-ragged,A0,envelope,64
confirmation-F04-1024-3000-ragged,best_R,CONCAT.header,48
confirmation-F04-1024-3000-ragged,best_R,CONCAT.refs,232
confirmation-F04-1024-3000-ragged,best_R,LITERAL.header,32
confirmation-F04-1024-3000-ragged,best_R,LITERAL.payload,16
confirmation-F04-1024-3000-ragged,best_R,PATCH.header,112
confirmation-F04-1024-3000-ragged,best_R,PATCH.payload,480
confirmation-F04-1024-3000-ragged,best_R,PATCH.refs,56
confirmation-F04-1024-3000-ragged,best_R,REPEAT.header,8
confirmation-F04-1024-3000-ragged,best_R,REPEAT.payload,8
confirmation-F04-1024-3000-ragged,best_R,REPEAT.refs,8
confirmation-F04-1024-3000-ragged,best_R,XFORM.header,24
confirmation-F04-1024-3000-ragged,best_R,XFORM.payload,48
confirmation-F04-1024-3000-ragged,best_R,XFORM.refs,24
confirmation-F04-1024-3000-ragged,best_R,dag,8
confirmation-F04-1024-3000-ragged,best_R,envelope,72
confirmation-F04-1024-3000-ragged,best_O,CONCAT.header,48
confirmation-F04-1024-3000-ragged,best_O,CONCAT.refs,232
confirmation-F04-1024-3000-ragged,best_O,LITERAL.header,160
confirmation-F04-1024-3000-ragged,best_O,LITERAL.payload,80
confirmation-F04-1024-3000-ragged,best_O,PATCH.header,16
confirmation-F04-1024-3000-ragged,best_O,PATCH.payload,432
confirmation-F04-1024-3000-ragged,best_O,PATCH.refs,8
confirmation-F04-1024-3000-ragged,best_O,REPEAT.header,8
confirmation-F04-1024-3000-ragged,best_O,REPEAT.payload,8
confirmation-F04-1024-3000-ragged,best_O,REPEAT.refs,8
confirmation-F04-1024-3000-ragged,best_O,dag,8
confirmation-F04-1024-3000-ragged,best_O,envelope,64
confirmation-F04-1024-3001-base,A0,AP_UNION.header,40
confirmation-F04-1024-3001-base,A0,AP_UNION.payload,80
confirmation-F04-1024-3001-base,A0,dag,8
confirmation-F04-1024-3001-base,A0,envelope,64
confirmation-F04-1024-3001-base,best_R,CONCAT.header,32
confirmation-F04-1024-3001-base,best_R,CONCAT.refs,200
confirmation-F04-1024-3001-base,best_R,LITERAL.header,16
confirmation-F04-1024-3001-base,best_R,LITERAL.payload,8
confirmation-F04-1024-3001-base,best_R,PATCH.header,80
confirmation-F04-1024-3001-base,best_R,PATCH.payload,208
confirmation-F04-1024-3001-base,best_R,PATCH.refs,40
confirmation-F04-1024-3001-base,best_R,REPEAT.header,8
confirmation-F04-1024-3001-base,best_R,REPEAT.payload,8
confirmation-F04-1024-3001-base,best_R,REPEAT.refs,8
confirmation-F04-1024-3001-base,best_R,XFORM.header,32
confirmation-F04-1024-3001-base,best_R,XFORM.payload,64
confirmation-F04-1024-3001-base,best_R,XFORM.refs,32
confirmation-F04-1024-3001-base,best_R,dag,8
confirmation-F04-1024-3001-base,best_R,envelope,64
confirmation-F04-1024-3001-base,best_O,CONCAT.header,32
confirmation-F04-1024-3001-base,best_O,CONCAT.refs,200
confirmation-F04-1024-3001-base,best_O,LITERAL.header,144
confirmation-F04-1024-3001-base,best_O,LITERAL.payload,72
confirmation-F04-1024-3001-base,best_O,PATCH.header,16
confirmation-F04-1024-3001-base,best_O,PATCH.payload,176
confirmation-F04-1024-3001-base,best_O,PATCH.refs,8
confirmation-F04-1024-3001-base,best_O,REPEAT.header,8
confirmation-F04-1024-3001-base,best_O,REPEAT.payload,8
confirmation-F04-1024-3001-base,best_O,REPEAT.refs,8
confirmation-F04-1024-3001-base,best_O,dag,8
confirmation-F04-1024-3001-base,best_O,envelope,64
confirmation-F04-1024-3001-ragged,A0,AP_UNION.header,40
confirmation-F04-1024-3001-ragged,A0,AP_UNION.payload,80
confirmation-F04-1024-3001-ragged,A0,dag,8
confirmation-F04-1024-3001-ragged,A0,envelope,64
confirmation-F04-1024-3001-ragged,best_R,CONCAT.header,48
confirmation-F04-1024-3001-ragged,best_R,CONCAT.refs,216
confirmation-F04-1024-3001-ragged,best_R,LITERAL.header,32
confirmation-F04-1024-3001-ragged,best_R,LITERAL.payload,16
confirmation-F04-1024-3001-ragged,best_R,PATCH.header,80
confirmation-F04-1024-3001-ragged,best_R,PATCH.payload,208
confirmation-F04-1024-3001-ragged,best_R,PATCH.refs,40
confirmation-F04-1024-3001-ragged,best_R,REPEAT.header,8
confirmation-F04-1024-3001-ragged,best_R,REPEAT.payload,8
confirmation-F04-1024-3001-ragged,best_R,REPEAT.refs,8
confirmation-F04-1024-3001-ragged,best_R,XFORM.header,32
confirmation-F04-1024-3001-ragged,best_R,XFORM.payload,64
confirmation-F04-1024-3001-ragged,best_R,XFORM.refs,32
confirmation-F04-1024-3001-ragged,best_R,dag,8
confirmation-F04-1024-3001-ragged,best_R,envelope,64
confirmation-F04-1024-3001-ragged,best_O,CONCAT.header,48
confirmation-F04-1024-3001-ragged,best_O,CONCAT.refs,216
confirmation-F04-1024-3001-ragged,best_O,LITERAL.header,160
confirmation-F04-1024-3001-ragged,best_O,LITERAL.payload,80
confirmation-F04-1024-3001-ragged,best_O,PATCH.header,16
confirmation-F04-1024-3001-ragged,best_O,PATCH.payload,176
confirmation-F04-1024-3001-ragged,best_O,PATCH.refs,8
confirmation-F04-1024-3001-ragged,best_O,REPEAT.header,8
confirmation-F04-1024-3001-ragged,best_O,REPEAT.payload,8
confirmation-F04-1024-3001-ragged,best_O,REPEAT.refs,8
confirmation-F04-1024-3001-ragged,best_O,dag,8
confirmation-F04-1024-3001-ragged,best_O,envelope,64
confirmation-F04-4096-3000-base,A0,AP_UNION.header,40
confirmation-F04-4096-3000-base,A0,AP_UNION.payload,64
confirmation-F04-4096-3000-base,A0,dag,8
confirmation-F04-4096-3000-base,A0,envelope,64
confirmation-F04-4096-3000-base,best_R,CONCAT.header,1048
confirmation-F04-4096-3000-base,best_R,CONCAT.refs,2976
confirmation-F04-4096-3000-base,best_R,LITERAL.header,16
confirmation-F04-4096-3000-base,best_R,LITERAL.payload,8
confirmation-F04-4096-3000-base,best_R,PATCH.header,80
confirmation-F04-4096-3000-base,best_R,PATCH.payload,40
confirmation-F04-4096-3000-base,best_R,PATCH.refs,40
confirmation-F04-4096-3000-base,best_R,REPEAT.header,8
confirmation-F04-4096-3000-base,best_R,REPEAT.payload,8
confirmation-F04-4096-3000-base,best_R,REPEAT.refs,8
confirmation-F04-4096-3000-base,best_R,XFORM.header,48
confirmation-F04-4096-3000-base,best_R,XFORM.payload,96
confirmation-F04-4096-3000-base,best_R,XFORM.refs,48
confirmation-F04-4096-3000-base,best_R,dag,8
confirmation-F04-4096-3000-base,best_R,envelope,72
confirmation-F04-4096-3000-base,best_O,CONCAT.header,1048
confirmation-F04-4096-3000-base,best_O,CONCAT.refs,2976
confirmation-F04-4096-3000-base,best_O,LITERAL.header,176
confirmation-F04-4096-3000-base,best_O,LITERAL.payload,88
confirmation-F04-4096-3000-base,best_O,REPEAT.header,8
confirmation-F04-4096-3000-base,best_O,REPEAT.payload,8
confirmation-F04-4096-3000-base,best_O,REPEAT.refs,8
confirmation-F04-4096-3000-base,best_O,dag,8
confirmation-F04-4096-3000-base,best_O,envelope,72
confirmation-F04-4096-3000-ragged,A0,AP_UNION.header,40
confirmation-F04-4096-3000-ragged,A0,AP_UNION.payload,64
confirmation-F04-4096-3000-ragged,A0,dag,8
confirmation-F04-4096-3000-ragged,A0,envelope,64
confirmation-F04-4096-3000-ragged,best_R,CONCAT.header,1064
confirmation-F04-4096-3000-ragged,best_R,CONCAT.refs,2992
confirmation-F04-4096-3000-ragged,best_R,LITERAL.header,32
confirmation-F04-4096-3000-ragged,best_R,LITERAL.payload,16
confirmation-F04-4096-3000-ragged,best_R,PATCH.header,80
confirmation-F04-4096-3000-ragged,best_R,PATCH.payload,40
confirmation-F04-4096-3000-ragged,best_R,PATCH.refs,40
confirmation-F04-4096-3000-ragged,best_R,REPEAT.header,8
confirmation-F04-4096-3000-ragged,best_R,REPEAT.payload,8
confirmation-F04-4096-3000-ragged,best_R,REPEAT.refs,8
confirmation-F04-4096-3000-ragged,best_R,XFORM.header,48
confirmation-F04-4096-3000-ragged,best_R,XFORM.payload,96
confirmation-F04-4096-3000-ragged,best_R,XFORM.refs,48
confirmation-F04-4096-3000-ragged,best_R,dag,8
confirmation-F04-4096-3000-ragged,best_R,envelope,72
confirmation-F04-4096-3000-ragged,best_O,CONCAT.header,1064
confirmation-F04-4096-3000-ragged,best_O,CONCAT.refs,2992
confirmation-F04-4096-3000-ragged,best_O,LITERAL.header,192
confirmation-F04-4096-3000-ragged,best_O,LITERAL.payload,96
confirmation-F04-4096-3000-ragged,best_O,REPEAT.header,8
confirmation-F04-4096-3000-ragged,best_O,REPEAT.payload,8
confirmation-F04-4096-3000-ragged,best_O,REPEAT.refs,8
confirmation-F04-4096-3000-ragged,best_O,dag,8
confirmation-F04-4096-3000-ragged,best_O,envelope,72
confirmation-F04-4096-3001-base,A0,AP_UNION.header,40
confirmation-F04-4096-3001-base,A0,AP_UNION.payload,56
confirmation-F04-4096-3001-base,A0,dag,8
confirmation-F04-4096-3001-base,A0,envelope,64
confirmation-F04-4096-3001-base,best_R,CONCAT.header,48
confirmation-F04-4096-3001-base,best_R,CONCAT.refs,288
confirmation-F04-4096-3001-base,best_R,LITERAL.header,48
confirmation-F04-4096-3001-base,best_R,LITERAL.payload,128
confirmation-F04-4096-3001-base,best_R,PATCH.header,496
confirmation-F04-4096-3001-base,best_R,PATCH.payload,1536
confirmation-F04-4096-3001-base,best_R,PATCH.refs,248
confirmation-F04-4096-3001-base,best_R,REPEAT.header,8
confirmation-F04-4096-3001-base,best_R,REPEAT.payload,8
confirmation-F04-4096-3001-base,best_R,REPEAT.refs,8
confirmation-F04-4096-3001-base,best_R,XFORM.header,96
confirmation-F04-4096-3001-base,best_R,XFORM.payload,192
confirmation-F04-4096-3001-base,best_R,XFORM.refs,96
confirmation-F04-4096-3001-base,best_R,dag,8
confirmation-F04-4096-3001-base,best_R,envelope,72
confirmation-F04-4096-3001-base,best_O,CONCAT.header,24
confirmation-F04-4096-3001-base,best_O,CONCAT.refs,2608
confirmation-F04-4096-3001-base,best_O,LITERAL.header,352
confirmation-F04-4096-3001-base,best_O,LITERAL.payload,176
confirmation-F04-4096-3001-base,best_O,REPEAT.header,32
confirmation-F04-4096-3001-base,best_O,REPEAT.payload,32
confirmation-F04-4096-3001-base,best_O,REPEAT.refs,32
confirmation-F04-4096-3001-base,best_O,dag,8
confirmation-F04-4096-3001-base,best_O,envelope,72
confirmation-F04-4096-3001-ragged,A0,AP_UNION.header,40
confirmation-F04-4096-3001-ragged,A0,AP_UNION.payload,56
confirmation-F04-4096-3001-ragged,A0,dag,8
confirmation-F04-4096-3001-ragged,A0,envelope,64
confirmation-F04-4096-3001-ragged,best_R,CONCAT.header,48
confirmation-F04-4096-3001-ragged,best_R,CONCAT.refs,288
confirmation-F04-4096-3001-ragged,best_R,LITERAL.header,48
confirmation-F04-4096-3001-ragged,best_R,LITERAL.payload,136
confirmation-F04-4096-3001-ragged,best_R,PATCH.header,496
confirmation-F04-4096-3001-ragged,best_R,PATCH.payload,1536
confirmation-F04-4096-3001-ragged,best_R,PATCH.refs,248
confirmation-F04-4096-3001-ragged,best_R,REPEAT.header,8
confirmation-F04-4096-3001-ragged,best_R,REPEAT.payload,8
confirmation-F04-4096-3001-ragged,best_R,REPEAT.refs,8
confirmation-F04-4096-3001-ragged,best_R,XFORM.header,96
confirmation-F04-4096-3001-ragged,best_R,XFORM.payload,192
confirmation-F04-4096-3001-ragged,best_R,XFORM.refs,96
confirmation-F04-4096-3001-ragged,best_R,dag,8
confirmation-F04-4096-3001-ragged,best_R,envelope,72
confirmation-F04-4096-3001-ragged,best_O,CONCAT.header,40
confirmation-F04-4096-3001-ragged,best_O,CONCAT.refs,2624
confirmation-F04-4096-3001-ragged,best_O,LITERAL.header,368
confirmation-F04-4096-3001-ragged,best_O,LITERAL.payload,184
confirmation-F04-4096-3001-ragged,best_O,REPEAT.header,32
confirmation-F04-4096-3001-ragged,best_O,REPEAT.payload,32
confirmation-F04-4096-3001-ragged,best_O,REPEAT.refs,32
confirmation-F04-4096-3001-ragged,best_O,dag,8
confirmation-F04-4096-3001-ragged,best_O,envelope,72
confirmation-F05-1024-3000-base,A0,LITERAL.header,16
confirmation-F05-1024-3000-base,A0,LITERAL.payload,32
confirmation-F05-1024-3000-base,A0,REPEAT.header,8
confirmation-F05-1024-3000-base,A0,REPEAT.payload,8
confirmation-F05-1024-3000-base,A0,REPEAT.refs,8
confirmation-F05-1024-3000-base,A0,dag,8
confirmation-F05-1024-3000-base,A0,envelope,64
confirmation-F05-1024-3000-base,best_R,LITERAL.header,16
confirmation-F05-1024-3000-base,best_R,LITERAL.payload,32
confirmation-F05-1024-3000-base,best_R,REPEAT.header,8
confirmation-F05-1024-3000-base,best_R,REPEAT.payload,8
confirmation-F05-1024-3000-base,best_R,REPEAT.refs,8
confirmation-F05-1024-3000-base,best_R,dag,8
confirmation-F05-1024-3000-base,best_R,envelope,64
confirmation-F05-1024-3000-base,best_O,LITERAL.header,16
confirmation-F05-1024-3000-base,best_O,LITERAL.payload,32
confirmation-F05-1024-3000-base,best_O,REPEAT.header,8
confirmation-F05-1024-3000-base,best_O,REPEAT.payload,8
confirmation-F05-1024-3000-base,best_O,REPEAT.refs,8
confirmation-F05-1024-3000-base,best_O,dag,8
confirmation-F05-1024-3000-base,best_O,envelope,64
confirmation-F05-1024-3000-ragged,A0,CONCAT.header,16
confirmation-F05-1024-3000-ragged,A0,CONCAT.refs,16
confirmation-F05-1024-3000-ragged,A0,LITERAL.header,32
confirmation-F05-1024-3000-ragged,A0,LITERAL.payload,40
confirmation-F05-1024-3000-ragged,A0,REPEAT.header,8
confirmation-F05-1024-3000-ragged,A0,REPEAT.payload,8
confirmation-F05-1024-3000-ragged,A0,REPEAT.refs,8
confirmation-F05-1024-3000-ragged,A0,dag,8
confirmation-F05-1024-3000-ragged,A0,envelope,64
confirmation-F05-1024-3000-ragged,best_R,CONCAT.header,16
confirmation-F05-1024-3000-ragged,best_R,CONCAT.refs,16
confirmation-F05-1024-3000-ragged,best_R,LITERAL.header,32
confirmation-F05-1024-3000-ragged,best_R,LITERAL.payload,40
confirmation-F05-1024-3000-ragged,best_R,REPEAT.header,8
confirmation-F05-1024-3000-ragged,best_R,REPEAT.payload,8
confirmation-F05-1024-3000-ragged,best_R,REPEAT.refs,8
confirmation-F05-1024-3000-ragged,best_R,dag,8
confirmation-F05-1024-3000-ragged,best_R,envelope,64
confirmation-F05-1024-3000-ragged,best_O,CONCAT.header,16
confirmation-F05-1024-3000-ragged,best_O,CONCAT.refs,16
confirmation-F05-1024-3000-ragged,best_O,LITERAL.header,32
confirmation-F05-1024-3000-ragged,best_O,LITERAL.payload,40
confirmation-F05-1024-3000-ragged,best_O,REPEAT.header,8
confirmation-F05-1024-3000-ragged,best_O,REPEAT.payload,8
confirmation-F05-1024-3000-ragged,best_O,REPEAT.refs,8
confirmation-F05-1024-3000-ragged,best_O,dag,8
confirmation-F05-1024-3000-ragged,best_O,envelope,64
confirmation-F05-1024-3001-base,A0,CONCAT.header,16
confirmation-F05-1024-3001-base,A0,CONCAT.refs,16
confirmation-F05-1024-3001-base,A0,LITERAL.header,16
confirmation-F05-1024-3001-base,A0,LITERAL.payload,8
confirmation-F05-1024-3001-base,A0,REPEAT.header,16
confirmation-F05-1024-3001-base,A0,REPEAT.payload,16
confirmation-F05-1024-3001-base,A0,REPEAT.refs,16
confirmation-F05-1024-3001-base,A0,SCHEMA_UNION.header,40
confirmation-F05-1024-3001-base,A0,SCHEMA_UNION.payload,16
confirmation-F05-1024-3001-base,A0,dag,8
confirmation-F05-1024-3001-base,A0,envelope,64
confirmation-F05-1024-3001-base,best_R,CONCAT.header,16
confirmation-F05-1024-3001-base,best_R,CONCAT.refs,72
confirmation-F05-1024-3001-base,best_R,LITERAL.header,32
confirmation-F05-1024-3001-base,best_R,LITERAL.payload,16
confirmation-F05-1024-3001-base,best_R,REPEAT.header,24
confirmation-F05-1024-3001-base,best_R,REPEAT.payload,24
confirmation-F05-1024-3001-base,best_R,REPEAT.refs,24
confirmation-F05-1024-3001-base,best_R,XFORM.header,8
confirmation-F05-1024-3001-base,best_R,XFORM.payload,16
confirmation-F05-1024-3001-base,best_R,XFORM.refs,8
confirmation-F05-1024-3001-base,best_R,dag,8
confirmation-F05-1024-3001-base,best_R,envelope,64
confirmation-F05-1024-3001-base,best_O,CONCAT.header,16
confirmation-F05-1024-3001-base,best_O,CONCAT.refs,72
confirmation-F05-1024-3001-base,best_O,LITERAL.header,48
confirmation-F05-1024-3001-base,best_O,LITERAL.payload,24
confirmation-F05-1024-3001-base,best_O,REPEAT.header,24
confirmation-F05-1024-3001-base,best_O,REPEAT.payload,24
confirmation-F05-1024-3001-base,best_O,REPEAT.refs,24
confirmation-F05-1024-3001-base,best_O,dag,8
confirmation-F05-1024-3001-base,best_O,envelope,64
confirmation-F05-1024-3001-ragged,A0,CONCAT.header,16
confirmation-F05-1024-3001-ragged,A0,CONCAT.refs,24
confirmation-F05-1024-3001-ragged,A0,LITERAL.header,32
confirmation-F05-1024-3001-ragged,A0,LITERAL.payload,16
confirmation-F05-1024-3001-ragged,A0,REPEAT.header,16
confirmation-F05-1024-3001-ragged,A0,REPEAT.payload,16
confirmation-F05-1024-3001-ragged,A0,REPEAT.refs,16
confirmation-F05-1024-3001-ragged,A0,SCHEMA_UNION.header,40
confirmation-F05-1024-3001-ragged,A0,SCHEMA_UNION.payload,16
confirmation-F05-1024-3001-ragged,A0,dag,8
confirmation-F05-1024-3001-ragged,A0,envelope,64
confirmation-F05-1024-3001-ragged,best_R,CONCAT.header,32
confirmation-F05-1024-3001-ragged,best_R,CONCAT.refs,88
confirmation-F05-1024-3001-ragged,best_R,LITERAL.header,48
confirmation-F05-1024-3001-ragged,best_R,LITERAL.payload,24
confirmation-F05-1024-3001-ragged,best_R,REPEAT.header,24
confirmation-F05-1024-3001-ragged,best_R,REPEAT.payload,24
confirmation-F05-1024-3001-ragged,best_R,REPEAT.refs,24
confirmation-F05-1024-3001-ragged,best_R,XFORM.header,8
confirmation-F05-1024-3001-ragged,best_R,XFORM.payload,16
confirmation-F05-1024-3001-ragged,best_R,XFORM.refs,8
confirmation-F05-1024-3001-ragged,best_R,dag,8
confirmation-F05-1024-3001-ragged,best_R,envelope,64
confirmation-F05-1024-3001-ragged,best_O,CONCAT.header,32
confirmation-F05-1024-3001-ragged,best_O,CONCAT.refs,88
confirmation-F05-1024-3001-ragged,best_O,LITERAL.header,64
confirmation-F05-1024-3001-ragged,best_O,LITERAL.payload,32
confirmation-F05-1024-3001-ragged,best_O,REPEAT.header,24
confirmation-F05-1024-3001-ragged,best_O,REPEAT.payload,24
confirmation-F05-1024-3001-ragged,best_O,REPEAT.refs,24
confirmation-F05-1024-3001-ragged,best_O,dag,8
confirmation-F05-1024-3001-ragged,best_O,envelope,64
confirmation-F05-4096-3000-base,A0,REPEAT.header,8
confirmation-F05-4096-3000-base,A0,REPEAT.payload,8
confirmation-F05-4096-3000-base,A0,REPEAT.refs,8
confirmation-F05-4096-3000-base,A0,SCHEMA_UNION.header,40
confirmation-F05-4096-3000-base,A0,SCHEMA_UNION.payload,32
confirmation-F05-4096-3000-base,A0,dag,8
confirmation-F05-4096-3000-base,A0,envelope,64
confirmation-F05-4096-3000-base,best_R,CONCAT.header,16
confirmation-F05-4096-3000-base,best_R,CONCAT.refs,16
confirmation-F05-4096-3000-base,best_R,LITERAL.header,32
confirmation-F05-4096-3000-base,best_R,LITERAL.payload,72
confirmation-F05-4096-3000-base,best_R,REPEAT.header,16
confirmation-F05-4096-3000-base,best_R,REPEAT.payload,16
confirmation-F05-4096-3000-base,best_R,REPEAT.refs,16
confirmation-F05-4096-3000-base,best_R,dag,8
confirmation-F05-4096-3000-base,best_R,envelope,64
confirmation-F05-4096-3000-base,best_O,CONCAT.header,16
confirmation-F05-4096-3000-base,best_O,CONCAT.refs,32
confirmation-F05-4096-3000-base,best_O,LITERAL.header,48
confirmation-F05-4096-3000-base,best_O,LITERAL.payload,96
confirmation-F05-4096-3000-base,best_O,REPEAT.header,8
confirmation-F05-4096-3000-base,best_O,REPEAT.payload,8
confirmation-F05-4096-3000-base,best_O,REPEAT.refs,8
confirmation-F05-4096-3000-base,best_O,dag,8
confirmation-F05-4096-3000-base,best_O,envelope,64
confirmation-F05-4096-3000-ragged,A0,CONCAT.header,16
confirmation-F05-4096-3000-ragged,A0,CONCAT.refs,16
confirmation-F05-4096-3000-ragged,A0,LITERAL.header,16
confirmation-F05-4096-3000-ragged,A0,LITERAL.payload,8
confirmation-F05-4096-3000-ragged,A0,REPEAT.header,8
confirmation-F05-4096-3000-ragged,A0,REPEAT.payload,8
confirmation-F05-4096-3000-ragged,A0,REPEAT.refs,8
confirmation-F05-4096-3000-ragged,A0,SCHEMA_UNION.header,40
confirmation-F05-4096-3000-ragged,A0,SCHEMA_UNION.payload,32
confirmation-F05-4096-3000-ragged,A0,dag,8
confirmation-F05-4096-3000-ragged,A0,envelope,64
confirmation-F05-4096-3000-ragged,best_R,CONCAT.header,32
confirmation-F05-4096-3000-ragged,best_R,CONCAT.refs,32
confirmation-F05-4096-3000-ragged,best_R,LITERAL.header,48
confirmation-F05-4096-3000-ragged,best_R,LITERAL.payload,80
confirmation-F05-4096-3000-ragged,best_R,REPEAT.header,16
confirmation-F05-4096-3000-ragged,best_R,REPEAT.payload,16
confirmation-F05-4096-3000-ragged,best_R,REPEAT.refs,16
confirmation-F05-4096-3000-ragged,best_R,dag,8
confirmation-F05-4096-3000-ragged,best_R,envelope,64
confirmation-F05-4096-3000-ragged,best_O,CONCAT.header,32
confirmation-F05-4096-3000-ragged,best_O,CONCAT.refs,48
confirmation-F05-4096-3000-ragged,best_O,LITERAL.header,64
confirmation-F05-4096-3000-ragged,best_O,LITERAL.payload,104
confirmation-F05-4096-3000-ragged,best_O,REPEAT.header,8
confirmation-F05-4096-3000-ragged,best_O,REPEAT.payload,8
confirmation-F05-4096-3000-ragged,best_O,REPEAT.refs,8
confirmation-F05-4096-3000-ragged,best_O,dag,8
confirmation-F05-4096-3000-ragged,best_O,envelope,64
confirmation-F05-4096-3001-base,A0,AP_UNION.header,32
confirmation-F05-4096-3001-base,A0,AP_UNION.payload,24
confirmation-F05-4096-3001-base,A0,CONCAT.header,16
confirmation-F05-4096-3001-base,A0,CONCAT.refs,32
confirmation-F05-4096-3001-base,A0,REPEAT.header,16
confirmation-F05-4096-3001-base,A0,REPEAT.payload,16
confirmation-F05-4096-3001-base,A0,REPEAT.refs,16
confirmation-F05-4096-3001-base,A0,SCHEMA_UNION.header,40
confirmation-F05-4096-3001-base,A0,SCHEMA_UNION.payload,40
confirmation-F05-4096-3001-base,A0,dag,8
confirmation-F05-4096-3001-base,A0,envelope,64
confirmation-F05-4096-3001-base,best_R,CONCAT.header,16
confirmation-F05-4096-3001-base,best_R,CONCAT.refs,144
confirmation-F05-4096-3001-base,best_R,LITERAL.header,32
confirmation-F05-4096-3001-base,best_R,LITERAL.payload,72
confirmation-F05-4096-3001-base,best_R,REPEAT.header,24
confirmation-F05-4096-3001-base,best_R,REPEAT.payload,32
confirmation-F05-4096-3001-base,best_R,REPEAT.refs,24
confirmation-F05-4096-3001-base,best_R,XFORM.header,8
confirmation-F05-4096-3001-base,best_R,XFORM.payload,16
confirmation-F05-4096-3001-base,best_R,XFORM.refs,8
confirmation-F05-4096-3001-base,best_R,dag,8
confirmation-F05-4096-3001-base,best_R,envelope,64
confirmation-F05-4096-3001-base,best_O,CONCAT.header,64
confirmation-F05-4096-3001-base,best_O,CONCAT.refs,192
confirmation-F05-4096-3001-base,best_O,LITERAL.header,32
confirmation-F05-4096-3001-base,best_O,LITERAL.payload,64
confirmation-F05-4096-3001-base,best_O,REPEAT.header,24
confirmation-F05-4096-3001-base,best_O,REPEAT.payload,24
confirmation-F05-4096-3001-base,best_O,REPEAT.refs,24
confirmation-F05-4096-3001-base,best_O,dag,8
confirmation-F05-4096-3001-base,best_O,envelope,64
confirmation-F05-4096-3001-ragged,A0,AP_UNION.header,32
confirmation-F05-4096-3001-ragged,A0,AP_UNION.payload,24
confirmation-F05-4096-3001-ragged,A0,CONCAT.header,16
confirmation-F05-4096-3001-ragged,A0,CONCAT.refs,40
confirmation-F05-4096-3001-ragged,A0,LITERAL.header,16
confirmation-F05-4096-3001-ragged,A0,LITERAL.payload,8
confirmation-F05-4096-3001-ragged,A0,REPEAT.header,16
confirmation-F05-4096-3001-ragged,A0,REPEAT.payload,16
confirmation-F05-4096-3001-ragged,A0,REPEAT.refs,16
confirmation-F05-4096-3001-ragged,A0,SCHEMA_UNION.header,40
confirmation-F05-4096-3001-ragged,A0,SCHEMA_UNION.payload,40
confirmation-F05-4096-3001-ragged,A0,dag,8
confirmation-F05-4096-3001-ragged,A0,envelope,64
confirmation-F05-4096-3001-ragged,best_R,CONCAT.header,32
confirmation-F05-4096-3001-ragged,best_R,CONCAT.refs,160
confirmation-F05-4096-3001-ragged,best_R,LITERAL.header,48
confirmation-F05-4096-3001-ragged,best_R,LITERAL.payload,80
confirmation-F05-4096-3001-ragged,best_R,REPEAT.header,24
confirmation-F05-4096-3001-ragged,best_R,REPEAT.payload,32
confirmation-F05-4096-3001-ragged,best_R,REPEAT.refs,24
confirmation-F05-4096-3001-ragged,best_R,XFORM.header,8
confirmation-F05-4096-3001-ragged,best_R,XFORM.payload,16
confirmation-F05-4096-3001-ragged,best_R,XFORM.refs,8
confirmation-F05-4096-3001-ragged,best_R,dag,8
confirmation-F05-4096-3001-ragged,best_R,envelope,64
confirmation-F05-4096-3001-ragged,best_O,CONCAT.header,80
confirmation-F05-4096-3001-ragged,best_O,CONCAT.refs,208
confirmation-F05-4096-3001-ragged,best_O,LITERAL.header,48
confirmation-F05-4096-3001-ragged,best_O,LITERAL.payload,72
confirmation-F05-4096-3001-ragged,best_O,REPEAT.header,24
confirmation-F05-4096-3001-ragged,best_O,REPEAT.payload,24
confirmation-F05-4096-3001-ragged,best_O,REPEAT.refs,24
confirmation-F05-4096-3001-ragged,best_O,dag,8
confirmation-F05-4096-3001-ragged,best_O,envelope,64
confirmation-F06-1024-3000-base,A0,CONCAT.header,16
confirmation-F06-1024-3000-base,A0,CONCAT.refs,16
confirmation-F06-1024-3000-base,A0,LITERAL.header,32
confirmation-F06-1024-3000-base,A0,LITERAL.payload,40
confirmation-F06-1024-3000-base,A0,PATCH.header,16
confirmation-F06-1024-3000-base,A0,PATCH.payload,248
confirmation-F06-1024-3000-base,A0,PATCH.refs,8
confirmation-F06-1024-3000-base,A0,REPEAT.header,8
confirmation-F06-1024-3000-base,A0,REPEAT.payload,8
confirmation-F06-1024-3000-base,A0,REPEAT.refs,8
confirmation-F06-1024-3000-base,A0,dag,8
confirmation-F06-1024-3000-base,A0,envelope,64
confirmation-F06-1024-3000-base,best_R,CONCAT.header,16
confirmation-F06-1024-3000-base,best_R,CONCAT.refs,128
confirmation-F06-1024-3000-base,best_R,LITERAL.header,256
confirmation-F06-1024-3000-base,best_R,LITERAL.payload,1024
confirmation-F06-1024-3000-base,best_R,dag,8
confirmation-F06-1024-3000-base,best_R,envelope,72
confirmation-F06-1024-3000-base,best_O,CONCAT.header,16
confirmation-F06-1024-3000-base,best_O,CONCAT.refs,128
confirmation-F06-1024-3000-base,best_O,LITERAL.header,256
confirmation-F06-1024-3000-base,best_O,LITERAL.payload,1024
confirmation-F06-1024-3000-base,best_O,dag,8
confirmation-F06-1024-3000-base,best_O,envelope,72
confirmation-F06-1024-3000-ragged,A0,CONCAT.header,16
confirmation-F06-1024-3000-ragged,A0,CONCAT.refs,16
confirmation-F06-1024-3000-ragged,A0,LITERAL.header,32
confirmation-F06-1024-3000-ragged,A0,LITERAL.payload,40
confirmation-F06-1024-3000-ragged,A0,PATCH.header,16
confirmation-F06-1024-3000-ragged,A0,PATCH.payload,256
confirmation-F06-1024-3000-ragged,A0,PATCH.refs,8
confirmation-F06-1024-3000-ragged,A0,REPEAT.header,8
confirmation-F06-1024-3000-ragged,A0,REPEAT.payload,8
confirmation-F06-1024-3000-ragged,A0,REPEAT.refs,8
confirmation-F06-1024-3000-ragged,A0,dag,8
confirmation-F06-1024-3000-ragged,A0,envelope,64
confirmation-F06-1024-3000-ragged,best_R,CONCAT.header,32
confirmation-F06-1024-3000-ragged,best_R,CONCAT.refs,144
confirmation-F06-1024-3000-ragged,best_R,LITERAL.header,272
confirmation-F06-1024-3000-ragged,best_R,LITERAL.payload,1032
confirmation-F06-1024-3000-ragged,best_R,dag,8
confirmation-F06-1024-3000-ragged,best_R,envelope,72
confirmation-F06-1024-3000-ragged,best_O,CONCAT.header,32
confirmation-F06-1024-3000-ragged,best_O,CONCAT.refs,144
confirmation-F06-1024-3000-ragged,best_O,LITERAL.header,272
confirmation-F06-1024-3000-ragged,best_O,LITERAL.payload,1032
confirmation-F06-1024-3000-ragged,best_O,dag,8
confirmation-F06-1024-3000-ragged,best_O,envelope,72
confirmation-F06-1024-3001-base,A0,CONCAT.header,16
confirmation-F06-1024-3001-base,A0,CONCAT.refs,16
confirmation-F06-1024-3001-base,A0,LITERAL.header,32
confirmation-F06-1024-3001-base,A0,LITERAL.payload,32
confirmation-F06-1024-3001-base,A0,PATCH.header,16
confirmation-F06-1024-3001-base,A0,PATCH.payload,264
confirmation-F06-1024-3001-base,A0,PATCH.refs,8
confirmation-F06-1024-3001-base,A0,REPEAT.header,8
confirmation-F06-1024-3001-base,A0,REPEAT.payload,8
confirmation-F06-1024-3001-base,A0,REPEAT.refs,8
confirmation-F06-1024-3001-base,A0,dag,8
confirmation-F06-1024-3001-base,A0,envelope,64
confirmation-F06-1024-3001-base,best_R,CONCAT.header,32
confirmation-F06-1024-3001-base,best_R,CONCAT.refs,152
confirmation-F06-1024-3001-base,best_R,LITERAL.header,16
confirmation-F06-1024-3001-base,best_R,LITERAL.payload,8
confirmation-F06-1024-3001-base,best_R,PATCH.header,80
confirmation-F06-1024-3001-base,best_R,PATCH.payload,400
confirmation-F06-1024-3001-base,best_R,PATCH.refs,40
confirmation-F06-1024-3001-base,best_R,REPEAT.header,8
confirmation-F06-1024-3001-base,best_R,REPEAT.payload,8
confirmation-F06-1024-3001-base,best_R,REPEAT.refs,8
confirmation-F06-1024-3001-base,best_R,XFORM.header,56
confirmation-F06-1024-3001-base,best_R,XFORM.payload,112
confirmation-F06-1024-3001-base,best_R,XFORM.refs,56
confirmation-F06-1024-3001-base,best_R,dag,8
confirmation-F06-1024-3001-base,best_R,envelope,64
confirmation-F06-1024-3001-base,best_O,CONCAT.header,32
confirmation-F06-1024-3001-base,best_O,CONCAT.refs,152
confirmation-F06-1024-3001-base,best_O,LITERAL.header,192
confirmation-F06-1024-3001-base,best_O,LITERAL.payload,96
confirmation-F06-1024-3001-base,best_O,PATCH.header,16
confirmation-F06-1024-3001-base,best_O,PATCH.payload,360
confirmation-F06-1024-3001-base,best_O,PATCH.refs,8
confirmation-F06-1024-3001-base,best_O,REPEAT.header,8
confirmation-F06-1024-3001-base,best_O,REPEAT.payload,8
confirmation-F06-1024-3001-base,best_O,REPEAT.refs,8
confirmation-F06-1024-3001-base,best_O,dag,8
confirmation-F06-1024-3001-base,best_O,envelope,64
confirmation-F06-1024-3001-ragged,A0,CONCAT.header,16
confirmation-F06-1024-3001-ragged,A0,CONCAT.refs,16
confirmation-F06-1024-3001-ragged,A0,LITERAL.header,32
confirmation-F06-1024-3001-ragged,A0,LITERAL.payload,32
confirmation-F06-1024-3001-ragged,A0,PATCH.header,16
confirmation-F06-1024-3001-ragged,A0,PATCH.payload,264
confirmation-F06-1024-3001-ragged,A0,PATCH.refs,8
confirmation-F06-1024-3001-ragged,A0,REPEAT.header,8
confirmation-F06-1024-3001-ragged,A0,REPEAT.payload,8
confirmation-F06-1024-3001-ragged,A0,REPEAT.refs,8
confirmation-F06-1024-3001-ragged,A0,dag,8
confirmation-F06-1024-3001-ragged,A0,envelope,64
confirmation-F06-1024-3001-ragged,best_R,CONCAT.header,48
confirmation-F06-1024-3001-ragged,best_R,CONCAT.refs,168
confirmation-F06-1024-3001-ragged,best_R,LITERAL.header,32
confirmation-F06-1024-3001-ragged,best_R,LITERAL.payload,16
confirmation-F06-1024-3001-ragged,best_R,PATCH.header,80
confirmation-F06-1024-3001-ragged,best_R,PATCH.payload,400
confirmation-F06-1024-3001-ragged,best_R,PATCH.refs,40
confirmation-F06-1024-3001-ragged,best_R,REPEAT.header,8
confirmation-F06-1024-3001-ragged,best_R,REPEAT.payload,8
confirmation-F06-1024-3001-ragged,best_R,REPEAT.refs,8
confirmation-F06-1024-3001-ragged,best_R,XFORM.header,56
confirmation-F06-1024-3001-ragged,best_R,XFORM.payload,112
confirmation-F06-1024-3001-ragged,best_R,XFORM.refs,56
confirmation-F06-1024-3001-ragged,best_R,dag,8
confirmation-F06-1024-3001-ragged,best_R,envelope,72
confirmation-F06-1024-3001-ragged,best_O,CONCAT.header,48
confirmation-F06-1024-3001-ragged,best_O,CONCAT.refs,168
confirmation-F06-1024-3001-ragged,best_O,LITERAL.header,208
confirmation-F06-1024-3001-ragged,best_O,LITERAL.payload,104
confirmation-F06-1024-3001-ragged,best_O,PATCH.header,16
confirmation-F06-1024-3001-ragged,best_O,PATCH.payload,360
confirmation-F06-1024-3001-ragged,best_O,PATCH.refs,8
confirmation-F06-1024-3001-ragged,best_O,REPEAT.header,8
confirmation-F06-1024-3001-ragged,best_O,REPEAT.payload,8
confirmation-F06-1024-3001-ragged,best_O,REPEAT.refs,8
confirmation-F06-1024-3001-ragged,best_O,dag,8
confirmation-F06-1024-3001-ragged,best_O,envelope,64
confirmation-F06-4096-3000-base,A0,CONCAT.header,16
confirmation-F06-4096-3000-base,A0,CONCAT.refs,16
confirmation-F06-4096-3000-base,A0,LITERAL.header,32
confirmation-F06-4096-3000-base,A0,LITERAL.payload,40
confirmation-F06-4096-3000-base,A0,PATCH.header,24
confirmation-F06-4096-3000-base,A0,PATCH.payload,1040
confirmation-F06-4096-3000-base,A0,PATCH.refs,8
confirmation-F06-4096-3000-base,A0,REPEAT.header,8
confirmation-F06-4096-3000-base,A0,REPEAT.payload,16
confirmation-F06-4096-3000-base,A0,REPEAT.refs,8
confirmation-F06-4096-3000-base,A0,dag,8
confirmation-F06-4096-3000-base,A0,envelope,72
confirmation-F06-4096-3000-base,best_R,CONCAT.header,1048
confirmation-F06-4096-3000-base,best_R,CONCAT.refs,3328
confirmation-F06-4096-3000-base,best_R,LITERAL.header,16
confirmation-F06-4096-3000-base,best_R,LITERAL.payload,8
confirmation-F06-4096-3000-base,best_R,PATCH.header,112
confirmation-F06-4096-3000-base,best_R,PATCH.payload,80
confirmation-F06-4096-3000-base,best_R,PATCH.refs,56
confirmation-F06-4096-3000-base,best_R,REPEAT.header,32
confirmation-F06-4096-3000-base,best_R,REPEAT.payload,32
confirmation-F06-4096-3000-base,best_R,REPEAT.refs,32
confirmation-F06-4096-3000-base,best_R,XFORM.header,72
confirmation-F06-4096-3000-base,best_R,XFORM.payload,144
confirmation-F06-4096-3000-base,best_R,XFORM.refs,72
confirmation-F06-4096-3000-base,best_R,dag,8
confirmation-F06-4096-3000-base,best_R,envelope,72
confirmation-F06-4096-3000-base,best_O,CONCAT.header,1048
confirmation-F06-4096-3000-base,best_O,CONCAT.refs,3328
confirmation-F06-4096-3000-base,best_O,LITERAL.header,256
confirmation-F06-4096-3000-base,best_O,LITERAL.payload,128
confirmation-F06-4096-3000-base,best_O,REPEAT.header,32
confirmation-F06-4096-3000-base,best_O,REPEAT.payload,32
confirmation-F06-4096-3000-base,best_O,REPEAT.refs,32
confirmation-F06-4096-3000-base,best_O,dag,8
confirmation-F06-4096-3000-base,best_O,envelope,72
confirmation-F06-4096-3000-ragged,A0,CONCAT.header,16
confirmation-F06-4096-3000-ragged,A0,CONCAT.refs,16
confirmation-F06-4096-3000-ragged,A0,LITERAL.header,32
confirmation-F06-4096-3000-ragged,A0,LITERAL.payload,40
confirmation-F06-4096-3000-ragged,A0,PATCH.header,24
confirmation-F06-4096-3000-ragged,A0,PATCH.payload,1040
confirmation-F06-4096-3000-ragged,A0,PATCH.refs,8
confirmation-F06-4096-3000-ragged,A0,REPEAT.header,8
confirmation-F06-4096-3000-ragged,A0,REPEAT.payload,16
confirmation-F06-4096-3000-ragged,A0,REPEAT.refs,8
confirmation-F06-4096-3000-ragged,A0,dag,8
confirmation-F06-4096-3000-ragged,A0,envelope,72
confirmation-F06-4096-3000-ragged,best_R,CONCAT.header,1064
confirmation-F06-4096-3000-ragged,best_R,CONCAT.refs,3352
confirmation-F06-4096-3000-ragged,best_R,LITERAL.header,48
confirmation-F06-4096-3000-ragged,best_R,LITERAL.payload,24
confirmation-F06-4096-3000-ragged,best_R,PATCH.header,112
confirmation-F06-4096-3000-ragged,best_R,PATCH.payload,64
confirmation-F06-4096-3000-ragged,best_R,PATCH.refs,56
confirmation-F06-4096-3000-ragged,best_R,REPEAT.header,24
confirmation-F06-4096-3000-ragged,best_R,REPEAT.payload,24
confirmation-F06-4096-3000-ragged,best_R,REPEAT.refs,24
confirmation-F06-4096-3000-ragged,best_R,XFORM.header,72
confirmation-F06-4096-3000-ragged,best_R,XFORM.payload,144
confirmation-F06-4096-3000-ragged,best_R,XFORM.refs,72
confirmation-F06-4096-3000-ragged,best_R,dag,8
confirmation-F06-4096-3000-ragged,best_R,envelope,72
confirmation-F06-4096-3000-ragged,best_O,CONCAT.header,1064
confirmation-F06-4096-3000-ragged,best_O,CONCAT.refs,3344
confirmation-F06-4096-3000-ragged,best_O,LITERAL.header,272
confirmation-F06-4096-3000-ragged,best_O,LITERAL.payload,136
confirmation-F06-4096-3000-ragged,best_O,REPEAT.header,32
confirmation-F06-4096-3000-ragged,best_O,REPEAT.payload,32
confirmation-F06-4096-3000-ragged,best_O,REPEAT.refs,32
confirmation-F06-4096-3000-ragged,best_O,dag,8
confirmation-F06-4096-3000-ragged,best_O,envelope,72
confirmation-F06-4096-3001-base,A0,CONCAT.header,16
confirmation-F06-4096-3001-base,A0,CONCAT.refs,16
confirmation-F06-4096-3001-base,A0,LITERAL.header,32
confirmation-F06-4096-3001-base,A0,LITERAL.payload,24
confirmation-F06-4096-3001-base,A0,PATCH.header,24
confirmation-F06-4096-3001-base,A0,PATCH.payload,1032
confirmation-F06-4096-3001-base,A0,PATCH.refs,8
confirmation-F06-4096-3001-base,A0,REPEAT.header,8
confirmation-F06-4096-3001-base,A0,REPEAT.payload,16
confirmation-F06-4096-3001-base,A0,REPEAT.refs,8
confirmation-F06-4096-3001-base,A0,dag,8
confirmation-F06-4096-3001-base,A0,envelope,72
confirmation-F06-4096-3001-base,best_R,CONCAT.header,1048
confirmation-F06-4096-3001-base,best_R,CONCAT.refs,2832
confirmation-F06-4096-3001-base,best_R,LITERAL.header,16
confirmation-F06-4096-3001-base,best_R,LITERAL.payload,8
confirmation-F06-4096-3001-base,best_R,PATCH.header,96
confirmation-F06-4096-3001-base,best_R,PATCH.payload,56
confirmation-F06-4096-3001-base,best_R,PATCH.refs,48
confirmation-F06-4096-3001-base,best_R,XFORM.header,80
confirmation-F06-4096-3001-base,best_R,XFORM.payload,160
confirmation-F06-4096-3001-base,best_R,XFORM.refs,80
confirmation-F06-4096-3001-base,best_R,dag,8
confirmation-F06-4096-3001-base,best_R,envelope,72
confirmation-F06-4096-3001-base,best_O,CONCAT.header,1048
confirmation-F06-4096-3001-base,best_O,CONCAT.refs,2832
confirmation-F06-4096-3001-base,best_O,LITERAL.header,256
confirmation-F06-4096-3001-base,best_O,LITERAL.payload,128
confirmation-F06-4096-3001-base,best_O,dag,8
confirmation-F06-4096-3001-base,best_O,envelope,72
confirmation-F06-4096-3001-ragged,A0,CONCAT.header,16
confirmation-F06-4096-3001-ragged,A0,CONCAT.refs,16
confirmation-F06-4096-3001-ragged,A0,LITERAL.header,32
confirmation-F06-4096-3001-ragged,A0,LITERAL.payload,24
confirmation-F06-4096-3001-ragged,A0,PATCH.header,24
confirmation-F06-4096-3001-ragged,A0,PATCH.payload,1032
confirmation-F06-4096-3001-ragged,A0,PATCH.refs,8
confirmation-F06-4096-3001-ragged,A0,REPEAT.header,8
confirmation-F06-4096-3001-ragged,A0,REPEAT.payload,16
confirmation-F06-4096-3001-ragged,A0,REPEAT.refs,8
confirmation-F06-4096-3001-ragged,A0,dag,8
confirmation-F06-4096-3001-ragged,A0,envelope,72
confirmation-F06-4096-3001-ragged,best_R,CONCAT.header,1064
confirmation-F06-4096-3001-ragged,best_R,CONCAT.refs,2848
confirmation-F06-4096-3001-ragged,best_R,LITERAL.header,32
confirmation-F06-4096-3001-ragged,best_R,LITERAL.payload,16
confirmation-F06-4096-3001-ragged,best_R,PATCH.header,96
confirmation-F06-4096-3001-ragged,best_R,PATCH.payload,56
confirmation-F06-4096-3001-ragged,best_R,PATCH.refs,48
confirmation-F06-4096-3001-ragged,best_R,XFORM.header,80
confirmation-F06-4096-3001-ragged,best_R,XFORM.payload,160
confirmation-F06-4096-3001-ragged,best_R,XFORM.refs,80
confirmation-F06-4096-3001-ragged,best_R,dag,8
confirmation-F06-4096-3001-ragged,best_R,envelope,72
confirmation-F06-4096-3001-ragged,best_O,CONCAT.header,1064
confirmation-F06-4096-3001-ragged,best_O,CONCAT.refs,2848
confirmation-F06-4096-3001-ragged,best_O,LITERAL.header,272
confirmation-F06-4096-3001-ragged,best_O,LITERAL.payload,136
confirmation-F06-4096-3001-ragged,best_O,dag,8
confirmation-F06-4096-3001-ragged,best_O,envelope,72
confirmation-F07-1024-3000-base,A0,envelope,72
confirmation-F07-1024-3000-base,A0,raw.payload,1024
confirmation-F07-1024-3000-base,best_R,CONCAT.header,16
confirmation-F07-1024-3000-base,best_R,CONCAT.refs,128
confirmation-F07-1024-3000-base,best_R,LITERAL.header,256
confirmation-F07-1024-3000-base,best_R,LITERAL.payload,1024
confirmation-F07-1024-3000-base,best_R,dag,8
confirmation-F07-1024-3000-base,best_R,envelope,72
confirmation-F07-1024-3000-base,best_O,CONCAT.header,16
confirmation-F07-1024-3000-base,best_O,CONCAT.refs,128
confirmation-F07-1024-3000-base,best_O,LITERAL.header,256
confirmation-F07-1024-3000-base,best_O,LITERAL.payload,1024
confirmation-F07-1024-3000-base,best_O,dag,8
confirmation-F07-1024-3000-base,best_O,envelope,72
confirmation-F07-1024-3000-ragged,A0,envelope,72
confirmation-F07-1024-3000-ragged,A0,raw.payload,1032
confirmation-F07-1024-3000-ragged,best_R,CONCAT.header,32
confirmation-F07-1024-3000-ragged,best_R,CONCAT.refs,144
confirmation-F07-1024-3000-ragged,best_R,LITERAL.header,272
confirmation-F07-1024-3000-ragged,best_R,LITERAL.payload,1032
confirmation-F07-1024-3000-ragged,best_R,dag,8
confirmation-F07-1024-3000-ragged,best_R,envelope,72
confirmation-F07-1024-3000-ragged,best_O,CONCAT.header,32
confirmation-F07-1024-3000-ragged,best_O,CONCAT.refs,144
confirmation-F07-1024-3000-ragged,best_O,LITERAL.header,272
confirmation-F07-1024-3000-ragged,best_O,LITERAL.payload,1032
confirmation-F07-1024-3000-ragged,best_O,dag,8
confirmation-F07-1024-3000-ragged,best_O,envelope,72
confirmation-F07-1024-3001-base,A0,envelope,72
confirmation-F07-1024-3001-base,A0,raw.payload,1024
confirmation-F07-1024-3001-base,best_R,CONCAT.header,16
confirmation-F07-1024-3001-base,best_R,CONCAT.refs,128
confirmation-F07-1024-3001-base,best_R,LITERAL.header,256
confirmation-F07-1024-3001-base,best_R,LITERAL.payload,1024
confirmation-F07-1024-3001-base,best_R,dag,8
confirmation-F07-1024-3001-base,best_R,envelope,72
confirmation-F07-1024-3001-base,best_O,CONCAT.header,16
confirmation-F07-1024-3001-base,best_O,CONCAT.refs,128
confirmation-F07-1024-3001-base,best_O,LITERAL.header,256
confirmation-F07-1024-3001-base,best_O,LITERAL.payload,1024
confirmation-F07-1024-3001-base,best_O,dag,8
confirmation-F07-1024-3001-base,best_O,envelope,72
confirmation-F07-1024-3001-ragged,A0,envelope,72
confirmation-F07-1024-3001-ragged,A0,raw.payload,1032
confirmation-F07-1024-3001-ragged,best_R,CONCAT.header,32
confirmation-F07-1024-3001-ragged,best_R,CONCAT.refs,144
confirmation-F07-1024-3001-ragged,best_R,LITERAL.header,272
confirmation-F07-1024-3001-ragged,best_R,LITERAL.payload,1032
confirmation-F07-1024-3001-ragged,best_R,dag,8
confirmation-F07-1024-3001-ragged,best_R,envelope,72
confirmation-F07-1024-3001-ragged,best_O,CONCAT.header,32
confirmation-F07-1024-3001-ragged,best_O,CONCAT.refs,144
confirmation-F07-1024-3001-ragged,best_O,LITERAL.header,272
confirmation-F07-1024-3001-ragged,best_O,LITERAL.payload,1032
confirmation-F07-1024-3001-ragged,best_O,dag,8
confirmation-F07-1024-3001-ragged,best_O,envelope,72
confirmation-F07-4096-3000-base,A0,envelope,72
confirmation-F07-4096-3000-base,A0,raw.payload,4096
confirmation-F07-4096-3000-base,best_R,CONCAT.header,16
confirmation-F07-4096-3000-base,best_R,CONCAT.refs,512
confirmation-F07-4096-3000-base,best_R,LITERAL.header,1024
confirmation-F07-4096-3000-base,best_R,LITERAL.payload,4096
confirmation-F07-4096-3000-base,best_R,dag,8
confirmation-F07-4096-3000-base,best_R,envelope,72
confirmation-F07-4096-3000-base,best_O,CONCAT.header,16
confirmation-F07-4096-3000-base,best_O,CONCAT.refs,512
confirmation-F07-4096-3000-base,best_O,LITERAL.header,1024
confirmation-F07-4096-3000-base,best_O,LITERAL.payload,4096
confirmation-F07-4096-3000-base,best_O,dag,8
confirmation-F07-4096-3000-base,best_O,envelope,72
confirmation-F07-4096-3000-ragged,A0,envelope,72
confirmation-F07-4096-3000-ragged,A0,raw.payload,4104
confirmation-F07-4096-3000-ragged,best_R,CONCAT.header,32
confirmation-F07-4096-3000-ragged,best_R,CONCAT.refs,528
confirmation-F07-4096-3000-ragged,best_R,LITERAL.header,1040
confirmation-F07-4096-3000-ragged,best_R,LITERAL.payload,4104
confirmation-F07-4096-3000-ragged,best_R,dag,8
confirmation-F07-4096-3000-ragged,best_R,envelope,72
confirmation-F07-4096-3000-ragged,best_O,CONCAT.header,32
confirmation-F07-4096-3000-ragged,best_O,CONCAT.refs,528
confirmation-F07-4096-3000-ragged,best_O,LITERAL.header,1040
confirmation-F07-4096-3000-ragged,best_O,LITERAL.payload,4104
confirmation-F07-4096-3000-ragged,best_O,dag,8
confirmation-F07-4096-3000-ragged,best_O,envelope,72
confirmation-F07-4096-3001-base,A0,envelope,72
confirmation-F07-4096-3001-base,A0,raw.payload,4096
confirmation-F07-4096-3001-base,best_R,CONCAT.header,16
confirmation-F07-4096-3001-base,best_R,CONCAT.refs,512
confirmation-F07-4096-3001-base,best_R,LITERAL.header,1024
confirmation-F07-4096-3001-base,best_R,LITERAL.payload,4096
confirmation-F07-4096-3001-base,best_R,dag,8
confirmation-F07-4096-3001-base,best_R,envelope,72
confirmation-F07-4096-3001-base,best_O,CONCAT.header,16
confirmation-F07-4096-3001-base,best_O,CONCAT.refs,512
confirmation-F07-4096-3001-base,best_O,LITERAL.header,1024
confirmation-F07-4096-3001-base,best_O,LITERAL.payload,4096
confirmation-F07-4096-3001-base,best_O,dag,8
confirmation-F07-4096-3001-base,best_O,envelope,72
confirmation-F07-4096-3001-ragged,A0,envelope,72
confirmation-F07-4096-3001-ragged,A0,raw.payload,4104
confirmation-F07-4096-3001-ragged,best_R,CONCAT.header,32
confirmation-F07-4096-3001-ragged,best_R,CONCAT.refs,528
confirmation-F07-4096-3001-ragged,best_R,LITERAL.header,1040
confirmation-F07-4096-3001-ragged,best_R,LITERAL.payload,4104
confirmation-F07-4096-3001-ragged,best_R,dag,8
confirmation-F07-4096-3001-ragged,best_R,envelope,72
confirmation-F07-4096-3001-ragged,best_O,CONCAT.header,32
confirmation-F07-4096-3001-ragged,best_O,CONCAT.refs,528
confirmation-F07-4096-3001-ragged,best_O,LITERAL.header,1040
confirmation-F07-4096-3001-ragged,best_O,LITERAL.payload,4104
confirmation-F07-4096-3001-ragged,best_O,dag,8
confirmation-F07-4096-3001-ragged,best_O,envelope,72
confirmation-F08-1024-3000-base,A0,envelope,72
confirmation-F08-1024-3000-base,A0,raw.payload,1024
confirmation-F08-1024-3000-base,best_R,CONCAT.header,16
confirmation-F08-1024-3000-base,best_R,CONCAT.refs,128
confirmation-F08-1024-3000-base,best_R,LITERAL.header,144
confirmation-F08-1024-3000-base,best_R,LITERAL.payload,576
confirmation-F08-1024-3000-base,best_R,PATCH.header,112
confirmation-F08-1024-3000-base,best_R,PATCH.payload,400
confirmation-F08-1024-3000-base,best_R,PATCH.refs,56
confirmation-F08-1024-3000-base,best_R,dag,8
confirmation-F08-1024-3000-base,best_R,envelope,72
confirmation-F08-1024-3000-base,best_O,CONCAT.header,16
confirmation-F08-1024-3000-base,best_O,CONCAT.refs,128
confirmation-F08-1024-3000-base,best_O,LITERAL.header,256
confirmation-F08-1024-3000-base,best_O,LITERAL.payload,1024
confirmation-F08-1024-3000-base,best_O,dag,8
confirmation-F08-1024-3000-base,best_O,envelope,72
confirmation-F08-1024-3000-ragged,A0,envelope,72
confirmation-F08-1024-3000-ragged,A0,raw.payload,1032
confirmation-F08-1024-3000-ragged,best_R,CONCAT.header,32
confirmation-F08-1024-3000-ragged,best_R,CONCAT.refs,144
confirmation-F08-1024-3000-ragged,best_R,LITERAL.header,160
confirmation-F08-1024-3000-ragged,best_R,LITERAL.payload,584
confirmation-F08-1024-3000-ragged,best_R,PATCH.header,112
confirmation-F08-1024-3000-ragged,best_R,PATCH.payload,400
confirmation-F08-1024-3000-ragged,best_R,PATCH.refs,56
confirmation-F08-1024-3000-ragged,best_R,dag,8
confirmation-F08-1024-3000-ragged,best_R,envelope,72
confirmation-F08-1024-3000-ragged,best_O,CONCAT.header,32
confirmation-F08-1024-3000-ragged,best_O,CONCAT.refs,144
confirmation-F08-1024-3000-ragged,best_O,LITERAL.header,272
confirmation-F08-1024-3000-ragged,best_O,LITERAL.payload,1032
confirmation-F08-1024-3000-ragged,best_O,dag,8
confirmation-F08-1024-3000-ragged,best_O,envelope,72
confirmation-F08-1024-3001-base,A0,envelope,72
confirmation-F08-1024-3001-base,A0,raw.payload,1024
confirmation-F08-1024-3001-base,best_R,CONCAT.header,16
confirmation-F08-1024-3001-base,best_R,CONCAT.refs,128
confirmation-F08-1024-3001-base,best_R,LITERAL.header,192
confirmation-F08-1024-3001-base,best_R,LITERAL.payload,768
confirmation-F08-1024-3001-base,best_R,PATCH.header,64
confirmation-F08-1024-3001-base,best_R,PATCH.payload,256
confirmation-F08-1024-3001-base,best_R,PATCH.refs,32
confirmation-F08-1024-3001-base,best_R,XFORM.header,8
confirmation-F08-1024-3001-base,best_R,XFORM.payload,16
confirmation-F08-1024-3001-base,best_R,XFORM.refs,8
confirmation-F08-1024-3001-base,best_R,dag,8
confirmation-F08-1024-3001-base,best_R,envelope,72
confirmation-F08-1024-3001-base,best_O,CONCAT.header,16
confirmation-F08-1024-3001-base,best_O,CONCAT.refs,128
confirmation-F08-1024-3001-base,best_O,LITERAL.header,256
confirmation-F08-1024-3001-base,best_O,LITERAL.payload,1024
confirmation-F08-1024-3001-base,best_O,dag,8
confirmation-F08-1024-3001-base,best_O,envelope,72
confirmation-F08-1024-3001-ragged,A0,envelope,72
confirmation-F08-1024-3001-ragged,A0,raw.payload,1032
confirmation-F08-1024-3001-ragged,best_R,CONCAT.header,32
confirmation-F08-1024-3001-ragged,best_R,CONCAT.refs,144
confirmation-F08-1024-3001-ragged,best_R,LITERAL.header,240
confirmation-F08-1024-3001-ragged,best_R,LITERAL.payload,904
confirmation-F08-1024-3001-ragged,best_R,PATCH.header,32
confirmation-F08-1024-3001-ragged,best_R,PATCH.payload,120
confirmation-F08-1024-3001-ragged,best_R,PATCH.refs,16
confirmation-F08-1024-3001-ragged,best_R,XFORM.header,8
confirmation-F08-1024-3001-ragged,best_R,XFORM.payload,16
confirmation-F08-1024-3001-ragged,best_R,XFORM.refs,8
confirmation-F08-1024-3001-ragged,best_R,dag,8
confirmation-F08-1024-3001-ragged,best_R,envelope,72
confirmation-F08-1024-3001-ragged,best_O,CONCAT.header,32
confirmation-F08-1024-3001-ragged,best_O,CONCAT.refs,144
confirmation-F08-1024-3001-ragged,best_O,LITERAL.header,272
confirmation-F08-1024-3001-ragged,best_O,LITERAL.payload,1032
confirmation-F08-1024-3001-ragged,best_O,dag,8
confirmation-F08-1024-3001-ragged,best_O,envelope,72
confirmation-F08-4096-3000-base,A0,envelope,72
confirmation-F08-4096-3000-base,A0,raw.payload,4096
confirmation-F08-4096-3000-base,best_R,CONCAT.header,1048
confirmation-F08-4096-3000-base,best_R,CONCAT.refs,3880
confirmation-F08-4096-3000-base,best_R,LITERAL.header,16
confirmation-F08-4096-3000-base,best_R,LITERAL.payload,8
confirmation-F08-4096-3000-base,best_R,PATCH.header,96
confirmation-F08-4096-3000-base,best_R,PATCH.payload,48
confirmation-F08-4096-3000-base,best_R,PATCH.refs,48
confirmation-F08-4096-3000-base,best_R,REPEAT.header,40
confirmation-F08-4096-3000-base,best_R,REPEAT.payload,40
confirmation-F08-4096-3000-base,best_R,REPEAT.refs,40
confirmation-F08-4096-3000-base,best_R,XFORM.header,56
confirmation-F08-4096-3000-base,best_R,XFORM.payload,112
confirmation-F08-4096-3000-base,best_R,XFORM.refs,56
confirmation-F08-4096-3000-base,best_R,dag,8
confirmation-F08-4096-3000-base,best_R,envelope,72
confirmation-F08-4096-3000-base,best_O,CONCAT.header,40
confirmation-F08-4096-3000-base,best_O,CONCAT.refs,3584
confirmation-F08-4096-3000-base,best_O,LITERAL.header,944
confirmation-F08-4096-3000-base,best_O,LITERAL.payload,472
confirmation-F08-4096-3000-base,best_O,REPEAT.header,104
confirmation-F08-4096-3000-base,best_O,REPEAT.payload,104
confirmation-F08-4096-3000-base,best_O,REPEAT.refs,104
confirmation-F08-4096-3000-base,best_O,dag,8
confirmation-F08-4096-3000-base,best_O,envelope,72
confirmation-F08-4096-3000-ragged,A0,envelope,72
confirmation-F08-4096-3000-ragged,A0,raw.payload,4104
confirmation-F08-4096-3000-ragged,best_R,CONCAT.header,1064
confirmation-F08-4096-3000-ragged,best_R,CONCAT.refs,3896
confirmation-F08-4096-3000-ragged,best_R,LITERAL.header,32
confirmation-F08-4096-3000-ragged,best_R,LITERAL.payload,16
confirmation-F08-4096-3000-ragged,best_R,PATCH.header,96
confirmation-F08-4096-3000-ragged,best_R,PATCH.payload,48
confirmation-F08-4096-3000-ragged,best_R,PATCH.refs,48
confirmation-F08-4096-3000-ragged,best_R,REPEAT.header,40
confirmation-F08-4096-3000-ragged,best_R,REPEAT.payload,40
confirmation-F08-4096-3000-ragged,best_R,REPEAT.refs,40
confirmation-F08-4096-3000-ragged,best_R,XFORM.header,56
confirmation-F08-4096-3000-ragged,best_R,XFORM.payload,112
confirmation-F08-4096-3000-ragged,best_R,XFORM.refs,56
confirmation-F08-4096-3000-ragged,best_R,dag,8
confirmation-F08-4096-3000-ragged,best_R,envelope,72
confirmation-F08-4096-3000-ragged,best_O,CONCAT.header,40
confirmation-F08-4096-3000-ragged,best_O,CONCAT.refs,3584
confirmation-F08-4096-3000-ragged,best_O,LITERAL.header,944
confirmation-F08-4096-3000-ragged,best_O,LITERAL.payload,472
confirmation-F08-4096-3000-ragged,best_O,REPEAT.header,104
confirmation-F08-4096-3000-ragged,best_O,REPEAT.payload,104
confirmation-F08-4096-3000-ragged,best_O,REPEAT.refs,104
confirmation-F08-4096-3000-ragged,best_O,dag,8
confirmation-F08-4096-3000-ragged,best_O,envelope,72
confirmation-F08-4096-3001-base,A0,envelope,72
confirmation-F08-4096-3001-base,A0,raw.payload,4096
confirmation-F08-4096-3001-base,best_R,CONCAT.header,1048
confirmation-F08-4096-3001-base,best_R,CONCAT.refs,3968
confirmation-F08-4096-3001-base,best_R,LITERAL.header,16
confirmation-F08-4096-3001-base,best_R,LITERAL.payload,8
confirmation-F08-4096-3001-base,best_R,PATCH.header,96
confirmation-F08-4096-3001-base,best_R,PATCH.payload,48
confirmation-F08-4096-3001-base,best_R,PATCH.refs,48
confirmation-F08-4096-3001-base,best_R,REPEAT.header,32
confirmation-F08-4096-3001-base,best_R,REPEAT.payload,32
confirmation-F08-4096-3001-base,best_R,REPEAT.refs,32
confirmation-F08-4096-3001-base,best_R,XFORM.header,64
confirmation-F08-4096-3001-base,best_R,XFORM.payload,128
confirmation-F08-4096-3001-base,best_R,XFORM.refs,64
confirmation-F08-4096-3001-base,best_R,dag,8
confirmation-F08-4096-3001-base,best_R,envelope,72
confirmation-F08-4096-3001-base,best_O,CONCAT.header,24
confirmation-F08-4096-3001-base,best_O,CONCAT.refs,3528
confirmation-F08-4096-3001-base,best_O,LITERAL.header,1024
confirmation-F08-4096-3001-base,best_O,LITERAL.payload,512
confirmation-F08-4096-3001-base,best_O,REPEAT.header,96
confirmation-F08-4096-3001-base,best_O,REPEAT.payload,96
confirmation-F08-4096-3001-base,best_O,REPEAT.refs,96
confirmation-F08-4096-3001-base,best_O,dag,8
confirmation-F08-4096-3001-base,best_O,envelope,72
confirmation-F08-4096-3001-ragged,A0,envelope,72
confirmation-F08-4096-3001-ragged,A0,raw.payload,4104
confirmation-F08-4096-3001-ragged,best_R,CONCAT.header,1064
confirmation-F08-4096-3001-ragged,best_R,CONCAT.refs,3984
confirmation-F08-4096-3001-ragged,best_R,LITERAL.header,32
confirmation-F08-4096-3001-ragged,best_R,LITERAL.payload,16
confirmation-F08-4096-3001-ragged,best_R,PATCH.header,96
confirmation-F08-4096-3001-ragged,best_R,PATCH.payload,48
confirmation-F08-4096-3001-ragged,best_R,PATCH.refs,48
confirmation-F08-4096-3001-ragged,best_R,REPEAT.header,32
confirmation-F08-4096-3001-ragged,best_R,REPEAT.payload,32
confirmation-F08-4096-3001-ragged,best_R,REPEAT.refs,32
confirmation-F08-4096-3001-ragged,best_R,XFORM.header,64
confirmation-F08-4096-3001-ragged,best_R,XFORM.payload,128
confirmation-F08-4096-3001-ragged,best_R,XFORM.refs,64
confirmation-F08-4096-3001-ragged,best_R,dag,8
confirmation-F08-4096-3001-ragged,best_R,envelope,72
confirmation-F08-4096-3001-ragged,best_O,CONCAT.header,40
confirmation-F08-4096-3001-ragged,best_O,CONCAT.refs,3544
confirmation-F08-4096-3001-ragged,best_O,LITERAL.header,1040
confirmation-F08-4096-3001-ragged,best_O,LITERAL.payload,520
confirmation-F08-4096-3001-ragged,best_O,REPEAT.header,96
confirmation-F08-4096-3001-ragged,best_O,REPEAT.payload,96
confirmation-F08-4096-3001-ragged,best_O,REPEAT.refs,96
confirmation-F08-4096-3001-ragged,best_O,dag,8
confirmation-F08-4096-3001-ragged,best_O,envelope,72
confirmation-F09-1024-3000-base,A0,AP_UNION.header,40
confirmation-F09-1024-3000-base,A0,AP_UNION.payload,808
confirmation-F09-1024-3000-base,A0,dag,8
confirmation-F09-1024-3000-base,A0,envelope,64
confirmation-F09-1024-3000-base,best_R,CONCAT.header,16
confirmation-F09-1024-3000-base,best_R,CONCAT.refs,704
confirmation-F09-1024-3000-base,best_R,LITERAL.header,16
confirmation-F09-1024-3000-base,best_R,LITERAL.payload,8
confirmation-F09-1024-3000-base,best_R,PATCH.header,32
confirmation-F09-1024-3000-base,best_R,PATCH.payload,24
confirmation-F09-1024-3000-base,best_R,PATCH.refs,16
confirmation-F09-1024-3000-base,best_R,REPEAT.header,144
confirmation-F09-1024-3000-base,best_R,REPEAT.payload,144
confirmation-F09-1024-3000-base,best_R,REPEAT.refs,144
confirmation-F09-1024-3000-base,best_R,XFORM.header,40
confirmation-F09-1024-3000-base,best_R,XFORM.payload,80
confirmation-F09-1024-3000-base,best_R,XFORM.refs,40
confirmation-F09-1024-3000-base,best_R,dag,8
confirmation-F09-1024-3000-base,best_R,envelope,72
confirmation-F09-1024-3000-base,best_O,CONCAT.header,16
confirmation-F09-1024-3000-base,best_O,CONCAT.refs,600
confirmation-F09-1024-3000-base,best_O,LITERAL.header,304
confirmation-F09-1024-3000-base,best_O,LITERAL.payload,152
confirmation-F09-1024-3000-base,best_O,REPEAT.header,80
confirmation-F09-1024-3000-base,best_O,REPEAT.payload,80
confirmation-F09-1024-3000-base,best_O,REPEAT.refs,80
confirmation-F09-1024-3000-base,best_O,dag,8
confirmation-F09-1024-3000-base,best_O,envelope,72
confirmation-F09-1024-3000-ragged,A0,AP_UNION.header,40
confirmation-F09-1024-3000-ragged,A0,AP_UNION.payload,808
confirmation-F09-1024-3000-ragged,A0,dag,8
confirmation-F09-1024-3000-ragged,A0,envelope,64
confirmation-F09-1024-3000-ragged,best_R,CONCAT.header,32
confirmation-F09-1024-3000-ragged,best_R,CONCAT.refs,720
confirmation-F09-1024-3000-ragged,best_R,LITERAL.header,32
confirmation-F09-1024-3000-ragged,best_R,LITERAL.payload,16
confirmation-F09-1024-3000-ragged,best_R,PATCH.header,32
confirmation-F09-1024-3000-ragged,best_R,PATCH.payload,24
confirmation-F09-1024-3000-ragged,best_R,PATCH.refs,16
confirmation-F09-1024-3000-ragged,best_R,REPEAT.header,144
confirmation-F09-1024-3000-ragged,best_R,REPEAT.payload,144
confirmation-F09-1024-3000-ragged,best_R,REPEAT.refs,144
confirmation-F09-1024-3000-ragged,best_R,XFORM.header,40
confirmation-F09-1024-3000-ragged,best_R,XFORM.payload,80
confirmation-F09-1024-3000-ragged,best_R,XFORM.refs,40
confirmation-F09-1024-3000-ragged,best_R,dag,8
confirmation-F09-1024-3000-ragged,best_R,envelope,72
confirmation-F09-1024-3000-ragged,best_O,CONCAT.header,32
confirmation-F09-1024-3000-ragged,best_O,CONCAT.refs,616
confirmation-F09-1024-3000-ragged,best_O,LITERAL.header,320
confirmation-F09-1024-3000-ragged,best_O,LITERAL.payload,160
confirmation-F09-1024-3000-ragged,best_O,REPEAT.header,80
confirmation-F09-1024-3000-ragged,best_O,REPEAT.payload,80
confirmation-F09-1024-3000-ragged,best_O,REPEAT.refs,80
confirmation-F09-1024-3000-ragged,best_O,dag,8
confirmation-F09-1024-3000-ragged,best_O,envelope,72
confirmation-F09-1024-3001-base,A0,envelope,72
confirmation-F09-1024-3001-base,A0,raw.payload,1024
confirmation-F09-1024-3001-base,best_R,CONCAT.header,16
confirmation-F09-1024-3001-base,best_R,CONCAT.refs,128
confirmation-F09-1024-3001-base,best_R,LITERAL.header,256
confirmation-F09-1024-3001-base,best_R,LITERAL.payload,1024
confirmation-F09-1024-3001-base,best_R,dag,8
confirmation-F09-1024-3001-base,best_R,envelope,72
confirmation-F09-1024-3001-base,best_O,CONCAT.header,16
confirmation-F09-1024-3001-base,best_O,CONCAT.refs,128
confirmation-F09-1024-3001-base,best_O,LITERAL.header,256
confirmation-F09-1024-3001-base,best_O,LITERAL.payload,1024
confirmation-F09-1024-3001-base,best_O,dag,8
confirmation-F09-1024-3001-base,best_O,envelope,72
confirmation-F09-1024-3001-ragged,A0,envelope,72
confirmation-F09-1024-3001-ragged,A0,raw.payload,1032
confirmation-F09-1024-3001-ragged,best_R,CONCAT.header,32
confirmation-F09-1024-3001-ragged,best_R,CONCAT.refs,144
confirmation-F09-1024-3001-ragged,best_R,LITERAL.header,272
confirmation-F09-1024-3001-ragged,best_R,LITERAL.payload,1032
confirmation-F09-1024-3001-ragged,best_R,dag,8
confirmation-F09-1024-3001-ragged,best_R,envelope,72
confirmation-F09-1024-3001-ragged,best_O,CONCAT.header,32
confirmation-F09-1024-3001-ragged,best_O,CONCAT.refs,144
confirmation-F09-1024-3001-ragged,best_O,LITERAL.header,272
confirmation-F09-1024-3001-ragged,best_O,LITERAL.payload,1032
confirmation-F09-1024-3001-ragged,best_O,dag,8
confirmation-F09-1024-3001-ragged,best_O,envelope,72
confirmation-F09-4096-3000-base,A0,CONCAT.header,24
confirmation-F09-4096-3000-base,A0,CONCAT.refs,2544
confirmation-F09-4096-3000-base,A0,LITERAL.header,608
confirmation-F09-4096-3000-base,A0,LITERAL.payload,304
confirmation-F09-4096-3000-base,A0,REPEAT.header,120
confirmation-F09-4096-3000-base,A0,REPEAT.payload,120
confirmation-F09-4096-3000-base,A0,REPEAT.refs,120
confirmation-F09-4096-3000-base,A0,dag,8
confirmation-F09-4096-3000-base,A0,envelope,72
confirmation-F09-4096-3000-base,best_R,CONCAT.header,24
confirmation-F09-4096-3000-base,best_R,CONCAT.refs,3056
confirmation-F09-4096-3000-base,best_R,LITERAL.header,16
confirmation-F09-4096-3000-base,best_R,LITERAL.payload,8
confirmation-F09-4096-3000-base,best_R,PATCH.header,64
confirmation-F09-4096-3000-base,best_R,PATCH.payload,40
confirmation-F09-4096-3000-base,best_R,PATCH.refs,32
confirmation-F09-4096-3000-base,best_R,REPEAT.header,232
confirmation-F09-4096-3000-base,best_R,REPEAT.payload,232
confirmation-F09-4096-3000-base,best_R,REPEAT.refs,232
confirmation-F09-4096-3000-base,best_R,XFORM.header,56
confirmation-F09-4096-3000-base,best_R,XFORM.payload,112
confirmation-F09-4096-3000-base,best_R,XFORM.refs,56
confirmation-F09-4096-3000-base,best_R,dag,8
confirmation-F09-4096-3000-base,best_R,envelope,72
confirmation-F09-4096-3000-base,best_O,CONCAT.header,40
confirmation-F09-4096-3000-base,best_O,CONCAT.refs,2536
confirmation-F09-4096-3000-base,best_O,LITERAL.header,672
confirmation-F09-4096-3000-base,best_O,LITERAL.payload,336
confirmation-F09-4096-3000-base,best_O,REPEAT.header,120
confirmation-F09-4096-3000-base,best_O,REPEAT.payload,120
confirmation-F09-4096-3000-base,best_O,REPEAT.refs,120
confirmation-F09-4096-3000-base,best_O,dag,8
confirmation-F09-4096-3000-base,best_O,envelope,72
confirmation-F09-4096-3000-ragged,A0,CONCAT.header,24
confirmation-F09-4096-3000-ragged,A0,CONCAT.refs,2544
confirmation-F09-4096-3000-ragged,A0,LITERAL.header,608
confirmation-F09-4096-3000-ragged,A0,LITERAL.payload,304
confirmation-F09-4096-3000-ragged,A0,REPEAT.header,120
confirmation-F09-4096-3000-ragged,A0,REPEAT.payload,120
confirmation-F09-4096-3000-ragged,A0,REPEAT.refs,120
confirmation-F09-4096-3000-ragged,A0,dag,8
confirmation-F09-4096-3000-ragged,A0,envelope,72
confirmation-F09-4096-3000-ragged,best_R,CONCAT.header,40
confirmation-F09-4096-3000-ragged,best_R,CONCAT.refs,3072
confirmation-F09-4096-3000-ragged,best_R,LITERAL.header,32
confirmation-F09-4096-3000-ragged,best_R,LITERAL.payload,16
confirmation-F09-4096-3000-ragged,best_R,PATCH.header,64
confirmation-F09-4096-3000-ragged,best_R,PATCH.payload,40
confirmation-F09-4096-3000-ragged,best_R,PATCH.refs,32
confirmation-F09-4096-3000-ragged,best_R,REPEAT.header,232
confirmation-F09-4096-3000-ragged,best_R,REPEAT.payload,232
confirmation-F09-4096-3000-ragged,best_R,REPEAT.refs,232
confirmation-F09-4096-3000-ragged,best_R,XFORM.header,56
confirmation-F09-4096-3000-ragged,best_R,XFORM.payload,112
confirmation-F09-4096-3000-ragged,best_R,XFORM.refs,56
confirmation-F09-4096-3000-ragged,best_R,dag,8
confirmation-F09-4096-3000-ragged,best_R,envelope,72
confirmation-F09-4096-3000-ragged,best_O,CONCAT.header,40
confirmation-F09-4096-3000-ragged,best_O,CONCAT.refs,2536
confirmation-F09-4096-3000-ragged,best_O,LITERAL.header,688
confirmation-F09-4096-3000-ragged,best_O,LITERAL.payload,344
confirmation-F09-4096-3000-ragged,best_O,REPEAT.header,120
confirmation-F09-4096-3000-ragged,best_O,REPEAT.payload,120
confirmation-F09-4096-3000-ragged,best_O,REPEAT.refs,120
confirmation-F09-4096-3000-ragged,best_O,dag,8
confirmation-F09-4096-3000-ragged,best_O,envelope,72
confirmation-F09-4096-3001-base,A0,envelope,72
confirmation-F09-4096-3001-base,A0,raw.payload,4096
confirmation-F09-4096-3001-base,best_R,CONCAT.header,16
confirmation-F09-4096-3001-base,best_R,CONCAT.refs,512
confirmation-F09-4096-3001-base,best_R,LITERAL.header,1024
confirmation-F09-4096-3001-base,best_R,LITERAL.payload,4096
confirmation-F09-4096-3001-base,best_R,dag,8
confirmation-F09-4096-3001-base,best_R,envelope,72
confirmation-F09-4096-3001-base,best_O,CONCAT.header,16
confirmation-F09-4096-3001-base,best_O,CONCAT.refs,512
confirmation-F09-4096-3001-base,best_O,LITERAL.header,1024
confirmation-F09-4096-3001-base,best_O,LITERAL.payload,4096
confirmation-F09-4096-3001-base,best_O,dag,8
confirmation-F09-4096-3001-base,best_O,envelope,72
confirmation-F09-4096-3001-ragged,A0,envelope,72
confirmation-F09-4096-3001-ragged,A0,raw.payload,4104
confirmation-F09-4096-3001-ragged,best_R,CONCAT.header,32
confirmation-F09-4096-3001-ragged,best_R,CONCAT.refs,528
confirmation-F09-4096-3001-ragged,best_R,LITERAL.header,1040
confirmation-F09-4096-3001-ragged,best_R,LITERAL.payload,4104
confirmation-F09-4096-3001-ragged,best_R,dag,8
confirmation-F09-4096-3001-ragged,best_R,envelope,72
confirmation-F09-4096-3001-ragged,best_O,CONCAT.header,32
confirmation-F09-4096-3001-ragged,best_O,CONCAT.refs,528
confirmation-F09-4096-3001-ragged,best_O,LITERAL.header,1040
confirmation-F09-4096-3001-ragged,best_O,LITERAL.payload,4104
confirmation-F09-4096-3001-ragged,best_O,dag,8
confirmation-F09-4096-3001-ragged,best_O,envelope,72
confirmation-F10-1024-3000-base,A0,CONCAT.header,16
confirmation-F10-1024-3000-base,A0,CONCAT.refs,128
confirmation-F10-1024-3000-base,A0,LITERAL.header,32
confirmation-F10-1024-3000-base,A0,LITERAL.payload,128
confirmation-F10-1024-3000-base,A0,XFORM.header,16
confirmation-F10-1024-3000-base,A0,XFORM.payload,32
confirmation-F10-1024-3000-base,A0,XFORM.refs,16
confirmation-F10-1024-3000-base,A0,dag,8
confirmation-F10-1024-3000-base,A0,envelope,64
confirmation-F10-1024-3000-base,best_R,CONCAT.header,16
confirmation-F10-1024-3000-base,best_R,CONCAT.refs,128
confirmation-F10-1024-3000-base,best_R,LITERAL.header,32
confirmation-F10-1024-3000-base,best_R,LITERAL.payload,128
confirmation-F10-1024-3000-base,best_R,XFORM.header,16
confirmation-F10-1024-3000-base,best_R,XFORM.payload,32
confirmation-F10-1024-3000-base,best_R,XFORM.refs,16
confirmation-F10-1024-3000-base,best_R,dag,8
confirmation-F10-1024-3000-base,best_R,envelope,64
confirmation-F10-1024-3000-base,best_O,CONCAT.header,16
confirmation-F10-1024-3000-base,best_O,CONCAT.refs,256
confirmation-F10-1024-3000-base,best_O,LITERAL.header,64
confirmation-F10-1024-3000-base,best_O,LITERAL.payload,128
confirmation-F10-1024-3000-base,best_O,dag,8
confirmation-F10-1024-3000-base,best_O,envelope,64
confirmation-F10-1024-3000-ragged,A0,CONCAT.header,16
confirmation-F10-1024-3000-ragged,A0,CONCAT.refs,136
confirmation-F10-1024-3000-ragged,A0,LITERAL.header,48
confirmation-F10-1024-3000-ragged,A0,LITERAL.payload,136
confirmation-F10-1024-3000-ragged,A0,XFORM.header,16
confirmation-F10-1024-3000-ragged,A0,XFORM.payload,32
confirmation-F10-1024-3000-ragged,A0,XFORM.refs,16
confirmation-F10-1024-3000-ragged,A0,dag,8
confirmation-F10-1024-3000-ragged,A0,envelope,64
confirmation-F10-1024-3000-ragged,best_R,CONCAT.header,32
confirmation-F10-1024-3000-ragged,best_R,CONCAT.refs,144
confirmation-F10-1024-3000-ragged,best_R,LITERAL.header,48
confirmation-F10-1024-3000-ragged,best_R,LITERAL.payload,136
confirmation-F10-1024-3000-ragged,best_R,XFORM.header,16
confirmation-F10-1024-3000-ragged,best_R,XFORM.payload,32
confirmation-F10-1024-3000-ragged,best_R,XFORM.refs,16
confirmation-F10-1024-3000-ragged,best_R,dag,8
confirmation-F10-1024-3000-ragged,best_R,envelope,64
confirmation-F10-1024-3000-ragged,best_O,CONCAT.header,32
confirmation-F10-1024-3000-ragged,best_O,CONCAT.refs,272
confirmation-F10-1024-3000-ragged,best_O,LITERAL.header,80
confirmation-F10-1024-3000-ragged,best_O,LITERAL.payload,136
confirmation-F10-1024-3000-ragged,best_O,dag,8
confirmation-F10-1024-3000-ragged,best_O,envelope,64
confirmation-F10-1024-3001-base,A0,CONCAT.header,16
confirmation-F10-1024-3001-base,A0,CONCAT.refs,128
confirmation-F10-1024-3001-base,A0,LITERAL.header,32
confirmation-F10-1024-3001-base,A0,LITERAL.payload,128
confirmation-F10-1024-3001-base,A0,XFORM.header,16
confirmation-F10-1024-3001-base,A0,XFORM.payload,32
confirmation-F10-1024-3001-base,A0,XFORM.refs,16
confirmation-F10-1024-3001-base,A0,dag,8
confirmation-F10-1024-3001-base,A0,envelope,64
confirmation-F10-1024-3001-base,best_R,CONCAT.header,16
confirmation-F10-1024-3001-base,best_R,CONCAT.refs,128
confirmation-F10-1024-3001-base,best_R,LITERAL.header,32
confirmation-F10-1024-3001-base,best_R,LITERAL.payload,128
confirmation-F10-1024-3001-base,best_R,XFORM.header,16
confirmation-F10-1024-3001-base,best_R,XFORM.payload,32
confirmation-F10-1024-3001-base,best_R,XFORM.refs,16
confirmation-F10-1024-3001-base,best_R,dag,8
confirmation-F10-1024-3001-base,best_R,envelope,64
confirmation-F10-1024-3001-base,best_O,CONCAT.header,16
confirmation-F10-1024-3001-base,best_O,CONCAT.refs,256
confirmation-F10-1024-3001-base,best_O,LITERAL.header,64
confirmation-F10-1024-3001-base,best_O,LITERAL.payload,128
confirmation-F10-1024-3001-base,best_O,dag,8
confirmation-F10-1024-3001-base,best_O,envelope,64
confirmation-F10-1024-3001-ragged,A0,CONCAT.header,16
confirmation-F10-1024-3001-ragged,A0,CONCAT.refs,136
confirmation-F10-1024-3001-ragged,A0,LITERAL.header,48
confirmation-F10-1024-3001-ragged,A0,LITERAL.payload,136
confirmation-F10-1024-3001-ragged,A0,XFORM.header,16
confirmation-F10-1024-3001-ragged,A0,XFORM.payload,32
confirmation-F10-1024-3001-ragged,A0,XFORM.refs,16
confirmation-F10-1024-3001-ragged,A0,dag,8
confirmation-F10-1024-3001-ragged,A0,envelope,64
confirmation-F10-1024-3001-ragged,best_R,CONCAT.header,32
confirmation-F10-1024-3001-ragged,best_R,CONCAT.refs,144
confirmation-F10-1024-3001-ragged,best_R,LITERAL.header,48
confirmation-F10-1024-3001-ragged,best_R,LITERAL.payload,136
confirmation-F10-1024-3001-ragged,best_R,XFORM.header,16
confirmation-F10-1024-3001-ragged,best_R,XFORM.payload,32
confirmation-F10-1024-3001-ragged,best_R,XFORM.refs,16
confirmation-F10-1024-3001-ragged,best_R,dag,8
confirmation-F10-1024-3001-ragged,best_R,envelope,64
confirmation-F10-1024-3001-ragged,best_O,CONCAT.header,32
confirmation-F10-1024-3001-ragged,best_O,CONCAT.refs,272
confirmation-F10-1024-3001-ragged,best_O,LITERAL.header,80
confirmation-F10-1024-3001-ragged,best_O,LITERAL.payload,136
confirmation-F10-1024-3001-ragged,best_O,dag,8
confirmation-F10-1024-3001-ragged,best_O,envelope,64
confirmation-F10-4096-3000-base,A0,CONCAT.header,176
confirmation-F10-4096-3000-base,A0,CONCAT.refs,224
confirmation-F10-4096-3000-base,A0,LITERAL.header,32
confirmation-F10-4096-3000-base,A0,LITERAL.payload,128
confirmation-F10-4096-3000-base,A0,XFORM.header,16
confirmation-F10-4096-3000-base,A0,XFORM.payload,32
confirmation-F10-4096-3000-base,A0,XFORM.refs,16
confirmation-F10-4096-3000-base,A0,dag,8
confirmation-F10-4096-3000-base,A0,envelope,64
confirmation-F10-4096-3000-base,best_R,CONCAT.header,176
confirmation-F10-4096-3000-base,best_R,CONCAT.refs,224
confirmation-F10-4096-3000-base,best_R,LITERAL.header,32
confirmation-F10-4096-3000-base,best_R,LITERAL.payload,128
confirmation-F10-4096-3000-base,best_R,XFORM.header,16
confirmation-F10-4096-3000-base,best_R,XFORM.payload,32
confirmation-F10-4096-3000-base,best_R,XFORM.refs,16
confirmation-F10-4096-3000-base,best_R,dag,8
confirmation-F10-4096-3000-base,best_R,envelope,64
confirmation-F10-4096-3000-base,best_O,CONCAT.header,176
confirmation-F10-4096-3000-base,best_O,CONCAT.refs,224
confirmation-F10-4096-3000-base,best_O,LITERAL.header,64
confirmation-F10-4096-3000-base,best_O,LITERAL.payload,256
confirmation-F10-4096-3000-base,best_O,dag,8
confirmation-F10-4096-3000-base,best_O,envelope,64
confirmation-F10-4096-3000-ragged,A0,CONCAT.header,176
confirmation-F10-4096-3000-ragged,A0,CONCAT.refs,232
confirmation-F10-4096-3000-ragged,A0,LITERAL.header,48
confirmation-F10-4096-3000-ragged,A0,LITERAL.payload,136
confirmation-F10-4096-3000-ragged,A0,XFORM.header,16
confirmation-F10-4096-3000-ragged,A0,XFORM.payload,32
confirmation-F10-4096-3000-ragged,A0,XFORM.refs,16
confirmation-F10-4096-3000-ragged,A0,dag,8
confirmation-F10-4096-3000-ragged,A0,envelope,64
confirmation-F10-4096-3000-ragged,best_R,CONCAT.header,192
confirmation-F10-4096-3000-ragged,best_R,CONCAT.refs,240
confirmation-F10-4096-3000-ragged,best_R,LITERAL.header,48
confirmation-F10-4096-3000-ragged,best_R,LITERAL.payload,136
confirmation-F10-4096-3000-ragged,best_R,XFORM.header,16
confirmation-F10-4096-3000-ragged,best_R,XFORM.payload,32
confirmation-F10-4096-3000-ragged,best_R,XFORM.refs,16
confirmation-F10-4096-3000-ragged,best_R,dag,8
confirmation-F10-4096-3000-ragged,best_R,envelope,64
confirmation-F10-4096-3000-ragged,best_O,CONCAT.header,192
confirmation-F10-4096-3000-ragged,best_O,CONCAT.refs,240
confirmation-F10-4096-3000-ragged,best_O,LITERAL.header,80
confirmation-F10-4096-3000-ragged,best_O,LITERAL.payload,264
confirmation-F10-4096-3000-ragged,best_O,dag,8
confirmation-F10-4096-3000-ragged,best_O,envelope,64
confirmation-F10-4096-3001-base,A0,CONCAT.header,176
confirmation-F10-4096-3001-base,A0,CONCAT.refs,216
confirmation-F10-4096-3001-base,A0,LITERAL.header,32
confirmation-F10-4096-3001-base,A0,LITERAL.payload,128
confirmation-F10-4096-3001-base,A0,XFORM.header,16
confirmation-F10-4096-3001-base,A0,XFORM.payload,32
confirmation-F10-4096-3001-base,A0,XFORM.refs,16
confirmation-F10-4096-3001-base,A0,dag,8
confirmation-F10-4096-3001-base,A0,envelope,64
confirmation-F10-4096-3001-base,best_R,CONCAT.header,176
confirmation-F10-4096-3001-base,best_R,CONCAT.refs,216
confirmation-F10-4096-3001-base,best_R,LITERAL.header,32
confirmation-F10-4096-3001-base,best_R,LITERAL.payload,128
confirmation-F10-4096-3001-base,best_R,XFORM.header,16
confirmation-F10-4096-3001-base,best_R,XFORM.payload,32
confirmation-F10-4096-3001-base,best_R,XFORM.refs,16
confirmation-F10-4096-3001-base,best_R,dag,8
confirmation-F10-4096-3001-base,best_R,envelope,64
confirmation-F10-4096-3001-base,best_O,CONCAT.header,224
confirmation-F10-4096-3001-base,best_O,CONCAT.refs,272
confirmation-F10-4096-3001-base,best_O,LITERAL.header,64
confirmation-F10-4096-3001-base,best_O,LITERAL.payload,128
confirmation-F10-4096-3001-base,best_O,dag,8
confirmation-F10-4096-3001-base,best_O,envelope,64
confirmation-F10-4096-3001-ragged,A0,CONCAT.header,176
confirmation-F10-4096-3001-ragged,A0,CONCAT.refs,224
confirmation-F10-4096-3001-ragged,A0,LITERAL.header,48
confirmation-F10-4096-3001-ragged,A0,LITERAL.payload,136
confirmation-F10-4096-3001-ragged,A0,XFORM.header,16
confirmation-F10-4096-3001-ragged,A0,XFORM.payload,32
confirmation-F10-4096-3001-ragged,A0,XFORM.refs,16
confirmation-F10-4096-3001-ragged,A0,dag,8
confirmation-F10-4096-3001-ragged,A0,envelope,64
confirmation-F10-4096-3001-ragged,best_R,CONCAT.header,192
confirmation-F10-4096-3001-ragged,best_R,CONCAT.refs,232
confirmation-F10-4096-3001-ragged,best_R,LITERAL.header,48
confirmation-F10-4096-3001-ragged,best_R,LITERAL.payload,136
confirmation-F10-4096-3001-ragged,best_R,XFORM.header,16
confirmation-F10-4096-3001-ragged,best_R,XFORM.payload,32
confirmation-F10-4096-3001-ragged,best_R,XFORM.refs,16
confirmation-F10-4096-3001-ragged,best_R,dag,8
confirmation-F10-4096-3001-ragged,best_R,envelope,64
confirmation-F10-4096-3001-ragged,best_O,CONCAT.header,240
confirmation-F10-4096-3001-ragged,best_O,CONCAT.refs,288
confirmation-F10-4096-3001-ragged,best_O,LITERAL.header,80
confirmation-F10-4096-3001-ragged,best_O,LITERAL.payload,136
confirmation-F10-4096-3001-ragged,best_O,dag,8
confirmation-F10-4096-3001-ragged,best_O,envelope,64
confirmation-F11-1024-3000-base,A0,envelope,72
confirmation-F11-1024-3000-base,A0,raw.payload,1024
confirmation-F11-1024-3000-base,best_R,CONCAT.header,16
confirmation-F11-1024-3000-base,best_R,CONCAT.refs,128
confirmation-F11-1024-3000-base,best_R,LITERAL.header,256
confirmation-F11-1024-3000-base,best_R,LITERAL.payload,1024
confirmation-F11-1024-3000-base,best_R,dag,8
confirmation-F11-1024-3000-base,best_R,envelope,72
confirmation-F11-1024-3000-base,best_O,CONCAT.header,16
confirmation-F11-1024-3000-base,best_O,CONCAT.refs,128
confirmation-F11-1024-3000-base,best_O,LITERAL.header,256
confirmation-F11-1024-3000-base,best_O,LITERAL.payload,1024
confirmation-F11-1024-3000-base,best_O,dag,8
confirmation-F11-1024-3000-base,best_O,envelope,72
confirmation-F11-1024-3000-ragged,A0,envelope,72
confirmation-F11-1024-3000-ragged,A0,raw.payload,1032
confirmation-F11-1024-3000-ragged,best_R,CONCAT.header,32
confirmation-F11-1024-3000-ragged,best_R,CONCAT.refs,144
confirmation-F11-1024-3000-ragged,best_R,LITERAL.header,272
confirmation-F11-1024-3000-ragged,best_R,LITERAL.payload,1032
confirmation-F11-1024-3000-ragged,best_R,dag,8
confirmation-F11-1024-3000-ragged,best_R,envelope,72
confirmation-F11-1024-3000-ragged,best_O,CONCAT.header,32
confirmation-F11-1024-3000-ragged,best_O,CONCAT.refs,144
confirmation-F11-1024-3000-ragged,best_O,LITERAL.header,272
confirmation-F11-1024-3000-ragged,best_O,LITERAL.payload,1032
confirmation-F11-1024-3000-ragged,best_O,dag,8
confirmation-F11-1024-3000-ragged,best_O,envelope,72
confirmation-F11-1024-3001-base,A0,envelope,72
confirmation-F11-1024-3001-base,A0,raw.payload,1024
confirmation-F11-1024-3001-base,best_R,CONCAT.header,16
confirmation-F11-1024-3001-base,best_R,CONCAT.refs,128
confirmation-F11-1024-3001-base,best_R,LITERAL.header,256
confirmation-F11-1024-3001-base,best_R,LITERAL.payload,1024
confirmation-F11-1024-3001-base,best_R,dag,8
confirmation-F11-1024-3001-base,best_R,envelope,72
confirmation-F11-1024-3001-base,best_O,CONCAT.header,16
confirmation-F11-1024-3001-base,best_O,CONCAT.refs,128
confirmation-F11-1024-3001-base,best_O,LITERAL.header,256
confirmation-F11-1024-3001-base,best_O,LITERAL.payload,1024
confirmation-F11-1024-3001-base,best_O,dag,8
confirmation-F11-1024-3001-base,best_O,envelope,72
confirmation-F11-1024-3001-ragged,A0,envelope,72
confirmation-F11-1024-3001-ragged,A0,raw.payload,1032
confirmation-F11-1024-3001-ragged,best_R,CONCAT.header,32
confirmation-F11-1024-3001-ragged,best_R,CONCAT.refs,144
confirmation-F11-1024-3001-ragged,best_R,LITERAL.header,272
confirmation-F11-1024-3001-ragged,best_R,LITERAL.payload,1032
confirmation-F11-1024-3001-ragged,best_R,dag,8
confirmation-F11-1024-3001-ragged,best_R,envelope,72
confirmation-F11-1024-3001-ragged,best_O,CONCAT.header,32
confirmation-F11-1024-3001-ragged,best_O,CONCAT.refs,144
confirmation-F11-1024-3001-ragged,best_O,LITERAL.header,272
confirmation-F11-1024-3001-ragged,best_O,LITERAL.payload,1032
confirmation-F11-1024-3001-ragged,best_O,dag,8
confirmation-F11-1024-3001-ragged,best_O,envelope,72
confirmation-F11-4096-3000-base,A0,envelope,72
confirmation-F11-4096-3000-base,A0,raw.payload,4096
confirmation-F11-4096-3000-base,best_R,CONCAT.header,16
confirmation-F11-4096-3000-base,best_R,CONCAT.refs,512
confirmation-F11-4096-3000-base,best_R,LITERAL.header,1024
confirmation-F11-4096-3000-base,best_R,LITERAL.payload,4096
confirmation-F11-4096-3000-base,best_R,dag,8
confirmation-F11-4096-3000-base,best_R,envelope,72
confirmation-F11-4096-3000-base,best_O,CONCAT.header,16
confirmation-F11-4096-3000-base,best_O,CONCAT.refs,512
confirmation-F11-4096-3000-base,best_O,LITERAL.header,1024
confirmation-F11-4096-3000-base,best_O,LITERAL.payload,4096
confirmation-F11-4096-3000-base,best_O,dag,8
confirmation-F11-4096-3000-base,best_O,envelope,72
confirmation-F11-4096-3000-ragged,A0,envelope,72
confirmation-F11-4096-3000-ragged,A0,raw.payload,4104
confirmation-F11-4096-3000-ragged,best_R,CONCAT.header,32
confirmation-F11-4096-3000-ragged,best_R,CONCAT.refs,528
confirmation-F11-4096-3000-ragged,best_R,LITERAL.header,1040
confirmation-F11-4096-3000-ragged,best_R,LITERAL.payload,4104
confirmation-F11-4096-3000-ragged,best_R,dag,8
confirmation-F11-4096-3000-ragged,best_R,envelope,72
confirmation-F11-4096-3000-ragged,best_O,CONCAT.header,32
confirmation-F11-4096-3000-ragged,best_O,CONCAT.refs,528
confirmation-F11-4096-3000-ragged,best_O,LITERAL.header,1040
confirmation-F11-4096-3000-ragged,best_O,LITERAL.payload,4104
confirmation-F11-4096-3000-ragged,best_O,dag,8
confirmation-F11-4096-3000-ragged,best_O,envelope,72
confirmation-F11-4096-3001-base,A0,envelope,72
confirmation-F11-4096-3001-base,A0,raw.payload,4096
confirmation-F11-4096-3001-base,best_R,CONCAT.header,16
confirmation-F11-4096-3001-base,best_R,CONCAT.refs,512
confirmation-F11-4096-3001-base,best_R,LITERAL.header,1024
confirmation-F11-4096-3001-base,best_R,LITERAL.payload,4096
confirmation-F11-4096-3001-base,best_R,dag,8
confirmation-F11-4096-3001-base,best_R,envelope,72
confirmation-F11-4096-3001-base,best_O,CONCAT.header,16
confirmation-F11-4096-3001-base,best_O,CONCAT.refs,512
confirmation-F11-4096-3001-base,best_O,LITERAL.header,1024
confirmation-F11-4096-3001-base,best_O,LITERAL.payload,4096
confirmation-F11-4096-3001-base,best_O,dag,8
confirmation-F11-4096-3001-base,best_O,envelope,72
confirmation-F11-4096-3001-ragged,A0,envelope,72
confirmation-F11-4096-3001-ragged,A0,raw.payload,4104
confirmation-F11-4096-3001-ragged,best_R,CONCAT.header,32
confirmation-F11-4096-3001-ragged,best_R,CONCAT.refs,528
confirmation-F11-4096-3001-ragged,best_R,LITERAL.header,1040
confirmation-F11-4096-3001-ragged,best_R,LITERAL.payload,4104
confirmation-F11-4096-3001-ragged,best_R,dag,8
confirmation-F11-4096-3001-ragged,best_R,envelope,72
confirmation-F11-4096-3001-ragged,best_O,CONCAT.header,32
confirmation-F11-4096-3001-ragged,best_O,CONCAT.refs,528
confirmation-F11-4096-3001-ragged,best_O,LITERAL.header,1040
confirmation-F11-4096-3001-ragged,best_O,LITERAL.payload,4104
confirmation-F11-4096-3001-ragged,best_O,dag,8
confirmation-F11-4096-3001-ragged,best_O,envelope,72
confirmation-F12-1024-3000-base,A0,CONCAT.header,32
confirmation-F12-1024-3000-base,A0,CONCAT.refs,48
confirmation-F12-1024-3000-base,A0,LITERAL.header,88
confirmation-F12-1024-3000-base,A0,LITERAL.payload,616
confirmation-F12-1024-3000-base,A0,REPEAT.header,24
confirmation-F12-1024-3000-base,A0,REPEAT.payload,24
confirmation-F12-1024-3000-base,A0,REPEAT.refs,24
confirmation-F12-1024-3000-base,A0,dag,8
confirmation-F12-1024-3000-base,A0,envelope,64
confirmation-F12-1024-3000-base,best_R,CONCAT.header,16
confirmation-F12-1024-3000-base,best_R,CONCAT.refs,128
confirmation-F12-1024-3000-base,best_R,LITERAL.header,224
confirmation-F12-1024-3000-base,best_R,LITERAL.payload,896
confirmation-F12-1024-3000-base,best_R,PATCH.header,16
confirmation-F12-1024-3000-base,best_R,PATCH.payload,64
confirmation-F12-1024-3000-base,best_R,PATCH.refs,8
confirmation-F12-1024-3000-base,best_R,XFORM.header,8
confirmation-F12-1024-3000-base,best_R,XFORM.payload,16
confirmation-F12-1024-3000-base,best_R,XFORM.refs,8
confirmation-F12-1024-3000-base,best_R,dag,8
confirmation-F12-1024-3000-base,best_R,envelope,72
confirmation-F12-1024-3000-base,best_O,CONCAT.header,16
confirmation-F12-1024-3000-base,best_O,CONCAT.refs,128
confirmation-F12-1024-3000-base,best_O,LITERAL.header,240
confirmation-F12-1024-3000-base,best_O,LITERAL.payload,960
confirmation-F12-1024-3000-base,best_O,dag,8
confirmation-F12-1024-3000-base,best_O,envelope,72
confirmation-F12-1024-3000-ragged,A0,CONCAT.header,32
confirmation-F12-1024-3000-ragged,A0,CONCAT.refs,40
confirmation-F12-1024-3000-ragged,A0,LITERAL.header,72
confirmation-F12-1024-3000-ragged,A0,LITERAL.payload,712
confirmation-F12-1024-3000-ragged,A0,REPEAT.header,16
confirmation-F12-1024-3000-ragged,A0,REPEAT.payload,16
confirmation-F12-1024-3000-ragged,A0,REPEAT.refs,16
confirmation-F12-1024-3000-ragged,A0,dag,8
confirmation-F12-1024-3000-ragged,A0,envelope,64
confirmation-F12-1024-3000-ragged,best_R,CONCAT.header,32
confirmation-F12-1024-3000-ragged,best_R,CONCAT.refs,144
confirmation-F12-1024-3000-ragged,best_R,LITERAL.header,240
confirmation-F12-1024-3000-ragged,best_R,LITERAL.payload,904
confirmation-F12-1024-3000-ragged,best_R,PATCH.header,16
confirmation-F12-1024-3000-ragged,best_R,PATCH.payload,64
confirmation-F12-1024-3000-ragged,best_R,PATCH.refs,8
confirmation-F12-1024-3000-ragged,best_R,XFORM.header,8
confirmation-F12-1024-3000-ragged,best_R,XFORM.payload,16
confirmation-F12-1024-3000-ragged,best_R,XFORM.refs,8
confirmation-F12-1024-3000-ragged,best_R,dag,8
confirmation-F12-1024-3000-ragged,best_R,envelope,72
confirmation-F12-1024-3000-ragged,best_O,CONCAT.header,32
confirmation-F12-1024-3000-ragged,best_O,CONCAT.refs,144
confirmation-F12-1024-3000-ragged,best_O,LITERAL.header,256
confirmation-F12-1024-3000-ragged,best_O,LITERAL.payload,968
confirmation-F12-1024-3000-ragged,best_O,dag,8
confirmation-F12-1024-3000-ragged,best_O,envelope,72
confirmation-F12-1024-3001-base,A0,CONCAT.header,16
confirmation-F12-1024-3001-base,A0,CONCAT.refs,24
confirmation-F12-1024-3001-base,A0,LITERAL.header,56
confirmation-F12-1024-3001-base,A0,LITERAL.payload,728
confirmation-F12-1024-3001-base,A0,REPEAT.header,16
confirmation-F12-1024-3001-base,A0,REPEAT.payload,16
confirmation-F12-1024-3001-base,A0,REPEAT.refs,16
confirmation-F12-1024-3001-base,A0,dag,8
confirmation-F12-1024-3001-base,A0,envelope,64
confirmation-F12-1024-3001-base,best_R,CONCAT.header,16
confirmation-F12-1024-3001-base,best_R,CONCAT.refs,128
confirmation-F12-1024-3001-base,best_R,LITERAL.header,240
confirmation-F12-1024-3001-base,best_R,LITERAL.payload,960
confirmation-F12-1024-3001-base,best_R,dag,8
confirmation-F12-1024-3001-base,best_R,envelope,72
confirmation-F12-1024-3001-base,best_O,CONCAT.header,16
confirmation-F12-1024-3001-base,best_O,CONCAT.refs,128
confirmation-F12-1024-3001-base,best_O,LITERAL.header,240
confirmation-F12-1024-3001-base,best_O,LITERAL.payload,960
confirmation-F12-1024-3001-base,best_O,dag,8
confirmation-F12-1024-3001-base,best_O,envelope,72
confirmation-F12-1024-3001-ragged,A0,CONCAT.header,32
confirmation-F12-1024-3001-ragged,A0,CONCAT.refs,40
confirmation-F12-1024-3001-ragged,A0,LITERAL.header,72
confirmation-F12-1024-3001-ragged,A0,LITERAL.payload,712
confirmation-F12-1024-3001-ragged,A0,REPEAT.header,16
confirmation-F12-1024-3001-ragged,A0,REPEAT.payload,16
confirmation-F12-1024-3001-ragged,A0,REPEAT.refs,16
confirmation-F12-1024-3001-ragged,A0,dag,8
confirmation-F12-1024-3001-ragged,A0,envelope,64
confirmation-F12-1024-3001-ragged,best_R,CONCAT.header,32
confirmation-F12-1024-3001-ragged,best_R,CONCAT.refs,144
confirmation-F12-1024-3001-ragged,best_R,LITERAL.header,256
confirmation-F12-1024-3001-ragged,best_R,LITERAL.payload,968
confirmation-F12-1024-3001-ragged,best_R,dag,8
confirmation-F12-1024-3001-ragged,best_R,envelope,72
confirmation-F12-1024-3001-ragged,best_O,CONCAT.header,32
confirmation-F12-1024-3001-ragged,best_O,CONCAT.refs,144
confirmation-F12-1024-3001-ragged,best_O,LITERAL.header,256
confirmation-F12-1024-3001-ragged,best_O,LITERAL.payload,968
confirmation-F12-1024-3001-ragged,best_O,dag,8
confirmation-F12-1024-3001-ragged,best_O,envelope,72
confirmation-F12-4096-3000-base,A0,CONCAT.header,32
confirmation-F12-4096-3000-base,A0,CONCAT.refs,48
confirmation-F12-4096-3000-base,A0,LITERAL.header,88
confirmation-F12-4096-3000-base,A0,LITERAL.payload,2064
confirmation-F12-4096-3000-base,A0,REPEAT.header,24
confirmation-F12-4096-3000-base,A0,REPEAT.payload,24
confirmation-F12-4096-3000-base,A0,REPEAT.refs,24
confirmation-F12-4096-3000-base,A0,dag,8
confirmation-F12-4096-3000-base,A0,envelope,72
confirmation-F12-4096-3000-base,best_R,CONCAT.header,16
confirmation-F12-4096-3000-base,best_R,CONCAT.refs,512
confirmation-F12-4096-3000-base,best_R,LITERAL.header,832
confirmation-F12-4096-3000-base,best_R,LITERAL.payload,3328
confirmation-F12-4096-3000-base,best_R,PATCH.header,32
confirmation-F12-4096-3000-base,best_R,PATCH.payload,88
confirmation-F12-4096-3000-base,best_R,PATCH.refs,16
confirmation-F12-4096-3000-base,best_R,XFORM.header,8
confirmation-F12-4096-3000-base,best_R,XFORM.payload,16
confirmation-F12-4096-3000-base,best_R,XFORM.refs,8
confirmation-F12-4096-3000-base,best_R,dag,8
confirmation-F12-4096-3000-base,best_R,envelope,72
confirmation-F12-4096-3000-base,best_O,CONCAT.header,1048
confirmation-F12-4096-3000-base,best_O,CONCAT.refs,3176
confirmation-F12-4096-3000-base,best_O,LITERAL.header,256
confirmation-F12-4096-3000-base,best_O,LITERAL.payload,128
confirmation-F12-4096-3000-base,best_O,REPEAT.header,80
confirmation-F12-4096-3000-base,best_O,REPEAT.payload,80
confirmation-F12-4096-3000-base,best_O,REPEAT.refs,80
confirmation-F12-4096-3000-base,best_O,dag,8
confirmation-F12-4096-3000-base,best_O,envelope,72
confirmation-F12-4096-3000-ragged,A0,CONCAT.header,16
confirmation-F12-4096-3000-ragged,A0,CONCAT.refs,32
confirmation-F12-4096-3000-ragged,A0,LITERAL.header,72
confirmation-F12-4096-3000-ragged,A0,LITERAL.payload,2024
confirmation-F12-4096-3000-ragged,A0,REPEAT.header,24
confirmation-F12-4096-3000-ragged,A0,REPEAT.payload,24
confirmation-F12-4096-3000-ragged,A0,REPEAT.refs,24
confirmation-F12-4096-3000-ragged,A0,dag,8
confirmation-F12-4096-3000-ragged,A0,envelope,72
confirmation-F12-4096-3000-ragged,best_R,CONCAT.header,32
confirmation-F12-4096-3000-ragged,best_R,CONCAT.refs,528
confirmation-F12-4096-3000-ragged,best_R,LITERAL.header,848
confirmation-F12-4096-3000-ragged,best_R,LITERAL.payload,3336
confirmation-F12-4096-3000-ragged,best_R,PATCH.header,32
confirmation-F12-4096-3000-ragged,best_R,PATCH.payload,88
confirmation-F12-4096-3000-ragged,best_R,PATCH.refs,16
confirmation-F12-4096-3000-ragged,best_R,XFORM.header,8
confirmation-F12-4096-3000-ragged,best_R,XFORM.payload,16
confirmation-F12-4096-3000-ragged,best_R,XFORM.refs,8
confirmation-F12-4096-3000-ragged,best_R,dag,8
confirmation-F12-4096-3000-ragged,best_R,envelope,72
confirmation-F12-4096-3000-ragged,best_O,CONCAT.header,1064
confirmation-F12-4096-3000-ragged,best_O,CONCAT.refs,3184
confirmation-F12-4096-3000-ragged,best_O,LITERAL.header,288
confirmation-F12-4096-3000-ragged,best_O,LITERAL.payload,144
confirmation-F12-4096-3000-ragged,best_O,REPEAT.header,64
confirmation-F12-4096-3000-ragged,best_O,REPEAT.payload,64
confirmation-F12-4096-3000-ragged,best_O,REPEAT.refs,64
confirmation-F12-4096-3000-ragged,best_O,dag,8
confirmation-F12-4096-3000-ragged,best_O,envelope,72
confirmation-F12-4096-3001-base,A0,CONCAT.header,32
confirmation-F12-4096-3001-base,A0,CONCAT.refs,48
confirmation-F12-4096-3001-base,A0,LITERAL.header,72
confirmation-F12-4096-3001-base,A0,LITERAL.payload,2024
confirmation-F12-4096-3001-base,A0,REPEAT.header,24
confirmation-F12-4096-3001-base,A0,REPEAT.payload,24
confirmation-F12-4096-3001-base,A0,REPEAT.refs,24
confirmation-F12-4096-3001-base,A0,dag,8
confirmation-F12-4096-3001-base,A0,envelope,72
confirmation-F12-4096-3001-base,best_R,CONCAT.header,1048
confirmation-F12-4096-3001-base,best_R,CONCAT.refs,3216
confirmation-F12-4096-3001-base,best_R,LITERAL.header,16
confirmation-F12-4096-3001-base,best_R,LITERAL.payload,8
confirmation-F12-4096-3001-base,best_R,PATCH.header,96
confirmation-F12-4096-3001-base,best_R,PATCH.payload,48
confirmation-F12-4096-3001-base,best_R,PATCH.refs,48
confirmation-F12-4096-3001-base,best_R,REPEAT.header,88
confirmation-F12-4096-3001-base,best_R,REPEAT.payload,88
confirmation-F12-4096-3001-base,best_R,REPEAT.refs,88
confirmation-F12-4096-3001-base,best_R,XFORM.header,80
confirmation-F12-4096-3001-base,best_R,XFORM.payload,160
confirmation-F12-4096-3001-base,best_R,XFORM.refs,80
confirmation-F12-4096-3001-base,best_R,dag,8
confirmation-F12-4096-3001-base,best_R,envelope,72
confirmation-F12-4096-3001-base,best_O,CONCAT.header,16
confirmation-F12-4096-3001-base,best_O,CONCAT.refs,512
confirmation-F12-4096-3001-base,best_O,LITERAL.header,864
confirmation-F12-4096-3001-base,best_O,LITERAL.payload,3456
confirmation-F12-4096-3001-base,best_O,dag,8
confirmation-F12-4096-3001-base,best_O,envelope,72
confirmation-F12-4096-3001-ragged,A0,CONCAT.header,16
confirmation-F12-4096-3001-ragged,A0,CONCAT.refs,32
confirmation-F12-4096-3001-ragged,A0,LITERAL.header,72
confirmation-F12-4096-3001-ragged,A0,LITERAL.payload,2024
confirmation-F12-4096-3001-ragged,A0,REPEAT.header,24
confirmation-F12-4096-3001-ragged,A0,REPEAT.payload,24
confirmation-F12-4096-3001-ragged,A0,REPEAT.refs,24
confirmation-F12-4096-3001-ragged,A0,dag,8
confirmation-F12-4096-3001-ragged,A0,envelope,72
confirmation-F12-4096-3001-ragged,best_R,CONCAT.header,1064
confirmation-F12-4096-3001-ragged,best_R,CONCAT.refs,3232
confirmation-F12-4096-3001-ragged,best_R,LITERAL.header,32
confirmation-F12-4096-3001-ragged,best_R,LITERAL.payload,16
confirmation-F12-4096-3001-ragged,best_R,PATCH.header,96
confirmation-F12-4096-3001-ragged,best_R,PATCH.payload,48
confirmation-F12-4096-3001-ragged,best_R,PATCH.refs,48
confirmation-F12-4096-3001-ragged,best_R,REPEAT.header,88
confirmation-F12-4096-3001-ragged,best_R,REPEAT.payload,88
confirmation-F12-4096-3001-ragged,best_R,REPEAT.refs,88
confirmation-F12-4096-3001-ragged,best_R,XFORM.header,80
confirmation-F12-4096-3001-ragged,best_R,XFORM.payload,160
confirmation-F12-4096-3001-ragged,best_R,XFORM.refs,80
confirmation-F12-4096-3001-ragged,best_R,dag,8
confirmation-F12-4096-3001-ragged,best_R,envelope,72
confirmation-F12-4096-3001-ragged,best_O,CONCAT.header,32
confirmation-F12-4096-3001-ragged,best_O,CONCAT.refs,528
confirmation-F12-4096-3001-ragged,best_O,LITERAL.header,880
confirmation-F12-4096-3001-ragged,best_O,LITERAL.payload,3464
confirmation-F12-4096-3001-ragged,best_O,dag,8
confirmation-F12-4096-3001-ragged,best_O,envelope,72
