{
    "rho": -0.29026342555590967,
    "pval": 0.4158951244528509,
    "spearman_rho": -0.17575757575757575,
    "spearman_pval": 0.6271883447764844,
    "mi_bits": 0.0,
    "mi_interpretation": "No Dependency"
}