{
    "rho": -0.16789004352535233,
    "pval": 0.6429185969871238,
    "mi_bits": 0.0,
    "mi_interpretation": "No Dependency"
}