Lineage,N_DepMap_Models,N_Nodes_Used,Pearson_r,Pearson_p,Spearman_rho,Spearman_p,MI_bits,MI_interpretation
Breast,96,10,-0.33170449740814545,0.3491005529291632,-0.24848484848484845,0.4887763045192432,0.0,No Dependency
Lung,260,10,-0.4534187838766108,0.1881380368505205,-0.5757575757575757,0.08155281477260247,0.0,No Dependency
Bowel,99,10,-0.530730051580461,0.1144833696577214,-0.5272727272727272,0.11730806555020232,0.0,No Dependency
Prostate,15,10,-0.28376528276279034,0.42687826754055824,-0.29696969696969694,0.40470167127015694,0.0,No Dependency
Kidney,73,10,-0.34241976418947756,0.3327768964579928,-0.2727272727272727,0.4458383415427514,0.01717494096296443,No Dependency
Head and Neck,95,10,-0.37622346456825345,0.28394076890020753,-0.406060606060606,0.24428229408662652,0.0,No Dependency
Thyroid,25,10,-0.3030667545310701,0.3946514830329824,-0.33333333333333326,0.3465935070873344,0.0,No Dependency
Liver,29,10,-0.382408146279677,0.27545156385755737,-0.2121212121212121,0.5563057751029298,0.0,No Dependency
