Gene,Mean_Delta_D,Dependency
EGF,-0.0006663009886320737,0.1072329370348195
EGFR,0.9025498481064715,-2.0
GRB2,2.6850484227792024,-2.0
SOS,2.4676711873999215,-0.0294996345694675
Ras,2.5434274361237645,-2.397934004211706
Raf,1.9875301947454846,-0.4099923959129751
MEK,1.2089755164256506,-2.0
ERK,-1.2231004485775987,-2.0
PI3K,-1.6881676461750423,2.501186834293302
AKT,-1.8328817931758383,-3.165866889854491
