{
    "rho": -0.33170449740814545,
    "pval": 0.3491005529291632,
    "spearman_rho": -0.24848484848484845,
    "spearman_pval": 0.4887763045192432,
    "mi_bits": 0.0,
    "mi_interpretation": "No Dependency"
}