{
  "protocol": {
    "input": "4ClaudeCode/claude-Nature/paper/figures/results_summary.csv",
    "null_model": "degree_preserved",
    "axes": [
      "size_filter",
      "leave_one_source_out",
      "density_trim"
    ],
    "tolerances": {
      "gate_a_mean_z_min": 0.5,
      "gate_a_frac_z_gt_0_min": 0.6,
      "gate_a_frac_p_le_0_05_min": 0.15
    }
  },
  "baseline": {
    "n_networks": 231,
    "mean_z": 0.7234260007551062,
    "median_z": 0.5271828090574217,
    "fraction_z_gt_0": 0.6623376623376623,
    "fraction_p_le_0_05": 0.21212121212121213,
    "mean_fold_reduction": 1.021448902377068
  },
  "axes": {
    "size_filter": [
      {
        "axis": "size_filter",
        "min_nodes": 5,
        "max_nodes": 60,
        "n_networks": 209,
        "mean_z": 0.6739454269491328,
        "median_z": 0.4449071339419383,
        "fraction_z_gt_0": 0.6555023923444976,
        "fraction_p_le_0_05": 0.19138755980861244,
        "mean_fold_reduction": 1.0216397153491374,
        "passes_gate_a": true,
        "delta_mean_z": -0.04948057380597337,
        "delta_fraction_z_gt_0": -0.00683526999316475,
        "delta_fraction_p_le_0_05": -0.020733652312599687
      },
      {
        "axis": "size_filter",
        "min_nodes": 5,
        "max_nodes": 80,
        "n_networks": 219,
        "mean_z": 0.6951672441638735,
        "median_z": 0.5271828090574217,
        "fraction_z_gt_0": 0.6712328767123288,
        "fraction_p_le_0_05": 0.1963470319634703,
        "mean_fold_reduction": 1.0216483848003821,
        "passes_gate_a": true,
        "delta_mean_z": -0.02825875659123267,
        "delta_fraction_z_gt_0": 0.00889521437466645,
        "delta_fraction_p_le_0_05": -0.01577418015774182
      },
      {
        "axis": "size_filter",
        "min_nodes": 5,
        "max_nodes": 100,
        "n_networks": 231,
        "mean_z": 0.7234260007551062,
        "median_z": 0.5271828090574217,
        "fraction_z_gt_0": 0.6623376623376623,
        "fraction_p_le_0_05": 0.21212121212121213,
        "mean_fold_reduction": 1.021448902377068,
        "passes_gate_a": true,
        "delta_mean_z": 0.0,
        "delta_fraction_z_gt_0": 0.0,
        "delta_fraction_p_le_0_05": 0.0
      },
      {
        "axis": "size_filter",
        "min_nodes": 10,
        "max_nodes": 60,
        "n_networks": 175,
        "mean_z": 0.733184550966154,
        "median_z": 0.624019289453941,
        "fraction_z_gt_0": 0.6742857142857143,
        "fraction_p_le_0_05": 0.21142857142857144,
        "mean_fold_reduction": 1.022230209194355,
        "passes_gate_a": true,
        "delta_mean_z": 0.009758550211047767,
        "delta_fraction_z_gt_0": 0.01194805194805193,
        "delta_fraction_p_le_0_05": -0.0006926406926406892
      },
      {
        "axis": "size_filter",
        "min_nodes": 10,
        "max_nodes": 80,
        "n_networks": 185,
        "mean_z": 0.7551044792356568,
        "median_z": 0.6298232474206197,
        "fraction_z_gt_0": 0.6918918918918919,
        "fraction_p_le_0_05": 0.21621621621621623,
        "mean_fold_reduction": 1.0222085533639247,
        "passes_gate_a": true,
        "delta_mean_z": 0.03167847848055061,
        "delta_fraction_z_gt_0": 0.029554229554229594,
        "delta_fraction_p_le_0_05": 0.004095004095004101
      },
      {
        "axis": "size_filter",
        "min_nodes": 10,
        "max_nodes": 100,
        "n_networks": 197,
        "mean_z": 0.7845893825438465,
        "median_z": 0.6298232474206197,
        "fraction_z_gt_0": 0.6802030456852792,
        "fraction_p_le_0_05": 0.233502538071066,
        "mean_fold_reduction": 1.021940520559112,
        "passes_gate_a": true,
        "delta_mean_z": 0.061163381788740256,
        "delta_fraction_z_gt_0": 0.017865383347616892,
        "delta_fraction_p_le_0_05": 0.02138132594985387
      },
      {
        "axis": "size_filter",
        "min_nodes": 15,
        "max_nodes": 60,
        "n_networks": 127,
        "mean_z": 0.8515553607507181,
        "median_z": 0.6298232474206197,
        "fraction_z_gt_0": 0.7086614173228346,
        "fraction_p_le_0_05": 0.2440944881889764,
        "mean_fold_reduction": 1.0234901269916763,
        "passes_gate_a": true,
        "delta_mean_z": 0.12812935999561192,
        "delta_fraction_z_gt_0": 0.04632375498517227,
        "delta_fraction_p_le_0_05": 0.03197327606776426
      },
      {
        "axis": "size_filter",
        "min_nodes": 15,
        "max_nodes": 80,
        "n_networks": 137,
        "mean_z": 0.872515058794604,
        "median_z": 0.6612255294199418,
        "fraction_z_gt_0": 0.7299270072992701,
        "fraction_p_le_0_05": 0.24817518248175183,
        "mean_fold_reduction": 1.0233689189142836,
        "passes_gate_a": true,
        "delta_mean_z": 0.1490890580394978,
        "delta_fraction_z_gt_0": 0.06758934496160773,
        "delta_fraction_p_le_0_05": 0.0360539703605397
      },
      {
        "axis": "size_filter",
        "min_nodes": 15,
        "max_nodes": 100,
        "n_networks": 149,
        "mean_z": 0.9020425688416241,
        "median_z": 0.6612255294199418,
        "fraction_z_gt_0": 0.7114093959731543,
        "fraction_p_le_0_05": 0.2684563758389262,
        "mean_fold_reduction": 1.0229210877119186,
        "passes_gate_a": true,
        "delta_mean_z": 0.17861656808651794,
        "delta_fraction_z_gt_0": 0.049071733635492,
        "delta_fraction_p_le_0_05": 0.05633516371771405
      }
    ],
    "leave_one_source_out": [
      {
        "axis": "leave_one_source_out",
        "excluded_source": "BioModels",
        "n_networks": 183,
        "mean_z": 0.7166435380431769,
        "median_z": 0.4449071339419383,
        "fraction_z_gt_0": 0.6666666666666666,
        "fraction_p_le_0_05": 0.21311475409836064,
        "mean_fold_reduction": 1.0221606604462554,
        "passes_gate_a": true,
        "delta_mean_z": -0.006782462711929282,
        "delta_fraction_z_gt_0": 0.0043290043290042934,
        "delta_fraction_p_le_0_05": 0.0009935419771485154
      },
      {
        "axis": "leave_one_source_out",
        "excluded_source": "Literature",
        "n_networks": 224,
        "mean_z": 0.7079330891400833,
        "median_z": 0.450523378065951,
        "fraction_z_gt_0": 0.65625,
        "fraction_p_le_0_05": 0.20982142857142858,
        "mean_fold_reduction": 1.0201337338336265,
        "passes_gate_a": true,
        "delta_mean_z": -0.015492911615022864,
        "delta_fraction_z_gt_0": -0.006087662337662336,
        "delta_fraction_p_le_0_05": -0.0022997835497835517
      },
      {
        "axis": "leave_one_source_out",
        "excluded_source": "published",
        "n_networks": 57,
        "mean_z": 0.7656244892403001,
        "median_z": 0.6612255294199418,
        "fraction_z_gt_0": 0.6491228070175439,
        "fraction_p_le_0_05": 0.21052631578947367,
        "mean_fold_reduction": 1.0230660941250074,
        "passes_gate_a": true,
        "delta_mean_z": 0.04219848848519392,
        "delta_fraction_z_gt_0": -0.013214855320118457,
        "delta_fraction_p_le_0_05": -0.0015948963317384546
      }
    ],
    "density_trim": [
      {
        "axis": "density_trim",
        "trim": "none",
        "density_lo": 0.01754907792980369,
        "density_hi": 0.64,
        "density_lo_5pct": 0.030549848521781525,
        "density_hi_95pct": 0.31476331360946747,
        "n_networks": 231,
        "mean_z": 0.7234260007551062,
        "median_z": 0.5271828090574217,
        "fraction_z_gt_0": 0.6623376623376623,
        "fraction_p_le_0_05": 0.21212121212121213,
        "mean_fold_reduction": 1.021448902377068,
        "passes_gate_a": true,
        "delta_mean_z": 0.0,
        "delta_fraction_z_gt_0": 0.0,
        "delta_fraction_p_le_0_05": 0.0
      },
      {
        "axis": "density_trim",
        "trim": "5-95%",
        "density_lo": 0.030549848521781525,
        "density_hi": 0.31476331360946747,
        "density_lo_5pct": 0.030549848521781525,