{
    "n": 10,
    "rho": -0.4055112326025328,
    "pval": 0.24498278436145024,
    "spearman_rho": -0.4787878787878787,
    "spearman_pval": 0.161522928017456,
    "mi_bits": 0.0,
    "mi_interpretation": "No Dependency"
}