{
  "degree_preserved": {
    "n_networks": 231,
    "mean_fold_reduction": 1.021448902377068,
    "fold_reduction_ci95": [
      1.0159795857919824,
      1.0270416736609442
    ],
    "mean_z": 0.7234260007551062,
    "fraction_p_lt_0_05": 0.21212121212121213,
    "paired_t_pvalue": 5.14352160406188e-12,
    "paired_t_stat": -7.2833900128335225,
    "cohens_d_paired": 0.479211880399687
  },
  "er": {
    "n_networks": 231,
    "mean_fold_reduction": 1.0397157939885984,
    "fold_reduction_ci95": [
      1.0303408619029109,
      1.0505820677529314
    ],
    "mean_z": 1.1420536134533315,
    "fraction_p_lt_0_05": 0.3116883116883117,
    "paired_t_pvalue": 2.3396936197108893e-18,
    "paired_t_stat": -9.529786813863288,
    "cohens_d_paired": 0.6270139386786605
  },
  "gate_permuted": {
    "n_networks": 169,
    "mean_fold_reduction": 1.0170164820952066,
    "fold_reduction_ci95": [
      1.0134138560775172,
      1.020634919761332
    ],
    "mean_z": 1.6491348180659295,
    "fraction_p_lt_0_05": 0.3431952662721893,
    "paired_t_pvalue": 3.9558626296854073e-19,
    "paired_t_stat": -10.132192684475763,
    "cohens_d_paired": 0.7793994372673664
  }
}