{
  "protocol": {
    "networks_subset": [
      "MODEL1305240000",
      "MODEL1407230001",
      "MODEL1411170000",
      "MODEL1411170001",
      "MODEL1411240000",
      "MODEL1504170000",
      "MODEL1504170001",
      "MODEL1504170002",
      "MODEL1504170003",
      "MODEL1506260000",
      "MODEL1506260002",
      "MODEL1606020000",
      "MODEL1607310000",
      "MODEL1610060000",
      "MODEL1610060001",
      "MODEL1611180000",
      "MODEL1611230001",
      "arabidopsis_cc",
      "biomodels_MODEL1610240000",
      "biomodels_MODEL1712240002",
      "biomodels_MODEL1712240003",
      "biomodels_MODEL2002170001",
      "biomodels_MODEL2002190001",
      "biomodels_MODEL2004040001",
      "biomodels_MODEL2006170002",
      "biomodels_MODEL2101150001",
      "biomodels_MODEL2304070002",
      "biomodels_MODEL2308300001",
      "drosophila_sp",
      "egfr_signaling"
    ],
    "null_model": "degree_preserved",
    "baseline": {
      "seed_base": 42,
      "n_random": 50,
      "n_swaps_mult": 20,
      "sort_by_degree": true
    },
    "ordering": {
      "n_permutations": 10,
      "n_permutations_control": 10
    },
    "essentiality": {
      "cv": "group_stratified_5fold_by_network",
      "seeds": [
        1,
        2,
        3,
        4,
        5
      ]
    },
    "tolerances": {
      "null_seed_spearman_min": 0.9,
      "null_seed_abs_mean_z_max": 0.15,
      "null_seed_sign_agreement_min": 0.9,
      "null_n_random_abs_mean_z_max": 0.25,
      "null_n_random_rel_mean_fold_max": 0.08,
      "null_swap_abs_mean_z_max": 0.25,
      "null_swap_rel_mean_fold_max": 0.08,
      "ordering_mean_rel_sd_max": 0.002,
      "ordering_max_rel_sd_max": 0.02,
      "essentiality_auc_range_max": 0.03
    }
  },
  "baseline_meta": {
    "n_networks": 30,
    "mean_z": 0.9457555726862507,
    "median_z": 0.6783858399111282,
    "mean_fold_reduction": 1.0300537763685054,
    "fraction_p_le_0_05": 0.23333333333333334
  },
  "axes": {
    "seed": [
      {
        "seed_base": 42,
        "spearman_z": 1.0,
        "spearman_fold": 1.0,
        "delta_mean_z": 0.0,
        "sign_agreement": 1.0,
        "pass": true
      },
      {
        "seed_base": 314159,
        "spearman_z": 0.9724076546506455,
        "spearman_fold": 0.9746328437917227,
        "delta_mean_z": 0.07622994625332324,
        "sign_agreement": 0.9333333333333333,
        "pass": true
      },
      {
        "seed_base": 271828,
        "spearman_z": 0.9666221628838454,
        "spearman_fold": 0.980863373386738,
        "delta_mean_z": -0.02476204478288102,
        "sign_agreement": 0.9333333333333333,
        "pass": true
      }
    ],
    "n_random": [
      {
        "n_random": 10,
        "meta": {
          "n_networks": 30,
          "mean_z": 1.3534724543841745,
          "median_z": 0.7161734289009578,
          "mean_fold_reduction": 1.0303071097775118,
          "fraction_p_le_0_05": 0.3333333333333333
        },
        "abs_delta_mean_z": 0.40771688169792386,
        "rel_delta_mean_fold": 0.00024594192538140953,
        "required": false,
        "pass": false
      },
      {
        "n_random": 25,
        "meta": {
          "n_networks": 30,
          "mean_z": 0.9498223974195391,
          "median_z": 0.6647484575075853,
          "mean_fold_reduction": 1.0312742797997083,
          "fraction_p_le_0_05": 0.2
        },
        "abs_delta_mean_z": 0.004066824733288454,
        "rel_delta_mean_fold": 0.0011848929242372942,
        "required": true,
        "pass": true
      },
      {
        "n_random": 50,
        "meta": {
          "n_networks": 30,
          "mean_z": 0.9457555726862507,
          "median_z": 0.6783858399111282,
          "mean_fold_reduction": 1.0300537763685054,
          "fraction_p_le_0_05": 0.23333333333333334
        },
        "abs_delta_mean_z": 0.0,
        "rel_delta_mean_fold": 0.0,
        "required": true,
        "pass": true
      }
    ],
    "n_swaps": [
      {
        "n_swaps_mult": 5,
        "meta": {
          "n_networks": 30,
          "mean_z": 0.9503345687438657,
          "median_z": 0.6654262512418501,
          "mean_fold_reduction": 1.0298856923928104,
          "fraction_p_le_0_05": 0.2
        },
        "abs_delta_mean_z": 0.004578996057615026,
        "rel_delta_mean_fold": 0.0001631798062889463,
        "pass": true
      },
      {
        "n_swaps_mult": 20,
        "meta": {
          "n_networks": 30,
          "mean_z": 0.9457555726862507,
          "median_z": 0.6783858399111282,
          "mean_fold_reduction": 1.0300537763685054,
          "fraction_p_le_0_05": 0.23333333333333334
        },
        "abs_delta_mean_z": 0.0,
        "rel_delta_mean_fold": 0.0,
        "pass": true
      },
      {
        "n_swaps_mult": 100,
        "meta": {
          "n_networks": 30,
          "mean_z": 0.9228452716509086,
          "median_z": 0.9409083846538097,
          "mean_fold_reduction": 1.0281705963333716,
          "fraction_p_le_0_05": 0.16666666666666666
        },
        "abs_delta_mean_z": 0.022910301035342084,
        "rel_delta_mean_fold": 0.0018282346789436504,
        "pass": true
      }
    ],
    "ordering": {
      "control_sort_by_degree_false": {
        "mean_rel_range_D": 0.10377661703748,
        "n_permutations_control": 10
      },
      "tie_breaker_index": {
        "mean_rel_sd_D": 0.027525876021864147,
        "max_rel_sd_D": 0.06536698911579301,
        "mean_rel_range_D": 0.08551667206146027,
        "pass": false
      },
      "tie_breaker_wl": {
        "mean_rel_sd_D": 0.0,
        "max_rel_sd_D": 0.0,
        "mean_rel_range_D": 0.0,
        "pass": true
      },
      "pass": true
    },
    "essentiality_cv_seed": [
      {
        "model": "\u0394D",
        "features": [
          "Delta_D"
        ],
        "auc_range": 0.0,
        "pass": true,
        "by_seed": [
          {
            "seed": 1,
            "n_rows": 642,
            "n_networks": 20,
            "auc": 0.41255393743257823,
            "ap": 0.03166227173214159,
            "brier": 0.2651374577436036
          },
          {
            "seed": 2,
            "n_rows": 642,
            "n_networks": 20,
            "auc": 0.41255393743257823,
            "ap": 0.03166227173214159,
            "brier": 0.2651374577436036
          },
          {
            "seed": 3,
            "n_rows": 642,
            "n_networks": 20,
            "auc": 0.41255393743257823,
            "ap": 0.03166227173214159,
            "brier": 0.2651374577436036
          },
          {
            "seed": 4,
            "n_rows": 642,
            "n_networks": 20,
            "auc": 0.41255393743257823,
            "ap": 0.03166227173214159,
            "brier": 0.2651374577436036
          },
          {
            "seed": 5,
            "n_rows": 642,
            "n_networks": 20,
            "auc": 0.41255393743257823,
            "ap": 0.03166227173214159,
            "brier": 0.2651374577436036
          }
        ]
      },
      {
        "model": "Graph",
        "features": [
          "Degree",
          "Betweenness",
          "Closeness",
          "Eigenvector"
        ],
        "auc_range": 0.0,
        "pass": true,
        "by_seed": [
          {
            "seed": 1,
            "n_rows": 629,
            "n_networks": 19,
            "auc": 0.44690082644628104,
            "ap": 0.03380765459909155,
            "brier": 0.2316392433726775
          },
          {
            "seed": 2,
            "n_rows": 629,
            "n_networks": 19,
            "auc": 0.44690082644628104,
            "ap": 0.03380765459909155,
            "brier": 0.2316392433726775
          },
          {
            "seed": 3,
            "n_rows": 629,
            "n_networks": 19,
            "auc": 0.44690082644628104,
            "ap": 0.03380765459909155,
            "brier": 0.2316392433726775
          },
          {
            "seed": 4,
            "n_rows": 629,
            "n_networks": 19,