{
	"D_full":2.692481250360578e1,
	"deltaD":[
		1.2584962500721154e1,
		7.415037499278842,
		8.415037499278842,
		8.415037499278842
	],
	"nodeNames":[
		"CI",
		"Cro",
		"CII",
		"N"
	],
	"criticality":{
		"CI":1.2584962500721154e1,
		"Cro":7.415037499278842,
		"CII":8.415037499278842,
		"N":8.415037499278842
	}
}