Gene,Dependency
EGF,0.10723293703481951
EGFR,-2.0
GRB2,-2.0
SOS,-0.02949963456946758
Ras,-2.397934004211706
Raf,-0.4099923959129751
MEK,-2.0
ERK,-2.0
PI3K,2.501186834293302
AKT,-3.165866889854491
