{
  "pairs": [
    {
      "D_bio": 26.92481250360578,
      "BDM_bio": 111.44607587427897
    },
    {
      "D_bio": 70.29440984988445,
      "BDM_bio": 350.9121454683475
    },
    {
      "D_bio": 53.91614696089363,
      "BDM_bio": 130.49814561865213
    },
    {
      "D_bio": 96.39947296522234,
      "BDM_bio": 827.3868006121503
    }
  ],
  "pearson_correlation": 0.9124913572330384
}