{
  "lambda_phage": {
    "n": 4,
    "edges": 4,
    "D_bio": 26.92481250360578,
    "BDM_bio": 111.44607587427897
  },
  "yeast_cell_cycle": {
    "n": 8,
    "edges": 11,
    "D_bio": 70.29440984988445,
    "BDM_bio": 350.9121454683475
  },
  "lac_operon": {
    "n": 7,
    "edges": 7,
    "D_bio": 53.91614696089363,
    "BDM_bio": 130.49814561865213
  },
  "tcell_activation": {
    "n": 12,
    "edges": 13,
    "D_bio": 96.39947296522234,
    "BDM_bio": 827.3868006121503
  }
}