{
  "lambda_phage": {
    "n": 4,
    "edges": 4,
    "D_bio": 26.92481250360578,
    "D_rand_mean": 26.92481250360578,
    "D_rand_std": 0.0,
    "fold_reduction": 1.0,
    "per_node": [
      10.169925001442312,
      5.584962500721156,
      6.584962500721156,
      4.584962500721156
    ],
    "n_random": 200
  },
  "lac_operon": {
    "n": 7,
    "edges": 7,
    "D_bio": 53.91614696089363,
    "D_rand_mean": 53.91614696089363,
    "D_rand_std": 0.0,
    "fold_reduction": 1.0,
    "per_node": [
      6.39231742277876,
      12.78463484555752,
      12.78463484555752,
      6.39231742277876,
      6.39231742277876,
      4.584962500721156,
      4.584962500721156
    ],
    "n_random": 200
  },
  "yeast_cell_cycle": {
    "n": 8,
    "edges": 11,
    "D_bio": 70.29440984988445,
    "D_rand_mean": 70.29440984988445,
    "D_rand_std": 0.0,
    "fold_reduction": 1.0,
    "per_node": [
      6.584962500721156,
      13.39231742277876,
      6.584962500721156,
      7.584962500721156,
      14.39231742277876,
      6.584962500721156,
      7.584962500721156,
      7.584962500721156
    ],
    "n_random": 200
  },
  "tcell_activation": {
    "n": 12,
    "edges": 13,
    "D_bio": 96.39947296522234,
    "D_rand_mean": 96.39947296522234,
    "D_rand_std": 0.0,
    "fold_reduction": 1.0,
    "per_node": [
      4.584962500721156,
      4.584962500721156,
      4.584962500721156,
      8.169925001442312,
      10.629356620079609,
      10.629356620079609,
      8.169925001442312,
      8.169925001442312,
      8.169925001442312,
      8.169925001442312,
      8.169925001442312,
      12.366322214245816
    ],
    "n_random": 200
  }
}