{
  "lambda_phage": {
    "n": 4,
    "edges": 4,
    "D_bio": 26.92481250360578,
    "D_rand_mean_refined": 27.17681250360626,
    "D_rand_std_refined": 0.43437850393946054,
    "fold_reduction_refined": 1.0093593966519445,
    "n_random_refined": 1000,
    "p_empirical_refined": 0.7482517482517482
  },
  "yeast_cell_cycle": {
    "n": 8,
    "edges": 11,
    "D_bio": 70.29440984988445,
    "D_rand_mean_refined": 71.28079033766322,
    "D_rand_std_refined": 0.8476313521803025,
    "fold_reduction_refined": 1.0140321327099155,
    "n_random_refined": 1000,
    "p_empirical_refined": 0.25374625374625376
  },
  "lac_operon": {
    "n": 7,
    "edges": 7,
    "D_bio": 53.91614696089363,
    "D_rand_mean_refined": 54.730146960894736,
    "D_rand_std_refined": 0.6510206047644146,
    "fold_reduction_refined": 1.0150975180142512,
    "n_random_refined": 1000,
    "p_empirical_refined": 0.14485514485514486
  },
  "tcell_activation": {
    "n": 12,
    "edges": 13,
    "D_bio": 96.39947296522234,
    "D_rand_mean_refined": 96.3994729652223,
    "D_rand_std_refined": 4.2653896428224716e-14,
    "fold_reduction_refined": 0.9999999999999996,
    "n_random_refined": 1000,
    "p_empirical_refined": 1.0
  }
}